Source path,Class name,Method name,Smell type,Severity,Evidence
src/integTest/java/org/openrewrite/mainframe/cobol/BadBoysTest.java,org.openrewrite.mainframe.cobol.BadBoysTest,NC246A,FEATURE_ENVY,LOW,"foreign accesses=6, own accesses=0"
src/main/java/org/openrewrite/mainframe/Members.java,org.openrewrite.mainframe.Members,firstCard,FEATURE_ENVY,LOW,"foreign accesses=6, own accesses=0"
src/main/java/org/openrewrite/mainframe/Members.java,org.openrewrite.mainframe.Members,isReport,FEATURE_ENVY,LOW,"foreign accesses=9, own accesses=4"
src/main/java/org/openrewrite/mainframe/Members.java,org.openrewrite.mainframe.Members,isRequestCard,FEATURE_ENVY,LOW,"foreign accesses=7, own accesses=1"
src/main/java/org/openrewrite/mainframe/Members.java,org.openrewrite.mainframe.Members,isRexxExec,FEATURE_ENVY,LOW,"foreign accesses=5, own accesses=1"
src/main/java/org/openrewrite/mainframe/Members.java,org.openrewrite.mainframe.Members,kindOf,FEATURE_ENVY,LOW,"foreign accesses=9, own accesses=0"
src/main/java/org/openrewrite/mainframe/Members.java,org.openrewrite.mainframe.Members,kindOf,FEATURE_ENVY,LOW,"foreign accesses=7, own accesses=3"
src/main/java/org/openrewrite/mainframe/Members.java,org.openrewrite.mainframe.Members,kindOfFile,FEATURE_ENVY,LOW,"foreign accesses=7, own accesses=2"
src/main/java/org/openrewrite/mainframe/Members.java,org.openrewrite.mainframe.Members,squeeze,FEATURE_ENVY,LOW,"foreign accesses=7, own accesses=0"
src/main/java/org/openrewrite/mainframe/assembler/AssemblerLineReader.java,org.openrewrite.mainframe.assembler.AssemblerLineReader,,GOD_CLASS,HIGH,"WMC=95, TCC=0.31, ATFD=24"
src/main/java/org/openrewrite/mainframe/assembler/AssemblerLineReader.java,org.openrewrite.mainframe.assembler.AssemblerLineReader,marked,FEATURE_ENVY,LOW,"foreign accesses=9, own accesses=0"
src/main/java/org/openrewrite/mainframe/assembler/AssemblerParser.java,org.openrewrite.mainframe.assembler.AssemblerParser,accept,FEATURE_ENVY,LOW,"foreign accesses=7, own accesses=1"
src/main/java/org/openrewrite/mainframe/assembler/AssemblerParser.java,org.openrewrite.mainframe.assembler.AssemblerParser,isMacroLibraryMember,FEATURE_ENVY,LOW,"foreign accesses=6, own accesses=0"
src/main/java/org/openrewrite/mainframe/assembler/AssemblerParser.java,org.openrewrite.mainframe.assembler.AssemblerParser,parseInputs,FEATURE_ENVY,CRITICAL,"foreign accesses=39, own accesses=1"
src/main/java/org/openrewrite/mainframe/assembler/AssemblerVisitor.java,org.openrewrite.mainframe.assembler.AssemblerVisitor,visitComment,FEATURE_ENVY,MEDIUM,"foreign accesses=11, own accesses=1"
src/main/java/org/openrewrite/mainframe/assembler/AssemblerVisitor.java,org.openrewrite.mainframe.assembler.AssemblerVisitor,visitCompilationUnit,FEATURE_ENVY,HIGH,"foreign accesses=15, own accesses=2"
src/main/java/org/openrewrite/mainframe/assembler/AssemblerVisitor.java,org.openrewrite.mainframe.assembler.AssemblerVisitor,visitContinuation,FEATURE_ENVY,LOW,"foreign accesses=7, own accesses=1"
src/main/java/org/openrewrite/mainframe/assembler/AssemblerVisitor.java,org.openrewrite.mainframe.assembler.AssemblerVisitor,visitInstruction,FEATURE_ENVY,HIGH,"foreign accesses=18, own accesses=1"
src/main/java/org/openrewrite/mainframe/assembler/AssemblerVisitor.java,org.openrewrite.mainframe.assembler.AssemblerVisitor,visitOperand,FEATURE_ENVY,MEDIUM,"foreign accesses=11, own accesses=1"
src/main/java/org/openrewrite/mainframe/assembler/AssemblerVisitor.java,org.openrewrite.mainframe.assembler.AssemblerVisitor,visitUnknown,FEATURE_ENVY,MEDIUM,"foreign accesses=10, own accesses=1"
src/main/java/org/openrewrite/mainframe/assembler/AssemblerVisitor.java,org.openrewrite.mainframe.assembler.AssemblerVisitor,visitWord,FEATURE_ENVY,LOW,"foreign accesses=7, own accesses=1"
src/main/java/org/openrewrite/mainframe/assembler/Assertions.java,org.openrewrite.mainframe.assembler.Assertions,assembler,FEATURE_ENVY,LOW,"foreign accesses=6, own accesses=1"
src/main/java/org/openrewrite/mainframe/assembler/Assertions.java,org.openrewrite.mainframe.assembler.Assertions,assembler,FEATURE_ENVY,LOW,"foreign accesses=5, own accesses=1"
src/main/java/org/openrewrite/mainframe/assembler/internal/AssemblerPrinter.java,org.openrewrite.mainframe.assembler.internal.AssemblerPrinter,afterSyntax,FEATURE_ENVY,MEDIUM,"foreign accesses=12, own accesses=2"
src/main/java/org/openrewrite/mainframe/assembler/internal/AssemblerPrinter.java,org.openrewrite.mainframe.assembler.internal.AssemblerPrinter,beforeSyntax,FEATURE_ENVY,HIGH,"foreign accesses=15, own accesses=3"
src/main/java/org/openrewrite/mainframe/assembler/internal/AssemblerPrinter.java,org.openrewrite.mainframe.assembler.internal.AssemblerPrinter,visitCompilationUnit,FEATURE_ENVY,LOW,"foreign accesses=7, own accesses=3"
src/main/java/org/openrewrite/mainframe/assembler/internal/AssemblerPrinter.java,org.openrewrite.mainframe.assembler.internal.AssemblerPrinter,visitInstruction,FEATURE_ENVY,LOW,"foreign accesses=8, own accesses=2"
src/main/java/org/openrewrite/mainframe/assembler/trait/Call.java,org.openrewrite.mainframe.assembler.trait.Call,branchesOnRegister15,FEATURE_ENVY,LOW,"foreign accesses=8, own accesses=2"
src/main/java/org/openrewrite/mainframe/assembler/trait/Call.java,org.openrewrite.mainframe.assembler.trait.Call,fromAddressConstant,FEATURE_ENVY,MEDIUM,"foreign accesses=11, own accesses=2"
src/main/java/org/openrewrite/mainframe/assembler/trait/Call.java,org.openrewrite.mainframe.assembler.trait.Call,fromMacro,FEATURE_ENVY,HIGH,"foreign accesses=20, own accesses=0"
src/main/java/org/openrewrite/mainframe/assembler/trait/Call.java,org.openrewrite.mainframe.assembler.trait.Call,isRegister,FEATURE_ENVY,LOW,"foreign accesses=9, own accesses=0"
src/main/java/org/openrewrite/mainframe/assembler/trait/Constants.java,org.openrewrite.mainframe.assembler.trait.Constants,addressOf,FEATURE_ENVY,MEDIUM,"foreign accesses=11, own accesses=0"
src/main/java/org/openrewrite/mainframe/assembler/trait/Constants.java,org.openrewrite.mainframe.assembler.trait.Constants,nominalOf,FEATURE_ENVY,LOW,"foreign accesses=9, own accesses=0"
src/main/java/org/openrewrite/mainframe/assembler/trait/Constants.java,org.openrewrite.mainframe.assembler.trait.Constants,of,FEATURE_ENVY,HIGH,"foreign accesses=28, own accesses=8"
src/main/java/org/openrewrite/mainframe/assembler/trait/Constants.java,org.openrewrite.mainframe.assembler.trait.Constants,valueOf,FEATURE_ENVY,LOW,"foreign accesses=5, own accesses=0"
src/main/java/org/openrewrite/mainframe/assembler/trait/ControlSection.java,org.openrewrite.mainframe.assembler.trait.ControlSection,endsSection,FEATURE_ENVY,LOW,"foreign accesses=8, own accesses=1"
src/main/java/org/openrewrite/mainframe/assembler/trait/ControlSection.java,org.openrewrite.mainframe.assembler.trait.ControlSection,read,FEATURE_ENVY,HIGH,"foreign accesses=23, own accesses=6"
src/main/java/org/openrewrite/mainframe/assembler/trait/DliCall.java,org.openrewrite.mainframe.assembler.trait.DliCall,argumentsOf,FEATURE_ENVY,LOW,"foreign accesses=6, own accesses=0"
src/main/java/org/openrewrite/mainframe/assembler/trait/DliCall.java,org.openrewrite.mainframe.assembler.trait.DliCall,segmentsOf,FEATURE_ENVY,MEDIUM,"foreign accesses=10, own accesses=2"
src/main/java/org/openrewrite/mainframe/assembler/trait/EntryPoint.java,org.openrewrite.mainframe.assembler.trait.EntryPoint,getKind,FEATURE_ENVY,MEDIUM,"foreign accesses=11, own accesses=0"
src/main/java/org/openrewrite/mainframe/assembler/trait/EntryPoint.java,org.openrewrite.mainframe.assembler.trait.EntryPoint,getNames,FEATURE_ENVY,LOW,"foreign accesses=8, own accesses=1"
src/main/java/org/openrewrite/mainframe/assembler/trait/MacroDefinition.java,org.openrewrite.mainframe.assembler.trait.MacroDefinition,getKeywordParameters,FEATURE_ENVY,LOW,"foreign accesses=5, own accesses=1"
src/main/java/org/openrewrite/mainframe/assembler/trait/MacroDefinition.java,org.openrewrite.mainframe.assembler.trait.MacroDefinition,getPositionalParameters,FEATURE_ENVY,LOW,"foreign accesses=7, own accesses=1"
src/main/java/org/openrewrite/mainframe/assembler/trait/Statements.java,org.openrewrite.mainframe.assembler.trait.Statements,allIn,FEATURE_ENVY,LOW,"foreign accesses=5, own accesses=0"
src/main/java/org/openrewrite/mainframe/assembler/trait/Statements.java,org.openrewrite.mainframe.assembler.trait.Statements,following,FEATURE_ENVY,LOW,"foreign accesses=5, own accesses=2"
src/main/java/org/openrewrite/mainframe/assembler/trait/Statements.java,org.openrewrite.mainframe.assembler.trait.Statements,lineOf,FEATURE_ENVY,LOW,"foreign accesses=5, own accesses=1"
src/main/java/org/openrewrite/mainframe/assembler/trait/Statements.java,org.openrewrite.mainframe.assembler.trait.Statements,next,FEATURE_ENVY,LOW,"foreign accesses=6, own accesses=2"
src/main/java/org/openrewrite/mainframe/bms/Assertions.java,org.openrewrite.mainframe.bms.Assertions,bms,FEATURE_ENVY,LOW,"foreign accesses=6, own accesses=1"
src/main/java/org/openrewrite/mainframe/bms/Assertions.java,org.openrewrite.mainframe.bms.Assertions,bms,FEATURE_ENVY,LOW,"foreign accesses=5, own accesses=1"
src/main/java/org/openrewrite/mainframe/bms/BmsParser.java,org.openrewrite.mainframe.bms.BmsParser,parseInputs,FEATURE_ENVY,CRITICAL,"foreign accesses=38, own accesses=2"
src/main/java/org/openrewrite/mainframe/bms/BmsVisitor.java,org.openrewrite.mainframe.bms.BmsVisitor,visitComment,FEATURE_ENVY,MEDIUM,"foreign accesses=10, own accesses=1"
src/main/java/org/openrewrite/mainframe/bms/BmsVisitor.java,org.openrewrite.mainframe.bms.BmsVisitor,visitCompilationUnit,FEATURE_ENVY,HIGH,"foreign accesses=15, own accesses=2"
src/main/java/org/openrewrite/mainframe/bms/BmsVisitor.java,org.openrewrite.mainframe.bms.BmsVisitor,visitKeywordOperand,FEATURE_ENVY,MEDIUM,"foreign accesses=14, own accesses=1"
src/main/java/org/openrewrite/mainframe/bms/BmsVisitor.java,org.openrewrite.mainframe.bms.BmsVisitor,visitMacroStatement,FEATURE_ENVY,HIGH,"foreign accesses=18, own accesses=1"
src/main/java/org/openrewrite/mainframe/bms/BmsVisitor.java,org.openrewrite.mainframe.bms.BmsVisitor,visitPositionalOperand,FEATURE_ENVY,MEDIUM,"foreign accesses=11, own accesses=1"
src/main/java/org/openrewrite/mainframe/bms/BmsVisitor.java,org.openrewrite.mainframe.bms.BmsVisitor,visitUnknown,FEATURE_ENVY,MEDIUM,"foreign accesses=10, own accesses=1"
src/main/java/org/openrewrite/mainframe/bms/BmsVisitor.java,org.openrewrite.mainframe.bms.BmsVisitor,visitWord,FEATURE_ENVY,LOW,"foreign accesses=7, own accesses=1"
src/main/java/org/openrewrite/mainframe/bms/internal/BmsParserVisitor.java,org.openrewrite.mainframe.bms.internal.BmsParserVisitor,,GOD_CLASS,HIGH,"WMC=79, TCC=0.02, ATFD=43"
src/main/java/org/openrewrite/mainframe/bms/internal/BmsParserVisitor.java,org.openrewrite.mainframe.bms.internal.BmsParserVisitor,flush,FEATURE_ENVY,CRITICAL,"foreign accesses=54, own accesses=7"
src/main/java/org/openrewrite/mainframe/bms/internal/BmsParserVisitor.java,org.openrewrite.mainframe.bms.internal.BmsParserVisitor,lineMarker,FEATURE_ENVY,MEDIUM,"foreign accesses=13, own accesses=1"
src/main/java/org/openrewrite/mainframe/bms/internal/BmsParserVisitor.java,org.openrewrite.mainframe.bms.internal.BmsParserVisitor,operands,FEATURE_ENVY,CRITICAL,"foreign accesses=47, own accesses=2"
src/main/java/org/openrewrite/mainframe/bms/internal/BmsParserVisitor.java,org.openrewrite.mainframe.bms.internal.BmsParserVisitor,splitOnTopLevelCommas,FEATURE_ENVY,LOW,"foreign accesses=7, own accesses=0"
src/main/java/org/openrewrite/mainframe/bms/internal/BmsParserVisitor.java,org.openrewrite.mainframe.bms.internal.BmsParserVisitor,visitCommentWord,FEATURE_ENVY,LOW,"foreign accesses=8, own accesses=2"
src/main/java/org/openrewrite/mainframe/bms/internal/BmsParserVisitor.java,org.openrewrite.mainframe.bms.internal.BmsParserVisitor,visitTerminal,FEATURE_ENVY,LOW,"foreign accesses=5, own accesses=1"
src/main/java/org/openrewrite/mainframe/bms/internal/BmsParserVisitor.java,org.openrewrite.mainframe.bms.internal.BmsParserVisitor,visitUnknownWord,FEATURE_ENVY,MEDIUM,"foreign accesses=14, own accesses=3"
src/main/java/org/openrewrite/mainframe/bms/internal/BmsParserVisitor.java,org.openrewrite.mainframe.bms.internal.BmsParserVisitor,word,FEATURE_ENVY,LOW,"foreign accesses=8, own accesses=2"
src/main/java/org/openrewrite/mainframe/bms/internal/BmsPrinter.java,org.openrewrite.mainframe.bms.internal.BmsPrinter,afterSyntax,FEATURE_ENVY,MEDIUM,"foreign accesses=12, own accesses=2"
src/main/java/org/openrewrite/mainframe/bms/internal/BmsPrinter.java,org.openrewrite.mainframe.bms.internal.BmsPrinter,beforeSyntax,FEATURE_ENVY,HIGH,"foreign accesses=15, own accesses=3"
src/main/java/org/openrewrite/mainframe/bms/internal/BmsPrinter.java,org.openrewrite.mainframe.bms.internal.BmsPrinter,visitCompilationUnit,FEATURE_ENVY,LOW,"foreign accesses=7, own accesses=3"
src/main/java/org/openrewrite/mainframe/bms/internal/BmsPrinter.java,org.openrewrite.mainframe.bms.internal.BmsPrinter,visitKeywordOperand,FEATURE_ENVY,LOW,"foreign accesses=6, own accesses=2"
src/main/java/org/openrewrite/mainframe/bms/internal/BmsPrinter.java,org.openrewrite.mainframe.bms.internal.BmsPrinter,visitMacroStatement,FEATURE_ENVY,LOW,"foreign accesses=8, own accesses=2"
src/main/java/org/openrewrite/mainframe/bms/internal/grammar/BMSParser.java,org.openrewrite.mainframe.bms.internal.grammar.BMSParser,,GOD_CLASS,HIGH,"WMC=60, TCC=0.07, ATFD=102"
src/main/java/org/openrewrite/mainframe/bms/internal/grammar/BMSParser.java,org.openrewrite.mainframe.bms.internal.grammar.BMSParser,bms,FEATURE_ENVY,MEDIUM,"foreign accesses=12, own accesses=4"
src/main/java/org/openrewrite/mainframe/bms/internal/grammar/BMSParser.java,org.openrewrite.mainframe.bms.internal.grammar.BMSParser,bmsSequenceArea,FEATURE_ENVY,HIGH,"foreign accesses=26, own accesses=8"
src/main/java/org/openrewrite/mainframe/bms/internal/grammar/BMSParser.java,org.openrewrite.mainframe.bms.internal.grammar.BMSParser,bmsWord,FEATURE_ENVY,CRITICAL,"foreign accesses=32, own accesses=9"
src/main/java/org/openrewrite/mainframe/bms/internal/grammar/BMSParser.java,org.openrewrite.mainframe.bms.internal.grammar.BMSParser,comment,FEATURE_ENVY,MEDIUM,"foreign accesses=12, own accesses=4"
src/main/java/org/openrewrite/mainframe/bms/internal/grammar/BMSParser.java,org.openrewrite.mainframe.bms.internal.grammar.BMSParser,commentSequenceArea,FEATURE_ENVY,HIGH,"foreign accesses=15, own accesses=5"
src/main/java/org/openrewrite/mainframe/bms/internal/grammar/BMSParser.java,org.openrewrite.mainframe.bms.internal.grammar.BMSParser,commentWord,FEATURE_ENVY,HIGH,"foreign accesses=21, own accesses=6"
src/main/java/org/openrewrite/mainframe/bms/internal/grammar/BMSParser.java,org.openrewrite.mainframe.bms.internal.grammar.BMSParser,compilationUnit,FEATURE_ENVY,HIGH,"foreign accesses=25, own accesses=6"
src/main/java/org/openrewrite/mainframe/bms/internal/grammar/BMSParser.java,org.openrewrite.mainframe.bms.internal.grammar.BMSParser,unknown,FEATURE_ENVY,MEDIUM,"foreign accesses=12, own accesses=4"
src/main/java/org/openrewrite/mainframe/bms/internal/grammar/BMSParser.java,org.openrewrite.mainframe.bms.internal.grammar.BMSParser,unknownSequenceArea,FEATURE_ENVY,HIGH,"foreign accesses=26, own accesses=8"
src/main/java/org/openrewrite/mainframe/bms/internal/grammar/BMSParser.java,org.openrewrite.mainframe.bms.internal.grammar.BMSParser,unknownWord,FEATURE_ENVY,CRITICAL,"foreign accesses=39, own accesses=15"
src/main/java/org/openrewrite/mainframe/bms/trait/Attribute.java,org.openrewrite.mainframe.bms.trait.Attribute,from,FEATURE_ENVY,LOW,"foreign accesses=6, own accesses=1"
src/main/java/org/openrewrite/mainframe/bms/trait/Field.java,org.openrewrite.mainframe.bms.trait.Field,getAttributes,FEATURE_ENVY,LOW,"foreign accesses=7, own accesses=0"
src/main/java/org/openrewrite/mainframe/bms/trait/Field.java,org.openrewrite.mainframe.bms.trait.Field,getPosition,FEATURE_ENVY,LOW,"foreign accesses=6, own accesses=1"
src/main/java/org/openrewrite/mainframe/bms/trait/Field.java,org.openrewrite.mainframe.bms.trait.Field,subfieldOf,FEATURE_ENVY,LOW,"foreign accesses=8, own accesses=1"
src/main/java/org/openrewrite/mainframe/bms/trait/MapDefinition.java,org.openrewrite.mainframe.bms.trait.MapDefinition,sizeAt,FEATURE_ENVY,LOW,"foreign accesses=5, own accesses=0"
src/main/java/org/openrewrite/mainframe/bms/trait/Maps.java,org.openrewrite.mainframe.bms.trait.Maps,following,FEATURE_ENVY,MEDIUM,"foreign accesses=12, own accesses=1"
src/main/java/org/openrewrite/mainframe/bms/trait/Maps.java,org.openrewrite.mainframe.bms.trait.Maps,preceding,FEATURE_ENVY,MEDIUM,"foreign accesses=10, own accesses=3"
src/main/java/org/openrewrite/mainframe/bms/trait/Operands.java,org.openrewrite.mainframe.bms.trait.Operands,listOf,FEATURE_ENVY,MEDIUM,"foreign accesses=12, own accesses=1"
src/main/java/org/openrewrite/mainframe/bms/trait/Operands.java,org.openrewrite.mainframe.bms.trait.Operands,unquote,FEATURE_ENVY,LOW,"foreign accesses=8, own accesses=0"
src/main/java/org/openrewrite/mainframe/bms/trait/Position.java,org.openrewrite.mainframe.bms.trait.Position,of,FEATURE_ENVY,MEDIUM,"foreign accesses=11, own accesses=0"
src/main/java/org/openrewrite/mainframe/cobol/Assertions.java,org.openrewrite.mainframe.cobol.Assertions,cobol,FEATURE_ENVY,LOW,"foreign accesses=7, own accesses=2"
src/main/java/org/openrewrite/mainframe/cobol/Assertions.java,org.openrewrite.mainframe.cobol.Assertions,cobol,FEATURE_ENVY,LOW,"foreign accesses=6, own accesses=2"
src/main/java/org/openrewrite/mainframe/cobol/Assertions.java,org.openrewrite.mainframe.cobol.Assertions,cobolPostProcess,FEATURE_ENVY,LOW,"foreign accesses=9, own accesses=3"
src/main/java/org/openrewrite/mainframe/cobol/Assertions.java,org.openrewrite.mainframe.cobol.Assertions,copybook,FEATURE_ENVY,LOW,"foreign accesses=6, own accesses=1"
src/main/java/org/openrewrite/mainframe/cobol/Assertions.java,org.openrewrite.mainframe.cobol.Assertions,copybook,FEATURE_ENVY,LOW,"foreign accesses=5, own accesses=1"
src/main/java/org/openrewrite/mainframe/cobol/Assertions.java,org.openrewrite.mainframe.cobol.Assertions,getCopybookSources,FEATURE_ENVY,HIGH,"foreign accesses=18, own accesses=0"
src/main/java/org/openrewrite/mainframe/cobol/Assertions.java,org.openrewrite.mainframe.cobol.Assertions,isPostProcessedLst,FEATURE_ENVY,HIGH,"foreign accesses=25, own accesses=3"
src/main/java/org/openrewrite/mainframe/cobol/Assertions.java,org.openrewrite.mainframe.cobol.Assertions,preprocessor,FEATURE_ENVY,LOW,"foreign accesses=6, own accesses=1"
src/main/java/org/openrewrite/mainframe/cobol/Assertions.java,org.openrewrite.mainframe.cobol.Assertions,preprocessor,FEATURE_ENVY,LOW,"foreign accesses=6, own accesses=2"
src/main/java/org/openrewrite/mainframe/cobol/Assertions.java,org.openrewrite.mainframe.cobol.Assertions,trimTrailingSpaces,FEATURE_ENVY,LOW,"foreign accesses=5, own accesses=0"
src/main/java/org/openrewrite/mainframe/cobol/Assertions.java,org.openrewrite.mainframe.cobol.Assertions,visitSpace,FEATURE_ENVY,LOW,"foreign accesses=9, own accesses=0"
src/main/java/org/openrewrite/mainframe/cobol/Assertions.java,org.openrewrite.mainframe.cobol.Assertions,visitSpace,FEATURE_ENVY,LOW,"foreign accesses=9, own accesses=0"
src/main/java/org/openrewrite/mainframe/cobol/Assertions.java,org.openrewrite.mainframe.cobol.Assertions,visitSpace,FEATURE_ENVY,LOW,"foreign accesses=9, own accesses=0"
src/main/java/org/openrewrite/mainframe/cobol/CobolLineReader.java,org.openrewrite.mainframe.cobol.CobolLineReader,getFirstWords,FEATURE_ENVY,LOW,"foreign accesses=5, own accesses=0"
src/main/java/org/openrewrite/mainframe/cobol/CobolLineReader.java,org.openrewrite.mainframe.cobol.CobolLineReader,readLines,FEATURE_ENVY,CRITICAL,"foreign accesses=76, own accesses=13"
src/main/java/org/openrewrite/mainframe/cobol/CobolParser.java,org.openrewrite.mainframe.cobol.CobolParser,notCobol,FEATURE_ENVY,LOW,"foreign accesses=7, own accesses=1"
src/main/java/org/openrewrite/mainframe/cobol/CobolParser.java,org.openrewrite.mainframe.cobol.CobolParser,parseInput,FEATURE_ENVY,CRITICAL,"foreign accesses=42, own accesses=9"
src/main/java/org/openrewrite/mainframe/cobol/CobolParser.java,org.openrewrite.mainframe.cobol.CobolParser,parseInputs,FEATURE_ENVY,LOW,"foreign accesses=8, own accesses=3"
src/main/java/org/openrewrite/mainframe/cobol/CobolPreprocessorParser.java,org.openrewrite.mainframe.cobol.CobolPreprocessorParser,accept,FEATURE_ENVY,LOW,"foreign accesses=5, own accesses=0"
src/main/java/org/openrewrite/mainframe/cobol/CobolPreprocessorParser.java,org.openrewrite.mainframe.cobol.CobolPreprocessorParser,parseInputs,FEATURE_ENVY,CRITICAL,"foreign accesses=43, own accesses=5"
src/main/java/org/openrewrite/mainframe/cobol/CobolPreprocessorVisitor.java,org.openrewrite.mainframe.cobol.CobolPreprocessorVisitor,visitCharData,FEATURE_ENVY,MEDIUM,"foreign accesses=11, own accesses=1"
src/main/java/org/openrewrite/mainframe/cobol/CobolPreprocessorVisitor.java,org.openrewrite.mainframe.cobol.CobolPreprocessorVisitor,visitCharDataLine,FEATURE_ENVY,MEDIUM,"foreign accesses=11, own accesses=1"
src/main/java/org/openrewrite/mainframe/cobol/CobolPreprocessorVisitor.java,org.openrewrite.mainframe.cobol.CobolPreprocessorVisitor,visitCharDataSql,FEATURE_ENVY,MEDIUM,"foreign accesses=11, own accesses=1"
src/main/java/org/openrewrite/mainframe/cobol/CobolPreprocessorVisitor.java,org.openrewrite.mainframe.cobol.CobolPreprocessorVisitor,visitCommentEntry,FEATURE_ENVY,MEDIUM,"foreign accesses=11, own accesses=1"
src/main/java/org/openrewrite/mainframe/cobol/CobolPreprocessorVisitor.java,org.openrewrite.mainframe.cobol.CobolPreprocessorVisitor,visitCompilationUnit,FEATURE_ENVY,MEDIUM,"foreign accesses=14, own accesses=1"
src/main/java/org/openrewrite/mainframe/cobol/CobolPreprocessorVisitor.java,org.openrewrite.mainframe.cobol.CobolPreprocessorVisitor,visitCompilerOption,FEATURE_ENVY,MEDIUM,"foreign accesses=11, own accesses=1"
src/main/java/org/openrewrite/mainframe/cobol/CobolPreprocessorVisitor.java,org.openrewrite.mainframe.cobol.CobolPreprocessorVisitor,visitCompilerOptions,FEATURE_ENVY,MEDIUM,"foreign accesses=11, own accesses=1"
src/main/java/org/openrewrite/mainframe/cobol/CobolPreprocessorVisitor.java,org.openrewrite.mainframe.cobol.CobolPreprocessorVisitor,visitCompilerXOpts,FEATURE_ENVY,HIGH,"foreign accesses=20, own accesses=1"
src/main/java/org/openrewrite/mainframe/cobol/CobolPreprocessorVisitor.java,org.openrewrite.mainframe.cobol.CobolPreprocessorVisitor,visitCopySource,FEATURE_ENVY,HIGH,"foreign accesses=16, own accesses=1"
src/main/java/org/openrewrite/mainframe/cobol/CobolPreprocessorVisitor.java,org.openrewrite.mainframe.cobol.CobolPreprocessorVisitor,visitCopyStatement,FEATURE_ENVY,HIGH,"foreign accesses=23, own accesses=1"
src/main/java/org/openrewrite/mainframe/cobol/CobolPreprocessorVisitor.java,org.openrewrite.mainframe.cobol.CobolPreprocessorVisitor,visitCopybook,FEATURE_ENVY,MEDIUM,"foreign accesses=14, own accesses=1"
src/main/java/org/openrewrite/mainframe/cobol/CobolPreprocessorVisitor.java,org.openrewrite.mainframe.cobol.CobolPreprocessorVisitor,visitDirectoryPhrase,FEATURE_ENVY,MEDIUM,"foreign accesses=13, own accesses=1"
src/main/java/org/openrewrite/mainframe/cobol/CobolPreprocessorVisitor.java,org.openrewrite.mainframe.cobol.CobolPreprocessorVisitor,visitEjectStatement,FEATURE_ENVY,MEDIUM,"foreign accesses=13, own accesses=1"
src/main/java/org/openrewrite/mainframe/cobol/CobolPreprocessorVisitor.java,org.openrewrite.mainframe.cobol.CobolPreprocessorVisitor,visitExecSqlIncludeStatement,FEATURE_ENVY,HIGH,"foreign accesses=23, own accesses=1"
src/main/java/org/openrewrite/mainframe/cobol/CobolPreprocessorVisitor.java,org.openrewrite.mainframe.cobol.CobolPreprocessorVisitor,visitExecStatement,FEATURE_ENVY,HIGH,"foreign accesses=20, own accesses=1"
src/main/java/org/openrewrite/mainframe/cobol/CobolPreprocessorVisitor.java,org.openrewrite.mainframe.cobol.CobolPreprocessorVisitor,visitFamilyPhrase,FEATURE_ENVY,MEDIUM,"foreign accesses=13, own accesses=1"
src/main/java/org/openrewrite/mainframe/cobol/CobolPreprocessorVisitor.java,org.openrewrite.mainframe.cobol.CobolPreprocessorVisitor,visitPseudoText,FEATURE_ENVY,HIGH,"foreign accesses=16, own accesses=1"
src/main/java/org/openrewrite/mainframe/cobol/CobolPreprocessorVisitor.java,org.openrewrite.mainframe.cobol.CobolPreprocessorVisitor,visitReplaceArea,FEATURE_ENVY,HIGH,"foreign accesses=17, own accesses=1"
src/main/java/org/openrewrite/mainframe/cobol/CobolPreprocessorVisitor.java,org.openrewrite.mainframe.cobol.CobolPreprocessorVisitor,visitReplaceByStatement,FEATURE_ENVY,HIGH,"foreign accesses=17, own accesses=1"
src/main/java/org/openrewrite/mainframe/cobol/CobolPreprocessorVisitor.java,org.openrewrite.mainframe.cobol.CobolPreprocessorVisitor,visitReplaceClause,FEATURE_ENVY,HIGH,"foreign accesses=27, own accesses=1"
src/main/java/org/openrewrite/mainframe/cobol/CobolPreprocessorVisitor.java,org.openrewrite.mainframe.cobol.CobolPreprocessorVisitor,visitReplaceOffStatement,FEATURE_ENVY,MEDIUM,"foreign accesses=14, own accesses=1"
src/main/java/org/openrewrite/mainframe/cobol/CobolPreprocessorVisitor.java,org.openrewrite.mainframe.cobol.CobolPreprocessorVisitor,visitReplacingPhrase,FEATURE_ENVY,MEDIUM,"foreign accesses=14, own accesses=1"
src/main/java/org/openrewrite/mainframe/cobol/CobolPreprocessorVisitor.java,org.openrewrite.mainframe.cobol.CobolPreprocessorVisitor,visitSkipStatement,FEATURE_ENVY,MEDIUM,"foreign accesses=13, own accesses=1"
src/main/java/org/openrewrite/mainframe/cobol/CobolPreprocessorVisitor.java,org.openrewrite.mainframe.cobol.CobolPreprocessorVisitor,visitTitleStatement,FEATURE_ENVY,HIGH,"foreign accesses=16, own accesses=1"
src/main/java/org/openrewrite/mainframe/cobol/CobolPreprocessorVisitor.java,org.openrewrite.mainframe.cobol.CobolPreprocessorVisitor,visitWord,FEATURE_ENVY,MEDIUM,"foreign accesses=14, own accesses=5"
src/main/java/org/openrewrite/mainframe/cobol/CobolPrinterUtils.java,org.openrewrite.mainframe.cobol.CobolPrinterUtils,getContentAreaLength,FEATURE_ENVY,LOW,"foreign accesses=8, own accesses=0"
src/main/java/org/openrewrite/mainframe/cobol/CobolStringUtils.java,org.openrewrite.mainframe.cobol.CobolStringUtils,compilerOptionsStart,FEATURE_ENVY,MEDIUM,"foreign accesses=10, own accesses=0"
src/main/java/org/openrewrite/mainframe/cobol/CobolStringUtils.java,org.openrewrite.mainframe.cobol.CobolStringUtils,isDebuggingModeEnabled,FEATURE_ENVY,HIGH,"foreign accesses=20, own accesses=2"
src/main/java/org/openrewrite/mainframe/cobol/CobolVisitor.java,org.openrewrite.mainframe.cobol.CobolVisitor,,GOD_CLASS,CRITICAL,"WMC=474, TCC=0.00, ATFD=916"
src/main/java/org/openrewrite/mainframe/cobol/CobolVisitor.java,org.openrewrite.mainframe.cobol.CobolVisitor,visitAbbreviation,FEATURE_ENVY,HIGH,"foreign accesses=25, own accesses=1"
src/main/java/org/openrewrite/mainframe/cobol/CobolVisitor.java,org.openrewrite.mainframe.cobol.CobolVisitor,visitAccept,FEATURE_ENVY,HIGH,"foreign accesses=25, own accesses=1"
src/main/java/org/openrewrite/mainframe/cobol/CobolVisitor.java,org.openrewrite.mainframe.cobol.CobolVisitor,visitAcceptFromDateStatement,FEATURE_ENVY,MEDIUM,"foreign accesses=11, own accesses=1"
src/main/java/org/openrewrite/mainframe/cobol/CobolVisitor.java,org.openrewrite.mainframe.cobol.CobolVisitor,visitAcceptFromEscapeKeyStatement,FEATURE_ENVY,MEDIUM,"foreign accesses=11, own accesses=1"
src/main/java/org/openrewrite/mainframe/cobol/CobolVisitor.java,org.openrewrite.mainframe.cobol.CobolVisitor,visitAcceptFromMnemonicStatement,FEATURE_ENVY,MEDIUM,"foreign accesses=13, own accesses=1"
src/main/java/org/openrewrite/mainframe/cobol/CobolVisitor.java,org.openrewrite.mainframe.cobol.CobolVisitor,visitAcceptMessageCountStatement,FEATURE_ENVY,MEDIUM,"foreign accesses=11, own accesses=1"
src/main/java/org/openrewrite/mainframe/cobol/CobolVisitor.java,org.openrewrite.mainframe.cobol.CobolVisitor,visitAccessModeClause,FEATURE_ENVY,MEDIUM,"foreign accesses=14, own accesses=1"
src/main/java/org/openrewrite/mainframe/cobol/CobolVisitor.java,org.openrewrite.mainframe.cobol.CobolVisitor,visitAdd,FEATURE_ENVY,HIGH,"foreign accesses=22, own accesses=1"
src/main/java/org/openrewrite/mainframe/cobol/CobolVisitor.java,org.openrewrite.mainframe.cobol.CobolVisitor,visitAddCorresponding,FEATURE_ENVY,HIGH,"foreign accesses=19, own accesses=1"
src/main/java/org/openrewrite/mainframe/cobol/CobolVisitor.java,org.openrewrite.mainframe.cobol.CobolVisitor,visitAddTo,FEATURE_ENVY,HIGH,"foreign accesses=18, own accesses=1"
src/main/java/org/openrewrite/mainframe/cobol/CobolVisitor.java,org.openrewrite.mainframe.cobol.CobolVisitor,visitAddToGiving,FEATURE_ENVY,HIGH,"foreign accesses=25, own accesses=1"
src/main/java/org/openrewrite/mainframe/cobol/CobolVisitor.java,org.openrewrite.mainframe.cobol.CobolVisitor,visitAlphabetAlso,FEATURE_ENVY,MEDIUM,"foreign accesses=14, own accesses=1"
src/main/java/org/openrewrite/mainframe/cobol/CobolVisitor.java,org.openrewrite.mainframe.cobol.CobolVisitor,visitAlphabetClause,FEATURE_ENVY,HIGH,"foreign accesses=17, own accesses=1"
src/main/java/org/openrewrite/mainframe/cobol/CobolVisitor.java,org.openrewrite.mainframe.cobol.CobolVisitor,visitAlphabetLiteral,FEATURE_ENVY,HIGH,"foreign accesses=17, own accesses=1"
src/main/java/org/openrewrite/mainframe/cobol/CobolVisitor.java,org.openrewrite.mainframe.cobol.CobolVisitor,visitAlphabetThrough,FEATURE_ENVY,MEDIUM,"foreign accesses=13, own accesses=1"
src/main/java/org/openrewrite/mainframe/cobol/CobolVisitor.java,org.openrewrite.mainframe.cobol.CobolVisitor,visitAlterProceedTo,FEATURE_ENVY,HIGH,"foreign accesses=17, own accesses=1"
src/main/java/org/openrewrite/mainframe/cobol/CobolVisitor.java,org.openrewrite.mainframe.cobol.CobolVisitor,visitAlterStatement,FEATURE_ENVY,MEDIUM,"foreign accesses=14, own accesses=1"
src/main/java/org/openrewrite/mainframe/cobol/CobolVisitor.java,org.openrewrite.mainframe.cobol.CobolVisitor,visitAlteredGoTo,FEATURE_ENVY,MEDIUM,"foreign accesses=14, own accesses=1"
src/main/java/org/openrewrite/mainframe/cobol/CobolVisitor.java,org.openrewrite.mainframe.cobol.CobolVisitor,visitAlternateRecordKeyClause,FEATURE_ENVY,HIGH,"foreign accesses=21, own accesses=1"
src/main/java/org/openrewrite/mainframe/cobol/CobolVisitor.java,org.openrewrite.mainframe.cobol.CobolVisitor,visitAndOrCondition,FEATURE_ENVY,HIGH,"foreign accesses=17, own accesses=1"
src/main/java/org/openrewrite/mainframe/cobol/CobolVisitor.java,org.openrewrite.mainframe.cobol.CobolVisitor,visitArgument,FEATURE_ENVY,MEDIUM,"foreign accesses=13, own accesses=1"
src/main/java/org/openrewrite/mainframe/cobol/CobolVisitor.java,org.openrewrite.mainframe.cobol.CobolVisitor,visitArithmeticExpression,FEATURE_ENVY,MEDIUM,"foreign accesses=14, own accesses=1"
src/main/java/org/openrewrite/mainframe/cobol/CobolVisitor.java,org.openrewrite.mainframe.cobol.CobolVisitor,visitAssignClause,FEATURE_ENVY,MEDIUM,"foreign accesses=14, own accesses=1"
src/main/java/org/openrewrite/mainframe/cobol/CobolVisitor.java,org.openrewrite.mainframe.cobol.CobolVisitor,visitBlockContainsClause,FEATURE_ENVY,HIGH,"foreign accesses=20, own accesses=1"
src/main/java/org/openrewrite/mainframe/cobol/CobolVisitor.java,org.openrewrite.mainframe.cobol.CobolVisitor,visitBlockContainsTo,FEATURE_ENVY,MEDIUM,"foreign accesses=13, own accesses=1"
src/main/java/org/openrewrite/mainframe/cobol/CobolVisitor.java,org.openrewrite.mainframe.cobol.CobolVisitor,visitCall,FEATURE_ENVY,CRITICAL,"foreign accesses=31, own accesses=1"
src/main/java/org/openrewrite/mainframe/cobol/CobolVisitor.java,org.openrewrite.mainframe.cobol.CobolVisitor,visitCallBy,FEATURE_ENVY,MEDIUM,"foreign accesses=14, own accesses=1"
src/main/java/org/openrewrite/mainframe/cobol/CobolVisitor.java,org.openrewrite.mainframe.cobol.CobolVisitor,visitCallGivingPhrase,FEATURE_ENVY,MEDIUM,"foreign accesses=13, own accesses=1"
src/main/java/org/openrewrite/mainframe/cobol/CobolVisitor.java,org.openrewrite.mainframe.cobol.CobolVisitor,visitCallPhrase,FEATURE_ENVY,HIGH,"foreign accesses=15, own accesses=1"
src/main/java/org/openrewrite/mainframe/cobol/CobolVisitor.java,org.openrewrite.mainframe.cobol.CobolVisitor,visitCancel,FEATURE_ENVY,MEDIUM,"foreign accesses=14, own accesses=1"
src/main/java/org/openrewrite/mainframe/cobol/CobolVisitor.java,org.openrewrite.mainframe.cobol.CobolVisitor,visitCancelCall,FEATURE_ENVY,HIGH,"foreign accesses=20, own accesses=1"
src/main/java/org/openrewrite/mainframe/cobol/CobolVisitor.java,org.openrewrite.mainframe.cobol.CobolVisitor,visitChannelClause,FEATURE_ENVY,HIGH,"foreign accesses=19, own accesses=1"
src/main/java/org/openrewrite/mainframe/cobol/CobolVisitor.java,org.openrewrite.mainframe.cobol.CobolVisitor,visitClassClause,FEATURE_ENVY,HIGH,"foreign accesses=21, own accesses=1"
src/main/java/org/openrewrite/mainframe/cobol/CobolVisitor.java,org.openrewrite.mainframe.cobol.CobolVisitor,visitClassClauseThrough,FEATURE_ENVY,HIGH,"foreign accesses=16, own accesses=1"
src/main/java/org/openrewrite/mainframe/cobol/CobolVisitor.java,org.openrewrite.mainframe.cobol.CobolVisitor,visitClassCondition,FEATURE_ENVY,HIGH,"foreign accesses=17, own accesses=1"
src/main/java/org/openrewrite/mainframe/cobol/CobolVisitor.java,org.openrewrite.mainframe.cobol.CobolVisitor,visitClose,FEATURE_ENVY,MEDIUM,"foreign accesses=14, own accesses=1"
src/main/java/org/openrewrite/mainframe/cobol/CobolVisitor.java,org.openrewrite.mainframe.cobol.CobolVisitor,visitCloseFile,FEATURE_ENVY,MEDIUM,"foreign accesses=13, own accesses=1"
src/main/java/org/openrewrite/mainframe/cobol/CobolVisitor.java,org.openrewrite.mainframe.cobol.CobolVisitor,visitClosePortFileIOStatement,FEATURE_ENVY,HIGH,"foreign accesses=15, own accesses=1"
src/main/java/org/openrewrite/mainframe/cobol/CobolVisitor.java,org.openrewrite.mainframe.cobol.CobolVisitor,visitClosePortFileIOUsingAssociatedData,FEATURE_ENVY,MEDIUM,"foreign accesses=13, own accesses=1"
src/main/java/org/openrewrite/mainframe/cobol/CobolVisitor.java,org.openrewrite.mainframe.cobol.CobolVisitor,visitClosePortFileIOUsingAssociatedDataLength,FEATURE_ENVY,MEDIUM,"foreign accesses=14, own accesses=1"
src/main/java/org/openrewrite/mainframe/cobol/CobolVisitor.java,org.openrewrite.mainframe.cobol.CobolVisitor,visitClosePortFileIOUsingCloseDisposition,FEATURE_ENVY,MEDIUM,"foreign accesses=11, own accesses=1"
src/main/java/org/openrewrite/mainframe/cobol/CobolVisitor.java,org.openrewrite.mainframe.cobol.CobolVisitor,visitCloseReelUnitStatement,FEATURE_ENVY,MEDIUM,"foreign accesses=11, own accesses=1"
src/main/java/org/openrewrite/mainframe/cobol/CobolVisitor.java,org.openrewrite.mainframe.cobol.CobolVisitor,visitCloseRelativeStatement,FEATURE_ENVY,MEDIUM,"foreign accesses=11, own accesses=1"
src/main/java/org/openrewrite/mainframe/cobol/CobolVisitor.java,org.openrewrite.mainframe.cobol.CobolVisitor,visitCodeSetClause,FEATURE_ENVY,MEDIUM,"foreign accesses=14, own accesses=1"
src/main/java/org/openrewrite/mainframe/cobol/CobolVisitor.java,org.openrewrite.mainframe.cobol.CobolVisitor,visitCollatingSequenceAlphabet,FEATURE_ENVY,MEDIUM,"foreign accesses=14, own accesses=1"
src/main/java/org/openrewrite/mainframe/cobol/CobolVisitor.java,org.openrewrite.mainframe.cobol.CobolVisitor,visitCollatingSequenceClause,FEATURE_ENVY,HIGH,"foreign accesses=24, own accesses=1"
src/main/java/org/openrewrite/mainframe/cobol/CobolVisitor.java,org.openrewrite.mainframe.cobol.CobolVisitor,visitCombinableCondition,FEATURE_ENVY,MEDIUM,"foreign accesses=13, own accesses=1"
src/main/java/org/openrewrite/mainframe/cobol/CobolVisitor.java,org.openrewrite.mainframe.cobol.CobolVisitor,visitCommentEntry,FEATURE_ENVY,MEDIUM,"foreign accesses=11, own accesses=1"
src/main/java/org/openrewrite/mainframe/cobol/CobolVisitor.java,org.openrewrite.mainframe.cobol.CobolVisitor,visitCommitmentControlClause,FEATURE_ENVY,MEDIUM,"foreign accesses=14, own accesses=1"
src/main/java/org/openrewrite/mainframe/cobol/CobolVisitor.java,org.openrewrite.mainframe.cobol.CobolVisitor,visitCommunicationDescriptionEntryFormat1,FEATURE_ENVY,HIGH,"foreign accesses=24, own accesses=1"
src/main/java/org/openrewrite/mainframe/cobol/CobolVisitor.java,org.openrewrite.mainframe.cobol.CobolVisitor,visitCommunicationDescriptionEntryFormat2,FEATURE_ENVY,HIGH,"foreign accesses=24, own accesses=1"
src/main/java/org/openrewrite/mainframe/cobol/CobolVisitor.java,org.openrewrite.mainframe.cobol.CobolVisitor,visitCommunicationDescriptionEntryFormat3,FEATURE_ENVY,HIGH,"foreign accesses=24, own accesses=1"
src/main/java/org/openrewrite/mainframe/cobol/CobolVisitor.java,org.openrewrite.mainframe.cobol.CobolVisitor,visitCommunicationSection,FEATURE_ENVY,HIGH,"foreign accesses=18, own accesses=1"
src/main/java/org/openrewrite/mainframe/cobol/CobolVisitor.java,org.openrewrite.mainframe.cobol.CobolVisitor,visitCompilationUnit,FEATURE_ENVY,MEDIUM,"foreign accesses=14, own accesses=1"
src/main/java/org/openrewrite/mainframe/cobol/CobolVisitor.java,org.openrewrite.mainframe.cobol.CobolVisitor,visitCompute,FEATURE_ENVY,HIGH,"foreign accesses=29, own accesses=1"
src/main/java/org/openrewrite/mainframe/cobol/CobolVisitor.java,org.openrewrite.mainframe.cobol.CobolVisitor,visitCondition,FEATURE_ENVY,MEDIUM,"foreign accesses=14, own accesses=1"
src/main/java/org/openrewrite/mainframe/cobol/CobolVisitor.java,org.openrewrite.mainframe.cobol.CobolVisitor,visitConditionNameReference,FEATURE_ENVY,HIGH,"foreign accesses=25, own accesses=1"
src/main/java/org/openrewrite/mainframe/cobol/CobolVisitor.java,org.openrewrite.mainframe.cobol.CobolVisitor,visitConditionNameSubscriptReference,FEATURE_ENVY,HIGH,"foreign accesses=17, own accesses=1"
src/main/java/org/openrewrite/mainframe/cobol/CobolVisitor.java,org.openrewrite.mainframe.cobol.CobolVisitor,visitConfigurationSection,FEATURE_ENVY,HIGH,"foreign accesses=18, own accesses=1"
src/main/java/org/openrewrite/mainframe/cobol/CobolVisitor.java,org.openrewrite.mainframe.cobol.CobolVisitor,visitContinue,FEATURE_ENVY,MEDIUM,"foreign accesses=10, own accesses=1"
src/main/java/org/openrewrite/mainframe/cobol/CobolVisitor.java,org.openrewrite.mainframe.cobol.CobolVisitor,visitCurrencyClause,FEATURE_ENVY,HIGH,"foreign accesses=21, own accesses=1"
src/main/java/org/openrewrite/mainframe/cobol/CobolVisitor.java,org.openrewrite.mainframe.cobol.CobolVisitor,visitDataAlignedClause,FEATURE_ENVY,MEDIUM,"foreign accesses=10, own accesses=1"
src/main/java/org/openrewrite/mainframe/cobol/CobolVisitor.java,org.openrewrite.mainframe.cobol.CobolVisitor,visitDataBaseSection,FEATURE_ENVY,HIGH,"foreign accesses=18, own accesses=1"
src/main/java/org/openrewrite/mainframe/cobol/CobolVisitor.java,org.openrewrite.mainframe.cobol.CobolVisitor,visitDataBaseSectionEntry,FEATURE_ENVY,HIGH,"foreign accesses=19, own accesses=1"
src/main/java/org/openrewrite/mainframe/cobol/CobolVisitor.java,org.openrewrite.mainframe.cobol.CobolVisitor,visitDataBlankWhenZeroClause,FEATURE_ENVY,MEDIUM,"foreign accesses=11, own accesses=1"
src/main/java/org/openrewrite/mainframe/cobol/CobolVisitor.java,org.openrewrite.mainframe.cobol.CobolVisitor,visitDataCommonOwnLocalClause,FEATURE_ENVY,MEDIUM,"foreign accesses=10, own accesses=1"
src/main/java/org/openrewrite/mainframe/cobol/CobolVisitor.java,org.openrewrite.mainframe.cobol.CobolVisitor,visitDataDescriptionEntry,FEATURE_ENVY,HIGH,"foreign accesses=21, own accesses=1"
src/main/java/org/openrewrite/mainframe/cobol/CobolVisitor.java,org.openrewrite.mainframe.cobol.CobolVisitor,visitDataDivision,FEATURE_ENVY,HIGH,"foreign accesses=18, own accesses=1"
src/main/java/org/openrewrite/mainframe/cobol/CobolVisitor.java,org.openrewrite.mainframe.cobol.CobolVisitor,visitDataExternalClause,FEATURE_ENVY,MEDIUM,"foreign accesses=14, own accesses=1"
src/main/java/org/openrewrite/mainframe/cobol/CobolVisitor.java,org.openrewrite.mainframe.cobol.CobolVisitor,visitDataGlobalClause,FEATURE_ENVY,MEDIUM,"foreign accesses=11, own accesses=1"
src/main/java/org/openrewrite/mainframe/cobol/CobolVisitor.java,org.openrewrite.mainframe.cobol.CobolVisitor,visitDataIntegerStringClause,FEATURE_ENVY,MEDIUM,"foreign accesses=10, own accesses=1"
src/main/java/org/openrewrite/mainframe/cobol/CobolVisitor.java,org.openrewrite.mainframe.cobol.CobolVisitor,visitDataJustifiedClause,FEATURE_ENVY,MEDIUM,"foreign accesses=11, own accesses=1"
src/main/java/org/openrewrite/mainframe/cobol/CobolVisitor.java,org.openrewrite.mainframe.cobol.CobolVisitor,visitDataOccursClause,FEATURE_ENVY,HIGH,"foreign accesses=26, own accesses=1"
src/main/java/org/openrewrite/mainframe/cobol/CobolVisitor.java,org.openrewrite.mainframe.cobol.CobolVisitor,visitDataOccursDepending,FEATURE_ENVY,MEDIUM,"foreign accesses=14, own accesses=1"
src/main/java/org/openrewrite/mainframe/cobol/CobolVisitor.java,org.openrewrite.mainframe.cobol.CobolVisitor,visitDataOccursIndexed,FEATURE_ENVY,HIGH,"foreign accesses=15, own accesses=1"
src/main/java/org/openrewrite/mainframe/cobol/CobolVisitor.java,org.openrewrite.mainframe.cobol.CobolVisitor,visitDataOccursSort,FEATURE_ENVY,HIGH,"foreign accesses=15, own accesses=1"
src/main/java/org/openrewrite/mainframe/cobol/CobolVisitor.java,org.openrewrite.mainframe.cobol.CobolVisitor,visitDataOccursTo,FEATURE_ENVY,MEDIUM,"foreign accesses=13, own accesses=1"
src/main/java/org/openrewrite/mainframe/cobol/CobolVisitor.java,org.openrewrite.mainframe.cobol.CobolVisitor,visitDataPictureClause,FEATURE_ENVY,HIGH,"foreign accesses=15, own accesses=1"
src/main/java/org/openrewrite/mainframe/cobol/CobolVisitor.java,org.openrewrite.mainframe.cobol.CobolVisitor,visitDataReceivedByClause,FEATURE_ENVY,MEDIUM,"foreign accesses=11, own accesses=1"
src/main/java/org/openrewrite/mainframe/cobol/CobolVisitor.java,org.openrewrite.mainframe.cobol.CobolVisitor,visitDataRecordAreaClause,FEATURE_ENVY,MEDIUM,"foreign accesses=11, own accesses=1"
src/main/java/org/openrewrite/mainframe/cobol/CobolVisitor.java,org.openrewrite.mainframe.cobol.CobolVisitor,visitDataRecordsClause,FEATURE_ENVY,HIGH,"foreign accesses=15, own accesses=1"
src/main/java/org/openrewrite/mainframe/cobol/CobolVisitor.java,org.openrewrite.mainframe.cobol.CobolVisitor,visitDataRedefinesClause,FEATURE_ENVY,MEDIUM,"foreign accesses=13, own accesses=1"
src/main/java/org/openrewrite/mainframe/cobol/CobolVisitor.java,org.openrewrite.mainframe.cobol.CobolVisitor,visitDataRenamesClause,FEATURE_ENVY,HIGH,"foreign accesses=19, own accesses=1"
src/main/java/org/openrewrite/mainframe/cobol/CobolVisitor.java,org.openrewrite.mainframe.cobol.CobolVisitor,visitDataSignClause,FEATURE_ENVY,MEDIUM,"foreign accesses=11, own accesses=1"
src/main/java/org/openrewrite/mainframe/cobol/CobolVisitor.java,org.openrewrite.mainframe.cobol.CobolVisitor,visitDataSynchronizedClause,FEATURE_ENVY,MEDIUM,"foreign accesses=11, own accesses=1"
src/main/java/org/openrewrite/mainframe/cobol/CobolVisitor.java,org.openrewrite.mainframe.cobol.CobolVisitor,visitDataThreadLocalClause,FEATURE_ENVY,MEDIUM,"foreign accesses=11, own accesses=1"
src/main/java/org/openrewrite/mainframe/cobol/CobolVisitor.java,org.openrewrite.mainframe.cobol.CobolVisitor,visitDataTypeClause,FEATURE_ENVY,MEDIUM,"foreign accesses=14, own accesses=1"
src/main/java/org/openrewrite/mainframe/cobol/CobolVisitor.java,org.openrewrite.mainframe.cobol.CobolVisitor,visitDataTypeDefClause,FEATURE_ENVY,MEDIUM,"foreign accesses=11, own accesses=1"
src/main/java/org/openrewrite/mainframe/cobol/CobolVisitor.java,org.openrewrite.mainframe.cobol.CobolVisitor,visitDataUsageClause,FEATURE_ENVY,MEDIUM,"foreign accesses=11, own accesses=1"
src/main/java/org/openrewrite/mainframe/cobol/CobolVisitor.java,org.openrewrite.mainframe.cobol.CobolVisitor,visitDataUsingClause,FEATURE_ENVY,MEDIUM,"foreign accesses=14, own accesses=1"
src/main/java/org/openrewrite/mainframe/cobol/CobolVisitor.java,org.openrewrite.mainframe.cobol.CobolVisitor,visitDataValueClause,FEATURE_ENVY,HIGH,"foreign accesses=15, own accesses=1"
src/main/java/org/openrewrite/mainframe/cobol/CobolVisitor.java,org.openrewrite.mainframe.cobol.CobolVisitor,visitDataValueInterval,FEATURE_ENVY,MEDIUM,"foreign accesses=13, own accesses=1"
src/main/java/org/openrewrite/mainframe/cobol/CobolVisitor.java,org.openrewrite.mainframe.cobol.CobolVisitor,visitDataValueIntervalTo,FEATURE_ENVY,MEDIUM,"foreign accesses=13, own accesses=1"
src/main/java/org/openrewrite/mainframe/cobol/CobolVisitor.java,org.openrewrite.mainframe.cobol.CobolVisitor,visitDataWithLowerBoundsClause,FEATURE_ENVY,MEDIUM,"foreign accesses=11, own accesses=1"
src/main/java/org/openrewrite/mainframe/cobol/CobolVisitor.java,org.openrewrite.mainframe.cobol.CobolVisitor,visitDecimalPointClause,FEATURE_ENVY,MEDIUM,"foreign accesses=11, own accesses=1"
src/main/java/org/openrewrite/mainframe/cobol/CobolVisitor.java,org.openrewrite.mainframe.cobol.CobolVisitor,visitDefaultComputationalSignClause,FEATURE_ENVY,MEDIUM,"foreign accesses=11, own accesses=1"
src/main/java/org/openrewrite/mainframe/cobol/CobolVisitor.java,org.openrewrite.mainframe.cobol.CobolVisitor,visitDefaultDisplaySignClause,FEATURE_ENVY,MEDIUM,"foreign accesses=11, own accesses=1"
src/main/java/org/openrewrite/mainframe/cobol/CobolVisitor.java,org.openrewrite.mainframe.cobol.CobolVisitor,visitDelete,FEATURE_ENVY,HIGH,"foreign accesses=25, own accesses=1"
src/main/java/org/openrewrite/mainframe/cobol/CobolVisitor.java,org.openrewrite.mainframe.cobol.CobolVisitor,visitDestinationCountClause,FEATURE_ENVY,MEDIUM,"foreign accesses=14, own accesses=1"
src/main/java/org/openrewrite/mainframe/cobol/CobolVisitor.java,org.openrewrite.mainframe.cobol.CobolVisitor,visitDestinationTableClause,FEATURE_ENVY,HIGH,"foreign accesses=22, own accesses=1"
src/main/java/org/openrewrite/mainframe/cobol/CobolVisitor.java,org.openrewrite.mainframe.cobol.CobolVisitor,visitDisable,FEATURE_ENVY,HIGH,"foreign accesses=26, own accesses=1"
src/main/java/org/openrewrite/mainframe/cobol/CobolVisitor.java,org.openrewrite.mainframe.cobol.CobolVisitor,visitDisplay,FEATURE_ENVY,CRITICAL,"foreign accesses=33, own accesses=1"
src/main/java/org/openrewrite/mainframe/cobol/CobolVisitor.java,org.openrewrite.mainframe.cobol.CobolVisitor,visitDisplayAt,FEATURE_ENVY,MEDIUM,"foreign accesses=13, own accesses=1"
src/main/java/org/openrewrite/mainframe/cobol/CobolVisitor.java,org.openrewrite.mainframe.cobol.CobolVisitor,visitDisplayUpon,FEATURE_ENVY,MEDIUM,"foreign accesses=13, own accesses=1"
src/main/java/org/openrewrite/mainframe/cobol/CobolVisitor.java,org.openrewrite.mainframe.cobol.CobolVisitor,visitDivide,FEATURE_ENVY,HIGH,"foreign accesses=28, own accesses=1"
src/main/java/org/openrewrite/mainframe/cobol/CobolVisitor.java,org.openrewrite.mainframe.cobol.CobolVisitor,visitDivideGiving,FEATURE_ENVY,HIGH,"foreign accesses=16, own accesses=1"
src/main/java/org/openrewrite/mainframe/cobol/CobolVisitor.java,org.openrewrite.mainframe.cobol.CobolVisitor,visitDivideGivingPhrase,FEATURE_ENVY,MEDIUM,"foreign accesses=14, own accesses=1"
src/main/java/org/openrewrite/mainframe/cobol/CobolVisitor.java,org.openrewrite.mainframe.cobol.CobolVisitor,visitDivideInto,FEATURE_ENVY,MEDIUM,"foreign accesses=14, own accesses=1"
src/main/java/org/openrewrite/mainframe/cobol/CobolVisitor.java,org.openrewrite.mainframe.cobol.CobolVisitor,visitDivideRemainder,FEATURE_ENVY,MEDIUM,"foreign accesses=13, own accesses=1"
src/main/java/org/openrewrite/mainframe/cobol/CobolVisitor.java,org.openrewrite.mainframe.cobol.CobolVisitor,visitEnable,FEATURE_ENVY,HIGH,"foreign accesses=26, own accesses=1"
src/main/java/org/openrewrite/mainframe/cobol/CobolVisitor.java,org.openrewrite.mainframe.cobol.CobolVisitor,visitEndKeyClause,FEATURE_ENVY,MEDIUM,"foreign accesses=14, own accesses=1"
src/main/java/org/openrewrite/mainframe/cobol/CobolVisitor.java,org.openrewrite.mainframe.cobol.CobolVisitor,visitEndProgram,FEATURE_ENVY,HIGH,"foreign accesses=17, own accesses=1"
src/main/java/org/openrewrite/mainframe/cobol/CobolVisitor.java,org.openrewrite.mainframe.cobol.CobolVisitor,visitEntry,FEATURE_ENVY,HIGH,"foreign accesses=20, own accesses=1"
src/main/java/org/openrewrite/mainframe/cobol/CobolVisitor.java,org.openrewrite.mainframe.cobol.CobolVisitor,visitEnvironmentDivision,FEATURE_ENVY,HIGH,"foreign accesses=18, own accesses=1"
src/main/java/org/openrewrite/mainframe/cobol/CobolVisitor.java,org.openrewrite.mainframe.cobol.CobolVisitor,visitEnvironmentSwitchNameClause,FEATURE_ENVY,HIGH,"foreign accesses=19, own accesses=1"
src/main/java/org/openrewrite/mainframe/cobol/CobolVisitor.java,org.openrewrite.mainframe.cobol.CobolVisitor,visitEnvironmentSwitchNameSpecialNamesStatusPhrase,FEATURE_ENVY,MEDIUM,"foreign accesses=11, own accesses=1"
src/main/java/org/openrewrite/mainframe/cobol/CobolVisitor.java,org.openrewrite.mainframe.cobol.CobolVisitor,visitErrorKeyClause,FEATURE_ENVY,MEDIUM,"foreign accesses=14, own accesses=1"
src/main/java/org/openrewrite/mainframe/cobol/CobolVisitor.java,org.openrewrite.mainframe.cobol.CobolVisitor,visitEvaluate,FEATURE_ENVY,HIGH,"foreign accesses=27, own accesses=1"
src/main/java/org/openrewrite/mainframe/cobol/CobolVisitor.java,org.openrewrite.mainframe.cobol.CobolVisitor,visitEvaluateAlso,FEATURE_ENVY,MEDIUM,"foreign accesses=13, own accesses=1"
src/main/java/org/openrewrite/mainframe/cobol/CobolVisitor.java,org.openrewrite.mainframe.cobol.CobolVisitor,visitEvaluateAlsoCondition,FEATURE_ENVY,MEDIUM,"foreign accesses=13, own accesses=1"
src/main/java/org/openrewrite/mainframe/cobol/CobolVisitor.java,org.openrewrite.mainframe.cobol.CobolVisitor,visitEvaluateCondition,FEATURE_ENVY,HIGH,"foreign accesses=20, own accesses=1"
src/main/java/org/openrewrite/mainframe/cobol/CobolVisitor.java,org.openrewrite.mainframe.cobol.CobolVisitor,visitEvaluateThrough,FEATURE_ENVY,MEDIUM,"foreign accesses=13, own accesses=1"
src/main/java/org/openrewrite/mainframe/cobol/CobolVisitor.java,org.openrewrite.mainframe.cobol.CobolVisitor,visitEvaluateWhen,FEATURE_ENVY,HIGH,"foreign accesses=17, own accesses=1"
src/main/java/org/openrewrite/mainframe/cobol/CobolVisitor.java,org.openrewrite.mainframe.cobol.CobolVisitor,visitEvaluateWhenPhrase,FEATURE_ENVY,HIGH,"foreign accesses=15, own accesses=1"
src/main/java/org/openrewrite/mainframe/cobol/CobolVisitor.java,org.openrewrite.mainframe.cobol.CobolVisitor,visitExecCicsStatement,FEATURE_ENVY,MEDIUM,"foreign accesses=11, own accesses=1"
src/main/java/org/openrewrite/mainframe/cobol/CobolVisitor.java,org.openrewrite.mainframe.cobol.CobolVisitor,visitExecDliStatement,FEATURE_ENVY,MEDIUM,"foreign accesses=11, own accesses=1"
src/main/java/org/openrewrite/mainframe/cobol/CobolVisitor.java,org.openrewrite.mainframe.cobol.CobolVisitor,visitExecSqlImsStatement,FEATURE_ENVY,MEDIUM,"foreign accesses=11, own accesses=1"
src/main/java/org/openrewrite/mainframe/cobol/CobolVisitor.java,org.openrewrite.mainframe.cobol.CobolVisitor,visitExecSqlStatement,FEATURE_ENVY,MEDIUM,"foreign accesses=11, own accesses=1"
src/main/java/org/openrewrite/mainframe/cobol/CobolVisitor.java,org.openrewrite.mainframe.cobol.CobolVisitor,visitExhibit,FEATURE_ENVY,HIGH,"foreign accesses=15, own accesses=1"
src/main/java/org/openrewrite/mainframe/cobol/CobolVisitor.java,org.openrewrite.mainframe.cobol.CobolVisitor,visitExit,FEATURE_ENVY,MEDIUM,"foreign accesses=11, own accesses=1"
src/main/java/org/openrewrite/mainframe/cobol/CobolVisitor.java,org.openrewrite.mainframe.cobol.CobolVisitor,visitExternalClause,FEATURE_ENVY,MEDIUM,"foreign accesses=11, own accesses=1"
src/main/java/org/openrewrite/mainframe/cobol/CobolVisitor.java,org.openrewrite.mainframe.cobol.CobolVisitor,visitFigurativeConstant,FEATURE_ENVY,MEDIUM,"foreign accesses=13, own accesses=1"
src/main/java/org/openrewrite/mainframe/cobol/CobolVisitor.java,org.openrewrite.mainframe.cobol.CobolVisitor,visitFileControlEntry,FEATURE_ENVY,MEDIUM,"foreign accesses=14, own accesses=1"
src/main/java/org/openrewrite/mainframe/cobol/CobolVisitor.java,org.openrewrite.mainframe.cobol.CobolVisitor,visitFileControlParagraph,FEATURE_ENVY,MEDIUM,"foreign accesses=14, own accesses=1"
src/main/java/org/openrewrite/mainframe/cobol/CobolVisitor.java,org.openrewrite.mainframe.cobol.CobolVisitor,visitFileDescriptionEntry,FEATURE_ENVY,HIGH,"foreign accesses=21, own accesses=1"
src/main/java/org/openrewrite/mainframe/cobol/CobolVisitor.java,org.openrewrite.mainframe.cobol.CobolVisitor,visitFileSection,FEATURE_ENVY,HIGH,"foreign accesses=18, own accesses=1"
src/main/java/org/openrewrite/mainframe/cobol/CobolVisitor.java,org.openrewrite.mainframe.cobol.CobolVisitor,visitFileStatusClause,FEATURE_ENVY,HIGH,"foreign accesses=15, own accesses=1"
src/main/java/org/openrewrite/mainframe/cobol/CobolVisitor.java,org.openrewrite.mainframe.cobol.CobolVisitor,visitFunctionCall,FEATURE_ENVY,HIGH,"foreign accesses=20, own accesses=1"
src/main/java/org/openrewrite/mainframe/cobol/CobolVisitor.java,org.openrewrite.mainframe.cobol.CobolVisitor,visitGenerate,FEATURE_ENVY,MEDIUM,"foreign accesses=13, own accesses=1"
src/main/java/org/openrewrite/mainframe/cobol/CobolVisitor.java,org.openrewrite.mainframe.cobol.CobolVisitor,visitGlobalClause,FEATURE_ENVY,MEDIUM,"foreign accesses=11, own accesses=1"
src/main/java/org/openrewrite/mainframe/cobol/CobolVisitor.java,org.openrewrite.mainframe.cobol.CobolVisitor,visitGoBack,FEATURE_ENVY,MEDIUM,"foreign accesses=10, own accesses=1"
src/main/java/org/openrewrite/mainframe/cobol/CobolVisitor.java,org.openrewrite.mainframe.cobol.CobolVisitor,visitGoTo,FEATURE_ENVY,MEDIUM,"foreign accesses=14, own accesses=1"
src/main/java/org/openrewrite/mainframe/cobol/CobolVisitor.java,org.openrewrite.mainframe.cobol.CobolVisitor,visitGoToDependingOnStatement,FEATURE_ENVY,HIGH,"foreign accesses=18, own accesses=1"
src/main/java/org/openrewrite/mainframe/cobol/CobolVisitor.java,org.openrewrite.mainframe.cobol.CobolVisitor,visitIdentificationDivision,FEATURE_ENVY,HIGH,"foreign accesses=18, own accesses=1"
src/main/java/org/openrewrite/mainframe/cobol/CobolVisitor.java,org.openrewrite.mainframe.cobol.CobolVisitor,visitIdentificationDivisionParagraph,FEATURE_ENVY,HIGH,"foreign accesses=23, own accesses=1"
src/main/java/org/openrewrite/mainframe/cobol/CobolVisitor.java,org.openrewrite.mainframe.cobol.CobolVisitor,visitIf,FEATURE_ENVY,HIGH,"foreign accesses=22, own accesses=1"
src/main/java/org/openrewrite/mainframe/cobol/CobolVisitor.java,org.openrewrite.mainframe.cobol.CobolVisitor,visitIfElse,FEATURE_ENVY,HIGH,"foreign accesses=18, own accesses=1"
src/main/java/org/openrewrite/mainframe/cobol/CobolVisitor.java,org.openrewrite.mainframe.cobol.CobolVisitor,visitIfThen,FEATURE_ENVY,HIGH,"foreign accesses=18, own accesses=1"
src/main/java/org/openrewrite/mainframe/cobol/CobolVisitor.java,org.openrewrite.mainframe.cobol.CobolVisitor,visitInData,FEATURE_ENVY,MEDIUM,"foreign accesses=13, own accesses=1"
src/main/java/org/openrewrite/mainframe/cobol/CobolVisitor.java,org.openrewrite.mainframe.cobol.CobolVisitor,visitInFile,FEATURE_ENVY,MEDIUM,"foreign accesses=13, own accesses=1"
src/main/java/org/openrewrite/mainframe/cobol/CobolVisitor.java,org.openrewrite.mainframe.cobol.CobolVisitor,visitInLibrary,FEATURE_ENVY,MEDIUM,"foreign accesses=13, own accesses=1"
src/main/java/org/openrewrite/mainframe/cobol/CobolVisitor.java,org.openrewrite.mainframe.cobol.CobolVisitor,visitInMnemonic,FEATURE_ENVY,MEDIUM,"foreign accesses=13, own accesses=1"
src/main/java/org/openrewrite/mainframe/cobol/CobolVisitor.java,org.openrewrite.mainframe.cobol.CobolVisitor,visitInSection,FEATURE_ENVY,MEDIUM,"foreign accesses=13, own accesses=1"
src/main/java/org/openrewrite/mainframe/cobol/CobolVisitor.java,org.openrewrite.mainframe.cobol.CobolVisitor,visitInTable,FEATURE_ENVY,MEDIUM,"foreign accesses=13, own accesses=1"
src/main/java/org/openrewrite/mainframe/cobol/CobolVisitor.java,org.openrewrite.mainframe.cobol.CobolVisitor,visitInitialize,FEATURE_ENVY,HIGH,"foreign accesses=17, own accesses=1"
src/main/java/org/openrewrite/mainframe/cobol/CobolVisitor.java,org.openrewrite.mainframe.cobol.CobolVisitor,visitInitializeReplacingBy,FEATURE_ENVY,MEDIUM,"foreign accesses=14, own accesses=1"
src/main/java/org/openrewrite/mainframe/cobol/CobolVisitor.java,org.openrewrite.mainframe.cobol.CobolVisitor,visitInitializeReplacingPhrase,FEATURE_ENVY,MEDIUM,"foreign accesses=14, own accesses=1"
src/main/java/org/openrewrite/mainframe/cobol/CobolVisitor.java,org.openrewrite.mainframe.cobol.CobolVisitor,visitInitiate,FEATURE_ENVY,MEDIUM,"foreign accesses=14, own accesses=1"
src/main/java/org/openrewrite/mainframe/cobol/CobolVisitor.java,org.openrewrite.mainframe.cobol.CobolVisitor,visitInputOutputSection,FEATURE_ENVY,HIGH,"foreign accesses=15, own accesses=1"
src/main/java/org/openrewrite/mainframe/cobol/CobolVisitor.java,org.openrewrite.mainframe.cobol.CobolVisitor,visitInspect,FEATURE_ENVY,HIGH,"foreign accesses=16, own accesses=1"
src/main/java/org/openrewrite/mainframe/cobol/CobolVisitor.java,org.openrewrite.mainframe.cobol.CobolVisitor,visitInspectAllLeading,FEATURE_ENVY,MEDIUM,"foreign accesses=14, own accesses=1"
src/main/java/org/openrewrite/mainframe/cobol/CobolVisitor.java,org.openrewrite.mainframe.cobol.CobolVisitor,visitInspectAllLeadings,FEATURE_ENVY,MEDIUM,"foreign accesses=14, own accesses=1"
src/main/java/org/openrewrite/mainframe/cobol/CobolVisitor.java,org.openrewrite.mainframe.cobol.CobolVisitor,visitInspectBeforeAfter,FEATURE_ENVY,MEDIUM,"foreign accesses=14, own accesses=1"
src/main/java/org/openrewrite/mainframe/cobol/CobolVisitor.java,org.openrewrite.mainframe.cobol.CobolVisitor,visitInspectBy,FEATURE_ENVY,MEDIUM,"foreign accesses=13, own accesses=1"
src/main/java/org/openrewrite/mainframe/cobol/CobolVisitor.java,org.openrewrite.mainframe.cobol.CobolVisitor,visitInspectCharacters,FEATURE_ENVY,MEDIUM,"foreign accesses=14, own accesses=1"
src/main/java/org/openrewrite/mainframe/cobol/CobolVisitor.java,org.openrewrite.mainframe.cobol.CobolVisitor,visitInspectConvertingPhrase,FEATURE_ENVY,HIGH,"foreign accesses=20, own accesses=1"
src/main/java/org/openrewrite/mainframe/cobol/CobolVisitor.java,org.openrewrite.mainframe.cobol.CobolVisitor,visitInspectFor,FEATURE_ENVY,HIGH,"foreign accesses=17, own accesses=1"
src/main/java/org/openrewrite/mainframe/cobol/CobolVisitor.java,org.openrewrite.mainframe.cobol.CobolVisitor,visitInspectReplacingAllLeading,FEATURE_ENVY,HIGH,"foreign accesses=17, own accesses=1"
src/main/java/org/openrewrite/mainframe/cobol/CobolVisitor.java,org.openrewrite.mainframe.cobol.CobolVisitor,visitInspectReplacingAllLeadings,FEATURE_ENVY,MEDIUM,"foreign accesses=14, own accesses=1"
src/main/java/org/openrewrite/mainframe/cobol/CobolVisitor.java,org.openrewrite.mainframe.cobol.CobolVisitor,visitInspectReplacingCharacters,FEATURE_ENVY,HIGH,"foreign accesses=17, own accesses=1"
src/main/java/org/openrewrite/mainframe/cobol/CobolVisitor.java,org.openrewrite.mainframe.cobol.CobolVisitor,visitInspectReplacingPhrase,FEATURE_ENVY,MEDIUM,"foreign accesses=14, own accesses=1"
src/main/java/org/openrewrite/mainframe/cobol/CobolVisitor.java,org.openrewrite.mainframe.cobol.CobolVisitor,visitInspectTallyingPhrase,FEATURE_ENVY,MEDIUM,"foreign accesses=14, own accesses=1"
src/main/java/org/openrewrite/mainframe/cobol/CobolVisitor.java,org.openrewrite.mainframe.cobol.CobolVisitor,visitInspectTallyingReplacingPhrase,FEATURE_ENVY,HIGH,"foreign accesses=18, own accesses=1"
src/main/java/org/openrewrite/mainframe/cobol/CobolVisitor.java,org.openrewrite.mainframe.cobol.CobolVisitor,visitInspectTo,FEATURE_ENVY,MEDIUM,"foreign accesses=13, own accesses=1"
src/main/java/org/openrewrite/mainframe/cobol/CobolVisitor.java,org.openrewrite.mainframe.cobol.CobolVisitor,visitIoControlParagraph,FEATURE_ENVY,HIGH,"foreign accesses=26, own accesses=1"
src/main/java/org/openrewrite/mainframe/cobol/CobolVisitor.java,org.openrewrite.mainframe.cobol.CobolVisitor,visitLabelRecordsClause,FEATURE_ENVY,HIGH,"foreign accesses=15, own accesses=1"
src/main/java/org/openrewrite/mainframe/cobol/CobolVisitor.java,org.openrewrite.mainframe.cobol.CobolVisitor,visitLibraryAttributeClauseFormat1,FEATURE_ENVY,MEDIUM,"foreign accesses=11, own accesses=1"
src/main/java/org/openrewrite/mainframe/cobol/CobolVisitor.java,org.openrewrite.mainframe.cobol.CobolVisitor,visitLibraryAttributeClauseFormat2,FEATURE_ENVY,HIGH,"foreign accesses=23, own accesses=1"
src/main/java/org/openrewrite/mainframe/cobol/CobolVisitor.java,org.openrewrite.mainframe.cobol.CobolVisitor,visitLibraryAttributeFunction,FEATURE_ENVY,MEDIUM,"foreign accesses=14, own accesses=1"
src/main/java/org/openrewrite/mainframe/cobol/CobolVisitor.java,org.openrewrite.mainframe.cobol.CobolVisitor,visitLibraryAttributeParameter,FEATURE_ENVY,MEDIUM,"foreign accesses=14, own accesses=1"
src/main/java/org/openrewrite/mainframe/cobol/CobolVisitor.java,org.openrewrite.mainframe.cobol.CobolVisitor,visitLibraryAttributeTitle,FEATURE_ENVY,MEDIUM,"foreign accesses=14, own accesses=1"
src/main/java/org/openrewrite/mainframe/cobol/CobolVisitor.java,org.openrewrite.mainframe.cobol.CobolVisitor,visitLibraryDescriptionEntryFormat1,FEATURE_ENVY,HIGH,"foreign accesses=22, own accesses=1"
src/main/java/org/openrewrite/mainframe/cobol/CobolVisitor.java,org.openrewrite.mainframe.cobol.CobolVisitor,visitLibraryDescriptionEntryFormat2,FEATURE_ENVY,HIGH,"foreign accesses=26, own accesses=1"
src/main/java/org/openrewrite/mainframe/cobol/CobolVisitor.java,org.openrewrite.mainframe.cobol.CobolVisitor,visitLibraryEntryProcedureClauseFormat1,FEATURE_ENVY,HIGH,"foreign accesses=16, own accesses=1"
src/main/java/org/openrewrite/mainframe/cobol/CobolVisitor.java,org.openrewrite.mainframe.cobol.CobolVisitor,visitLibraryEntryProcedureClauseFormat2,FEATURE_ENVY,HIGH,"foreign accesses=25, own accesses=1"
src/main/java/org/openrewrite/mainframe/cobol/CobolVisitor.java,org.openrewrite.mainframe.cobol.CobolVisitor,visitLibraryEntryProcedureForClause,FEATURE_ENVY,MEDIUM,"foreign accesses=13, own accesses=1"
src/main/java/org/openrewrite/mainframe/cobol/CobolVisitor.java,org.openrewrite.mainframe.cobol.CobolVisitor,visitLibraryEntryProcedureGivingClause,FEATURE_ENVY,MEDIUM,"foreign accesses=13, own accesses=1"
src/main/java/org/openrewrite/mainframe/cobol/CobolVisitor.java,org.openrewrite.mainframe.cobol.CobolVisitor,visitLibraryEntryProcedureUsingClause,FEATURE_ENVY,MEDIUM,"foreign accesses=14, own accesses=1"
src/main/java/org/openrewrite/mainframe/cobol/CobolVisitor.java,org.openrewrite.mainframe.cobol.CobolVisitor,visitLibraryEntryProcedureWithClause,FEATURE_ENVY,MEDIUM,"foreign accesses=14, own accesses=1"
src/main/java/org/openrewrite/mainframe/cobol/CobolVisitor.java,org.openrewrite.mainframe.cobol.CobolVisitor,visitLibraryIsCommonClause,FEATURE_ENVY,MEDIUM,"foreign accesses=11, own accesses=1"
src/main/java/org/openrewrite/mainframe/cobol/CobolVisitor.java,org.openrewrite.mainframe.cobol.CobolVisitor,visitLibraryIsGlobalClause,FEATURE_ENVY,MEDIUM,"foreign accesses=11, own accesses=1"
src/main/java/org/openrewrite/mainframe/cobol/CobolVisitor.java,org.openrewrite.mainframe.cobol.CobolVisitor,visitLinageClause,FEATURE_ENVY,HIGH,"foreign accesses=21, own accesses=1"
src/main/java/org/openrewrite/mainframe/cobol/CobolVisitor.java,org.openrewrite.mainframe.cobol.CobolVisitor,visitLinageFootingAt,FEATURE_ENVY,MEDIUM,"foreign accesses=14, own accesses=1"
src/main/java/org/openrewrite/mainframe/cobol/CobolVisitor.java,org.openrewrite.mainframe.cobol.CobolVisitor,visitLinageLinesAtBottom,FEATURE_ENVY,MEDIUM,"foreign accesses=14, own accesses=1"
src/main/java/org/openrewrite/mainframe/cobol/CobolVisitor.java,org.openrewrite.mainframe.cobol.CobolVisitor,visitLinageLinesAtTop,FEATURE_ENVY,MEDIUM,"foreign accesses=14, own accesses=1"
src/main/java/org/openrewrite/mainframe/cobol/CobolVisitor.java,org.openrewrite.mainframe.cobol.CobolVisitor,visitLine,FEATURE_ENVY,LOW,"foreign accesses=9, own accesses=3"
src/main/java/org/openrewrite/mainframe/cobol/CobolVisitor.java,org.openrewrite.mainframe.cobol.CobolVisitor,visitLinkageSection,FEATURE_ENVY,HIGH,"foreign accesses=18, own accesses=1"
src/main/java/org/openrewrite/mainframe/cobol/CobolVisitor.java,org.openrewrite.mainframe.cobol.CobolVisitor,visitLocalStorageSection,FEATURE_ENVY,HIGH,"foreign accesses=27, own accesses=1"
src/main/java/org/openrewrite/mainframe/cobol/CobolVisitor.java,org.openrewrite.mainframe.cobol.CobolVisitor,visitMerge,FEATURE_ENVY,CRITICAL,"foreign accesses=31, own accesses=1"
src/main/java/org/openrewrite/mainframe/cobol/CobolVisitor.java,org.openrewrite.mainframe.cobol.CobolVisitor,visitMergeCollatingSequencePhrase,FEATURE_ENVY,HIGH,"foreign accesses=21, own accesses=1"
src/main/java/org/openrewrite/mainframe/cobol/CobolVisitor.java,org.openrewrite.mainframe.cobol.CobolVisitor,visitMergeGiving,FEATURE_ENVY,MEDIUM,"foreign accesses=14, own accesses=1"
src/main/java/org/openrewrite/mainframe/cobol/CobolVisitor.java,org.openrewrite.mainframe.cobol.CobolVisitor,visitMergeGivingPhrase,FEATURE_ENVY,MEDIUM,"foreign accesses=14, own accesses=1"
src/main/java/org/openrewrite/mainframe/cobol/CobolVisitor.java,org.openrewrite.mainframe.cobol.CobolVisitor,visitMergeOnKeyClause,FEATURE_ENVY,HIGH,"foreign accesses=15, own accesses=1"
src/main/java/org/openrewrite/mainframe/cobol/CobolVisitor.java,org.openrewrite.mainframe.cobol.CobolVisitor,visitMergeOutputProcedurePhrase,FEATURE_ENVY,HIGH,"foreign accesses=17, own accesses=1"
src/main/java/org/openrewrite/mainframe/cobol/CobolVisitor.java,org.openrewrite.mainframe.cobol.CobolVisitor,visitMergeOutputThrough,FEATURE_ENVY,MEDIUM,"foreign accesses=13, own accesses=1"
src/main/java/org/openrewrite/mainframe/cobol/CobolVisitor.java,org.openrewrite.mainframe.cobol.CobolVisitor,visitMergeUsing,FEATURE_ENVY,MEDIUM,"foreign accesses=14, own accesses=1"
src/main/java/org/openrewrite/mainframe/cobol/CobolVisitor.java,org.openrewrite.mainframe.cobol.CobolVisitor,visitMergeable,FEATURE_ENVY,MEDIUM,"foreign accesses=14, own accesses=1"
src/main/java/org/openrewrite/mainframe/cobol/CobolVisitor.java,org.openrewrite.mainframe.cobol.CobolVisitor,visitMessageCountClause,FEATURE_ENVY,MEDIUM,"foreign accesses=14, own accesses=1"
src/main/java/org/openrewrite/mainframe/cobol/CobolVisitor.java,org.openrewrite.mainframe.cobol.CobolVisitor,visitMessageDateClause,FEATURE_ENVY,MEDIUM,"foreign accesses=14, own accesses=1"
src/main/java/org/openrewrite/mainframe/cobol/CobolVisitor.java,org.openrewrite.mainframe.cobol.CobolVisitor,visitMessageTimeClause,FEATURE_ENVY,MEDIUM,"foreign accesses=14, own accesses=1"
src/main/java/org/openrewrite/mainframe/cobol/CobolVisitor.java,org.openrewrite.mainframe.cobol.CobolVisitor,visitMoveCorrespondingToStatement,FEATURE_ENVY,HIGH,"foreign accesses=20, own accesses=1"
src/main/java/org/openrewrite/mainframe/cobol/CobolVisitor.java,org.openrewrite.mainframe.cobol.CobolVisitor,visitMoveStatement,FEATURE_ENVY,MEDIUM,"foreign accesses=14, own accesses=1"
src/main/java/org/openrewrite/mainframe/cobol/CobolVisitor.java,org.openrewrite.mainframe.cobol.CobolVisitor,visitMoveToStatement,FEATURE_ENVY,HIGH,"foreign accesses=17, own accesses=1"
src/main/java/org/openrewrite/mainframe/cobol/CobolVisitor.java,org.openrewrite.mainframe.cobol.CobolVisitor,visitMultDiv,FEATURE_ENVY,MEDIUM,"foreign accesses=13, own accesses=1"
src/main/java/org/openrewrite/mainframe/cobol/CobolVisitor.java,org.openrewrite.mainframe.cobol.CobolVisitor,visitMultDivs,FEATURE_ENVY,MEDIUM,"foreign accesses=14, own accesses=1"
src/main/java/org/openrewrite/mainframe/cobol/CobolVisitor.java,org.openrewrite.mainframe.cobol.CobolVisitor,visitMultipleFileClause,FEATURE_ENVY,HIGH,"foreign accesses=15, own accesses=1"
src/main/java/org/openrewrite/mainframe/cobol/CobolVisitor.java,org.openrewrite.mainframe.cobol.CobolVisitor,visitMultipleFilePosition,FEATURE_ENVY,HIGH,"foreign accesses=16, own accesses=1"
src/main/java/org/openrewrite/mainframe/cobol/CobolVisitor.java,org.openrewrite.mainframe.cobol.CobolVisitor,visitMultiply,FEATURE_ENVY,HIGH,"foreign accesses=28, own accesses=1"
src/main/java/org/openrewrite/mainframe/cobol/CobolVisitor.java,org.openrewrite.mainframe.cobol.CobolVisitor,visitMultiplyGiving,FEATURE_ENVY,HIGH,"foreign accesses=17, own accesses=1"
src/main/java/org/openrewrite/mainframe/cobol/CobolVisitor.java,org.openrewrite.mainframe.cobol.CobolVisitor,visitMultiplyRegular,FEATURE_ENVY,MEDIUM,"foreign accesses=11, own accesses=1"
src/main/java/org/openrewrite/mainframe/cobol/CobolVisitor.java,org.openrewrite.mainframe.cobol.CobolVisitor,visitNextSentence,FEATURE_ENVY,MEDIUM,"foreign accesses=11, own accesses=1"
src/main/java/org/openrewrite/mainframe/cobol/CobolVisitor.java,org.openrewrite.mainframe.cobol.CobolVisitor,visitObjectComputer,FEATURE_ENVY,MEDIUM,"foreign accesses=14, own accesses=1"
src/main/java/org/openrewrite/mainframe/cobol/CobolVisitor.java,org.openrewrite.mainframe.cobol.CobolVisitor,visitObjectComputerDefinition,FEATURE_ENVY,HIGH,"foreign accesses=17, own accesses=1"
src/main/java/org/openrewrite/mainframe/cobol/CobolVisitor.java,org.openrewrite.mainframe.cobol.CobolVisitor,visitOdtClause,FEATURE_ENVY,MEDIUM,"foreign accesses=14, own accesses=1"
src/main/java/org/openrewrite/mainframe/cobol/CobolVisitor.java,org.openrewrite.mainframe.cobol.CobolVisitor,visitOpen,FEATURE_ENVY,MEDIUM,"foreign accesses=14, own accesses=1"
src/main/java/org/openrewrite/mainframe/cobol/CobolVisitor.java,org.openrewrite.mainframe.cobol.CobolVisitor,visitOpenIOExtendStatement,FEATURE_ENVY,MEDIUM,"foreign accesses=14, own accesses=1"
src/main/java/org/openrewrite/mainframe/cobol/CobolVisitor.java,org.openrewrite.mainframe.cobol.CobolVisitor,visitOpenInputOutputStatement,FEATURE_ENVY,MEDIUM,"foreign accesses=14, own accesses=1"
src/main/java/org/openrewrite/mainframe/cobol/CobolVisitor.java,org.openrewrite.mainframe.cobol.CobolVisitor,visitOpenable,FEATURE_ENVY,MEDIUM,"foreign accesses=14, own accesses=1"
src/main/java/org/openrewrite/mainframe/cobol/CobolVisitor.java,org.openrewrite.mainframe.cobol.CobolVisitor,visitOrganizationClause,FEATURE_ENVY,MEDIUM,"foreign accesses=11, own accesses=1"
src/main/java/org/openrewrite/mainframe/cobol/CobolVisitor.java,org.openrewrite.mainframe.cobol.CobolVisitor,visitPaddingCharacterClause,FEATURE_ENVY,MEDIUM,"foreign accesses=14, own accesses=1"
src/main/java/org/openrewrite/mainframe/cobol/CobolVisitor.java,org.openrewrite.mainframe.cobol.CobolVisitor,visitParagraph,FEATURE_ENVY,HIGH,"foreign accesses=20, own accesses=1"
src/main/java/org/openrewrite/mainframe/cobol/CobolVisitor.java,org.openrewrite.mainframe.cobol.CobolVisitor,visitParagraphs,FEATURE_ENVY,HIGH,"foreign accesses=15, own accesses=1"
src/main/java/org/openrewrite/mainframe/cobol/CobolVisitor.java,org.openrewrite.mainframe.cobol.CobolVisitor,visitParenthesized,FEATURE_ENVY,HIGH,"foreign accesses=17, own accesses=1"
src/main/java/org/openrewrite/mainframe/cobol/CobolVisitor.java,org.openrewrite.mainframe.cobol.CobolVisitor,visitPasswordClause,FEATURE_ENVY,MEDIUM,"foreign accesses=14, own accesses=1"
src/main/java/org/openrewrite/mainframe/cobol/CobolVisitor.java,org.openrewrite.mainframe.cobol.CobolVisitor,visitPerform,FEATURE_ENVY,MEDIUM,"foreign accesses=13, own accesses=1"
src/main/java/org/openrewrite/mainframe/cobol/CobolVisitor.java,org.openrewrite.mainframe.cobol.CobolVisitor,visitPerformInlineStatement,FEATURE_ENVY,HIGH,"foreign accesses=17, own accesses=1"
src/main/java/org/openrewrite/mainframe/cobol/CobolVisitor.java,org.openrewrite.mainframe.cobol.CobolVisitor,visitPerformProcedureStatement,FEATURE_ENVY,HIGH,"foreign accesses=19, own accesses=1"
src/main/java/org/openrewrite/mainframe/cobol/CobolVisitor.java,org.openrewrite.mainframe.cobol.CobolVisitor,visitPerformTestClause,FEATURE_ENVY,MEDIUM,"foreign accesses=11, own accesses=1"
src/main/java/org/openrewrite/mainframe/cobol/CobolVisitor.java,org.openrewrite.mainframe.cobol.CobolVisitor,visitPerformTimes,FEATURE_ENVY,MEDIUM,"foreign accesses=13, own accesses=1"
src/main/java/org/openrewrite/mainframe/cobol/CobolVisitor.java,org.openrewrite.mainframe.cobol.CobolVisitor,visitPerformUntil,FEATURE_ENVY,HIGH,"foreign accesses=16, own accesses=1"
src/main/java/org/openrewrite/mainframe/cobol/CobolVisitor.java,org.openrewrite.mainframe.cobol.CobolVisitor,visitPerformVarying,FEATURE_ENVY,MEDIUM,"foreign accesses=11, own accesses=1"
src/main/java/org/openrewrite/mainframe/cobol/CobolVisitor.java,org.openrewrite.mainframe.cobol.CobolVisitor,visitPerformVaryingClause,FEATURE_ENVY,HIGH,"foreign accesses=17, own accesses=1"
src/main/java/org/openrewrite/mainframe/cobol/CobolVisitor.java,org.openrewrite.mainframe.cobol.CobolVisitor,visitPerformVaryingPhrase,FEATURE_ENVY,HIGH,"foreign accesses=19, own accesses=1"
src/main/java/org/openrewrite/mainframe/cobol/CobolVisitor.java,org.openrewrite.mainframe.cobol.CobolVisitor,visitPerformable,FEATURE_ENVY,MEDIUM,"foreign accesses=13, own accesses=1"
src/main/java/org/openrewrite/mainframe/cobol/CobolVisitor.java,org.openrewrite.mainframe.cobol.CobolVisitor,visitPicture,FEATURE_ENVY,MEDIUM,"foreign accesses=14, own accesses=1"
src/main/java/org/openrewrite/mainframe/cobol/CobolVisitor.java,org.openrewrite.mainframe.cobol.CobolVisitor,visitPictureString,FEATURE_ENVY,MEDIUM,"foreign accesses=11, own accesses=1"
src/main/java/org/openrewrite/mainframe/cobol/CobolVisitor.java,org.openrewrite.mainframe.cobol.CobolVisitor,visitPlusMinus,FEATURE_ENVY,MEDIUM,"foreign accesses=13, own accesses=1"
src/main/java/org/openrewrite/mainframe/cobol/CobolVisitor.java,org.openrewrite.mainframe.cobol.CobolVisitor,visitPower,FEATURE_ENVY,MEDIUM,"foreign accesses=13, own accesses=1"
src/main/java/org/openrewrite/mainframe/cobol/CobolVisitor.java,org.openrewrite.mainframe.cobol.CobolVisitor,visitPowers,FEATURE_ENVY,HIGH,"foreign accesses=17, own accesses=1"
src/main/java/org/openrewrite/mainframe/cobol/CobolVisitor.java,org.openrewrite.mainframe.cobol.CobolVisitor,visitProcedureDeclarative,FEATURE_ENVY,HIGH,"foreign accesses=22, own accesses=1"
src/main/java/org/openrewrite/mainframe/cobol/CobolVisitor.java,org.openrewrite.mainframe.cobol.CobolVisitor,visitProcedureDeclaratives,FEATURE_ENVY,HIGH,"foreign accesses=24, own accesses=1"
src/main/java/org/openrewrite/mainframe/cobol/CobolVisitor.java,org.openrewrite.mainframe.cobol.CobolVisitor,visitProcedureDivision,FEATURE_ENVY,HIGH,"foreign accesses=26, own accesses=1"
src/main/java/org/openrewrite/mainframe/cobol/CobolVisitor.java,org.openrewrite.mainframe.cobol.CobolVisitor,visitProcedureDivisionBody,FEATURE_ENVY,MEDIUM,"foreign accesses=14, own accesses=1"
src/main/java/org/openrewrite/mainframe/cobol/CobolVisitor.java,org.openrewrite.mainframe.cobol.CobolVisitor,visitProcedureDivisionByReference,FEATURE_ENVY,MEDIUM,"foreign accesses=13, own accesses=1"
src/main/java/org/openrewrite/mainframe/cobol/CobolVisitor.java,org.openrewrite.mainframe.cobol.CobolVisitor,visitProcedureDivisionByReferencePhrase,FEATURE_ENVY,HIGH,"foreign accesses=15, own accesses=1"
src/main/java/org/openrewrite/mainframe/cobol/CobolVisitor.java,org.openrewrite.mainframe.cobol.CobolVisitor,visitProcedureDivisionByValuePhrase,FEATURE_ENVY,HIGH,"foreign accesses=15, own accesses=1"
src/main/java/org/openrewrite/mainframe/cobol/CobolVisitor.java,org.openrewrite.mainframe.cobol.CobolVisitor,visitProcedureDivisionGivingClause,FEATURE_ENVY,MEDIUM,"foreign accesses=13, own accesses=1"
src/main/java/org/openrewrite/mainframe/cobol/CobolVisitor.java,org.openrewrite.mainframe.cobol.CobolVisitor,visitProcedureDivisionUsingClause,FEATURE_ENVY,MEDIUM,"foreign accesses=14, own accesses=1"
src/main/java/org/openrewrite/mainframe/cobol/CobolVisitor.java,org.openrewrite.mainframe.cobol.CobolVisitor,visitProcedureName,FEATURE_ENVY,HIGH,"foreign accesses=16, own accesses=1"
src/main/java/org/openrewrite/mainframe/cobol/CobolVisitor.java,org.openrewrite.mainframe.cobol.CobolVisitor,visitProcedureSection,FEATURE_ENVY,HIGH,"foreign accesses=16, own accesses=1"
src/main/java/org/openrewrite/mainframe/cobol/CobolVisitor.java,org.openrewrite.mainframe.cobol.CobolVisitor,visitProcedureSectionHeader,FEATURE_ENVY,HIGH,"foreign accesses=16, own accesses=1"
src/main/java/org/openrewrite/mainframe/cobol/CobolVisitor.java,org.openrewrite.mainframe.cobol.CobolVisitor,visitProgramIdParagraph,FEATURE_ENVY,HIGH,"foreign accesses=26, own accesses=1"
src/main/java/org/openrewrite/mainframe/cobol/CobolVisitor.java,org.openrewrite.mainframe.cobol.CobolVisitor,visitProgramLibrarySection,FEATURE_ENVY,HIGH,"foreign accesses=15, own accesses=1"
src/main/java/org/openrewrite/mainframe/cobol/CobolVisitor.java,org.openrewrite.mainframe.cobol.CobolVisitor,visitProgramUnit,FEATURE_ENVY,HIGH,"foreign accesses=26, own accesses=1"
src/main/java/org/openrewrite/mainframe/cobol/CobolVisitor.java,org.openrewrite.mainframe.cobol.CobolVisitor,visitPurge,FEATURE_ENVY,MEDIUM,"foreign accesses=14, own accesses=1"
src/main/java/org/openrewrite/mainframe/cobol/CobolVisitor.java,org.openrewrite.mainframe.cobol.CobolVisitor,visitQualifiedDataName,FEATURE_ENVY,MEDIUM,"foreign accesses=10, own accesses=1"
src/main/java/org/openrewrite/mainframe/cobol/CobolVisitor.java,org.openrewrite.mainframe.cobol.CobolVisitor,visitQualifiedDataNameFormat1,FEATURE_ENVY,HIGH,"foreign accesses=17, own accesses=1"
src/main/java/org/openrewrite/mainframe/cobol/CobolVisitor.java,org.openrewrite.mainframe.cobol.CobolVisitor,visitQualifiedDataNameFormat2,FEATURE_ENVY,MEDIUM,"foreign accesses=13, own accesses=1"
src/main/java/org/openrewrite/mainframe/cobol/CobolVisitor.java,org.openrewrite.mainframe.cobol.CobolVisitor,visitQualifiedDataNameFormat3,FEATURE_ENVY,MEDIUM,"foreign accesses=13, own accesses=1"
src/main/java/org/openrewrite/mainframe/cobol/CobolVisitor.java,org.openrewrite.mainframe.cobol.CobolVisitor,visitQualifiedDataNameFormat4,FEATURE_ENVY,MEDIUM,"foreign accesses=13, own accesses=1"
src/main/java/org/openrewrite/mainframe/cobol/CobolVisitor.java,org.openrewrite.mainframe.cobol.CobolVisitor,visitQualifiedInData,FEATURE_ENVY,MEDIUM,"foreign accesses=10, own accesses=1"
src/main/java/org/openrewrite/mainframe/cobol/CobolVisitor.java,org.openrewrite.mainframe.cobol.CobolVisitor,visitRead,FEATURE_ENVY,CRITICAL,"foreign accesses=41, own accesses=1"
src/main/java/org/openrewrite/mainframe/cobol/CobolVisitor.java,org.openrewrite.mainframe.cobol.CobolVisitor,visitReadInto,FEATURE_ENVY,MEDIUM,"foreign accesses=13, own accesses=1"
src/main/java/org/openrewrite/mainframe/cobol/CobolVisitor.java,org.openrewrite.mainframe.cobol.CobolVisitor,visitReadKey,FEATURE_ENVY,MEDIUM,"foreign accesses=14, own accesses=1"
src/main/java/org/openrewrite/mainframe/cobol/CobolVisitor.java,org.openrewrite.mainframe.cobol.CobolVisitor,visitReadWith,FEATURE_ENVY,MEDIUM,"foreign accesses=11, own accesses=1"
src/main/java/org/openrewrite/mainframe/cobol/CobolVisitor.java,org.openrewrite.mainframe.cobol.CobolVisitor,visitReceivable,FEATURE_ENVY,MEDIUM,"foreign accesses=14, own accesses=1"
src/main/java/org/openrewrite/mainframe/cobol/CobolVisitor.java,org.openrewrite.mainframe.cobol.CobolVisitor,visitReceive,FEATURE_ENVY,HIGH,"foreign accesses=22, own accesses=1"
src/main/java/org/openrewrite/mainframe/cobol/CobolVisitor.java,org.openrewrite.mainframe.cobol.CobolVisitor,visitReceiveFrom,FEATURE_ENVY,MEDIUM,"foreign accesses=14, own accesses=1"
src/main/java/org/openrewrite/mainframe/cobol/CobolVisitor.java,org.openrewrite.mainframe.cobol.CobolVisitor,visitReceiveFromStatement,FEATURE_ENVY,HIGH,"foreign accesses=20, own accesses=1"
src/main/java/org/openrewrite/mainframe/cobol/CobolVisitor.java,org.openrewrite.mainframe.cobol.CobolVisitor,visitReceiveIntoStatement,FEATURE_ENVY,HIGH,"foreign accesses=23, own accesses=1"
src/main/java/org/openrewrite/mainframe/cobol/CobolVisitor.java,org.openrewrite.mainframe.cobol.CobolVisitor,visitReceiveWith,FEATURE_ENVY,MEDIUM,"foreign accesses=11, own accesses=1"
src/main/java/org/openrewrite/mainframe/cobol/CobolVisitor.java,org.openrewrite.mainframe.cobol.CobolVisitor,visitRecordContainsClause,FEATURE_ENVY,MEDIUM,"foreign accesses=13, own accesses=1"
src/main/java/org/openrewrite/mainframe/cobol/CobolVisitor.java,org.openrewrite.mainframe.cobol.CobolVisitor,visitRecordContainsClauseFormat1,FEATURE_ENVY,HIGH,"foreign accesses=16, own accesses=1"
src/main/java/org/openrewrite/mainframe/cobol/CobolVisitor.java,org.openrewrite.mainframe.cobol.CobolVisitor,visitRecordContainsClauseFormat2,FEATURE_ENVY,HIGH,"foreign accesses=19, own accesses=1"
src/main/java/org/openrewrite/mainframe/cobol/CobolVisitor.java,org.openrewrite.mainframe.cobol.CobolVisitor,visitRecordContainsClauseFormat3,FEATURE_ENVY,HIGH,"foreign accesses=19, own accesses=1"
src/main/java/org/openrewrite/mainframe/cobol/CobolVisitor.java,org.openrewrite.mainframe.cobol.CobolVisitor,visitRecordContainsTo,FEATURE_ENVY,MEDIUM,"foreign accesses=13, own accesses=1"
src/main/java/org/openrewrite/mainframe/cobol/CobolVisitor.java,org.openrewrite.mainframe.cobol.CobolVisitor,visitRecordDelimiterClause,FEATURE_ENVY,MEDIUM,"foreign accesses=14, own accesses=1"
src/main/java/org/openrewrite/mainframe/cobol/CobolVisitor.java,org.openrewrite.mainframe.cobol.CobolVisitor,visitRecordKeyClause,FEATURE_ENVY,HIGH,"foreign accesses=21, own accesses=1"
src/main/java/org/openrewrite/mainframe/cobol/CobolVisitor.java,org.openrewrite.mainframe.cobol.CobolVisitor,visitRecordingModeClause,FEATURE_ENVY,MEDIUM,"foreign accesses=14, own accesses=1"
src/main/java/org/openrewrite/mainframe/cobol/CobolVisitor.java,org.openrewrite.mainframe.cobol.CobolVisitor,visitReferenceModifier,FEATURE_ENVY,HIGH,"foreign accesses=22, own accesses=1"
src/main/java/org/openrewrite/mainframe/cobol/CobolVisitor.java,org.openrewrite.mainframe.cobol.CobolVisitor,visitRelationArithmeticComparison,FEATURE_ENVY,HIGH,"foreign accesses=16, own accesses=1"
src/main/java/org/openrewrite/mainframe/cobol/CobolVisitor.java,org.openrewrite.mainframe.cobol.CobolVisitor,visitRelationCombinedComparison,FEATURE_ENVY,HIGH,"foreign accesses=16, own accesses=1"
src/main/java/org/openrewrite/mainframe/cobol/CobolVisitor.java,org.openrewrite.mainframe.cobol.CobolVisitor,visitRelationCombinedCondition,FEATURE_ENVY,MEDIUM,"foreign accesses=11, own accesses=1"
src/main/java/org/openrewrite/mainframe/cobol/CobolVisitor.java,org.openrewrite.mainframe.cobol.CobolVisitor,visitRelationSignCondition,FEATURE_ENVY,MEDIUM,"foreign accesses=14, own accesses=1"
src/main/java/org/openrewrite/mainframe/cobol/CobolVisitor.java,org.openrewrite.mainframe.cobol.CobolVisitor,visitRelationalOperator,FEATURE_ENVY,MEDIUM,"foreign accesses=11, own accesses=1"
src/main/java/org/openrewrite/mainframe/cobol/CobolVisitor.java,org.openrewrite.mainframe.cobol.CobolVisitor,visitRelativeKeyClause,FEATURE_ENVY,MEDIUM,"foreign accesses=14, own accesses=1"
src/main/java/org/openrewrite/mainframe/cobol/CobolVisitor.java,org.openrewrite.mainframe.cobol.CobolVisitor,visitRelease,FEATURE_ENVY,HIGH,"foreign accesses=19, own accesses=1"
src/main/java/org/openrewrite/mainframe/cobol/CobolVisitor.java,org.openrewrite.mainframe.cobol.CobolVisitor,visitReportClause,FEATURE_ENVY,HIGH,"foreign accesses=15, own accesses=1"
src/main/java/org/openrewrite/mainframe/cobol/CobolVisitor.java,org.openrewrite.mainframe.cobol.CobolVisitor,visitReportDescription,FEATURE_ENVY,MEDIUM,"foreign accesses=14, own accesses=1"
src/main/java/org/openrewrite/mainframe/cobol/CobolVisitor.java,org.openrewrite.mainframe.cobol.CobolVisitor,visitReportDescriptionEntry,FEATURE_ENVY,CRITICAL,"foreign accesses=34, own accesses=1"
src/main/java/org/openrewrite/mainframe/cobol/CobolVisitor.java,org.openrewrite.mainframe.cobol.CobolVisitor,visitReportDescriptionFirstDetailClause,FEATURE_ENVY,MEDIUM,"foreign accesses=14, own accesses=1"
src/main/java/org/openrewrite/mainframe/cobol/CobolVisitor.java,org.openrewrite.mainframe.cobol.CobolVisitor,visitReportDescriptionFootingClause,FEATURE_ENVY,MEDIUM,"foreign accesses=13, own accesses=1"
src/main/java/org/openrewrite/mainframe/cobol/CobolVisitor.java,org.openrewrite.mainframe.cobol.CobolVisitor,visitReportDescriptionGlobalClause,FEATURE_ENVY,MEDIUM,"foreign accesses=11, own accesses=1"
src/main/java/org/openrewrite/mainframe/cobol/CobolVisitor.java,org.openrewrite.mainframe.cobol.CobolVisitor,visitReportDescriptionHeadingClause,FEATURE_ENVY,MEDIUM,"foreign accesses=13, own accesses=1"
src/main/java/org/openrewrite/mainframe/cobol/CobolVisitor.java,org.openrewrite.mainframe.cobol.CobolVisitor,visitReportDescriptionLastDetailClause,FEATURE_ENVY,MEDIUM,"foreign accesses=14, own accesses=1"
src/main/java/org/openrewrite/mainframe/cobol/CobolVisitor.java,org.openrewrite.mainframe.cobol.CobolVisitor,visitReportDescriptionPageLimitClause,FEATURE_ENVY,HIGH,"foreign accesses=17, own accesses=1"
src/main/java/org/openrewrite/mainframe/cobol/CobolVisitor.java,org.openrewrite.mainframe.cobol.CobolVisitor,visitReportGroupBlankWhenZeroClause,FEATURE_ENVY,MEDIUM,"foreign accesses=11, own accesses=1"
src/main/java/org/openrewrite/mainframe/cobol/CobolVisitor.java,org.openrewrite.mainframe.cobol.CobolVisitor,visitReportGroupColumnNumberClause,FEATURE_ENVY,MEDIUM,"foreign accesses=14, own accesses=1"
src/main/java/org/openrewrite/mainframe/cobol/CobolVisitor.java,org.openrewrite.mainframe.cobol.CobolVisitor,visitReportGroupDescriptionEntryFormat1,FEATURE_ENVY,HIGH,"foreign accesses=28, own accesses=1"
src/main/java/org/openrewrite/mainframe/cobol/CobolVisitor.java,org.openrewrite.mainframe.cobol.CobolVisitor,visitReportGroupDescriptionEntryFormat2,FEATURE_ENVY,HIGH,"foreign accesses=22, own accesses=1"
src/main/java/org/openrewrite/mainframe/cobol/CobolVisitor.java,org.openrewrite.mainframe.cobol.CobolVisitor,visitReportGroupDescriptionEntryFormat3,FEATURE_ENVY,HIGH,"foreign accesses=20, own accesses=1"
src/main/java/org/openrewrite/mainframe/cobol/CobolVisitor.java,org.openrewrite.mainframe.cobol.CobolVisitor,visitReportGroupIndicateClause,FEATURE_ENVY,MEDIUM,"foreign accesses=11, own accesses=1"
src/main/java/org/openrewrite/mainframe/cobol/CobolVisitor.java,org.openrewrite.mainframe.cobol.CobolVisitor,visitReportGroupJustifiedClause,FEATURE_ENVY,MEDIUM,"foreign accesses=11, own accesses=1"
src/main/java/org/openrewrite/mainframe/cobol/CobolVisitor.java,org.openrewrite.mainframe.cobol.CobolVisitor,visitReportGroupLineNumberClause,FEATURE_ENVY,MEDIUM,"foreign accesses=14, own accesses=1"
src/main/java/org/openrewrite/mainframe/cobol/CobolVisitor.java,org.openrewrite.mainframe.cobol.CobolVisitor,visitReportGroupLineNumberNextPage,FEATURE_ENVY,MEDIUM,"foreign accesses=14, own accesses=1"
src/main/java/org/openrewrite/mainframe/cobol/CobolVisitor.java,org.openrewrite.mainframe.cobol.CobolVisitor,visitReportGroupLineNumberPlus,FEATURE_ENVY,MEDIUM,"foreign accesses=13, own accesses=1"
src/main/java/org/openrewrite/mainframe/cobol/CobolVisitor.java,org.openrewrite.mainframe.cobol.CobolVisitor,visitReportGroupNextGroupClause,FEATURE_ENVY,MEDIUM,"foreign accesses=10, own accesses=1"
src/main/java/org/openrewrite/mainframe/cobol/CobolVisitor.java,org.openrewrite.mainframe.cobol.CobolVisitor,visitReportGroupNextGroupNextPage,FEATURE_ENVY,MEDIUM,"foreign accesses=11, own accesses=1"
src/main/java/org/openrewrite/mainframe/cobol/CobolVisitor.java,org.openrewrite.mainframe.cobol.CobolVisitor,visitReportGroupNextGroupPlus,FEATURE_ENVY,MEDIUM,"foreign accesses=13, own accesses=1"
src/main/java/org/openrewrite/mainframe/cobol/CobolVisitor.java,org.openrewrite.mainframe.cobol.CobolVisitor,visitReportGroupPictureClause,FEATURE_ENVY,MEDIUM,"foreign accesses=14, own accesses=1"
src/main/java/org/openrewrite/mainframe/cobol/CobolVisitor.java,org.openrewrite.mainframe.cobol.CobolVisitor,visitReportGroupResetClause,FEATURE_ENVY,MEDIUM,"foreign accesses=14, own accesses=1"
src/main/java/org/openrewrite/mainframe/cobol/CobolVisitor.java,org.openrewrite.mainframe.cobol.CobolVisitor,visitReportGroupSignClause,FEATURE_ENVY,MEDIUM,"foreign accesses=11, own accesses=1"
src/main/java/org/openrewrite/mainframe/cobol/CobolVisitor.java,org.openrewrite.mainframe.cobol.CobolVisitor,visitReportGroupSourceClause,FEATURE_ENVY,MEDIUM,"foreign accesses=14, own accesses=1"
src/main/java/org/openrewrite/mainframe/cobol/CobolVisitor.java,org.openrewrite.mainframe.cobol.CobolVisitor,visitReportGroupSumClause,FEATURE_ENVY,MEDIUM,"foreign accesses=11, own accesses=1"
src/main/java/org/openrewrite/mainframe/cobol/CobolVisitor.java,org.openrewrite.mainframe.cobol.CobolVisitor,visitReportGroupTypeClause,FEATURE_ENVY,MEDIUM,"foreign accesses=14, own accesses=1"
src/main/java/org/openrewrite/mainframe/cobol/CobolVisitor.java,org.openrewrite.mainframe.cobol.CobolVisitor,visitReportGroupTypeControlFooting,FEATURE_ENVY,MEDIUM,"foreign accesses=14, own accesses=1"
src/main/java/org/openrewrite/mainframe/cobol/CobolVisitor.java,org.openrewrite.mainframe.cobol.CobolVisitor,visitReportGroupTypeControlHeading,FEATURE_ENVY,MEDIUM,"foreign accesses=14, own accesses=1"
src/main/java/org/openrewrite/mainframe/cobol/CobolVisitor.java,org.openrewrite.mainframe.cobol.CobolVisitor,visitReportGroupTypeDetail,FEATURE_ENVY,MEDIUM,"foreign accesses=11, own accesses=1"
src/main/java/org/openrewrite/mainframe/cobol/CobolVisitor.java,org.openrewrite.mainframe.cobol.CobolVisitor,visitReportGroupTypePageFooting,FEATURE_ENVY,MEDIUM,"foreign accesses=11, own accesses=1"
src/main/java/org/openrewrite/mainframe/cobol/CobolVisitor.java,org.openrewrite.mainframe.cobol.CobolVisitor,visitReportGroupTypePageHeading,FEATURE_ENVY,MEDIUM,"foreign accesses=11, own accesses=1"
src/main/java/org/openrewrite/mainframe/cobol/CobolVisitor.java,org.openrewrite.mainframe.cobol.CobolVisitor,visitReportGroupTypeReportFooting,FEATURE_ENVY,MEDIUM,"foreign accesses=11, own accesses=1"
src/main/java/org/openrewrite/mainframe/cobol/CobolVisitor.java,org.openrewrite.mainframe.cobol.CobolVisitor,visitReportGroupTypeReportHeading,FEATURE_ENVY,MEDIUM,"foreign accesses=11, own accesses=1"
src/main/java/org/openrewrite/mainframe/cobol/CobolVisitor.java,org.openrewrite.mainframe.cobol.CobolVisitor,visitReportGroupUsageClause,FEATURE_ENVY,MEDIUM,"foreign accesses=11, own accesses=1"
src/main/java/org/openrewrite/mainframe/cobol/CobolVisitor.java,org.openrewrite.mainframe.cobol.CobolVisitor,visitReportGroupValueClause,FEATURE_ENVY,MEDIUM,"foreign accesses=14, own accesses=1"
src/main/java/org/openrewrite/mainframe/cobol/CobolVisitor.java,org.openrewrite.mainframe.cobol.CobolVisitor,visitReportName,FEATURE_ENVY,MEDIUM,"foreign accesses=10, own accesses=1"
src/main/java/org/openrewrite/mainframe/cobol/CobolVisitor.java,org.openrewrite.mainframe.cobol.CobolVisitor,visitReportSection,FEATURE_ENVY,HIGH,"foreign accesses=15, own accesses=1"
src/main/java/org/openrewrite/mainframe/cobol/CobolVisitor.java,org.openrewrite.mainframe.cobol.CobolVisitor,visitRepository,FEATURE_ENVY,HIGH,"foreign accesses=20, own accesses=1"
src/main/java/org/openrewrite/mainframe/cobol/CobolVisitor.java,org.openrewrite.mainframe.cobol.CobolVisitor,visitRepositoryEntry,FEATURE_ENVY,HIGH,"foreign accesses=20, own accesses=1"
src/main/java/org/openrewrite/mainframe/cobol/CobolVisitor.java,org.openrewrite.mainframe.cobol.CobolVisitor,visitRerunClause,FEATURE_ENVY,HIGH,"foreign accesses=22, own accesses=1"
src/main/java/org/openrewrite/mainframe/cobol/CobolVisitor.java,org.openrewrite.mainframe.cobol.CobolVisitor,visitRerunEveryClock,FEATURE_ENVY,MEDIUM,"foreign accesses=13, own accesses=1"
src/main/java/org/openrewrite/mainframe/cobol/CobolVisitor.java,org.openrewrite.mainframe.cobol.CobolVisitor,visitRerunEveryOf,FEATURE_ENVY,MEDIUM,"foreign accesses=14, own accesses=1"
src/main/java/org/openrewrite/mainframe/cobol/CobolVisitor.java,org.openrewrite.mainframe.cobol.CobolVisitor,visitRerunEveryRecords,FEATURE_ENVY,MEDIUM,"foreign accesses=13, own accesses=1"
src/main/java/org/openrewrite/mainframe/cobol/CobolVisitor.java,org.openrewrite.mainframe.cobol.CobolVisitor,visitReserveClause,FEATURE_ENVY,MEDIUM,"foreign accesses=11, own accesses=1"
src/main/java/org/openrewrite/mainframe/cobol/CobolVisitor.java,org.openrewrite.mainframe.cobol.CobolVisitor,visitReserveNetworkClause,FEATURE_ENVY,MEDIUM,"foreign accesses=11, own accesses=1"
src/main/java/org/openrewrite/mainframe/cobol/CobolVisitor.java,org.openrewrite.mainframe.cobol.CobolVisitor,visitReturn,FEATURE_ENVY,HIGH,"foreign accesses=28, own accesses=1"
src/main/java/org/openrewrite/mainframe/cobol/CobolVisitor.java,org.openrewrite.mainframe.cobol.CobolVisitor,visitReturnInto,FEATURE_ENVY,MEDIUM,"foreign accesses=13, own accesses=1"
src/main/java/org/openrewrite/mainframe/cobol/CobolVisitor.java,org.openrewrite.mainframe.cobol.CobolVisitor,visitRewrite,FEATURE_ENVY,HIGH,"foreign accesses=25, own accesses=1"
src/main/java/org/openrewrite/mainframe/cobol/CobolVisitor.java,org.openrewrite.mainframe.cobol.CobolVisitor,visitRewriteFrom,FEATURE_ENVY,MEDIUM,"foreign accesses=13, own accesses=1"
src/main/java/org/openrewrite/mainframe/cobol/CobolVisitor.java,org.openrewrite.mainframe.cobol.CobolVisitor,visitRoundable,FEATURE_ENVY,MEDIUM,"foreign accesses=13, own accesses=1"
src/main/java/org/openrewrite/mainframe/cobol/CobolVisitor.java,org.openrewrite.mainframe.cobol.CobolVisitor,visitSameClause,FEATURE_ENVY,HIGH,"foreign accesses=15, own accesses=1"
src/main/java/org/openrewrite/mainframe/cobol/CobolVisitor.java,org.openrewrite.mainframe.cobol.CobolVisitor,visitScreenDescriptionAutoClause,FEATURE_ENVY,MEDIUM,"foreign accesses=10, own accesses=1"
src/main/java/org/openrewrite/mainframe/cobol/CobolVisitor.java,org.openrewrite.mainframe.cobol.CobolVisitor,visitScreenDescriptionBackgroundColorClause,FEATURE_ENVY,HIGH,"foreign accesses=16, own accesses=1"
src/main/java/org/openrewrite/mainframe/cobol/CobolVisitor.java,org.openrewrite.mainframe.cobol.CobolVisitor,visitScreenDescriptionBellClause,FEATURE_ENVY,MEDIUM,"foreign accesses=10, own accesses=1"
src/main/java/org/openrewrite/mainframe/cobol/CobolVisitor.java,org.openrewrite.mainframe.cobol.CobolVisitor,visitScreenDescriptionBlankClause,FEATURE_ENVY,MEDIUM,"foreign accesses=11, own accesses=1"
src/main/java/org/openrewrite/mainframe/cobol/CobolVisitor.java,org.openrewrite.mainframe.cobol.CobolVisitor,visitScreenDescriptionBlankWhenZeroClause,FEATURE_ENVY,MEDIUM,"foreign accesses=11, own accesses=1"
src/main/java/org/openrewrite/mainframe/cobol/CobolVisitor.java,org.openrewrite.mainframe.cobol.CobolVisitor,visitScreenDescriptionBlinkClause,FEATURE_ENVY,MEDIUM,"foreign accesses=10, own accesses=1"
src/main/java/org/openrewrite/mainframe/cobol/CobolVisitor.java,org.openrewrite.mainframe.cobol.CobolVisitor,visitScreenDescriptionColumnClause,FEATURE_ENVY,MEDIUM,"foreign accesses=14, own accesses=1"
src/main/java/org/openrewrite/mainframe/cobol/CobolVisitor.java,org.openrewrite.mainframe.cobol.CobolVisitor,visitScreenDescriptionControlClause,FEATURE_ENVY,MEDIUM,"foreign accesses=14, own accesses=1"
src/main/java/org/openrewrite/mainframe/cobol/CobolVisitor.java,org.openrewrite.mainframe.cobol.CobolVisitor,visitScreenDescriptionEntry,FEATURE_ENVY,HIGH,"foreign accesses=20, own accesses=1"
src/main/java/org/openrewrite/mainframe/cobol/CobolVisitor.java,org.openrewrite.mainframe.cobol.CobolVisitor,visitScreenDescriptionEraseClause,FEATURE_ENVY,MEDIUM,"foreign accesses=11, own accesses=1"
src/main/java/org/openrewrite/mainframe/cobol/CobolVisitor.java,org.openrewrite.mainframe.cobol.CobolVisitor,visitScreenDescriptionForegroundColorClause,FEATURE_ENVY,MEDIUM,"foreign accesses=14, own accesses=1"
src/main/java/org/openrewrite/mainframe/cobol/CobolVisitor.java,org.openrewrite.mainframe.cobol.CobolVisitor,visitScreenDescriptionFromClause,FEATURE_ENVY,HIGH,"foreign accesses=16, own accesses=1"
src/main/java/org/openrewrite/mainframe/cobol/CobolVisitor.java,org.openrewrite.mainframe.cobol.CobolVisitor,visitScreenDescriptionFullClause,FEATURE_ENVY,MEDIUM,"foreign accesses=10, own accesses=1"
src/main/java/org/openrewrite/mainframe/cobol/CobolVisitor.java,org.openrewrite.mainframe.cobol.CobolVisitor,visitScreenDescriptionGridClause,FEATURE_ENVY,MEDIUM,"foreign accesses=10, own accesses=1"
src/main/java/org/openrewrite/mainframe/cobol/CobolVisitor.java,org.openrewrite.mainframe.cobol.CobolVisitor,visitScreenDescriptionJustifiedClause,FEATURE_ENVY,MEDIUM,"foreign accesses=11, own accesses=1"
src/main/java/org/openrewrite/mainframe/cobol/CobolVisitor.java,org.openrewrite.mainframe.cobol.CobolVisitor,visitScreenDescriptionLightClause,FEATURE_ENVY,MEDIUM,"foreign accesses=10, own accesses=1"
src/main/java/org/openrewrite/mainframe/cobol/CobolVisitor.java,org.openrewrite.mainframe.cobol.CobolVisitor,visitScreenDescriptionLineClause,FEATURE_ENVY,MEDIUM,"foreign accesses=14, own accesses=1"
src/main/java/org/openrewrite/mainframe/cobol/CobolVisitor.java,org.openrewrite.mainframe.cobol.CobolVisitor,visitScreenDescriptionPictureClause,FEATURE_ENVY,MEDIUM,"foreign accesses=14, own accesses=1"
src/main/java/org/openrewrite/mainframe/cobol/CobolVisitor.java,org.openrewrite.mainframe.cobol.CobolVisitor,visitScreenDescriptionPromptClause,FEATURE_ENVY,HIGH,"foreign accesses=17, own accesses=1"
src/main/java/org/openrewrite/mainframe/cobol/CobolVisitor.java,org.openrewrite.mainframe.cobol.CobolVisitor,visitScreenDescriptionPromptOccursClause,FEATURE_ENVY,HIGH,"foreign accesses=16, own accesses=1"
src/main/java/org/openrewrite/mainframe/cobol/CobolVisitor.java,org.openrewrite.mainframe.cobol.CobolVisitor,visitScreenDescriptionRequiredClause,FEATURE_ENVY,MEDIUM,"foreign accesses=10, own accesses=1"
src/main/java/org/openrewrite/mainframe/cobol/CobolVisitor.java,org.openrewrite.mainframe.cobol.CobolVisitor,visitScreenDescriptionReverseVideoClause,FEATURE_ENVY,MEDIUM,"foreign accesses=10, own accesses=1"
src/main/java/org/openrewrite/mainframe/cobol/CobolVisitor.java,org.openrewrite.mainframe.cobol.CobolVisitor,visitScreenDescriptionSecureClause,FEATURE_ENVY,MEDIUM,"foreign accesses=10, own accesses=1"
src/main/java/org/openrewrite/mainframe/cobol/CobolVisitor.java,org.openrewrite.mainframe.cobol.CobolVisitor,visitScreenDescriptionSignClause,FEATURE_ENVY,MEDIUM,"foreign accesses=11, own accesses=1"
src/main/java/org/openrewrite/mainframe/cobol/CobolVisitor.java,org.openrewrite.mainframe.cobol.CobolVisitor,visitScreenDescriptionSizeClause,FEATURE_ENVY,MEDIUM,"foreign accesses=14, own accesses=1"
src/main/java/org/openrewrite/mainframe/cobol/CobolVisitor.java,org.openrewrite.mainframe.cobol.CobolVisitor,visitScreenDescriptionToClause,FEATURE_ENVY,MEDIUM,"foreign accesses=13, own accesses=1"
src/main/java/org/openrewrite/mainframe/cobol/CobolVisitor.java,org.openrewrite.mainframe.cobol.CobolVisitor,visitScreenDescriptionUnderlineClause,FEATURE_ENVY,MEDIUM,"foreign accesses=10, own accesses=1"
src/main/java/org/openrewrite/mainframe/cobol/CobolVisitor.java,org.openrewrite.mainframe.cobol.CobolVisitor,visitScreenDescriptionUsageClause,FEATURE_ENVY,MEDIUM,"foreign accesses=11, own accesses=1"
src/main/java/org/openrewrite/mainframe/cobol/CobolVisitor.java,org.openrewrite.mainframe.cobol.CobolVisitor,visitScreenDescriptionUsingClause,FEATURE_ENVY,MEDIUM,"foreign accesses=13, own accesses=1"
src/main/java/org/openrewrite/mainframe/cobol/CobolVisitor.java,org.openrewrite.mainframe.cobol.CobolVisitor,visitScreenDescriptionValueClause,FEATURE_ENVY,MEDIUM,"foreign accesses=14, own accesses=1"
src/main/java/org/openrewrite/mainframe/cobol/CobolVisitor.java,org.openrewrite.mainframe.cobol.CobolVisitor,visitScreenDescriptionZeroFillClause,FEATURE_ENVY,MEDIUM,"foreign accesses=10, own accesses=1"
src/main/java/org/openrewrite/mainframe/cobol/CobolVisitor.java,org.openrewrite.mainframe.cobol.CobolVisitor,visitScreenSection,FEATURE_ENVY,HIGH,"foreign accesses=18, own accesses=1"
src/main/java/org/openrewrite/mainframe/cobol/CobolVisitor.java,org.openrewrite.mainframe.cobol.CobolVisitor,visitSearch,FEATURE_ENVY,HIGH,"foreign accesses=27, own accesses=1"
src/main/java/org/openrewrite/mainframe/cobol/CobolVisitor.java,org.openrewrite.mainframe.cobol.CobolVisitor,visitSearchVarying,FEATURE_ENVY,MEDIUM,"foreign accesses=13, own accesses=1"
src/main/java/org/openrewrite/mainframe/cobol/CobolVisitor.java,org.openrewrite.mainframe.cobol.CobolVisitor,visitSearchWhen,FEATURE_ENVY,HIGH,"foreign accesses=21, own accesses=1"
src/main/java/org/openrewrite/mainframe/cobol/CobolVisitor.java,org.openrewrite.mainframe.cobol.CobolVisitor,visitSelectClause,FEATURE_ENVY,MEDIUM,"foreign accesses=14, own accesses=1"
src/main/java/org/openrewrite/mainframe/cobol/CobolVisitor.java,org.openrewrite.mainframe.cobol.CobolVisitor,visitSend,FEATURE_ENVY,HIGH,"foreign accesses=19, own accesses=1"
src/main/java/org/openrewrite/mainframe/cobol/CobolVisitor.java,org.openrewrite.mainframe.cobol.CobolVisitor,visitSendAdvancingLines,FEATURE_ENVY,MEDIUM,"foreign accesses=13, own accesses=1"
src/main/java/org/openrewrite/mainframe/cobol/CobolVisitor.java,org.openrewrite.mainframe.cobol.CobolVisitor,visitSendPhrase,FEATURE_ENVY,MEDIUM,"foreign accesses=14, own accesses=1"
src/main/java/org/openrewrite/mainframe/cobol/CobolVisitor.java,org.openrewrite.mainframe.cobol.CobolVisitor,visitSendStatementSync,FEATURE_ENVY,HIGH,"foreign accesses=22, own accesses=1"
src/main/java/org/openrewrite/mainframe/cobol/CobolVisitor.java,org.openrewrite.mainframe.cobol.CobolVisitor,visitSentence,FEATURE_ENVY,MEDIUM,"foreign accesses=14, own accesses=1"
src/main/java/org/openrewrite/mainframe/cobol/CobolVisitor.java,org.openrewrite.mainframe.cobol.CobolVisitor,visitSet,FEATURE_ENVY,HIGH,"foreign accesses=17, own accesses=1"
src/main/java/org/openrewrite/mainframe/cobol/CobolVisitor.java,org.openrewrite.mainframe.cobol.CobolVisitor,visitSetTo,FEATURE_ENVY,HIGH,"foreign accesses=18, own accesses=1"
src/main/java/org/openrewrite/mainframe/cobol/CobolVisitor.java,org.openrewrite.mainframe.cobol.CobolVisitor,visitSetUpDown,FEATURE_ENVY,HIGH,"foreign accesses=18, own accesses=1"
src/main/java/org/openrewrite/mainframe/cobol/CobolVisitor.java,org.openrewrite.mainframe.cobol.CobolVisitor,visitSort,FEATURE_ENVY,CRITICAL,"foreign accesses=37, own accesses=1"
src/main/java/org/openrewrite/mainframe/cobol/CobolVisitor.java,org.openrewrite.mainframe.cobol.CobolVisitor,visitSortCollatingSequencePhrase,FEATURE_ENVY,HIGH,"foreign accesses=21, own accesses=1"
src/main/java/org/openrewrite/mainframe/cobol/CobolVisitor.java,org.openrewrite.mainframe.cobol.CobolVisitor,visitSortGiving,FEATURE_ENVY,MEDIUM,"foreign accesses=14, own accesses=1"
src/main/java/org/openrewrite/mainframe/cobol/CobolVisitor.java,org.openrewrite.mainframe.cobol.CobolVisitor,visitSortProcedurePhrase,FEATURE_ENVY,HIGH,"foreign accesses=17, own accesses=1"
src/main/java/org/openrewrite/mainframe/cobol/CobolVisitor.java,org.openrewrite.mainframe.cobol.CobolVisitor,visitSortable,FEATURE_ENVY,HIGH,"foreign accesses=15, own accesses=1"
src/main/java/org/openrewrite/mainframe/cobol/CobolVisitor.java,org.openrewrite.mainframe.cobol.CobolVisitor,visitSourceComputer,FEATURE_ENVY,MEDIUM,"foreign accesses=14, own accesses=1"
src/main/java/org/openrewrite/mainframe/cobol/CobolVisitor.java,org.openrewrite.mainframe.cobol.CobolVisitor,visitSourceComputerDefinition,FEATURE_ENVY,HIGH,"foreign accesses=17, own accesses=1"
src/main/java/org/openrewrite/mainframe/cobol/CobolVisitor.java,org.openrewrite.mainframe.cobol.CobolVisitor,visitSpecialNames,FEATURE_ENVY,HIGH,"foreign accesses=20, own accesses=1"
src/main/java/org/openrewrite/mainframe/cobol/CobolVisitor.java,org.openrewrite.mainframe.cobol.CobolVisitor,visitSpecialRegister,FEATURE_ENVY,MEDIUM,"foreign accesses=14, own accesses=1"
src/main/java/org/openrewrite/mainframe/cobol/CobolVisitor.java,org.openrewrite.mainframe.cobol.CobolVisitor,visitStart,FEATURE_ENVY,HIGH,"foreign accesses=25, own accesses=1"
src/main/java/org/openrewrite/mainframe/cobol/CobolVisitor.java,org.openrewrite.mainframe.cobol.CobolVisitor,visitStartKey,FEATURE_ENVY,MEDIUM,"foreign accesses=14, own accesses=1"
src/main/java/org/openrewrite/mainframe/cobol/CobolVisitor.java,org.openrewrite.mainframe.cobol.CobolVisitor,visitStatementPhrase,FEATURE_ENVY,HIGH,"foreign accesses=15, own accesses=1"
src/main/java/org/openrewrite/mainframe/cobol/CobolVisitor.java,org.openrewrite.mainframe.cobol.CobolVisitor,visitStatusKeyClause,FEATURE_ENVY,MEDIUM,"foreign accesses=14, own accesses=1"
src/main/java/org/openrewrite/mainframe/cobol/CobolVisitor.java,org.openrewrite.mainframe.cobol.CobolVisitor,visitStop,FEATURE_ENVY,MEDIUM,"foreign accesses=14, own accesses=1"
src/main/java/org/openrewrite/mainframe/cobol/CobolVisitor.java,org.openrewrite.mainframe.cobol.CobolVisitor,visitStopStatementGiving,FEATURE_ENVY,MEDIUM,"foreign accesses=14, own accesses=1"
src/main/java/org/openrewrite/mainframe/cobol/CobolVisitor.java,org.openrewrite.mainframe.cobol.CobolVisitor,visitStringDelimitedByPhrase,FEATURE_ENVY,MEDIUM,"foreign accesses=14, own accesses=1"
src/main/java/org/openrewrite/mainframe/cobol/CobolVisitor.java,org.openrewrite.mainframe.cobol.CobolVisitor,visitStringForPhrase,FEATURE_ENVY,MEDIUM,"foreign accesses=13, own accesses=1"
src/main/java/org/openrewrite/mainframe/cobol/CobolVisitor.java,org.openrewrite.mainframe.cobol.CobolVisitor,visitStringIntoPhrase,FEATURE_ENVY,MEDIUM,"foreign accesses=13, own accesses=1"
src/main/java/org/openrewrite/mainframe/cobol/CobolVisitor.java,org.openrewrite.mainframe.cobol.CobolVisitor,visitStringSendingPhrase,FEATURE_ENVY,MEDIUM,"foreign accesses=14, own accesses=1"
src/main/java/org/openrewrite/mainframe/cobol/CobolVisitor.java,org.openrewrite.mainframe.cobol.CobolVisitor,visitStringStatement,FEATURE_ENVY,HIGH,"foreign accesses=29, own accesses=1"
src/main/java/org/openrewrite/mainframe/cobol/CobolVisitor.java,org.openrewrite.mainframe.cobol.CobolVisitor,visitStringWithPointerPhrase,FEATURE_ENVY,MEDIUM,"foreign accesses=14, own accesses=1"
src/main/java/org/openrewrite/mainframe/cobol/CobolVisitor.java,org.openrewrite.mainframe.cobol.CobolVisitor,visitSubscript,FEATURE_ENVY,MEDIUM,"foreign accesses=13, own accesses=1"
src/main/java/org/openrewrite/mainframe/cobol/CobolVisitor.java,org.openrewrite.mainframe.cobol.CobolVisitor,visitSubtract,FEATURE_ENVY,HIGH,"foreign accesses=22, own accesses=1"
src/main/java/org/openrewrite/mainframe/cobol/CobolVisitor.java,org.openrewrite.mainframe.cobol.CobolVisitor,visitSubtractCorrespondingStatement,FEATURE_ENVY,HIGH,"foreign accesses=19, own accesses=1"
src/main/java/org/openrewrite/mainframe/cobol/CobolVisitor.java,org.openrewrite.mainframe.cobol.CobolVisitor,visitSubtractFromGivingStatement,FEATURE_ENVY,HIGH,"foreign accesses=24, own accesses=1"
src/main/java/org/openrewrite/mainframe/cobol/CobolVisitor.java,org.openrewrite.mainframe.cobol.CobolVisitor,visitSubtractFromStatement,FEATURE_ENVY,HIGH,"foreign accesses=18, own accesses=1"
src/main/java/org/openrewrite/mainframe/cobol/CobolVisitor.java,org.openrewrite.mainframe.cobol.CobolVisitor,visitSubtractMinuendCorresponding,FEATURE_ENVY,MEDIUM,"foreign accesses=13, own accesses=1"
src/main/java/org/openrewrite/mainframe/cobol/CobolVisitor.java,org.openrewrite.mainframe.cobol.CobolVisitor,visitSymbolicCharacter,FEATURE_ENVY,HIGH,"foreign accesses=18, own accesses=1"
src/main/java/org/openrewrite/mainframe/cobol/CobolVisitor.java,org.openrewrite.mainframe.cobol.CobolVisitor,visitSymbolicCharactersClause,FEATURE_ENVY,HIGH,"foreign accesses=21, own accesses=1"
src/main/java/org/openrewrite/mainframe/cobol/CobolVisitor.java,org.openrewrite.mainframe.cobol.CobolVisitor,visitSymbolicDestinationClause,FEATURE_ENVY,MEDIUM,"foreign accesses=14, own accesses=1"
src/main/java/org/openrewrite/mainframe/cobol/CobolVisitor.java,org.openrewrite.mainframe.cobol.CobolVisitor,visitSymbolicQueueClause,FEATURE_ENVY,MEDIUM,"foreign accesses=14, own accesses=1"
src/main/java/org/openrewrite/mainframe/cobol/CobolVisitor.java,org.openrewrite.mainframe.cobol.CobolVisitor,visitSymbolicSourceClause,FEATURE_ENVY,MEDIUM,"foreign accesses=14, own accesses=1"
src/main/java/org/openrewrite/mainframe/cobol/CobolVisitor.java,org.openrewrite.mainframe.cobol.CobolVisitor,visitSymbolicSubQueueClause,FEATURE_ENVY,MEDIUM,"foreign accesses=14, own accesses=1"
src/main/java/org/openrewrite/mainframe/cobol/CobolVisitor.java,org.openrewrite.mainframe.cobol.CobolVisitor,visitSymbolicTerminalClause,FEATURE_ENVY,MEDIUM,"foreign accesses=14, own accesses=1"
src/main/java/org/openrewrite/mainframe/cobol/CobolVisitor.java,org.openrewrite.mainframe.cobol.CobolVisitor,visitTableCall,FEATURE_ENVY,HIGH,"foreign accesses=17, own accesses=1"
src/main/java/org/openrewrite/mainframe/cobol/CobolVisitor.java,org.openrewrite.mainframe.cobol.CobolVisitor,visitTerminate,FEATURE_ENVY,MEDIUM,"foreign accesses=13, own accesses=1"
src/main/java/org/openrewrite/mainframe/cobol/CobolVisitor.java,org.openrewrite.mainframe.cobol.CobolVisitor,visitTextLengthClause,FEATURE_ENVY,MEDIUM,"foreign accesses=14, own accesses=1"
src/main/java/org/openrewrite/mainframe/cobol/CobolVisitor.java,org.openrewrite.mainframe.cobol.CobolVisitor,visitUnString,FEATURE_ENVY,CRITICAL,"foreign accesses=31, own accesses=1"
src/main/java/org/openrewrite/mainframe/cobol/CobolVisitor.java,org.openrewrite.mainframe.cobol.CobolVisitor,visitUnstringCountIn,FEATURE_ENVY,MEDIUM,"foreign accesses=14, own accesses=1"
src/main/java/org/openrewrite/mainframe/cobol/CobolVisitor.java,org.openrewrite.mainframe.cobol.CobolVisitor,visitUnstringDelimitedByPhrase,FEATURE_ENVY,MEDIUM,"foreign accesses=14, own accesses=1"
src/main/java/org/openrewrite/mainframe/cobol/CobolVisitor.java,org.openrewrite.mainframe.cobol.CobolVisitor,visitUnstringDelimiterIn,FEATURE_ENVY,MEDIUM,"foreign accesses=14, own accesses=1"
src/main/java/org/openrewrite/mainframe/cobol/CobolVisitor.java,org.openrewrite.mainframe.cobol.CobolVisitor,visitUnstringInto,FEATURE_ENVY,HIGH,"foreign accesses=16, own accesses=1"
src/main/java/org/openrewrite/mainframe/cobol/CobolVisitor.java,org.openrewrite.mainframe.cobol.CobolVisitor,visitUnstringIntoPhrase,FEATURE_ENVY,MEDIUM,"foreign accesses=14, own accesses=1"
src/main/java/org/openrewrite/mainframe/cobol/CobolVisitor.java,org.openrewrite.mainframe.cobol.CobolVisitor,visitUnstringOrAllPhrase,FEATURE_ENVY,MEDIUM,"foreign accesses=14, own accesses=1"
src/main/java/org/openrewrite/mainframe/cobol/CobolVisitor.java,org.openrewrite.mainframe.cobol.CobolVisitor,visitUnstringSendingPhrase,FEATURE_ENVY,HIGH,"foreign accesses=17, own accesses=1"
src/main/java/org/openrewrite/mainframe/cobol/CobolVisitor.java,org.openrewrite.mainframe.cobol.CobolVisitor,visitUnstringTallyingPhrase,FEATURE_ENVY,MEDIUM,"foreign accesses=14, own accesses=1"
src/main/java/org/openrewrite/mainframe/cobol/CobolVisitor.java,org.openrewrite.mainframe.cobol.CobolVisitor,visitUnstringWithPointerPhrase,FEATURE_ENVY,MEDIUM,"foreign accesses=14, own accesses=1"
src/main/java/org/openrewrite/mainframe/cobol/CobolVisitor.java,org.openrewrite.mainframe.cobol.CobolVisitor,visitUseAfterClause,FEATURE_ENVY,MEDIUM,"foreign accesses=14, own accesses=1"
src/main/java/org/openrewrite/mainframe/cobol/CobolVisitor.java,org.openrewrite.mainframe.cobol.CobolVisitor,visitUseAfterOn,FEATURE_ENVY,HIGH,"foreign accesses=15, own accesses=1"
src/main/java/org/openrewrite/mainframe/cobol/CobolVisitor.java,org.openrewrite.mainframe.cobol.CobolVisitor,visitUseDebugClause,FEATURE_ENVY,HIGH,"foreign accesses=15, own accesses=1"
src/main/java/org/openrewrite/mainframe/cobol/CobolVisitor.java,org.openrewrite.mainframe.cobol.CobolVisitor,visitUseDebugOn,FEATURE_ENVY,MEDIUM,"foreign accesses=14, own accesses=1"
src/main/java/org/openrewrite/mainframe/cobol/CobolVisitor.java,org.openrewrite.mainframe.cobol.CobolVisitor,visitUseStatement,FEATURE_ENVY,MEDIUM,"foreign accesses=13, own accesses=1"
src/main/java/org/openrewrite/mainframe/cobol/CobolVisitor.java,org.openrewrite.mainframe.cobol.CobolVisitor,visitValueOfClause,FEATURE_ENVY,HIGH,"foreign accesses=15, own accesses=1"
src/main/java/org/openrewrite/mainframe/cobol/CobolVisitor.java,org.openrewrite.mainframe.cobol.CobolVisitor,visitValuePair,FEATURE_ENVY,HIGH,"foreign accesses=16, own accesses=1"
src/main/java/org/openrewrite/mainframe/cobol/CobolVisitor.java,org.openrewrite.mainframe.cobol.CobolVisitor,visitValuedObjectComputerClause,FEATURE_ENVY,HIGH,"foreign accesses=17, own accesses=1"
src/main/java/org/openrewrite/mainframe/cobol/CobolVisitor.java,org.openrewrite.mainframe.cobol.CobolVisitor,visitWord,FEATURE_ENVY,CRITICAL,"foreign accesses=40, own accesses=7"
src/main/java/org/openrewrite/mainframe/cobol/CobolVisitor.java,org.openrewrite.mainframe.cobol.CobolVisitor,visitWorkingStorageSection,FEATURE_ENVY,HIGH,"foreign accesses=18, own accesses=1"
src/main/java/org/openrewrite/mainframe/cobol/CobolVisitor.java,org.openrewrite.mainframe.cobol.CobolVisitor,visitWrite,FEATURE_ENVY,CRITICAL,"foreign accesses=34, own accesses=1"
src/main/java/org/openrewrite/mainframe/cobol/CobolVisitor.java,org.openrewrite.mainframe.cobol.CobolVisitor,visitWriteAdvancingLines,FEATURE_ENVY,MEDIUM,"foreign accesses=13, own accesses=1"
src/main/java/org/openrewrite/mainframe/cobol/CobolVisitor.java,org.openrewrite.mainframe.cobol.CobolVisitor,visitWriteAdvancingMnemonic,FEATURE_ENVY,MEDIUM,"foreign accesses=10, own accesses=1"
src/main/java/org/openrewrite/mainframe/cobol/CobolVisitor.java,org.openrewrite.mainframe.cobol.CobolVisitor,visitWriteAdvancingPage,FEATURE_ENVY,MEDIUM,"foreign accesses=10, own accesses=1"
src/main/java/org/openrewrite/mainframe/cobol/CobolVisitor.java,org.openrewrite.mainframe.cobol.CobolVisitor,visitWriteAdvancingPhrase,FEATURE_ENVY,MEDIUM,"foreign accesses=14, own accesses=1"
src/main/java/org/openrewrite/mainframe/cobol/CobolVisitor.java,org.openrewrite.mainframe.cobol.CobolVisitor,visitWriteFromPhrase,FEATURE_ENVY,MEDIUM,"foreign accesses=13, own accesses=1"
src/main/java/org/openrewrite/mainframe/cobol/CopybookAssertions.java,org.openrewrite.mainframe.cobol.CopybookAssertions,copybook,FEATURE_ENVY,LOW,"foreign accesses=6, own accesses=1"
src/main/java/org/openrewrite/mainframe/cobol/CopybookAssertions.java,org.openrewrite.mainframe.cobol.CopybookAssertions,copybook,FEATURE_ENVY,LOW,"foreign accesses=5, own accesses=1"
src/main/java/org/openrewrite/mainframe/cobol/CopybookParser.java,org.openrewrite.mainframe.cobol.CopybookParser,parseInput,FEATURE_ENVY,CRITICAL,"foreign accesses=39, own accesses=3"
src/main/java/org/openrewrite/mainframe/cobol/LineEndings.java,org.openrewrite.mainframe.cobol.LineEndings,split,FEATURE_ENVY,LOW,"foreign accesses=9, own accesses=0"
src/main/java/org/openrewrite/mainframe/cobol/MacroLines.java,org.openrewrite.mainframe.cobol.MacroLines,read,FEATURE_ENVY,HIGH,"foreign accesses=19, own accesses=8"
src/main/java/org/openrewrite/mainframe/cobol/NameVisitor.java,org.openrewrite.mainframe.cobol.NameVisitor,visitAbbreviation,FEATURE_ENVY,LOW,"foreign accesses=6, own accesses=0"
src/main/java/org/openrewrite/mainframe/cobol/NameVisitor.java,org.openrewrite.mainframe.cobol.NameVisitor,visitAccept,FEATURE_ENVY,LOW,"foreign accesses=6, own accesses=0"
src/main/java/org/openrewrite/mainframe/cobol/NameVisitor.java,org.openrewrite.mainframe.cobol.NameVisitor,visitAdd,FEATURE_ENVY,LOW,"foreign accesses=9, own accesses=0"
src/main/java/org/openrewrite/mainframe/cobol/NameVisitor.java,org.openrewrite.mainframe.cobol.NameVisitor,visitAddCorresponding,FEATURE_ENVY,LOW,"foreign accesses=6, own accesses=0"
src/main/java/org/openrewrite/mainframe/cobol/NameVisitor.java,org.openrewrite.mainframe.cobol.NameVisitor,visitAddTo,FEATURE_ENVY,LOW,"foreign accesses=8, own accesses=0"
src/main/java/org/openrewrite/mainframe/cobol/NameVisitor.java,org.openrewrite.mainframe.cobol.NameVisitor,visitAddToGiving,FEATURE_ENVY,MEDIUM,"foreign accesses=12, own accesses=0"
src/main/java/org/openrewrite/mainframe/cobol/NameVisitor.java,org.openrewrite.mainframe.cobol.NameVisitor,visitAlphabetClause,FEATURE_ENVY,LOW,"foreign accesses=7, own accesses=0"
src/main/java/org/openrewrite/mainframe/cobol/NameVisitor.java,org.openrewrite.mainframe.cobol.NameVisitor,visitAlphabetLiteral,FEATURE_ENVY,MEDIUM,"foreign accesses=10, own accesses=0"
src/main/java/org/openrewrite/mainframe/cobol/NameVisitor.java,org.openrewrite.mainframe.cobol.NameVisitor,visitAlterProceedTo,FEATURE_ENVY,LOW,"foreign accesses=6, own accesses=0"
src/main/java/org/openrewrite/mainframe/cobol/NameVisitor.java,org.openrewrite.mainframe.cobol.NameVisitor,visitAlternateRecordKeyClause,FEATURE_ENVY,LOW,"foreign accesses=6, own accesses=0"
src/main/java/org/openrewrite/mainframe/cobol/NameVisitor.java,org.openrewrite.mainframe.cobol.NameVisitor,visitAndOrCondition,FEATURE_ENVY,LOW,"foreign accesses=7, own accesses=0"
src/main/java/org/openrewrite/mainframe/cobol/NameVisitor.java,org.openrewrite.mainframe.cobol.NameVisitor,visitArgument,FEATURE_ENVY,LOW,"foreign accesses=6, own accesses=0"
src/main/java/org/openrewrite/mainframe/cobol/NameVisitor.java,org.openrewrite.mainframe.cobol.NameVisitor,visitArithmeticExpression,FEATURE_ENVY,LOW,"foreign accesses=7, own accesses=0"
src/main/java/org/openrewrite/mainframe/cobol/NameVisitor.java,org.openrewrite.mainframe.cobol.NameVisitor,visitBlockContainsClause,FEATURE_ENVY,LOW,"foreign accesses=6, own accesses=0"
src/main/java/org/openrewrite/mainframe/cobol/NameVisitor.java,org.openrewrite.mainframe.cobol.NameVisitor,visitCall,FEATURE_ENVY,HIGH,"foreign accesses=18, own accesses=0"
src/main/java/org/openrewrite/mainframe/cobol/NameVisitor.java,org.openrewrite.mainframe.cobol.NameVisitor,visitCancelCall,FEATURE_ENVY,LOW,"foreign accesses=9, own accesses=0"
src/main/java/org/openrewrite/mainframe/cobol/NameVisitor.java,org.openrewrite.mainframe.cobol.NameVisitor,visitChannelClause,FEATURE_ENVY,LOW,"foreign accesses=6, own accesses=0"
src/main/java/org/openrewrite/mainframe/cobol/NameVisitor.java,org.openrewrite.mainframe.cobol.NameVisitor,visitClassClause,FEATURE_ENVY,LOW,"foreign accesses=7, own accesses=0"
src/main/java/org/openrewrite/mainframe/cobol/NameVisitor.java,org.openrewrite.mainframe.cobol.NameVisitor,visitClassClauseThrough,FEATURE_ENVY,LOW,"foreign accesses=6, own accesses=0"
src/main/java/org/openrewrite/mainframe/cobol/NameVisitor.java,org.openrewrite.mainframe.cobol.NameVisitor,visitClassCondition,FEATURE_ENVY,LOW,"foreign accesses=6, own accesses=0"
src/main/java/org/openrewrite/mainframe/cobol/NameVisitor.java,org.openrewrite.mainframe.cobol.NameVisitor,visitCloseFile,FEATURE_ENVY,LOW,"foreign accesses=6, own accesses=0"
src/main/java/org/openrewrite/mainframe/cobol/NameVisitor.java,org.openrewrite.mainframe.cobol.NameVisitor,visitCollatingSequenceClause,FEATURE_ENVY,MEDIUM,"foreign accesses=10, own accesses=0"
src/main/java/org/openrewrite/mainframe/cobol/NameVisitor.java,org.openrewrite.mainframe.cobol.NameVisitor,visitCommunicationDescriptionEntryFormat1,FEATURE_ENVY,LOW,"foreign accesses=7, own accesses=0"
src/main/java/org/openrewrite/mainframe/cobol/NameVisitor.java,org.openrewrite.mainframe.cobol.NameVisitor,visitCommunicationDescriptionEntryFormat2,FEATURE_ENVY,LOW,"foreign accesses=7, own accesses=0"
src/main/java/org/openrewrite/mainframe/cobol/NameVisitor.java,org.openrewrite.mainframe.cobol.NameVisitor,visitCommunicationDescriptionEntryFormat3,FEATURE_ENVY,LOW,"foreign accesses=7, own accesses=0"
src/main/java/org/openrewrite/mainframe/cobol/NameVisitor.java,org.openrewrite.mainframe.cobol.NameVisitor,visitCompute,FEATURE_ENVY,MEDIUM,"foreign accesses=13, own accesses=0"
src/main/java/org/openrewrite/mainframe/cobol/NameVisitor.java,org.openrewrite.mainframe.cobol.NameVisitor,visitCondition,FEATURE_ENVY,LOW,"foreign accesses=7, own accesses=0"
src/main/java/org/openrewrite/mainframe/cobol/NameVisitor.java,org.openrewrite.mainframe.cobol.NameVisitor,visitConditionNameReference,FEATURE_ENVY,HIGH,"foreign accesses=18, own accesses=0"
src/main/java/org/openrewrite/mainframe/cobol/NameVisitor.java,org.openrewrite.mainframe.cobol.NameVisitor,visitCurrencyClause,FEATURE_ENVY,LOW,"foreign accesses=6, own accesses=0"
src/main/java/org/openrewrite/mainframe/cobol/NameVisitor.java,org.openrewrite.mainframe.cobol.NameVisitor,visitDataBaseSectionEntry,FEATURE_ENVY,LOW,"foreign accesses=9, own accesses=0"
src/main/java/org/openrewrite/mainframe/cobol/NameVisitor.java,org.openrewrite.mainframe.cobol.NameVisitor,visitDataDescriptionEntry,FEATURE_ENVY,LOW,"foreign accesses=7, own accesses=0"
src/main/java/org/openrewrite/mainframe/cobol/NameVisitor.java,org.openrewrite.mainframe.cobol.NameVisitor,visitDataOccursClause,FEATURE_ENVY,MEDIUM,"foreign accesses=13, own accesses=0"
src/main/java/org/openrewrite/mainframe/cobol/NameVisitor.java,org.openrewrite.mainframe.cobol.NameVisitor,visitDataRenamesClause,FEATURE_ENVY,LOW,"foreign accesses=6, own accesses=0"
src/main/java/org/openrewrite/mainframe/cobol/NameVisitor.java,org.openrewrite.mainframe.cobol.NameVisitor,visitDataValueInterval,FEATURE_ENVY,LOW,"foreign accesses=6, own accesses=0"
src/main/java/org/openrewrite/mainframe/cobol/NameVisitor.java,org.openrewrite.mainframe.cobol.NameVisitor,visitDelete,FEATURE_ENVY,LOW,"foreign accesses=9, own accesses=0"
src/main/java/org/openrewrite/mainframe/cobol/NameVisitor.java,org.openrewrite.mainframe.cobol.NameVisitor,visitDestinationTableClause,FEATURE_ENVY,LOW,"foreign accesses=7, own accesses=0"
src/main/java/org/openrewrite/mainframe/cobol/NameVisitor.java,org.openrewrite.mainframe.cobol.NameVisitor,visitDisable,FEATURE_ENVY,LOW,"foreign accesses=6, own accesses=0"
src/main/java/org/openrewrite/mainframe/cobol/NameVisitor.java,org.openrewrite.mainframe.cobol.NameVisitor,visitDisplay,FEATURE_ENVY,HIGH,"foreign accesses=16, own accesses=0"
src/main/java/org/openrewrite/mainframe/cobol/NameVisitor.java,org.openrewrite.mainframe.cobol.NameVisitor,visitDivide,FEATURE_ENVY,HIGH,"foreign accesses=15, own accesses=0"
src/main/java/org/openrewrite/mainframe/cobol/NameVisitor.java,org.openrewrite.mainframe.cobol.NameVisitor,visitEnable,FEATURE_ENVY,LOW,"foreign accesses=6, own accesses=0"
src/main/java/org/openrewrite/mainframe/cobol/NameVisitor.java,org.openrewrite.mainframe.cobol.NameVisitor,visitEntry,FEATURE_ENVY,LOW,"foreign accesses=7, own accesses=0"
src/main/java/org/openrewrite/mainframe/cobol/NameVisitor.java,org.openrewrite.mainframe.cobol.NameVisitor,visitEnvironmentSwitchNameClause,FEATURE_ENVY,LOW,"foreign accesses=9, own accesses=0"
src/main/java/org/openrewrite/mainframe/cobol/NameVisitor.java,org.openrewrite.mainframe.cobol.NameVisitor,visitEvaluate,FEATURE_ENVY,MEDIUM,"foreign accesses=14, own accesses=0"
src/main/java/org/openrewrite/mainframe/cobol/NameVisitor.java,org.openrewrite.mainframe.cobol.NameVisitor,visitEvaluateCondition,FEATURE_ENVY,LOW,"foreign accesses=6, own accesses=0"
src/main/java/org/openrewrite/mainframe/cobol/NameVisitor.java,org.openrewrite.mainframe.cobol.NameVisitor,visitEvaluateWhen,FEATURE_ENVY,LOW,"foreign accesses=7, own accesses=0"
src/main/java/org/openrewrite/mainframe/cobol/NameVisitor.java,org.openrewrite.mainframe.cobol.NameVisitor,visitEvaluateWhenPhrase,FEATURE_ENVY,LOW,"foreign accesses=8, own accesses=0"
src/main/java/org/openrewrite/mainframe/cobol/NameVisitor.java,org.openrewrite.mainframe.cobol.NameVisitor,visitFileControlEntry,FEATURE_ENVY,LOW,"foreign accesses=7, own accesses=0"
src/main/java/org/openrewrite/mainframe/cobol/NameVisitor.java,org.openrewrite.mainframe.cobol.NameVisitor,visitFileDescriptionEntry,FEATURE_ENVY,MEDIUM,"foreign accesses=11, own accesses=0"
src/main/java/org/openrewrite/mainframe/cobol/NameVisitor.java,org.openrewrite.mainframe.cobol.NameVisitor,visitFunctionCall,FEATURE_ENVY,MEDIUM,"foreign accesses=10, own accesses=0"
src/main/java/org/openrewrite/mainframe/cobol/NameVisitor.java,org.openrewrite.mainframe.cobol.NameVisitor,visitGoToDependingOnStatement,FEATURE_ENVY,LOW,"foreign accesses=7, own accesses=0"
src/main/java/org/openrewrite/mainframe/cobol/NameVisitor.java,org.openrewrite.mainframe.cobol.NameVisitor,visitIdentificationDivision,FEATURE_ENVY,LOW,"foreign accesses=7, own accesses=0"
src/main/java/org/openrewrite/mainframe/cobol/NameVisitor.java,org.openrewrite.mainframe.cobol.NameVisitor,visitIf,FEATURE_ENVY,LOW,"foreign accesses=9, own accesses=0"
src/main/java/org/openrewrite/mainframe/cobol/NameVisitor.java,org.openrewrite.mainframe.cobol.NameVisitor,visitInLibrary,FEATURE_ENVY,LOW,"foreign accesses=6, own accesses=0"
src/main/java/org/openrewrite/mainframe/cobol/NameVisitor.java,org.openrewrite.mainframe.cobol.NameVisitor,visitInitialize,FEATURE_ENVY,LOW,"foreign accesses=7, own accesses=0"
src/main/java/org/openrewrite/mainframe/cobol/NameVisitor.java,org.openrewrite.mainframe.cobol.NameVisitor,visitInspect,FEATURE_ENVY,LOW,"foreign accesses=6, own accesses=0"
src/main/java/org/openrewrite/mainframe/cobol/NameVisitor.java,org.openrewrite.mainframe.cobol.NameVisitor,visitInspectAllLeading,FEATURE_ENVY,LOW,"foreign accesses=7, own accesses=0"
src/main/java/org/openrewrite/mainframe/cobol/NameVisitor.java,org.openrewrite.mainframe.cobol.NameVisitor,visitInspectConvertingPhrase,FEATURE_ENVY,MEDIUM,"foreign accesses=10, own accesses=0"
src/main/java/org/openrewrite/mainframe/cobol/NameVisitor.java,org.openrewrite.mainframe.cobol.NameVisitor,visitInspectFor,FEATURE_ENVY,LOW,"foreign accesses=7, own accesses=0"
src/main/java/org/openrewrite/mainframe/cobol/NameVisitor.java,org.openrewrite.mainframe.cobol.NameVisitor,visitInspectReplacingAllLeading,FEATURE_ENVY,MEDIUM,"foreign accesses=10, own accesses=0"
src/main/java/org/openrewrite/mainframe/cobol/NameVisitor.java,org.openrewrite.mainframe.cobol.NameVisitor,visitInspectReplacingCharacters,FEATURE_ENVY,LOW,"foreign accesses=7, own accesses=0"
src/main/java/org/openrewrite/mainframe/cobol/NameVisitor.java,org.openrewrite.mainframe.cobol.NameVisitor,visitInspectTallyingReplacingPhrase,FEATURE_ENVY,LOW,"foreign accesses=8, own accesses=0"
src/main/java/org/openrewrite/mainframe/cobol/NameVisitor.java,org.openrewrite.mainframe.cobol.NameVisitor,visitIoControlParagraph,FEATURE_ENVY,LOW,"foreign accesses=7, own accesses=0"
src/main/java/org/openrewrite/mainframe/cobol/NameVisitor.java,org.openrewrite.mainframe.cobol.NameVisitor,visitLibraryAttributeClauseFormat2,FEATURE_ENVY,LOW,"foreign accesses=9, own accesses=0"
src/main/java/org/openrewrite/mainframe/cobol/NameVisitor.java,org.openrewrite.mainframe.cobol.NameVisitor,visitLibraryDescriptionEntryFormat1,FEATURE_ENVY,LOW,"foreign accesses=9, own accesses=0"
src/main/java/org/openrewrite/mainframe/cobol/NameVisitor.java,org.openrewrite.mainframe.cobol.NameVisitor,visitLibraryDescriptionEntryFormat2,FEATURE_ENVY,MEDIUM,"foreign accesses=13, own accesses=0"
src/main/java/org/openrewrite/mainframe/cobol/NameVisitor.java,org.openrewrite.mainframe.cobol.NameVisitor,visitLibraryEntryProcedureClauseFormat1,FEATURE_ENVY,LOW,"foreign accesses=6, own accesses=0"
src/main/java/org/openrewrite/mainframe/cobol/NameVisitor.java,org.openrewrite.mainframe.cobol.NameVisitor,visitLibraryEntryProcedureClauseFormat2,FEATURE_ENVY,HIGH,"foreign accesses=15, own accesses=0"
src/main/java/org/openrewrite/mainframe/cobol/NameVisitor.java,org.openrewrite.mainframe.cobol.NameVisitor,visitLinageClause,FEATURE_ENVY,LOW,"foreign accesses=7, own accesses=0"
src/main/java/org/openrewrite/mainframe/cobol/NameVisitor.java,org.openrewrite.mainframe.cobol.NameVisitor,visitLocalStorageSection,FEATURE_ENVY,LOW,"foreign accesses=7, own accesses=0"
src/main/java/org/openrewrite/mainframe/cobol/NameVisitor.java,org.openrewrite.mainframe.cobol.NameVisitor,visitMerge,FEATURE_ENVY,HIGH,"foreign accesses=21, own accesses=0"
src/main/java/org/openrewrite/mainframe/cobol/NameVisitor.java,org.openrewrite.mainframe.cobol.NameVisitor,visitMergeCollatingSequencePhrase,FEATURE_ENVY,MEDIUM,"foreign accesses=10, own accesses=0"
src/main/java/org/openrewrite/mainframe/cobol/NameVisitor.java,org.openrewrite.mainframe.cobol.NameVisitor,visitMergeOutputProcedurePhrase,FEATURE_ENVY,LOW,"foreign accesses=6, own accesses=0"
src/main/java/org/openrewrite/mainframe/cobol/NameVisitor.java,org.openrewrite.mainframe.cobol.NameVisitor,visitMoveCorrespondingToStatement,FEATURE_ENVY,LOW,"foreign accesses=7, own accesses=0"
src/main/java/org/openrewrite/mainframe/cobol/NameVisitor.java,org.openrewrite.mainframe.cobol.NameVisitor,visitMoveToStatement,FEATURE_ENVY,LOW,"foreign accesses=7, own accesses=0"
src/main/java/org/openrewrite/mainframe/cobol/NameVisitor.java,org.openrewrite.mainframe.cobol.NameVisitor,visitMultDivs,FEATURE_ENVY,LOW,"foreign accesses=7, own accesses=0"
src/main/java/org/openrewrite/mainframe/cobol/NameVisitor.java,org.openrewrite.mainframe.cobol.NameVisitor,visitMultipleFilePosition,FEATURE_ENVY,LOW,"foreign accesses=6, own accesses=0"
src/main/java/org/openrewrite/mainframe/cobol/NameVisitor.java,org.openrewrite.mainframe.cobol.NameVisitor,visitMultiply,FEATURE_ENVY,MEDIUM,"foreign accesses=12, own accesses=0"
src/main/java/org/openrewrite/mainframe/cobol/NameVisitor.java,org.openrewrite.mainframe.cobol.NameVisitor,visitMultiplyGiving,FEATURE_ENVY,LOW,"foreign accesses=7, own accesses=0"
src/main/java/org/openrewrite/mainframe/cobol/NameVisitor.java,org.openrewrite.mainframe.cobol.NameVisitor,visitObjectComputerDefinition,FEATURE_ENVY,LOW,"foreign accesses=7, own accesses=0"
src/main/java/org/openrewrite/mainframe/cobol/NameVisitor.java,org.openrewrite.mainframe.cobol.NameVisitor,visitOpenable,FEATURE_ENVY,LOW,"foreign accesses=6, own accesses=0"
src/main/java/org/openrewrite/mainframe/cobol/NameVisitor.java,org.openrewrite.mainframe.cobol.NameVisitor,visitParagraph,FEATURE_ENVY,MEDIUM,"foreign accesses=10, own accesses=0"
src/main/java/org/openrewrite/mainframe/cobol/NameVisitor.java,org.openrewrite.mainframe.cobol.NameVisitor,visitParagraphs,FEATURE_ENVY,LOW,"foreign accesses=8, own accesses=0"
src/main/java/org/openrewrite/mainframe/cobol/NameVisitor.java,org.openrewrite.mainframe.cobol.NameVisitor,visitPerformInlineStatement,FEATURE_ENVY,LOW,"foreign accesses=7, own accesses=0"
src/main/java/org/openrewrite/mainframe/cobol/NameVisitor.java,org.openrewrite.mainframe.cobol.NameVisitor,visitPerformProcedureStatement,FEATURE_ENVY,LOW,"foreign accesses=9, own accesses=0"
src/main/java/org/openrewrite/mainframe/cobol/NameVisitor.java,org.openrewrite.mainframe.cobol.NameVisitor,visitPerformUntil,FEATURE_ENVY,LOW,"foreign accesses=6, own accesses=0"
src/main/java/org/openrewrite/mainframe/cobol/NameVisitor.java,org.openrewrite.mainframe.cobol.NameVisitor,visitPerformVaryingClause,FEATURE_ENVY,LOW,"foreign accesses=7, own accesses=0"
src/main/java/org/openrewrite/mainframe/cobol/NameVisitor.java,org.openrewrite.mainframe.cobol.NameVisitor,visitPerformVaryingPhrase,FEATURE_ENVY,MEDIUM,"foreign accesses=12, own accesses=0"
src/main/java/org/openrewrite/mainframe/cobol/NameVisitor.java,org.openrewrite.mainframe.cobol.NameVisitor,visitPicture,FEATURE_ENVY,LOW,"foreign accesses=7, own accesses=0"
src/main/java/org/openrewrite/mainframe/cobol/NameVisitor.java,org.openrewrite.mainframe.cobol.NameVisitor,visitPowers,FEATURE_ENVY,LOW,"foreign accesses=7, own accesses=0"
src/main/java/org/openrewrite/mainframe/cobol/NameVisitor.java,org.openrewrite.mainframe.cobol.NameVisitor,visitProcedureDeclarative,FEATURE_ENVY,LOW,"foreign accesses=9, own accesses=0"
src/main/java/org/openrewrite/mainframe/cobol/NameVisitor.java,org.openrewrite.mainframe.cobol.NameVisitor,visitProcedureDivision,FEATURE_ENVY,MEDIUM,"foreign accesses=12, own accesses=0"
src/main/java/org/openrewrite/mainframe/cobol/NameVisitor.java,org.openrewrite.mainframe.cobol.NameVisitor,visitProcedureDivisionBody,FEATURE_ENVY,LOW,"foreign accesses=7, own accesses=0"
src/main/java/org/openrewrite/mainframe/cobol/NameVisitor.java,org.openrewrite.mainframe.cobol.NameVisitor,visitProcedureName,FEATURE_ENVY,LOW,"foreign accesses=9, own accesses=0"
src/main/java/org/openrewrite/mainframe/cobol/NameVisitor.java,org.openrewrite.mainframe.cobol.NameVisitor,visitProcedureSection,FEATURE_ENVY,LOW,"foreign accesses=6, own accesses=0"
src/main/java/org/openrewrite/mainframe/cobol/NameVisitor.java,org.openrewrite.mainframe.cobol.NameVisitor,visitProcedureSectionHeader,FEATURE_ENVY,LOW,"foreign accesses=6, own accesses=0"
src/main/java/org/openrewrite/mainframe/cobol/NameVisitor.java,org.openrewrite.mainframe.cobol.NameVisitor,visitProgramIdParagraph,FEATURE_ENVY,LOW,"foreign accesses=6, own accesses=0"
src/main/java/org/openrewrite/mainframe/cobol/NameVisitor.java,org.openrewrite.mainframe.cobol.NameVisitor,visitProgramUnit,FEATURE_ENVY,HIGH,"foreign accesses=19, own accesses=0"
src/main/java/org/openrewrite/mainframe/cobol/NameVisitor.java,org.openrewrite.mainframe.cobol.NameVisitor,visitQualifiedDataNameFormat1,FEATURE_ENVY,MEDIUM,"foreign accesses=10, own accesses=0"
src/main/java/org/openrewrite/mainframe/cobol/NameVisitor.java,org.openrewrite.mainframe.cobol.NameVisitor,visitQualifiedDataNameFormat2,FEATURE_ENVY,LOW,"foreign accesses=6, own accesses=0"
src/main/java/org/openrewrite/mainframe/cobol/NameVisitor.java,org.openrewrite.mainframe.cobol.NameVisitor,visitQualifiedDataNameFormat3,FEATURE_ENVY,LOW,"foreign accesses=6, own accesses=0"
src/main/java/org/openrewrite/mainframe/cobol/NameVisitor.java,org.openrewrite.mainframe.cobol.NameVisitor,visitRead,FEATURE_ENVY,HIGH,"foreign accesses=24, own accesses=0"
src/main/java/org/openrewrite/mainframe/cobol/NameVisitor.java,org.openrewrite.mainframe.cobol.NameVisitor,visitReceive,FEATURE_ENVY,LOW,"foreign accesses=9, own accesses=0"
src/main/java/org/openrewrite/mainframe/cobol/NameVisitor.java,org.openrewrite.mainframe.cobol.NameVisitor,visitReceiveFromStatement,FEATURE_ENVY,MEDIUM,"foreign accesses=10, own accesses=0"
src/main/java/org/openrewrite/mainframe/cobol/NameVisitor.java,org.openrewrite.mainframe.cobol.NameVisitor,visitReceiveIntoStatement,FEATURE_ENVY,MEDIUM,"foreign accesses=12, own accesses=0"
src/main/java/org/openrewrite/mainframe/cobol/NameVisitor.java,org.openrewrite.mainframe.cobol.NameVisitor,visitRecordContainsClauseFormat2,FEATURE_ENVY,LOW,"foreign accesses=8, own accesses=0"
src/main/java/org/openrewrite/mainframe/cobol/NameVisitor.java,org.openrewrite.mainframe.cobol.NameVisitor,visitRecordContainsClauseFormat3,FEATURE_ENVY,LOW,"foreign accesses=6, own accesses=0"
src/main/java/org/openrewrite/mainframe/cobol/NameVisitor.java,org.openrewrite.mainframe.cobol.NameVisitor,visitRecordKeyClause,FEATURE_ENVY,LOW,"foreign accesses=6, own accesses=0"
src/main/java/org/openrewrite/mainframe/cobol/NameVisitor.java,org.openrewrite.mainframe.cobol.NameVisitor,visitReferenceModifier,FEATURE_ENVY,LOW,"foreign accesses=6, own accesses=0"
src/main/java/org/openrewrite/mainframe/cobol/NameVisitor.java,org.openrewrite.mainframe.cobol.NameVisitor,visitRelationArithmeticComparison,FEATURE_ENVY,LOW,"foreign accesses=9, own accesses=0"
src/main/java/org/openrewrite/mainframe/cobol/NameVisitor.java,org.openrewrite.mainframe.cobol.NameVisitor,visitRelationCombinedComparison,FEATURE_ENVY,LOW,"foreign accesses=9, own accesses=0"
src/main/java/org/openrewrite/mainframe/cobol/NameVisitor.java,org.openrewrite.mainframe.cobol.NameVisitor,visitRelease,FEATURE_ENVY,LOW,"foreign accesses=6, own accesses=0"
src/main/java/org/openrewrite/mainframe/cobol/NameVisitor.java,org.openrewrite.mainframe.cobol.NameVisitor,visitReportDescription,FEATURE_ENVY,LOW,"foreign accesses=7, own accesses=0"
src/main/java/org/openrewrite/mainframe/cobol/NameVisitor.java,org.openrewrite.mainframe.cobol.NameVisitor,visitReportDescriptionEntry,FEATURE_ENVY,HIGH,"foreign accesses=21, own accesses=0"
src/main/java/org/openrewrite/mainframe/cobol/NameVisitor.java,org.openrewrite.mainframe.cobol.NameVisitor,visitReportGroupDescriptionEntryFormat1,FEATURE_ENVY,HIGH,"foreign accesses=18, own accesses=0"
src/main/java/org/openrewrite/mainframe/cobol/NameVisitor.java,org.openrewrite.mainframe.cobol.NameVisitor,visitReportGroupDescriptionEntryFormat2,FEATURE_ENVY,MEDIUM,"foreign accesses=12, own accesses=0"
src/main/java/org/openrewrite/mainframe/cobol/NameVisitor.java,org.openrewrite.mainframe.cobol.NameVisitor,visitReportGroupDescriptionEntryFormat3,FEATURE_ENVY,MEDIUM,"foreign accesses=10, own accesses=0"
src/main/java/org/openrewrite/mainframe/cobol/NameVisitor.java,org.openrewrite.mainframe.cobol.NameVisitor,visitRepositoryEntry,FEATURE_ENVY,LOW,"foreign accesses=6, own accesses=0"
src/main/java/org/openrewrite/mainframe/cobol/NameVisitor.java,org.openrewrite.mainframe.cobol.NameVisitor,visitRerunClause,FEATURE_ENVY,LOW,"foreign accesses=6, own accesses=0"
src/main/java/org/openrewrite/mainframe/cobol/NameVisitor.java,org.openrewrite.mainframe.cobol.NameVisitor,visitReturn,FEATURE_ENVY,MEDIUM,"foreign accesses=12, own accesses=0"
src/main/java/org/openrewrite/mainframe/cobol/NameVisitor.java,org.openrewrite.mainframe.cobol.NameVisitor,visitRewrite,FEATURE_ENVY,MEDIUM,"foreign accesses=12, own accesses=0"
src/main/java/org/openrewrite/mainframe/cobol/NameVisitor.java,org.openrewrite.mainframe.cobol.NameVisitor,visitScreenDescriptionEntry,FEATURE_ENVY,LOW,"foreign accesses=7, own accesses=0"
src/main/java/org/openrewrite/mainframe/cobol/NameVisitor.java,org.openrewrite.mainframe.cobol.NameVisitor,visitScreenDescriptionFromClause,FEATURE_ENVY,LOW,"foreign accesses=6, own accesses=0"
src/main/java/org/openrewrite/mainframe/cobol/NameVisitor.java,org.openrewrite.mainframe.cobol.NameVisitor,visitScreenDescriptionPromptClause,FEATURE_ENVY,LOW,"foreign accesses=6, own accesses=0"
src/main/java/org/openrewrite/mainframe/cobol/NameVisitor.java,org.openrewrite.mainframe.cobol.NameVisitor,visitSearch,FEATURE_ENVY,MEDIUM,"foreign accesses=13, own accesses=0"
src/main/java/org/openrewrite/mainframe/cobol/NameVisitor.java,org.openrewrite.mainframe.cobol.NameVisitor,visitSearchWhen,FEATURE_ENVY,LOW,"foreign accesses=7, own accesses=0"
src/main/java/org/openrewrite/mainframe/cobol/NameVisitor.java,org.openrewrite.mainframe.cobol.NameVisitor,visitSend,FEATURE_ENVY,LOW,"foreign accesses=9, own accesses=0"
src/main/java/org/openrewrite/mainframe/cobol/NameVisitor.java,org.openrewrite.mainframe.cobol.NameVisitor,visitSendStatementSync,FEATURE_ENVY,HIGH,"foreign accesses=15, own accesses=0"
src/main/java/org/openrewrite/mainframe/cobol/NameVisitor.java,org.openrewrite.mainframe.cobol.NameVisitor,visitSet,FEATURE_ENVY,LOW,"foreign accesses=7, own accesses=0"
src/main/java/org/openrewrite/mainframe/cobol/NameVisitor.java,org.openrewrite.mainframe.cobol.NameVisitor,visitSetTo,FEATURE_ENVY,LOW,"foreign accesses=8, own accesses=0"
src/main/java/org/openrewrite/mainframe/cobol/NameVisitor.java,org.openrewrite.mainframe.cobol.NameVisitor,visitSetUpDown,FEATURE_ENVY,LOW,"foreign accesses=7, own accesses=0"
src/main/java/org/openrewrite/mainframe/cobol/NameVisitor.java,org.openrewrite.mainframe.cobol.NameVisitor,visitSort,FEATURE_ENVY,HIGH,"foreign accesses=27, own accesses=0"
src/main/java/org/openrewrite/mainframe/cobol/NameVisitor.java,org.openrewrite.mainframe.cobol.NameVisitor,visitSortCollatingSequencePhrase,FEATURE_ENVY,MEDIUM,"foreign accesses=10, own accesses=0"
src/main/java/org/openrewrite/mainframe/cobol/NameVisitor.java,org.openrewrite.mainframe.cobol.NameVisitor,visitSortProcedurePhrase,FEATURE_ENVY,LOW,"foreign accesses=6, own accesses=0"
src/main/java/org/openrewrite/mainframe/cobol/NameVisitor.java,org.openrewrite.mainframe.cobol.NameVisitor,visitStart,FEATURE_ENVY,MEDIUM,"foreign accesses=12, own accesses=0"
src/main/java/org/openrewrite/mainframe/cobol/NameVisitor.java,org.openrewrite.mainframe.cobol.NameVisitor,visitStringSendingPhrase,FEATURE_ENVY,LOW,"foreign accesses=7, own accesses=0"
src/main/java/org/openrewrite/mainframe/cobol/NameVisitor.java,org.openrewrite.mainframe.cobol.NameVisitor,visitStringStatement,FEATURE_ENVY,HIGH,"foreign accesses=16, own accesses=0"
src/main/java/org/openrewrite/mainframe/cobol/NameVisitor.java,org.openrewrite.mainframe.cobol.NameVisitor,visitSubscript,FEATURE_ENVY,LOW,"foreign accesses=6, own accesses=0"
src/main/java/org/openrewrite/mainframe/cobol/NameVisitor.java,org.openrewrite.mainframe.cobol.NameVisitor,visitSubtract,FEATURE_ENVY,LOW,"foreign accesses=9, own accesses=0"
src/main/java/org/openrewrite/mainframe/cobol/NameVisitor.java,org.openrewrite.mainframe.cobol.NameVisitor,visitSubtractCorrespondingStatement,FEATURE_ENVY,LOW,"foreign accesses=6, own accesses=0"
src/main/java/org/openrewrite/mainframe/cobol/NameVisitor.java,org.openrewrite.mainframe.cobol.NameVisitor,visitSubtractFromGivingStatement,FEATURE_ENVY,MEDIUM,"foreign accesses=11, own accesses=0"
src/main/java/org/openrewrite/mainframe/cobol/NameVisitor.java,org.openrewrite.mainframe.cobol.NameVisitor,visitSubtractFromStatement,FEATURE_ENVY,LOW,"foreign accesses=8, own accesses=0"
src/main/java/org/openrewrite/mainframe/cobol/NameVisitor.java,org.openrewrite.mainframe.cobol.NameVisitor,visitSymbolicCharacter,FEATURE_ENVY,LOW,"foreign accesses=8, own accesses=0"
src/main/java/org/openrewrite/mainframe/cobol/NameVisitor.java,org.openrewrite.mainframe.cobol.NameVisitor,visitSymbolicCharactersClause,FEATURE_ENVY,LOW,"foreign accesses=7, own accesses=0"
src/main/java/org/openrewrite/mainframe/cobol/NameVisitor.java,org.openrewrite.mainframe.cobol.NameVisitor,visitTableCall,FEATURE_ENVY,MEDIUM,"foreign accesses=10, own accesses=0"
src/main/java/org/openrewrite/mainframe/cobol/NameVisitor.java,org.openrewrite.mainframe.cobol.NameVisitor,visitUnString,FEATURE_ENVY,HIGH,"foreign accesses=18, own accesses=0"
src/main/java/org/openrewrite/mainframe/cobol/NameVisitor.java,org.openrewrite.mainframe.cobol.NameVisitor,visitUnstringInto,FEATURE_ENVY,LOW,"foreign accesses=9, own accesses=0"
src/main/java/org/openrewrite/mainframe/cobol/NameVisitor.java,org.openrewrite.mainframe.cobol.NameVisitor,visitUnstringSendingPhrase,FEATURE_ENVY,MEDIUM,"foreign accesses=10, own accesses=0"
src/main/java/org/openrewrite/mainframe/cobol/NameVisitor.java,org.openrewrite.mainframe.cobol.NameVisitor,visitValuePair,FEATURE_ENVY,LOW,"foreign accesses=6, own accesses=0"
src/main/java/org/openrewrite/mainframe/cobol/NameVisitor.java,org.openrewrite.mainframe.cobol.NameVisitor,visitWrite,FEATURE_ENVY,HIGH,"foreign accesses=21, own accesses=0"
src/main/java/org/openrewrite/mainframe/cobol/PreprocessCopyVisitor.java,org.openrewrite.mainframe.cobol.PreprocessCopyVisitor,memberName,FEATURE_ENVY,MEDIUM,"foreign accesses=11, own accesses=0"
src/main/java/org/openrewrite/mainframe/cobol/PreprocessCopyVisitor.java,org.openrewrite.mainframe.cobol.PreprocessCopyVisitor,resolve,FEATURE_ENVY,HIGH,"foreign accesses=20, own accesses=3"
src/main/java/org/openrewrite/mainframe/cobol/PreprocessCopyVisitor.java,org.openrewrite.mainframe.cobol.PreprocessCopyVisitor,visitCopyStatement,FEATURE_ENVY,MEDIUM,"foreign accesses=12, own accesses=4"
src/main/java/org/openrewrite/mainframe/cobol/PreprocessCopyVisitor.java,org.openrewrite.mainframe.cobol.PreprocessCopyVisitor,visitExecSqlIncludeStatement,FEATURE_ENVY,MEDIUM,"foreign accesses=10, own accesses=4"
src/main/java/org/openrewrite/mainframe/cobol/PreprocessReplaceVisitor.java,org.openrewrite.mainframe.cobol.PreprocessReplaceVisitor,requireWholeWords,FEATURE_ENVY,LOW,"foreign accesses=5, own accesses=0"
src/main/java/org/openrewrite/mainframe/cobol/PreprocessReplaceVisitor.java,org.openrewrite.mainframe.cobol.PreprocessReplaceVisitor,resolveReplacement,FEATURE_ENVY,MEDIUM,"foreign accesses=12, own accesses=4"
src/main/java/org/openrewrite/mainframe/cobol/PreprocessReplaceVisitor.java,org.openrewrite.mainframe.cobol.PreprocessReplaceVisitor,resolveReplacementRule,FEATURE_ENVY,HIGH,"foreign accesses=16, own accesses=0"
src/main/java/org/openrewrite/mainframe/cobol/PreprocessReplaceVisitor.java,org.openrewrite.mainframe.cobol.PreprocessReplaceVisitor,visitCopyStatement,FEATURE_ENVY,HIGH,"foreign accesses=22, own accesses=4"
src/main/java/org/openrewrite/mainframe/cobol/PreprocessReplaceVisitor.java,org.openrewrite.mainframe.cobol.PreprocessReplaceVisitor,visitReplaceArea,FEATURE_ENVY,HIGH,"foreign accesses=16, own accesses=4"
src/main/java/org/openrewrite/mainframe/cobol/PreprocessorAssertions.java,org.openrewrite.mainframe.cobol.PreprocessorAssertions,cobolPreprocess,FEATURE_ENVY,LOW,"foreign accesses=6, own accesses=1"
src/main/java/org/openrewrite/mainframe/cobol/PreprocessorAssertions.java,org.openrewrite.mainframe.cobol.PreprocessorAssertions,cobolPreprocess,FEATURE_ENVY,LOW,"foreign accesses=5, own accesses=1"
src/main/java/org/openrewrite/mainframe/cobol/PreprocessorAssertions.java,org.openrewrite.mainframe.cobol.PreprocessorAssertions,cobolPreprocessorCopy,FEATURE_ENVY,LOW,"foreign accesses=7, own accesses=2"
src/main/java/org/openrewrite/mainframe/cobol/PreprocessorAssertions.java,org.openrewrite.mainframe.cobol.PreprocessorAssertions,cobolPreprocessorCopy,FEATURE_ENVY,LOW,"foreign accesses=6, own accesses=2"
src/main/java/org/openrewrite/mainframe/cobol/PreprocessorAssertions.java,org.openrewrite.mainframe.cobol.PreprocessorAssertions,getCopybookSources,FEATURE_ENVY,HIGH,"foreign accesses=15, own accesses=0"
src/main/java/org/openrewrite/mainframe/cobol/SourcePositions.java,org.openrewrite.mainframe.cobol.SourcePositions,lineStartsOf,FEATURE_ENVY,LOW,"foreign accesses=8, own accesses=0"
src/main/java/org/openrewrite/mainframe/cobol/SourcePositions.java,org.openrewrite.mainframe.cobol.SourcePositions,of,FEATURE_ENVY,MEDIUM,"foreign accesses=14, own accesses=0"
src/main/java/org/openrewrite/mainframe/cobol/SourcePositions.java,org.openrewrite.mainframe.cobol.SourcePositions,of,FEATURE_ENVY,MEDIUM,"foreign accesses=12, own accesses=1"
src/main/java/org/openrewrite/mainframe/cobol/SourcePositions.java,org.openrewrite.mainframe.cobol.SourcePositions,textOf,FEATURE_ENVY,LOW,"foreign accesses=5, own accesses=1"
src/main/java/org/openrewrite/mainframe/cobol/cleanup/RemoveWithDebuggingMode.java,org.openrewrite.mainframe.cobol.cleanup.RemoveWithDebuggingMode,visitSourceComputerDefinition,FEATURE_ENVY,CRITICAL,"foreign accesses=42, own accesses=1"
src/main/java/org/openrewrite/mainframe/cobol/cleanup/RemoveWithDebuggingMode.java,org.openrewrite.mainframe.cobol.cleanup.RemoveWithDebuggingMode,visitWord,FEATURE_ENVY,MEDIUM,"foreign accesses=12, own accesses=0"
src/main/java/org/openrewrite/mainframe/cobol/format/RemoveWords.java,org.openrewrite.mainframe.cobol.format.RemoveWords,visitWord,FEATURE_ENVY,CRITICAL,"foreign accesses=32, own accesses=2"
src/main/java/org/openrewrite/mainframe/cobol/internal/CobolParserVisitor.java,org.openrewrite.mainframe.cobol.internal.CobolParserVisitor,,GOD_CLASS,CRITICAL,"WMC=795, TCC=0.00, ATFD=1611"
src/main/java/org/openrewrite/mainframe/cobol/internal/CobolParserVisitor.java,org.openrewrite.mainframe.cobol.internal.CobolParserVisitor,convertAll,FEATURE_ENVY,LOW,"foreign accesses=6, own accesses=1"
src/main/java/org/openrewrite/mainframe/cobol/internal/CobolParserVisitor.java,org.openrewrite.mainframe.cobol.internal.CobolParserVisitor,convertAll,FEATURE_ENVY,LOW,"foreign accesses=5, own accesses=0"
src/main/java/org/openrewrite/mainframe/cobol/internal/CobolParserVisitor.java,org.openrewrite.mainframe.cobol.internal.CobolParserVisitor,convertAllList,FEATURE_ENVY,MEDIUM,"foreign accesses=11, own accesses=0"
src/main/java/org/openrewrite/mainframe/cobol/internal/CobolParserVisitor.java,org.openrewrite.mainframe.cobol.internal.CobolParserVisitor,copybookNotFoundComment,FEATURE_ENVY,HIGH,"foreign accesses=23, own accesses=2"
src/main/java/org/openrewrite/mainframe/cobol/internal/CobolParserVisitor.java,org.openrewrite.mainframe.cobol.internal.CobolParserVisitor,getCommentFromKey,FEATURE_ENVY,LOW,"foreign accesses=5, own accesses=2"
src/main/java/org/openrewrite/mainframe/cobol/internal/CobolParserVisitor.java,org.openrewrite.mainframe.cobol.internal.CobolParserVisitor,isCommentIndicator,FEATURE_ENVY,LOW,"foreign accesses=9, own accesses=1"
src/main/java/org/openrewrite/mainframe/cobol/internal/CobolParserVisitor.java,org.openrewrite.mainframe.cobol.internal.CobolParserVisitor,processLiteral,FEATURE_ENVY,HIGH,"foreign accesses=25, own accesses=11"
src/main/java/org/openrewrite/mainframe/cobol/internal/CobolParserVisitor.java,org.openrewrite.mainframe.cobol.internal.CobolParserVisitor,visitAbbreviation,FEATURE_ENVY,MEDIUM,"foreign accesses=11, own accesses=5"
src/main/java/org/openrewrite/mainframe/cobol/internal/CobolParserVisitor.java,org.openrewrite.mainframe.cobol.internal.CobolParserVisitor,visitAcceptFromDateStatement,FEATURE_ENVY,HIGH,"foreign accesses=16, own accesses=1"
src/main/java/org/openrewrite/mainframe/cobol/internal/CobolParserVisitor.java,org.openrewrite.mainframe.cobol.internal.CobolParserVisitor,visitAcceptFromEscapeKeyStatement,FEATURE_ENVY,LOW,"foreign accesses=7, own accesses=1"
src/main/java/org/openrewrite/mainframe/cobol/internal/CobolParserVisitor.java,org.openrewrite.mainframe.cobol.internal.CobolParserVisitor,visitAcceptFromMnemonicStatement,FEATURE_ENVY,LOW,"foreign accesses=8, own accesses=0"
src/main/java/org/openrewrite/mainframe/cobol/internal/CobolParserVisitor.java,org.openrewrite.mainframe.cobol.internal.CobolParserVisitor,visitAcceptMessageCountStatement,FEATURE_ENVY,LOW,"foreign accesses=6, own accesses=1"
src/main/java/org/openrewrite/mainframe/cobol/internal/CobolParserVisitor.java,org.openrewrite.mainframe.cobol.internal.CobolParserVisitor,visitAcceptStatement,FEATURE_ENVY,HIGH,"foreign accesses=23, own accesses=3"
src/main/java/org/openrewrite/mainframe/cobol/internal/CobolParserVisitor.java,org.openrewrite.mainframe.cobol.internal.CobolParserVisitor,visitAccessModeClause,FEATURE_ENVY,MEDIUM,"foreign accesses=11, own accesses=2"
src/main/java/org/openrewrite/mainframe/cobol/internal/CobolParserVisitor.java,org.openrewrite.mainframe.cobol.internal.CobolParserVisitor,visitAddCorrespondingStatement,FEATURE_ENVY,MEDIUM,"foreign accesses=12, own accesses=1"
src/main/java/org/openrewrite/mainframe/cobol/internal/CobolParserVisitor.java,org.openrewrite.mainframe.cobol.internal.CobolParserVisitor,visitAddStatement,FEATURE_ENVY,MEDIUM,"foreign accesses=12, own accesses=4"
src/main/java/org/openrewrite/mainframe/cobol/internal/CobolParserVisitor.java,org.openrewrite.mainframe.cobol.internal.CobolParserVisitor,visitAddToGivingStatement,FEATURE_ENVY,MEDIUM,"foreign accesses=10, own accesses=4"
src/main/java/org/openrewrite/mainframe/cobol/internal/CobolParserVisitor.java,org.openrewrite.mainframe.cobol.internal.CobolParserVisitor,visitAddToStatement,FEATURE_ENVY,LOW,"foreign accesses=7, own accesses=3"
src/main/java/org/openrewrite/mainframe/cobol/internal/CobolParserVisitor.java,org.openrewrite.mainframe.cobol.internal.CobolParserVisitor,visitAlphabetAlso,FEATURE_ENVY,LOW,"foreign accesses=7, own accesses=1"
src/main/java/org/openrewrite/mainframe/cobol/internal/CobolParserVisitor.java,org.openrewrite.mainframe.cobol.internal.CobolParserVisitor,visitAlphabetClauseFormat1,FEATURE_ENVY,HIGH,"foreign accesses=27, own accesses=1"
src/main/java/org/openrewrite/mainframe/cobol/internal/CobolParserVisitor.java,org.openrewrite.mainframe.cobol.internal.CobolParserVisitor,visitAlphabetClauseFormat2,FEATURE_ENVY,HIGH,"foreign accesses=20, own accesses=1"
src/main/java/org/openrewrite/mainframe/cobol/internal/CobolParserVisitor.java,org.openrewrite.mainframe.cobol.internal.CobolParserVisitor,visitAlphabetLiterals,FEATURE_ENVY,LOW,"foreign accesses=9, own accesses=2"
src/main/java/org/openrewrite/mainframe/cobol/internal/CobolParserVisitor.java,org.openrewrite.mainframe.cobol.internal.CobolParserVisitor,visitAlphabetThrough,FEATURE_ENVY,LOW,"foreign accesses=8, own accesses=1"
src/main/java/org/openrewrite/mainframe/cobol/internal/CobolParserVisitor.java,org.openrewrite.mainframe.cobol.internal.CobolParserVisitor,visitAlterProceedTo,FEATURE_ENVY,MEDIUM,"foreign accesses=12, own accesses=1"
src/main/java/org/openrewrite/mainframe/cobol/internal/CobolParserVisitor.java,org.openrewrite.mainframe.cobol.internal.CobolParserVisitor,visitAlterStatement,FEATURE_ENVY,LOW,"foreign accesses=7, own accesses=1"
src/main/java/org/openrewrite/mainframe/cobol/internal/CobolParserVisitor.java,org.openrewrite.mainframe.cobol.internal.CobolParserVisitor,visitAlteredGoTo,FEATURE_ENVY,LOW,"foreign accesses=8, own accesses=1"
src/main/java/org/openrewrite/mainframe/cobol/internal/CobolParserVisitor.java,org.openrewrite.mainframe.cobol.internal.CobolParserVisitor,visitAlternateRecordKeyClause,FEATURE_ENVY,MEDIUM,"foreign accesses=13, own accesses=3"
src/main/java/org/openrewrite/mainframe/cobol/internal/CobolParserVisitor.java,org.openrewrite.mainframe.cobol.internal.CobolParserVisitor,visitAndOrCondition,FEATURE_ENVY,LOW,"foreign accesses=8, own accesses=3"
src/main/java/org/openrewrite/mainframe/cobol/internal/CobolParserVisitor.java,org.openrewrite.mainframe.cobol.internal.CobolParserVisitor,visitArgument,FEATURE_ENVY,MEDIUM,"foreign accesses=10, own accesses=2"
src/main/java/org/openrewrite/mainframe/cobol/internal/CobolParserVisitor.java,org.openrewrite.mainframe.cobol.internal.CobolParserVisitor,visitArithmeticExpression,FEATURE_ENVY,LOW,"foreign accesses=7, own accesses=1"
src/main/java/org/openrewrite/mainframe/cobol/internal/CobolParserVisitor.java,org.openrewrite.mainframe.cobol.internal.CobolParserVisitor,visitAssignClause,FEATURE_ENVY,HIGH,"foreign accesses=21, own accesses=3"
src/main/java/org/openrewrite/mainframe/cobol/internal/CobolParserVisitor.java,org.openrewrite.mainframe.cobol.internal.CobolParserVisitor,visitAtEndPhrase,FEATURE_ENVY,LOW,"foreign accesses=7, own accesses=2"
src/main/java/org/openrewrite/mainframe/cobol/internal/CobolParserVisitor.java,org.openrewrite.mainframe.cobol.internal.CobolParserVisitor,visitAuthorParagraph,FEATURE_ENVY,LOW,"foreign accesses=9, own accesses=1"
src/main/java/org/openrewrite/mainframe/cobol/internal/CobolParserVisitor.java,org.openrewrite.mainframe.cobol.internal.CobolParserVisitor,visitBasis,FEATURE_ENVY,MEDIUM,"foreign accesses=14, own accesses=1"
src/main/java/org/openrewrite/mainframe/cobol/internal/CobolParserVisitor.java,org.openrewrite.mainframe.cobol.internal.CobolParserVisitor,visitBlockContainsClause,FEATURE_ENVY,MEDIUM,"foreign accesses=14, own accesses=3"
src/main/java/org/openrewrite/mainframe/cobol/internal/CobolParserVisitor.java,org.openrewrite.mainframe.cobol.internal.CobolParserVisitor,visitBlockContainsTo,FEATURE_ENVY,LOW,"foreign accesses=8, own accesses=0"
src/main/java/org/openrewrite/mainframe/cobol/internal/CobolParserVisitor.java,org.openrewrite.mainframe.cobol.internal.CobolParserVisitor,visitCallByContent,FEATURE_ENVY,MEDIUM,"foreign accesses=14, own accesses=1"
src/main/java/org/openrewrite/mainframe/cobol/internal/CobolParserVisitor.java,org.openrewrite.mainframe.cobol.internal.CobolParserVisitor,visitCallByContentPhrase,FEATURE_ENVY,LOW,"foreign accesses=7, own accesses=2"
src/main/java/org/openrewrite/mainframe/cobol/internal/CobolParserVisitor.java,org.openrewrite.mainframe.cobol.internal.CobolParserVisitor,visitCallByReference,FEATURE_ENVY,HIGH,"foreign accesses=18, own accesses=1"
src/main/java/org/openrewrite/mainframe/cobol/internal/CobolParserVisitor.java,org.openrewrite.mainframe.cobol.internal.CobolParserVisitor,visitCallByReferencePhrase,FEATURE_ENVY,LOW,"foreign accesses=7, own accesses=2"
src/main/java/org/openrewrite/mainframe/cobol/internal/CobolParserVisitor.java,org.openrewrite.mainframe.cobol.internal.CobolParserVisitor,visitCallByValue,FEATURE_ENVY,LOW,"foreign accesses=9, own accesses=2"
src/main/java/org/openrewrite/mainframe/cobol/internal/CobolParserVisitor.java,org.openrewrite.mainframe.cobol.internal.CobolParserVisitor,visitCallByValuePhrase,FEATURE_ENVY,LOW,"foreign accesses=7, own accesses=2"
src/main/java/org/openrewrite/mainframe/cobol/internal/CobolParserVisitor.java,org.openrewrite.mainframe.cobol.internal.CobolParserVisitor,visitCallGivingPhrase,FEATURE_ENVY,LOW,"foreign accesses=8, own accesses=1"
src/main/java/org/openrewrite/mainframe/cobol/internal/CobolParserVisitor.java,org.openrewrite.mainframe.cobol.internal.CobolParserVisitor,visitCallUsingPhrase,FEATURE_ENVY,LOW,"foreign accesses=6, own accesses=2"
src/main/java/org/openrewrite/mainframe/cobol/internal/CobolParserVisitor.java,org.openrewrite.mainframe.cobol.internal.CobolParserVisitor,visitCancelCall,FEATURE_ENVY,LOW,"foreign accesses=9, own accesses=4"
src/main/java/org/openrewrite/mainframe/cobol/internal/CobolParserVisitor.java,org.openrewrite.mainframe.cobol.internal.CobolParserVisitor,visitCancelStatement,FEATURE_ENVY,LOW,"foreign accesses=7, own accesses=1"
src/main/java/org/openrewrite/mainframe/cobol/internal/CobolParserVisitor.java,org.openrewrite.mainframe.cobol.internal.CobolParserVisitor,visitChannelClause,FEATURE_ENVY,MEDIUM,"foreign accesses=11, own accesses=1"
src/main/java/org/openrewrite/mainframe/cobol/internal/CobolParserVisitor.java,org.openrewrite.mainframe.cobol.internal.CobolParserVisitor,visitCharacterSetClause,FEATURE_ENVY,LOW,"foreign accesses=9, own accesses=1"
src/main/java/org/openrewrite/mainframe/cobol/internal/CobolParserVisitor.java,org.openrewrite.mainframe.cobol.internal.CobolParserVisitor,visitClassClause,FEATURE_ENVY,MEDIUM,"foreign accesses=12, own accesses=3"
src/main/java/org/openrewrite/mainframe/cobol/internal/CobolParserVisitor.java,org.openrewrite.mainframe.cobol.internal.CobolParserVisitor,visitClassClauseThrough,FEATURE_ENVY,MEDIUM,"foreign accesses=13, own accesses=1"
src/main/java/org/openrewrite/mainframe/cobol/internal/CobolParserVisitor.java,org.openrewrite.mainframe.cobol.internal.CobolParserVisitor,visitClassCondition,FEATURE_ENVY,HIGH,"foreign accesses=15, own accesses=2"
src/main/java/org/openrewrite/mainframe/cobol/internal/CobolParserVisitor.java,org.openrewrite.mainframe.cobol.internal.CobolParserVisitor,visitCloseFile,FEATURE_ENVY,MEDIUM,"foreign accesses=12, own accesses=1"
src/main/java/org/openrewrite/mainframe/cobol/internal/CobolParserVisitor.java,org.openrewrite.mainframe.cobol.internal.CobolParserVisitor,visitClosePortFileIOStatement,FEATURE_ENVY,LOW,"foreign accesses=9, own accesses=2"
src/main/java/org/openrewrite/mainframe/cobol/internal/CobolParserVisitor.java,org.openrewrite.mainframe.cobol.internal.CobolParserVisitor,visitClosePortFileIOUsingAssociatedData,FEATURE_ENVY,LOW,"foreign accesses=8, own accesses=1"
src/main/java/org/openrewrite/mainframe/cobol/internal/CobolParserVisitor.java,org.openrewrite.mainframe.cobol.internal.CobolParserVisitor,visitClosePortFileIOUsingAssociatedDataLength,FEATURE_ENVY,LOW,"foreign accesses=8, own accesses=2"
src/main/java/org/openrewrite/mainframe/cobol/internal/CobolParserVisitor.java,org.openrewrite.mainframe.cobol.internal.CobolParserVisitor,visitClosePortFileIOUsingCloseDisposition,FEATURE_ENVY,LOW,"foreign accesses=8, own accesses=1"
src/main/java/org/openrewrite/mainframe/cobol/internal/CobolParserVisitor.java,org.openrewrite.mainframe.cobol.internal.CobolParserVisitor,visitCloseReelUnitStatement,FEATURE_ENVY,MEDIUM,"foreign accesses=12, own accesses=1"
src/main/java/org/openrewrite/mainframe/cobol/internal/CobolParserVisitor.java,org.openrewrite.mainframe.cobol.internal.CobolParserVisitor,visitCloseRelativeStatement,FEATURE_ENVY,LOW,"foreign accesses=8, own accesses=1"
src/main/java/org/openrewrite/mainframe/cobol/internal/CobolParserVisitor.java,org.openrewrite.mainframe.cobol.internal.CobolParserVisitor,visitCloseStatement,FEATURE_ENVY,LOW,"foreign accesses=7, own accesses=1"
src/main/java/org/openrewrite/mainframe/cobol/internal/CobolParserVisitor.java,org.openrewrite.mainframe.cobol.internal.CobolParserVisitor,visitCodeSetClause,FEATURE_ENVY,LOW,"foreign accesses=8, own accesses=1"
src/main/java/org/openrewrite/mainframe/cobol/internal/CobolParserVisitor.java,org.openrewrite.mainframe.cobol.internal.CobolParserVisitor,visitCollatingSequenceClause,FEATURE_ENVY,MEDIUM,"foreign accesses=12, own accesses=4"
src/main/java/org/openrewrite/mainframe/cobol/internal/CobolParserVisitor.java,org.openrewrite.mainframe.cobol.internal.CobolParserVisitor,visitCollatingSequenceClauseAlphanumeric,FEATURE_ENVY,LOW,"foreign accesses=9, own accesses=1"
src/main/java/org/openrewrite/mainframe/cobol/internal/CobolParserVisitor.java,org.openrewrite.mainframe.cobol.internal.CobolParserVisitor,visitCollatingSequenceClauseNational,FEATURE_ENVY,LOW,"foreign accesses=9, own accesses=1"
src/main/java/org/openrewrite/mainframe/cobol/internal/CobolParserVisitor.java,org.openrewrite.mainframe.cobol.internal.CobolParserVisitor,visitCombinableCondition,FEATURE_ENVY,LOW,"foreign accesses=7, own accesses=1"
src/main/java/org/openrewrite/mainframe/cobol/internal/CobolParserVisitor.java,org.openrewrite.mainframe.cobol.internal.CobolParserVisitor,visitCommentEntry,FEATURE_ENVY,LOW,"foreign accesses=5, own accesses=1"
src/main/java/org/openrewrite/mainframe/cobol/internal/CobolParserVisitor.java,org.openrewrite.mainframe.cobol.internal.CobolParserVisitor,visitCommitmentControlClause,FEATURE_ENVY,LOW,"foreign accesses=9, own accesses=1"
src/main/java/org/openrewrite/mainframe/cobol/internal/CobolParserVisitor.java,org.openrewrite.mainframe.cobol.internal.CobolParserVisitor,visitCommunicationDescriptionEntryFormat1,FEATURE_ENVY,HIGH,"foreign accesses=22, own accesses=3"
src/main/java/org/openrewrite/mainframe/cobol/internal/CobolParserVisitor.java,org.openrewrite.mainframe.cobol.internal.CobolParserVisitor,visitCommunicationDescriptionEntryFormat2,FEATURE_ENVY,HIGH,"foreign accesses=17, own accesses=3"
src/main/java/org/openrewrite/mainframe/cobol/internal/CobolParserVisitor.java,org.openrewrite.mainframe.cobol.internal.CobolParserVisitor,visitCommunicationDescriptionEntryFormat3,FEATURE_ENVY,HIGH,"foreign accesses=19, own accesses=3"
src/main/java/org/openrewrite/mainframe/cobol/internal/CobolParserVisitor.java,org.openrewrite.mainframe.cobol.internal.CobolParserVisitor,visitCommunicationSection,FEATURE_ENVY,MEDIUM,"foreign accesses=10, own accesses=2"
src/main/java/org/openrewrite/mainframe/cobol/internal/CobolParserVisitor.java,org.openrewrite.mainframe.cobol.internal.CobolParserVisitor,visitComputeStatement,FEATURE_ENVY,MEDIUM,"foreign accesses=14, own accesses=5"
src/main/java/org/openrewrite/mainframe/cobol/internal/CobolParserVisitor.java,org.openrewrite.mainframe.cobol.internal.CobolParserVisitor,visitCondition,FEATURE_ENVY,LOW,"foreign accesses=7, own accesses=1"
src/main/java/org/openrewrite/mainframe/cobol/internal/CobolParserVisitor.java,org.openrewrite.mainframe.cobol.internal.CobolParserVisitor,visitConditionNameReference,FEATURE_ENVY,MEDIUM,"foreign accesses=10, own accesses=4"
src/main/java/org/openrewrite/mainframe/cobol/internal/CobolParserVisitor.java,org.openrewrite.mainframe.cobol.internal.CobolParserVisitor,visitConditionNameSubscriptReference,FEATURE_ENVY,MEDIUM,"foreign accesses=10, own accesses=1"
src/main/java/org/openrewrite/mainframe/cobol/internal/CobolParserVisitor.java,org.openrewrite.mainframe.cobol.internal.CobolParserVisitor,visitConfigurationSection,FEATURE_ENVY,LOW,"foreign accesses=9, own accesses=2"
src/main/java/org/openrewrite/mainframe/cobol/internal/CobolParserVisitor.java,org.openrewrite.mainframe.cobol.internal.CobolParserVisitor,visitContinueStatement,FEATURE_ENVY,LOW,"foreign accesses=6, own accesses=0"
src/main/java/org/openrewrite/mainframe/cobol/internal/CobolParserVisitor.java,org.openrewrite.mainframe.cobol.internal.CobolParserVisitor,visitCurrencySignClause,FEATURE_ENVY,HIGH,"foreign accesses=16, own accesses=2"
src/main/java/org/openrewrite/mainframe/cobol/internal/CobolParserVisitor.java,org.openrewrite.mainframe.cobol.internal.CobolParserVisitor,visitDataAlignedClause,FEATURE_ENVY,LOW,"foreign accesses=6, own accesses=0"
src/main/java/org/openrewrite/mainframe/cobol/internal/CobolParserVisitor.java,org.openrewrite.mainframe.cobol.internal.CobolParserVisitor,visitDataBaseSection,FEATURE_ENVY,LOW,"foreign accesses=9, own accesses=2"
src/main/java/org/openrewrite/mainframe/cobol/internal/CobolParserVisitor.java,org.openrewrite.mainframe.cobol.internal.CobolParserVisitor,visitDataBaseSectionEntry,FEATURE_ENVY,MEDIUM,"foreign accesses=12, own accesses=0"
src/main/java/org/openrewrite/mainframe/cobol/internal/CobolParserVisitor.java,org.openrewrite.mainframe.cobol.internal.CobolParserVisitor,visitDataBlankWhenZeroClause,FEATURE_ENVY,LOW,"foreign accesses=9, own accesses=1"
src/main/java/org/openrewrite/mainframe/cobol/internal/CobolParserVisitor.java,org.openrewrite.mainframe.cobol.internal.CobolParserVisitor,visitDataCommonOwnLocalClause,FEATURE_ENVY,LOW,"foreign accesses=7, own accesses=1"
src/main/java/org/openrewrite/mainframe/cobol/internal/CobolParserVisitor.java,org.openrewrite.mainframe.cobol.internal.CobolParserVisitor,visitDataDescriptionEntryExecSql,FEATURE_ENVY,LOW,"foreign accesses=6, own accesses=2"
src/main/java/org/openrewrite/mainframe/cobol/internal/CobolParserVisitor.java,org.openrewrite.mainframe.cobol.internal.CobolParserVisitor,visitDataDescriptionEntryFormat1,FEATURE_ENVY,MEDIUM,"foreign accesses=14, own accesses=3"
src/main/java/org/openrewrite/mainframe/cobol/internal/CobolParserVisitor.java,org.openrewrite.mainframe.cobol.internal.CobolParserVisitor,visitDataDescriptionEntryFormat2,FEATURE_ENVY,MEDIUM,"foreign accesses=11, own accesses=2"
src/main/java/org/openrewrite/mainframe/cobol/internal/CobolParserVisitor.java,org.openrewrite.mainframe.cobol.internal.CobolParserVisitor,visitDataDescriptionEntryFormat3,FEATURE_ENVY,MEDIUM,"foreign accesses=11, own accesses=2"
src/main/java/org/openrewrite/mainframe/cobol/internal/CobolParserVisitor.java,org.openrewrite.mainframe.cobol.internal.CobolParserVisitor,visitDataDivision,FEATURE_ENVY,LOW,"foreign accesses=9, own accesses=2"
src/main/java/org/openrewrite/mainframe/cobol/internal/CobolParserVisitor.java,org.openrewrite.mainframe.cobol.internal.CobolParserVisitor,visitDataExternalClause,FEATURE_ENVY,LOW,"foreign accesses=8, own accesses=2"
src/main/java/org/openrewrite/mainframe/cobol/internal/CobolParserVisitor.java,org.openrewrite.mainframe.cobol.internal.CobolParserVisitor,visitDataGlobalClause,FEATURE_ENVY,LOW,"foreign accesses=6, own accesses=1"
src/main/java/org/openrewrite/mainframe/cobol/internal/CobolParserVisitor.java,org.openrewrite.mainframe.cobol.internal.CobolParserVisitor,visitDataIntegerStringClause,FEATURE_ENVY,LOW,"foreign accesses=6, own accesses=1"
src/main/java/org/openrewrite/mainframe/cobol/internal/CobolParserVisitor.java,org.openrewrite.mainframe.cobol.internal.CobolParserVisitor,visitDataJustifiedClause,FEATURE_ENVY,LOW,"foreign accesses=7, own accesses=1"
src/main/java/org/openrewrite/mainframe/cobol/internal/CobolParserVisitor.java,org.openrewrite.mainframe.cobol.internal.CobolParserVisitor,visitDataOccursClause,FEATURE_ENVY,MEDIUM,"foreign accesses=13, own accesses=5"
src/main/java/org/openrewrite/mainframe/cobol/internal/CobolParserVisitor.java,org.openrewrite.mainframe.cobol.internal.CobolParserVisitor,visitDataOccursDepending,FEATURE_ENVY,LOW,"foreign accesses=8, own accesses=1"
src/main/java/org/openrewrite/mainframe/cobol/internal/CobolParserVisitor.java,org.openrewrite.mainframe.cobol.internal.CobolParserVisitor,visitDataOccursIndexed,FEATURE_ENVY,LOW,"foreign accesses=8, own accesses=2"
src/main/java/org/openrewrite/mainframe/cobol/internal/CobolParserVisitor.java,org.openrewrite.mainframe.cobol.internal.CobolParserVisitor,visitDataOccursSort,FEATURE_ENVY,LOW,"foreign accesses=9, own accesses=2"
src/main/java/org/openrewrite/mainframe/cobol/internal/CobolParserVisitor.java,org.openrewrite.mainframe.cobol.internal.CobolParserVisitor,visitDataOccursTo,FEATURE_ENVY,LOW,"foreign accesses=7, own accesses=1"
src/main/java/org/openrewrite/mainframe/cobol/internal/CobolParserVisitor.java,org.openrewrite.mainframe.cobol.internal.CobolParserVisitor,visitDataPictureClause,FEATURE_ENVY,LOW,"foreign accesses=9, own accesses=2"
src/main/java/org/openrewrite/mainframe/cobol/internal/CobolParserVisitor.java,org.openrewrite.mainframe.cobol.internal.CobolParserVisitor,visitDataReceivedByClause,FEATURE_ENVY,LOW,"foreign accesses=9, own accesses=1"
src/main/java/org/openrewrite/mainframe/cobol/internal/CobolParserVisitor.java,org.openrewrite.mainframe.cobol.internal.CobolParserVisitor,visitDataRecordAreaClause,FEATURE_ENVY,LOW,"foreign accesses=6, own accesses=1"
src/main/java/org/openrewrite/mainframe/cobol/internal/CobolParserVisitor.java,org.openrewrite.mainframe.cobol.internal.CobolParserVisitor,visitDataRecordsClause,FEATURE_ENVY,MEDIUM,"foreign accesses=10, own accesses=2"
src/main/java/org/openrewrite/mainframe/cobol/internal/CobolParserVisitor.java,org.openrewrite.mainframe.cobol.internal.CobolParserVisitor,visitDataRedefinesClause,FEATURE_ENVY,LOW,"foreign accesses=8, own accesses=0"
src/main/java/org/openrewrite/mainframe/cobol/internal/CobolParserVisitor.java,org.openrewrite.mainframe.cobol.internal.CobolParserVisitor,visitDataRenamesClause,FEATURE_ENVY,HIGH,"foreign accesses=18, own accesses=0"
src/main/java/org/openrewrite/mainframe/cobol/internal/CobolParserVisitor.java,org.openrewrite.mainframe.cobol.internal.CobolParserVisitor,visitDataSignClause,FEATURE_ENVY,MEDIUM,"foreign accesses=10, own accesses=1"
src/main/java/org/openrewrite/mainframe/cobol/internal/CobolParserVisitor.java,org.openrewrite.mainframe.cobol.internal.CobolParserVisitor,visitDataSynchronizedClause,FEATURE_ENVY,LOW,"foreign accesses=8, own accesses=1"
src/main/java/org/openrewrite/mainframe/cobol/internal/CobolParserVisitor.java,org.openrewrite.mainframe.cobol.internal.CobolParserVisitor,visitDataThreadLocalClause,FEATURE_ENVY,LOW,"foreign accesses=6, own accesses=1"
src/main/java/org/openrewrite/mainframe/cobol/internal/CobolParserVisitor.java,org.openrewrite.mainframe.cobol.internal.CobolParserVisitor,visitDataTypeClause,FEATURE_ENVY,HIGH,"foreign accesses=26, own accesses=1"
src/main/java/org/openrewrite/mainframe/cobol/internal/CobolParserVisitor.java,org.openrewrite.mainframe.cobol.internal.CobolParserVisitor,visitDataTypeDefClause,FEATURE_ENVY,LOW,"foreign accesses=6, own accesses=1"
src/main/java/org/openrewrite/mainframe/cobol/internal/CobolParserVisitor.java,org.openrewrite.mainframe.cobol.internal.CobolParserVisitor,visitDataUsageClause,FEATURE_ENVY,CRITICAL,"foreign accesses=39, own accesses=1"
src/main/java/org/openrewrite/mainframe/cobol/internal/CobolParserVisitor.java,org.openrewrite.mainframe.cobol.internal.CobolParserVisitor,visitDataUsingClause,FEATURE_ENVY,MEDIUM,"foreign accesses=10, own accesses=2"
src/main/java/org/openrewrite/mainframe/cobol/internal/CobolParserVisitor.java,org.openrewrite.mainframe.cobol.internal.CobolParserVisitor,visitDataValueClause,FEATURE_ENVY,MEDIUM,"foreign accesses=10, own accesses=2"
src/main/java/org/openrewrite/mainframe/cobol/internal/CobolParserVisitor.java,org.openrewrite.mainframe.cobol.internal.CobolParserVisitor,visitDataValueInterval,FEATURE_ENVY,LOW,"foreign accesses=7, own accesses=1"
src/main/java/org/openrewrite/mainframe/cobol/internal/CobolParserVisitor.java,org.openrewrite.mainframe.cobol.internal.CobolParserVisitor,visitDataValueIntervalTo,FEATURE_ENVY,LOW,"foreign accesses=8, own accesses=1"
src/main/java/org/openrewrite/mainframe/cobol/internal/CobolParserVisitor.java,org.openrewrite.mainframe.cobol.internal.CobolParserVisitor,visitDataWithLowerBoundsClause,FEATURE_ENVY,LOW,"foreign accesses=7, own accesses=1"
src/main/java/org/openrewrite/mainframe/cobol/internal/CobolParserVisitor.java,org.openrewrite.mainframe.cobol.internal.CobolParserVisitor,visitDateCompiledParagraph,FEATURE_ENVY,LOW,"foreign accesses=9, own accesses=1"
src/main/java/org/openrewrite/mainframe/cobol/internal/CobolParserVisitor.java,org.openrewrite.mainframe.cobol.internal.CobolParserVisitor,visitDateWrittenParagraph,FEATURE_ENVY,LOW,"foreign accesses=9, own accesses=1"
src/main/java/org/openrewrite/mainframe/cobol/internal/CobolParserVisitor.java,org.openrewrite.mainframe.cobol.internal.CobolParserVisitor,visitDecimalPointClause,FEATURE_ENVY,LOW,"foreign accesses=7, own accesses=1"
src/main/java/org/openrewrite/mainframe/cobol/internal/CobolParserVisitor.java,org.openrewrite.mainframe.cobol.internal.CobolParserVisitor,visitDefaultComputationalSignClause,FEATURE_ENVY,MEDIUM,"foreign accesses=13, own accesses=1"
src/main/java/org/openrewrite/mainframe/cobol/internal/CobolParserVisitor.java,org.openrewrite.mainframe.cobol.internal.CobolParserVisitor,visitDefaultDisplaySignClause,FEATURE_ENVY,MEDIUM,"foreign accesses=11, own accesses=1"
src/main/java/org/openrewrite/mainframe/cobol/internal/CobolParserVisitor.java,org.openrewrite.mainframe.cobol.internal.CobolParserVisitor,visitDeleteStatement,FEATURE_ENVY,MEDIUM,"foreign accesses=12, own accesses=4"
src/main/java/org/openrewrite/mainframe/cobol/internal/CobolParserVisitor.java,org.openrewrite.mainframe.cobol.internal.CobolParserVisitor,visitDestinationCountClause,FEATURE_ENVY,LOW,"foreign accesses=8, own accesses=2"
src/main/java/org/openrewrite/mainframe/cobol/internal/CobolParserVisitor.java,org.openrewrite.mainframe.cobol.internal.CobolParserVisitor,visitDestinationTableClause,FEATURE_ENVY,MEDIUM,"foreign accesses=12, own accesses=4"
src/main/java/org/openrewrite/mainframe/cobol/internal/CobolParserVisitor.java,org.openrewrite.mainframe.cobol.internal.CobolParserVisitor,visitDisableStatement,FEATURE_ENVY,HIGH,"foreign accesses=17, own accesses=3"
src/main/java/org/openrewrite/mainframe/cobol/internal/CobolParserVisitor.java,org.openrewrite.mainframe.cobol.internal.CobolParserVisitor,visitDiskSizeClause,FEATURE_ENVY,HIGH,"foreign accesses=20, own accesses=1"
src/main/java/org/openrewrite/mainframe/cobol/internal/CobolParserVisitor.java,org.openrewrite.mainframe.cobol.internal.CobolParserVisitor,visitDisplayAt,FEATURE_ENVY,LOW,"foreign accesses=8, own accesses=1"
src/main/java/org/openrewrite/mainframe/cobol/internal/CobolParserVisitor.java,org.openrewrite.mainframe.cobol.internal.CobolParserVisitor,visitDisplayUpon,FEATURE_ENVY,LOW,"foreign accesses=8, own accesses=1"
src/main/java/org/openrewrite/mainframe/cobol/internal/CobolParserVisitor.java,org.openrewrite.mainframe.cobol.internal.CobolParserVisitor,visitDivideByGivingStatement,FEATURE_ENVY,LOW,"foreign accesses=9, own accesses=2"
src/main/java/org/openrewrite/mainframe/cobol/internal/CobolParserVisitor.java,org.openrewrite.mainframe.cobol.internal.CobolParserVisitor,visitDivideGivingPhrase,FEATURE_ENVY,LOW,"foreign accesses=7, own accesses=1"
src/main/java/org/openrewrite/mainframe/cobol/internal/CobolParserVisitor.java,org.openrewrite.mainframe.cobol.internal.CobolParserVisitor,visitDivideIntoGivingStatement,FEATURE_ENVY,LOW,"foreign accesses=9, own accesses=2"
src/main/java/org/openrewrite/mainframe/cobol/internal/CobolParserVisitor.java,org.openrewrite.mainframe.cobol.internal.CobolParserVisitor,visitDivideIntoStatement,FEATURE_ENVY,LOW,"foreign accesses=7, own accesses=1"
src/main/java/org/openrewrite/mainframe/cobol/internal/CobolParserVisitor.java,org.openrewrite.mainframe.cobol.internal.CobolParserVisitor,visitDivideRemainder,FEATURE_ENVY,LOW,"foreign accesses=8, own accesses=0"
src/main/java/org/openrewrite/mainframe/cobol/internal/CobolParserVisitor.java,org.openrewrite.mainframe.cobol.internal.CobolParserVisitor,visitDivideStatement,FEATURE_ENVY,HIGH,"foreign accesses=15, own accesses=6"
src/main/java/org/openrewrite/mainframe/cobol/internal/CobolParserVisitor.java,org.openrewrite.mainframe.cobol.internal.CobolParserVisitor,visitEnableStatement,FEATURE_ENVY,HIGH,"foreign accesses=17, own accesses=3"
src/main/java/org/openrewrite/mainframe/cobol/internal/CobolParserVisitor.java,org.openrewrite.mainframe.cobol.internal.CobolParserVisitor,visitEndKeyClause,FEATURE_ENVY,LOW,"foreign accesses=9, own accesses=1"
src/main/java/org/openrewrite/mainframe/cobol/internal/CobolParserVisitor.java,org.openrewrite.mainframe.cobol.internal.CobolParserVisitor,visitEndProgramStatement,FEATURE_ENVY,MEDIUM,"foreign accesses=10, own accesses=1"
src/main/java/org/openrewrite/mainframe/cobol/internal/CobolParserVisitor.java,org.openrewrite.mainframe.cobol.internal.CobolParserVisitor,visitEntryStatement,FEATURE_ENVY,MEDIUM,"foreign accesses=10, own accesses=2"
src/main/java/org/openrewrite/mainframe/cobol/internal/CobolParserVisitor.java,org.openrewrite.mainframe.cobol.internal.CobolParserVisitor,visitEnvironmentDivision,FEATURE_ENVY,LOW,"foreign accesses=9, own accesses=2"
src/main/java/org/openrewrite/mainframe/cobol/internal/CobolParserVisitor.java,org.openrewrite.mainframe.cobol.internal.CobolParserVisitor,visitEnvironmentSwitchNameSpecialNamesStatusPhrase,FEATURE_ENVY,MEDIUM,"foreign accesses=11, own accesses=1"
src/main/java/org/openrewrite/mainframe/cobol/internal/CobolParserVisitor.java,org.openrewrite.mainframe.cobol.internal.CobolParserVisitor,visitErrorKeyClause,FEATURE_ENVY,LOW,"foreign accesses=9, own accesses=1"
src/main/java/org/openrewrite/mainframe/cobol/internal/CobolParserVisitor.java,org.openrewrite.mainframe.cobol.internal.CobolParserVisitor,visitEvaluateAlsoCondition,FEATURE_ENVY,LOW,"foreign accesses=8, own accesses=0"
src/main/java/org/openrewrite/mainframe/cobol/internal/CobolParserVisitor.java,org.openrewrite.mainframe.cobol.internal.CobolParserVisitor,visitEvaluateAlsoSelect,FEATURE_ENVY,LOW,"foreign accesses=8, own accesses=0"
src/main/java/org/openrewrite/mainframe/cobol/internal/CobolParserVisitor.java,org.openrewrite.mainframe.cobol.internal.CobolParserVisitor,visitEvaluateCondition,FEATURE_ENVY,MEDIUM,"foreign accesses=11, own accesses=3"
src/main/java/org/openrewrite/mainframe/cobol/internal/CobolParserVisitor.java,org.openrewrite.mainframe.cobol.internal.CobolParserVisitor,visitEvaluateStatement,FEATURE_ENVY,MEDIUM,"foreign accesses=12, own accesses=4"
src/main/java/org/openrewrite/mainframe/cobol/internal/CobolParserVisitor.java,org.openrewrite.mainframe.cobol.internal.CobolParserVisitor,visitEvaluateThrough,FEATURE_ENVY,LOW,"foreign accesses=8, own accesses=1"
src/main/java/org/openrewrite/mainframe/cobol/internal/CobolParserVisitor.java,org.openrewrite.mainframe.cobol.internal.CobolParserVisitor,visitEvaluateWhen,FEATURE_ENVY,LOW,"foreign accesses=9, own accesses=1"
src/main/java/org/openrewrite/mainframe/cobol/internal/CobolParserVisitor.java,org.openrewrite.mainframe.cobol.internal.CobolParserVisitor,visitEvaluateWhenOther,FEATURE_ENVY,LOW,"foreign accesses=7, own accesses=2"
src/main/java/org/openrewrite/mainframe/cobol/internal/CobolParserVisitor.java,org.openrewrite.mainframe.cobol.internal.CobolParserVisitor,visitEvaluateWhenPhrase,FEATURE_ENVY,LOW,"foreign accesses=6, own accesses=2"
src/main/java/org/openrewrite/mainframe/cobol/internal/CobolParserVisitor.java,org.openrewrite.mainframe.cobol.internal.CobolParserVisitor,visitExecCicsStatement,FEATURE_ENVY,LOW,"foreign accesses=5, own accesses=1"
src/main/java/org/openrewrite/mainframe/cobol/internal/CobolParserVisitor.java,org.openrewrite.mainframe.cobol.internal.CobolParserVisitor,visitExecDliStatement,FEATURE_ENVY,LOW,"foreign accesses=5, own accesses=1"
src/main/java/org/openrewrite/mainframe/cobol/internal/CobolParserVisitor.java,org.openrewrite.mainframe.cobol.internal.CobolParserVisitor,visitExecSqlImsStatement,FEATURE_ENVY,LOW,"foreign accesses=5, own accesses=1"
src/main/java/org/openrewrite/mainframe/cobol/internal/CobolParserVisitor.java,org.openrewrite.mainframe.cobol.internal.CobolParserVisitor,visitExecSqlStatement,FEATURE_ENVY,LOW,"foreign accesses=5, own accesses=1"
src/main/java/org/openrewrite/mainframe/cobol/internal/CobolParserVisitor.java,org.openrewrite.mainframe.cobol.internal.CobolParserVisitor,visitExhibitStatement,FEATURE_ENVY,LOW,"foreign accesses=8, own accesses=2"
src/main/java/org/openrewrite/mainframe/cobol/internal/CobolParserVisitor.java,org.openrewrite.mainframe.cobol.internal.CobolParserVisitor,visitExitStatement,FEATURE_ENVY,MEDIUM,"foreign accesses=11, own accesses=1"
src/main/java/org/openrewrite/mainframe/cobol/internal/CobolParserVisitor.java,org.openrewrite.mainframe.cobol.internal.CobolParserVisitor,visitExternalClause,FEATURE_ENVY,LOW,"foreign accesses=6, own accesses=1"
src/main/java/org/openrewrite/mainframe/cobol/internal/CobolParserVisitor.java,org.openrewrite.mainframe.cobol.internal.CobolParserVisitor,visitFigurativeConstant,FEATURE_ENVY,HIGH,"foreign accesses=19, own accesses=2"
src/main/java/org/openrewrite/mainframe/cobol/internal/CobolParserVisitor.java,org.openrewrite.mainframe.cobol.internal.CobolParserVisitor,visitFileControlEntry,FEATURE_ENVY,LOW,"foreign accesses=7, own accesses=1"
src/main/java/org/openrewrite/mainframe/cobol/internal/CobolParserVisitor.java,org.openrewrite.mainframe.cobol.internal.CobolParserVisitor,visitFileControlParagraph,FEATURE_ENVY,LOW,"foreign accesses=7, own accesses=2"
src/main/java/org/openrewrite/mainframe/cobol/internal/CobolParserVisitor.java,org.openrewrite.mainframe.cobol.internal.CobolParserVisitor,visitFileDescriptionEntry,FEATURE_ENVY,MEDIUM,"foreign accesses=12, own accesses=3"
src/main/java/org/openrewrite/mainframe/cobol/internal/CobolParserVisitor.java,org.openrewrite.mainframe.cobol.internal.CobolParserVisitor,visitFileSection,FEATURE_ENVY,LOW,"foreign accesses=9, own accesses=2"
src/main/java/org/openrewrite/mainframe/cobol/internal/CobolParserVisitor.java,org.openrewrite.mainframe.cobol.internal.CobolParserVisitor,visitFileStatusClause,FEATURE_ENVY,LOW,"foreign accesses=8, own accesses=2"
src/main/java/org/openrewrite/mainframe/cobol/internal/CobolParserVisitor.java,org.openrewrite.mainframe.cobol.internal.CobolParserVisitor,visitFunctionCall,FEATURE_ENVY,MEDIUM,"foreign accesses=10, own accesses=2"
src/main/java/org/openrewrite/mainframe/cobol/internal/CobolParserVisitor.java,org.openrewrite.mainframe.cobol.internal.CobolParserVisitor,visitFunctionCallArguments,FEATURE_ENVY,MEDIUM,"foreign accesses=10, own accesses=1"
src/main/java/org/openrewrite/mainframe/cobol/internal/CobolParserVisitor.java,org.openrewrite.mainframe.cobol.internal.CobolParserVisitor,visitGenerateStatement,FEATURE_ENVY,LOW,"foreign accesses=8, own accesses=0"
src/main/java/org/openrewrite/mainframe/cobol/internal/CobolParserVisitor.java,org.openrewrite.mainframe.cobol.internal.CobolParserVisitor,visitGlobalClause,FEATURE_ENVY,LOW,"foreign accesses=6, own accesses=1"
src/main/java/org/openrewrite/mainframe/cobol/internal/CobolParserVisitor.java,org.openrewrite.mainframe.cobol.internal.CobolParserVisitor,visitGoToDependingOnStatement,FEATURE_ENVY,LOW,"foreign accesses=9, own accesses=3"
src/main/java/org/openrewrite/mainframe/cobol/internal/CobolParserVisitor.java,org.openrewrite.mainframe.cobol.internal.CobolParserVisitor,visitGoToStatement,FEATURE_ENVY,LOW,"foreign accesses=8, own accesses=2"
src/main/java/org/openrewrite/mainframe/cobol/internal/CobolParserVisitor.java,org.openrewrite.mainframe.cobol.internal.CobolParserVisitor,visitGobackStatement,FEATURE_ENVY,LOW,"foreign accesses=6, own accesses=0"
src/main/java/org/openrewrite/mainframe/cobol/internal/CobolParserVisitor.java,org.openrewrite.mainframe.cobol.internal.CobolParserVisitor,visitIdentificationDivision,FEATURE_ENVY,MEDIUM,"foreign accesses=11, own accesses=2"
src/main/java/org/openrewrite/mainframe/cobol/internal/CobolParserVisitor.java,org.openrewrite.mainframe.cobol.internal.CobolParserVisitor,visitIfElse,FEATURE_ENVY,LOW,"foreign accesses=9, own accesses=2"
src/main/java/org/openrewrite/mainframe/cobol/internal/CobolParserVisitor.java,org.openrewrite.mainframe.cobol.internal.CobolParserVisitor,visitIfStatement,FEATURE_ENVY,MEDIUM,"foreign accesses=12, own accesses=2"
src/main/java/org/openrewrite/mainframe/cobol/internal/CobolParserVisitor.java,org.openrewrite.mainframe.cobol.internal.CobolParserVisitor,visitIfThen,FEATURE_ENVY,LOW,"foreign accesses=8, own accesses=3"
src/main/java/org/openrewrite/mainframe/cobol/internal/CobolParserVisitor.java,org.openrewrite.mainframe.cobol.internal.CobolParserVisitor,visitInData,FEATURE_ENVY,LOW,"foreign accesses=8, own accesses=1"
src/main/java/org/openrewrite/mainframe/cobol/internal/CobolParserVisitor.java,org.openrewrite.mainframe.cobol.internal.CobolParserVisitor,visitInFile,FEATURE_ENVY,LOW,"foreign accesses=8, own accesses=1"
src/main/java/org/openrewrite/mainframe/cobol/internal/CobolParserVisitor.java,org.openrewrite.mainframe.cobol.internal.CobolParserVisitor,visitInLibrary,FEATURE_ENVY,LOW,"foreign accesses=8, own accesses=1"
src/main/java/org/openrewrite/mainframe/cobol/internal/CobolParserVisitor.java,org.openrewrite.mainframe.cobol.internal.CobolParserVisitor,visitInMnemonic,FEATURE_ENVY,LOW,"foreign accesses=8, own accesses=1"
src/main/java/org/openrewrite/mainframe/cobol/internal/CobolParserVisitor.java,org.openrewrite.mainframe.cobol.internal.CobolParserVisitor,visitInSection,FEATURE_ENVY,LOW,"foreign accesses=8, own accesses=1"
src/main/java/org/openrewrite/mainframe/cobol/internal/CobolParserVisitor.java,org.openrewrite.mainframe.cobol.internal.CobolParserVisitor,visitInTable,FEATURE_ENVY,LOW,"foreign accesses=8, own accesses=1"
src/main/java/org/openrewrite/mainframe/cobol/internal/CobolParserVisitor.java,org.openrewrite.mainframe.cobol.internal.CobolParserVisitor,visitInitializeReplacingBy,FEATURE_ENVY,HIGH,"foreign accesses=17, own accesses=2"
src/main/java/org/openrewrite/mainframe/cobol/internal/CobolParserVisitor.java,org.openrewrite.mainframe.cobol.internal.CobolParserVisitor,visitInitializeReplacingPhrase,FEATURE_ENVY,LOW,"foreign accesses=7, own accesses=1"
src/main/java/org/openrewrite/mainframe/cobol/internal/CobolParserVisitor.java,org.openrewrite.mainframe.cobol.internal.CobolParserVisitor,visitInitializeStatement,FEATURE_ENVY,LOW,"foreign accesses=8, own accesses=2"
src/main/java/org/openrewrite/mainframe/cobol/internal/CobolParserVisitor.java,org.openrewrite.mainframe.cobol.internal.CobolParserVisitor,visitInitiateStatement,FEATURE_ENVY,LOW,"foreign accesses=7, own accesses=1"
src/main/java/org/openrewrite/mainframe/cobol/internal/CobolParserVisitor.java,org.openrewrite.mainframe.cobol.internal.CobolParserVisitor,visitInputOutputSection,FEATURE_ENVY,LOW,"foreign accesses=8, own accesses=2"
src/main/java/org/openrewrite/mainframe/cobol/internal/CobolParserVisitor.java,org.openrewrite.mainframe.cobol.internal.CobolParserVisitor,visitInspectAllLeading,FEATURE_ENVY,LOW,"foreign accesses=7, own accesses=2"
src/main/java/org/openrewrite/mainframe/cobol/internal/CobolParserVisitor.java,org.openrewrite.mainframe.cobol.internal.CobolParserVisitor,visitInspectAllLeadings,FEATURE_ENVY,LOW,"foreign accesses=7, own accesses=2"
src/main/java/org/openrewrite/mainframe/cobol/internal/CobolParserVisitor.java,org.openrewrite.mainframe.cobol.internal.CobolParserVisitor,visitInspectBeforeAfter,FEATURE_ENVY,LOW,"foreign accesses=9, own accesses=2"
src/main/java/org/openrewrite/mainframe/cobol/internal/CobolParserVisitor.java,org.openrewrite.mainframe.cobol.internal.CobolParserVisitor,visitInspectBy,FEATURE_ENVY,LOW,"foreign accesses=8, own accesses=1"
src/main/java/org/openrewrite/mainframe/cobol/internal/CobolParserVisitor.java,org.openrewrite.mainframe.cobol.internal.CobolParserVisitor,visitInspectCharacters,FEATURE_ENVY,LOW,"foreign accesses=7, own accesses=2"
src/main/java/org/openrewrite/mainframe/cobol/internal/CobolParserVisitor.java,org.openrewrite.mainframe.cobol.internal.CobolParserVisitor,visitInspectConvertingPhrase,FEATURE_ENVY,MEDIUM,"foreign accesses=11, own accesses=2"
src/main/java/org/openrewrite/mainframe/cobol/internal/CobolParserVisitor.java,org.openrewrite.mainframe.cobol.internal.CobolParserVisitor,visitInspectFor,FEATURE_ENVY,MEDIUM,"foreign accesses=10, own accesses=1"
src/main/java/org/openrewrite/mainframe/cobol/internal/CobolParserVisitor.java,org.openrewrite.mainframe.cobol.internal.CobolParserVisitor,visitInspectReplacingAllLeading,FEATURE_ENVY,LOW,"foreign accesses=9, own accesses=2"
src/main/java/org/openrewrite/mainframe/cobol/internal/CobolParserVisitor.java,org.openrewrite.mainframe.cobol.internal.CobolParserVisitor,visitInspectReplacingAllLeadings,FEATURE_ENVY,LOW,"foreign accesses=8, own accesses=2"
src/main/java/org/openrewrite/mainframe/cobol/internal/CobolParserVisitor.java,org.openrewrite.mainframe.cobol.internal.CobolParserVisitor,visitInspectReplacingCharacters,FEATURE_ENVY,LOW,"foreign accesses=9, own accesses=2"
src/main/java/org/openrewrite/mainframe/cobol/internal/CobolParserVisitor.java,org.openrewrite.mainframe.cobol.internal.CobolParserVisitor,visitInspectReplacingPhrase,FEATURE_ENVY,LOW,"foreign accesses=8, own accesses=1"
src/main/java/org/openrewrite/mainframe/cobol/internal/CobolParserVisitor.java,org.openrewrite.mainframe.cobol.internal.CobolParserVisitor,visitInspectStatement,FEATURE_ENVY,MEDIUM,"foreign accesses=12, own accesses=1"
src/main/java/org/openrewrite/mainframe/cobol/internal/CobolParserVisitor.java,org.openrewrite.mainframe.cobol.internal.CobolParserVisitor,visitInspectTallyingPhrase,FEATURE_ENVY,LOW,"foreign accesses=7, own accesses=1"
src/main/java/org/openrewrite/mainframe/cobol/internal/CobolParserVisitor.java,org.openrewrite.mainframe.cobol.internal.CobolParserVisitor,visitInspectTallyingReplacingPhrase,FEATURE_ENVY,LOW,"foreign accesses=8, own accesses=2"
src/main/java/org/openrewrite/mainframe/cobol/internal/CobolParserVisitor.java,org.openrewrite.mainframe.cobol.internal.CobolParserVisitor,visitInspectTo,FEATURE_ENVY,LOW,"foreign accesses=8, own accesses=1"
src/main/java/org/openrewrite/mainframe/cobol/internal/CobolParserVisitor.java,org.openrewrite.mainframe.cobol.internal.CobolParserVisitor,visitInstallationParagraph,FEATURE_ENVY,LOW,"foreign accesses=9, own accesses=1"
src/main/java/org/openrewrite/mainframe/cobol/internal/CobolParserVisitor.java,org.openrewrite.mainframe.cobol.internal.CobolParserVisitor,visitInvalidKeyPhrase,FEATURE_ENVY,LOW,"foreign accesses=7, own accesses=2"
src/main/java/org/openrewrite/mainframe/cobol/internal/CobolParserVisitor.java,org.openrewrite.mainframe.cobol.internal.CobolParserVisitor,visitIoControlParagraph,FEATURE_ENVY,HIGH,"foreign accesses=19, own accesses=2"
src/main/java/org/openrewrite/mainframe/cobol/internal/CobolParserVisitor.java,org.openrewrite.mainframe.cobol.internal.CobolParserVisitor,visitLabelRecordsClause,FEATURE_ENVY,MEDIUM,"foreign accesses=12, own accesses=2"
src/main/java/org/openrewrite/mainframe/cobol/internal/CobolParserVisitor.java,org.openrewrite.mainframe.cobol.internal.CobolParserVisitor,visitLibraryAttributeClauseFormat1,FEATURE_ENVY,MEDIUM,"foreign accesses=11, own accesses=1"
src/main/java/org/openrewrite/mainframe/cobol/internal/CobolParserVisitor.java,org.openrewrite.mainframe.cobol.internal.CobolParserVisitor,visitLibraryAttributeClauseFormat2,FEATURE_ENVY,MEDIUM,"foreign accesses=13, own accesses=4"
src/main/java/org/openrewrite/mainframe/cobol/internal/CobolParserVisitor.java,org.openrewrite.mainframe.cobol.internal.CobolParserVisitor,visitLibraryAttributeFunction,FEATURE_ENVY,LOW,"foreign accesses=8, own accesses=1"
src/main/java/org/openrewrite/mainframe/cobol/internal/CobolParserVisitor.java,org.openrewrite.mainframe.cobol.internal.CobolParserVisitor,visitLibraryAttributeParameter,FEATURE_ENVY,LOW,"foreign accesses=8, own accesses=1"
src/main/java/org/openrewrite/mainframe/cobol/internal/CobolParserVisitor.java,org.openrewrite.mainframe.cobol.internal.CobolParserVisitor,visitLibraryAttributeTitle,FEATURE_ENVY,LOW,"foreign accesses=8, own accesses=1"
src/main/java/org/openrewrite/mainframe/cobol/internal/CobolParserVisitor.java,org.openrewrite.mainframe.cobol.internal.CobolParserVisitor,visitLibraryDescriptionEntryFormat1,FEATURE_ENVY,MEDIUM,"foreign accesses=12, own accesses=2"
src/main/java/org/openrewrite/mainframe/cobol/internal/CobolParserVisitor.java,org.openrewrite.mainframe.cobol.internal.CobolParserVisitor,visitLibraryDescriptionEntryFormat2,FEATURE_ENVY,MEDIUM,"foreign accesses=14, own accesses=3"
src/main/java/org/openrewrite/mainframe/cobol/internal/CobolParserVisitor.java,org.openrewrite.mainframe.cobol.internal.CobolParserVisitor,visitLibraryEntryProcedureClauseFormat1,FEATURE_ENVY,LOW,"foreign accesses=9, own accesses=1"
src/main/java/org/openrewrite/mainframe/cobol/internal/CobolParserVisitor.java,org.openrewrite.mainframe.cobol.internal.CobolParserVisitor,visitLibraryEntryProcedureClauseFormat2,FEATURE_ENVY,MEDIUM,"foreign accesses=12, own accesses=4"
src/main/java/org/openrewrite/mainframe/cobol/internal/CobolParserVisitor.java,org.openrewrite.mainframe.cobol.internal.CobolParserVisitor,visitLibraryEntryProcedureForClause,FEATURE_ENVY,LOW,"foreign accesses=8, own accesses=0"
src/main/java/org/openrewrite/mainframe/cobol/internal/CobolParserVisitor.java,org.openrewrite.mainframe.cobol.internal.CobolParserVisitor,visitLibraryEntryProcedureGivingClause,FEATURE_ENVY,LOW,"foreign accesses=8, own accesses=0"
src/main/java/org/openrewrite/mainframe/cobol/internal/CobolParserVisitor.java,org.openrewrite.mainframe.cobol.internal.CobolParserVisitor,visitLibraryEntryProcedureUsingClause,FEATURE_ENVY,LOW,"foreign accesses=7, own accesses=1"
src/main/java/org/openrewrite/mainframe/cobol/internal/CobolParserVisitor.java,org.openrewrite.mainframe.cobol.internal.CobolParserVisitor,visitLibraryEntryProcedureWithClause,FEATURE_ENVY,LOW,"foreign accesses=7, own accesses=1"
src/main/java/org/openrewrite/mainframe/cobol/internal/CobolParserVisitor.java,org.openrewrite.mainframe.cobol.internal.CobolParserVisitor,visitLibraryIsCommonClause,FEATURE_ENVY,LOW,"foreign accesses=6, own accesses=1"
src/main/java/org/openrewrite/mainframe/cobol/internal/CobolParserVisitor.java,org.openrewrite.mainframe.cobol.internal.CobolParserVisitor,visitLibraryIsGlobalClause,FEATURE_ENVY,LOW,"foreign accesses=6, own accesses=1"
src/main/java/org/openrewrite/mainframe/cobol/internal/CobolParserVisitor.java,org.openrewrite.mainframe.cobol.internal.CobolParserVisitor,visitLinageClause,FEATURE_ENVY,MEDIUM,"foreign accesses=10, own accesses=4"
src/main/java/org/openrewrite/mainframe/cobol/internal/CobolParserVisitor.java,org.openrewrite.mainframe.cobol.internal.CobolParserVisitor,visitLinageFootingAt,FEATURE_ENVY,LOW,"foreign accesses=9, own accesses=2"
src/main/java/org/openrewrite/mainframe/cobol/internal/CobolParserVisitor.java,org.openrewrite.mainframe.cobol.internal.CobolParserVisitor,visitLinageLinesAtBottom,FEATURE_ENVY,LOW,"foreign accesses=9, own accesses=2"
src/main/java/org/openrewrite/mainframe/cobol/internal/CobolParserVisitor.java,org.openrewrite.mainframe.cobol.internal.CobolParserVisitor,visitLinageLinesAtTop,FEATURE_ENVY,LOW,"foreign accesses=9, own accesses=2"
src/main/java/org/openrewrite/mainframe/cobol/internal/CobolParserVisitor.java,org.openrewrite.mainframe.cobol.internal.CobolParserVisitor,visitLinkageSection,FEATURE_ENVY,LOW,"foreign accesses=9, own accesses=2"
src/main/java/org/openrewrite/mainframe/cobol/internal/CobolParserVisitor.java,org.openrewrite.mainframe.cobol.internal.CobolParserVisitor,visitLocalStorageSection,FEATURE_ENVY,HIGH,"foreign accesses=17, own accesses=4"
src/main/java/org/openrewrite/mainframe/cobol/internal/CobolParserVisitor.java,org.openrewrite.mainframe.cobol.internal.CobolParserVisitor,visitMemorySizeClause,FEATURE_ENVY,HIGH,"foreign accesses=21, own accesses=1"
src/main/java/org/openrewrite/mainframe/cobol/internal/CobolParserVisitor.java,org.openrewrite.mainframe.cobol.internal.CobolParserVisitor,visitMergeCollatingAlphanumeric,FEATURE_ENVY,LOW,"foreign accesses=9, own accesses=1"
src/main/java/org/openrewrite/mainframe/cobol/internal/CobolParserVisitor.java,org.openrewrite.mainframe.cobol.internal.CobolParserVisitor,visitMergeCollatingNational,FEATURE_ENVY,LOW,"foreign accesses=9, own accesses=1"
src/main/java/org/openrewrite/mainframe/cobol/internal/CobolParserVisitor.java,org.openrewrite.mainframe.cobol.internal.CobolParserVisitor,visitMergeCollatingSequencePhrase,FEATURE_ENVY,MEDIUM,"foreign accesses=10, own accesses=4"
src/main/java/org/openrewrite/mainframe/cobol/internal/CobolParserVisitor.java,org.openrewrite.mainframe.cobol.internal.CobolParserVisitor,visitMergeGiving,FEATURE_ENVY,MEDIUM,"foreign accesses=14, own accesses=1"
src/main/java/org/openrewrite/mainframe/cobol/internal/CobolParserVisitor.java,org.openrewrite.mainframe.cobol.internal.CobolParserVisitor,visitMergeGivingPhrase,FEATURE_ENVY,LOW,"foreign accesses=7, own accesses=1"
src/main/java/org/openrewrite/mainframe/cobol/internal/CobolParserVisitor.java,org.openrewrite.mainframe.cobol.internal.CobolParserVisitor,visitMergeOnKeyClause,FEATURE_ENVY,LOW,"foreign accesses=9, own accesses=2"
src/main/java/org/openrewrite/mainframe/cobol/internal/CobolParserVisitor.java,org.openrewrite.mainframe.cobol.internal.CobolParserVisitor,visitMergeOutputProcedurePhrase,FEATURE_ENVY,LOW,"foreign accesses=9, own accesses=3"
src/main/java/org/openrewrite/mainframe/cobol/internal/CobolParserVisitor.java,org.openrewrite.mainframe.cobol.internal.CobolParserVisitor,visitMergeOutputThrough,FEATURE_ENVY,LOW,"foreign accesses=7, own accesses=2"
src/main/java/org/openrewrite/mainframe/cobol/internal/CobolParserVisitor.java,org.openrewrite.mainframe.cobol.internal.CobolParserVisitor,visitMergeStatement,FEATURE_ENVY,MEDIUM,"foreign accesses=13, own accesses=5"
src/main/java/org/openrewrite/mainframe/cobol/internal/CobolParserVisitor.java,org.openrewrite.mainframe.cobol.internal.CobolParserVisitor,visitMergeUsing,FEATURE_ENVY,LOW,"foreign accesses=7, own accesses=1"
src/main/java/org/openrewrite/mainframe/cobol/internal/CobolParserVisitor.java,org.openrewrite.mainframe.cobol.internal.CobolParserVisitor,visitMessageCountClause,FEATURE_ENVY,LOW,"foreign accesses=9, own accesses=1"
src/main/java/org/openrewrite/mainframe/cobol/internal/CobolParserVisitor.java,org.openrewrite.mainframe.cobol.internal.CobolParserVisitor,visitMessageDateClause,FEATURE_ENVY,LOW,"foreign accesses=9, own accesses=1"
src/main/java/org/openrewrite/mainframe/cobol/internal/CobolParserVisitor.java,org.openrewrite.mainframe.cobol.internal.CobolParserVisitor,visitMessageTimeClause,FEATURE_ENVY,LOW,"foreign accesses=9, own accesses=1"
src/main/java/org/openrewrite/mainframe/cobol/internal/CobolParserVisitor.java,org.openrewrite.mainframe.cobol.internal.CobolParserVisitor,visitMoveCorrespondingToStatement,FEATURE_ENVY,MEDIUM,"foreign accesses=11, own accesses=2"
src/main/java/org/openrewrite/mainframe/cobol/internal/CobolParserVisitor.java,org.openrewrite.mainframe.cobol.internal.CobolParserVisitor,visitMoveStatement,FEATURE_ENVY,LOW,"foreign accesses=8, own accesses=2"
src/main/java/org/openrewrite/mainframe/cobol/internal/CobolParserVisitor.java,org.openrewrite.mainframe.cobol.internal.CobolParserVisitor,visitMoveToStatement,FEATURE_ENVY,LOW,"foreign accesses=9, own accesses=1"
src/main/java/org/openrewrite/mainframe/cobol/internal/CobolParserVisitor.java,org.openrewrite.mainframe.cobol.internal.CobolParserVisitor,visitMultDiv,FEATURE_ENVY,LOW,"foreign accesses=8, own accesses=1"
src/main/java/org/openrewrite/mainframe/cobol/internal/CobolParserVisitor.java,org.openrewrite.mainframe.cobol.internal.CobolParserVisitor,visitMultDivs,FEATURE_ENVY,LOW,"foreign accesses=7, own accesses=1"
src/main/java/org/openrewrite/mainframe/cobol/internal/CobolParserVisitor.java,org.openrewrite.mainframe.cobol.internal.CobolParserVisitor,visitMultipleFileClause,FEATURE_ENVY,LOW,"foreign accesses=9, own accesses=2"
src/main/java/org/openrewrite/mainframe/cobol/internal/CobolParserVisitor.java,org.openrewrite.mainframe.cobol.internal.CobolParserVisitor,visitMultipleFilePosition,FEATURE_ENVY,LOW,"foreign accesses=8, own accesses=2"
src/main/java/org/openrewrite/mainframe/cobol/internal/CobolParserVisitor.java,org.openrewrite.mainframe.cobol.internal.CobolParserVisitor,visitMultiplyGiving,FEATURE_ENVY,LOW,"foreign accesses=9, own accesses=1"
src/main/java/org/openrewrite/mainframe/cobol/internal/CobolParserVisitor.java,org.openrewrite.mainframe.cobol.internal.CobolParserVisitor,visitMultiplyRegular,FEATURE_ENVY,LOW,"foreign accesses=5, own accesses=1"
src/main/java/org/openrewrite/mainframe/cobol/internal/CobolParserVisitor.java,org.openrewrite.mainframe.cobol.internal.CobolParserVisitor,visitMultiplyStatement,FEATURE_ENVY,HIGH,"foreign accesses=15, own accesses=5"
src/main/java/org/openrewrite/mainframe/cobol/internal/CobolParserVisitor.java,org.openrewrite.mainframe.cobol.internal.CobolParserVisitor,visitNextSentenceStatement,FEATURE_ENVY,LOW,"foreign accesses=6, own accesses=1"
src/main/java/org/openrewrite/mainframe/cobol/internal/CobolParserVisitor.java,org.openrewrite.mainframe.cobol.internal.CobolParserVisitor,visitNotAtEndPhrase,FEATURE_ENVY,LOW,"foreign accesses=8, own accesses=2"
src/main/java/org/openrewrite/mainframe/cobol/internal/CobolParserVisitor.java,org.openrewrite.mainframe.cobol.internal.CobolParserVisitor,visitNotInvalidKeyPhrase,FEATURE_ENVY,LOW,"foreign accesses=8, own accesses=2"
src/main/java/org/openrewrite/mainframe/cobol/internal/CobolParserVisitor.java,org.openrewrite.mainframe.cobol.internal.CobolParserVisitor,visitNotOnExceptionClause,FEATURE_ENVY,LOW,"foreign accesses=8, own accesses=2"
src/main/java/org/openrewrite/mainframe/cobol/internal/CobolParserVisitor.java,org.openrewrite.mainframe.cobol.internal.CobolParserVisitor,visitNotOnOverflowPhrase,FEATURE_ENVY,LOW,"foreign accesses=8, own accesses=2"
src/main/java/org/openrewrite/mainframe/cobol/internal/CobolParserVisitor.java,org.openrewrite.mainframe.cobol.internal.CobolParserVisitor,visitNotOnSizeErrorPhrase,FEATURE_ENVY,LOW,"foreign accesses=9, own accesses=2"
src/main/java/org/openrewrite/mainframe/cobol/internal/CobolParserVisitor.java,org.openrewrite.mainframe.cobol.internal.CobolParserVisitor,visitObjectComputerParagraph,FEATURE_ENVY,HIGH,"foreign accesses=16, own accesses=2"
src/main/java/org/openrewrite/mainframe/cobol/internal/CobolParserVisitor.java,org.openrewrite.mainframe.cobol.internal.CobolParserVisitor,visitOdtClause,FEATURE_ENVY,LOW,"foreign accesses=8, own accesses=1"
src/main/java/org/openrewrite/mainframe/cobol/internal/CobolParserVisitor.java,org.openrewrite.mainframe.cobol.internal.CobolParserVisitor,visitOnExceptionClause,FEATURE_ENVY,LOW,"foreign accesses=7, own accesses=2"
src/main/java/org/openrewrite/mainframe/cobol/internal/CobolParserVisitor.java,org.openrewrite.mainframe.cobol.internal.CobolParserVisitor,visitOnOverflowPhrase,FEATURE_ENVY,LOW,"foreign accesses=7, own accesses=2"
src/main/java/org/openrewrite/mainframe/cobol/internal/CobolParserVisitor.java,org.openrewrite.mainframe.cobol.internal.CobolParserVisitor,visitOnSizeErrorPhrase,FEATURE_ENVY,LOW,"foreign accesses=8, own accesses=2"
src/main/java/org/openrewrite/mainframe/cobol/internal/CobolParserVisitor.java,org.openrewrite.mainframe.cobol.internal.CobolParserVisitor,visitOpenExtendStatement,FEATURE_ENVY,LOW,"foreign accesses=7, own accesses=1"
src/main/java/org/openrewrite/mainframe/cobol/internal/CobolParserVisitor.java,org.openrewrite.mainframe.cobol.internal.CobolParserVisitor,visitOpenIOStatement,FEATURE_ENVY,LOW,"foreign accesses=7, own accesses=1"
src/main/java/org/openrewrite/mainframe/cobol/internal/CobolParserVisitor.java,org.openrewrite.mainframe.cobol.internal.CobolParserVisitor,visitOpenInput,FEATURE_ENVY,MEDIUM,"foreign accesses=10, own accesses=1"
src/main/java/org/openrewrite/mainframe/cobol/internal/CobolParserVisitor.java,org.openrewrite.mainframe.cobol.internal.CobolParserVisitor,visitOpenInputStatement,FEATURE_ENVY,LOW,"foreign accesses=7, own accesses=1"
src/main/java/org/openrewrite/mainframe/cobol/internal/CobolParserVisitor.java,org.openrewrite.mainframe.cobol.internal.CobolParserVisitor,visitOpenOutput,FEATURE_ENVY,LOW,"foreign accesses=9, own accesses=1"
src/main/java/org/openrewrite/mainframe/cobol/internal/CobolParserVisitor.java,org.openrewrite.mainframe.cobol.internal.CobolParserVisitor,visitOpenOutputStatement,FEATURE_ENVY,LOW,"foreign accesses=7, own accesses=1"
src/main/java/org/openrewrite/mainframe/cobol/internal/CobolParserVisitor.java,org.openrewrite.mainframe.cobol.internal.CobolParserVisitor,visitOpenStatement,FEATURE_ENVY,MEDIUM,"foreign accesses=10, own accesses=1"
src/main/java/org/openrewrite/mainframe/cobol/internal/CobolParserVisitor.java,org.openrewrite.mainframe.cobol.internal.CobolParserVisitor,visitOrganizationClause,FEATURE_ENVY,MEDIUM,"foreign accesses=12, own accesses=1"
src/main/java/org/openrewrite/mainframe/cobol/internal/CobolParserVisitor.java,org.openrewrite.mainframe.cobol.internal.CobolParserVisitor,visitPaddingCharacterClause,FEATURE_ENVY,LOW,"foreign accesses=9, own accesses=2"
src/main/java/org/openrewrite/mainframe/cobol/internal/CobolParserVisitor.java,org.openrewrite.mainframe.cobol.internal.CobolParserVisitor,visitParagraph,FEATURE_ENVY,LOW,"foreign accesses=9, own accesses=3"
src/main/java/org/openrewrite/mainframe/cobol/internal/CobolParserVisitor.java,org.openrewrite.mainframe.cobol.internal.CobolParserVisitor,visitParagraphs,FEATURE_ENVY,LOW,"foreign accesses=6, own accesses=2"
src/main/java/org/openrewrite/mainframe/cobol/internal/CobolParserVisitor.java,org.openrewrite.mainframe.cobol.internal.CobolParserVisitor,visitPasswordClause,FEATURE_ENVY,LOW,"foreign accesses=8, own accesses=1"
src/main/java/org/openrewrite/mainframe/cobol/internal/CobolParserVisitor.java,org.openrewrite.mainframe.cobol.internal.CobolParserVisitor,visitPerformAfter,FEATURE_ENVY,LOW,"foreign accesses=8, own accesses=0"
src/main/java/org/openrewrite/mainframe/cobol/internal/CobolParserVisitor.java,org.openrewrite.mainframe.cobol.internal.CobolParserVisitor,visitPerformBy,FEATURE_ENVY,LOW,"foreign accesses=9, own accesses=1"
src/main/java/org/openrewrite/mainframe/cobol/internal/CobolParserVisitor.java,org.openrewrite.mainframe.cobol.internal.CobolParserVisitor,visitPerformFrom,FEATURE_ENVY,LOW,"foreign accesses=9, own accesses=1"
src/main/java/org/openrewrite/mainframe/cobol/internal/CobolParserVisitor.java,org.openrewrite.mainframe.cobol.internal.CobolParserVisitor,visitPerformInlineStatement,FEATURE_ENVY,LOW,"foreign accesses=8, own accesses=2"
src/main/java/org/openrewrite/mainframe/cobol/internal/CobolParserVisitor.java,org.openrewrite.mainframe.cobol.internal.CobolParserVisitor,visitPerformProcedureStatement,FEATURE_ENVY,HIGH,"foreign accesses=17, own accesses=1"
src/main/java/org/openrewrite/mainframe/cobol/internal/CobolParserVisitor.java,org.openrewrite.mainframe.cobol.internal.CobolParserVisitor,visitPerformStatement,FEATURE_ENVY,LOW,"foreign accesses=8, own accesses=1"
src/main/java/org/openrewrite/mainframe/cobol/internal/CobolParserVisitor.java,org.openrewrite.mainframe.cobol.internal.CobolParserVisitor,visitPerformTestClause,FEATURE_ENVY,LOW,"foreign accesses=8, own accesses=1"
src/main/java/org/openrewrite/mainframe/cobol/internal/CobolParserVisitor.java,org.openrewrite.mainframe.cobol.internal.CobolParserVisitor,visitPerformTimes,FEATURE_ENVY,LOW,"foreign accesses=8, own accesses=1"
src/main/java/org/openrewrite/mainframe/cobol/internal/CobolParserVisitor.java,org.openrewrite.mainframe.cobol.internal.CobolParserVisitor,visitPerformUntil,FEATURE_ENVY,LOW,"foreign accesses=9, own accesses=1"
src/main/java/org/openrewrite/mainframe/cobol/internal/CobolParserVisitor.java,org.openrewrite.mainframe.cobol.internal.CobolParserVisitor,visitPerformVarying,FEATURE_ENVY,LOW,"foreign accesses=8, own accesses=1"
src/main/java/org/openrewrite/mainframe/cobol/internal/CobolParserVisitor.java,org.openrewrite.mainframe.cobol.internal.CobolParserVisitor,visitPerformVaryingClause,FEATURE_ENVY,LOW,"foreign accesses=9, own accesses=1"
src/main/java/org/openrewrite/mainframe/cobol/internal/CobolParserVisitor.java,org.openrewrite.mainframe.cobol.internal.CobolParserVisitor,visitPerformVaryingPhrase,FEATURE_ENVY,MEDIUM,"foreign accesses=12, own accesses=1"
src/main/java/org/openrewrite/mainframe/cobol/internal/CobolParserVisitor.java,org.openrewrite.mainframe.cobol.internal.CobolParserVisitor,visitPicture,FEATURE_ENVY,LOW,"foreign accesses=6, own accesses=2"
src/main/java/org/openrewrite/mainframe/cobol/internal/CobolParserVisitor.java,org.openrewrite.mainframe.cobol.internal.CobolParserVisitor,visitPictureCardinality,FEATURE_ENVY,MEDIUM,"foreign accesses=11, own accesses=0"
src/main/java/org/openrewrite/mainframe/cobol/internal/CobolParserVisitor.java,org.openrewrite.mainframe.cobol.internal.CobolParserVisitor,visitPictureString,FEATURE_ENVY,LOW,"foreign accesses=5, own accesses=1"
src/main/java/org/openrewrite/mainframe/cobol/internal/CobolParserVisitor.java,org.openrewrite.mainframe.cobol.internal.CobolParserVisitor,visitPlusMinus,FEATURE_ENVY,LOW,"foreign accesses=8, own accesses=1"
src/main/java/org/openrewrite/mainframe/cobol/internal/CobolParserVisitor.java,org.openrewrite.mainframe.cobol.internal.CobolParserVisitor,visitPower,FEATURE_ENVY,LOW,"foreign accesses=8, own accesses=0"
src/main/java/org/openrewrite/mainframe/cobol/internal/CobolParserVisitor.java,org.openrewrite.mainframe.cobol.internal.CobolParserVisitor,visitPowers,FEATURE_ENVY,MEDIUM,"foreign accesses=13, own accesses=1"
src/main/java/org/openrewrite/mainframe/cobol/internal/CobolParserVisitor.java,org.openrewrite.mainframe.cobol.internal.CobolParserVisitor,visitProcedureDeclarative,FEATURE_ENVY,MEDIUM,"foreign accesses=14, own accesses=0"
src/main/java/org/openrewrite/mainframe/cobol/internal/CobolParserVisitor.java,org.openrewrite.mainframe.cobol.internal.CobolParserVisitor,visitProcedureDeclaratives,FEATURE_ENVY,MEDIUM,"foreign accesses=13, own accesses=2"
src/main/java/org/openrewrite/mainframe/cobol/internal/CobolParserVisitor.java,org.openrewrite.mainframe.cobol.internal.CobolParserVisitor,visitProcedureDivision,FEATURE_ENVY,MEDIUM,"foreign accesses=13, own accesses=4"
src/main/java/org/openrewrite/mainframe/cobol/internal/CobolParserVisitor.java,org.openrewrite.mainframe.cobol.internal.CobolParserVisitor,visitProcedureDivisionBody,FEATURE_ENVY,LOW,"foreign accesses=7, own accesses=1"
src/main/java/org/openrewrite/mainframe/cobol/internal/CobolParserVisitor.java,org.openrewrite.mainframe.cobol.internal.CobolParserVisitor,visitProcedureDivisionByReference,FEATURE_ENVY,HIGH,"foreign accesses=17, own accesses=1"
src/main/java/org/openrewrite/mainframe/cobol/internal/CobolParserVisitor.java,org.openrewrite.mainframe.cobol.internal.CobolParserVisitor,visitProcedureDivisionByReferencePhrase,FEATURE_ENVY,LOW,"foreign accesses=7, own accesses=2"
src/main/java/org/openrewrite/mainframe/cobol/internal/CobolParserVisitor.java,org.openrewrite.mainframe.cobol.internal.CobolParserVisitor,visitProcedureDivisionByValuePhrase,FEATURE_ENVY,LOW,"foreign accesses=7, own accesses=2"
src/main/java/org/openrewrite/mainframe/cobol/internal/CobolParserVisitor.java,org.openrewrite.mainframe.cobol.internal.CobolParserVisitor,visitProcedureDivisionGivingClause,FEATURE_ENVY,LOW,"foreign accesses=8, own accesses=1"
src/main/java/org/openrewrite/mainframe/cobol/internal/CobolParserVisitor.java,org.openrewrite.mainframe.cobol.internal.CobolParserVisitor,visitProcedureDivisionUsingClause,FEATURE_ENVY,LOW,"foreign accesses=7, own accesses=2"
src/main/java/org/openrewrite/mainframe/cobol/internal/CobolParserVisitor.java,org.openrewrite.mainframe.cobol.internal.CobolParserVisitor,visitProcedureName,FEATURE_ENVY,LOW,"foreign accesses=8, own accesses=2"
src/main/java/org/openrewrite/mainframe/cobol/internal/CobolParserVisitor.java,org.openrewrite.mainframe.cobol.internal.CobolParserVisitor,visitProcedureSection,FEATURE_ENVY,MEDIUM,"foreign accesses=10, own accesses=0"
src/main/java/org/openrewrite/mainframe/cobol/internal/CobolParserVisitor.java,org.openrewrite.mainframe.cobol.internal.CobolParserVisitor,visitProcedureSectionHeader,FEATURE_ENVY,LOW,"foreign accesses=9, own accesses=1"
src/main/java/org/openrewrite/mainframe/cobol/internal/CobolParserVisitor.java,org.openrewrite.mainframe.cobol.internal.CobolParserVisitor,visitProgramIdParagraph,FEATURE_ENVY,HIGH,"foreign accesses=20, own accesses=4"
src/main/java/org/openrewrite/mainframe/cobol/internal/CobolParserVisitor.java,org.openrewrite.mainframe.cobol.internal.CobolParserVisitor,visitProgramLibrarySection,FEATURE_ENVY,LOW,"foreign accesses=8, own accesses=2"
src/main/java/org/openrewrite/mainframe/cobol/internal/CobolParserVisitor.java,org.openrewrite.mainframe.cobol.internal.CobolParserVisitor,visitPurgeStatement,FEATURE_ENVY,LOW,"foreign accesses=7, own accesses=1"
src/main/java/org/openrewrite/mainframe/cobol/internal/CobolParserVisitor.java,org.openrewrite.mainframe.cobol.internal.CobolParserVisitor,visitQualifiedDataName,FEATURE_ENVY,LOW,"foreign accesses=8, own accesses=1"
src/main/java/org/openrewrite/mainframe/cobol/internal/CobolParserVisitor.java,org.openrewrite.mainframe.cobol.internal.CobolParserVisitor,visitQualifiedDataNameFormat1,FEATURE_ENVY,LOW,"foreign accesses=8, own accesses=3"
src/main/java/org/openrewrite/mainframe/cobol/internal/CobolParserVisitor.java,org.openrewrite.mainframe.cobol.internal.CobolParserVisitor,visitQualifiedDataNameFormat2,FEATURE_ENVY,LOW,"foreign accesses=8, own accesses=0"
src/main/java/org/openrewrite/mainframe/cobol/internal/CobolParserVisitor.java,org.openrewrite.mainframe.cobol.internal.CobolParserVisitor,visitQualifiedDataNameFormat3,FEATURE_ENVY,LOW,"foreign accesses=8, own accesses=0"
src/main/java/org/openrewrite/mainframe/cobol/internal/CobolParserVisitor.java,org.openrewrite.mainframe.cobol.internal.CobolParserVisitor,visitQualifiedDataNameFormat4,FEATURE_ENVY,LOW,"foreign accesses=7, own accesses=1"
src/main/java/org/openrewrite/mainframe/cobol/internal/CobolParserVisitor.java,org.openrewrite.mainframe.cobol.internal.CobolParserVisitor,visitQualifiedInData,FEATURE_ENVY,LOW,"foreign accesses=6, own accesses=1"
src/main/java/org/openrewrite/mainframe/cobol/internal/CobolParserVisitor.java,org.openrewrite.mainframe.cobol.internal.CobolParserVisitor,visitReadInto,FEATURE_ENVY,LOW,"foreign accesses=8, own accesses=0"
src/main/java/org/openrewrite/mainframe/cobol/internal/CobolParserVisitor.java,org.openrewrite.mainframe.cobol.internal.CobolParserVisitor,visitReadKey,FEATURE_ENVY,LOW,"foreign accesses=8, own accesses=1"
src/main/java/org/openrewrite/mainframe/cobol/internal/CobolParserVisitor.java,org.openrewrite.mainframe.cobol.internal.CobolParserVisitor,visitReadWith,FEATURE_ENVY,LOW,"foreign accesses=9, own accesses=1"
src/main/java/org/openrewrite/mainframe/cobol/internal/CobolParserVisitor.java,org.openrewrite.mainframe.cobol.internal.CobolParserVisitor,visitReceiveBefore,FEATURE_ENVY,LOW,"foreign accesses=8, own accesses=2"
src/main/java/org/openrewrite/mainframe/cobol/internal/CobolParserVisitor.java,org.openrewrite.mainframe.cobol.internal.CobolParserVisitor,visitReceiveFrom,FEATURE_ENVY,LOW,"foreign accesses=8, own accesses=2"
src/main/java/org/openrewrite/mainframe/cobol/internal/CobolParserVisitor.java,org.openrewrite.mainframe.cobol.internal.CobolParserVisitor,visitReceiveFromStatement,FEATURE_ENVY,HIGH,"foreign accesses=15, own accesses=1"
src/main/java/org/openrewrite/mainframe/cobol/internal/CobolParserVisitor.java,org.openrewrite.mainframe.cobol.internal.CobolParserVisitor,visitReceiveIntoStatement,FEATURE_ENVY,MEDIUM,"foreign accesses=12, own accesses=4"
src/main/java/org/openrewrite/mainframe/cobol/internal/CobolParserVisitor.java,org.openrewrite.mainframe.cobol.internal.CobolParserVisitor,visitReceiveNoData,FEATURE_ENVY,LOW,"foreign accesses=7, own accesses=2"
src/main/java/org/openrewrite/mainframe/cobol/internal/CobolParserVisitor.java,org.openrewrite.mainframe.cobol.internal.CobolParserVisitor,visitReceiveSize,FEATURE_ENVY,LOW,"foreign accesses=8, own accesses=2"
src/main/java/org/openrewrite/mainframe/cobol/internal/CobolParserVisitor.java,org.openrewrite.mainframe.cobol.internal.CobolParserVisitor,visitReceiveStatement,FEATURE_ENVY,MEDIUM,"foreign accesses=11, own accesses=4"
src/main/java/org/openrewrite/mainframe/cobol/internal/CobolParserVisitor.java,org.openrewrite.mainframe.cobol.internal.CobolParserVisitor,visitReceiveStatus,FEATURE_ENVY,LOW,"foreign accesses=8, own accesses=1"
src/main/java/org/openrewrite/mainframe/cobol/internal/CobolParserVisitor.java,org.openrewrite.mainframe.cobol.internal.CobolParserVisitor,visitReceiveThread,FEATURE_ENVY,LOW,"foreign accesses=8, own accesses=1"
src/main/java/org/openrewrite/mainframe/cobol/internal/CobolParserVisitor.java,org.openrewrite.mainframe.cobol.internal.CobolParserVisitor,visitReceiveWith,FEATURE_ENVY,LOW,"foreign accesses=7, own accesses=1"
src/main/java/org/openrewrite/mainframe/cobol/internal/CobolParserVisitor.java,org.openrewrite.mainframe.cobol.internal.CobolParserVisitor,visitReceiveWithData,FEATURE_ENVY,LOW,"foreign accesses=7, own accesses=2"
src/main/java/org/openrewrite/mainframe/cobol/internal/CobolParserVisitor.java,org.openrewrite.mainframe.cobol.internal.CobolParserVisitor,visitRecordContainsClause,FEATURE_ENVY,LOW,"foreign accesses=9, own accesses=1"
src/main/java/org/openrewrite/mainframe/cobol/internal/CobolParserVisitor.java,org.openrewrite.mainframe.cobol.internal.CobolParserVisitor,visitRecordContainsClauseFormat1,FEATURE_ENVY,LOW,"foreign accesses=8, own accesses=2"
src/main/java/org/openrewrite/mainframe/cobol/internal/CobolParserVisitor.java,org.openrewrite.mainframe.cobol.internal.CobolParserVisitor,visitRecordContainsClauseFormat2,FEATURE_ENVY,HIGH,"foreign accesses=22, own accesses=3"
src/main/java/org/openrewrite/mainframe/cobol/internal/CobolParserVisitor.java,org.openrewrite.mainframe.cobol.internal.CobolParserVisitor,visitRecordContainsClauseFormat3,FEATURE_ENVY,MEDIUM,"foreign accesses=10, own accesses=2"
src/main/java/org/openrewrite/mainframe/cobol/internal/CobolParserVisitor.java,org.openrewrite.mainframe.cobol.internal.CobolParserVisitor,visitRecordContainsTo,FEATURE_ENVY,LOW,"foreign accesses=8, own accesses=0"
src/main/java/org/openrewrite/mainframe/cobol/internal/CobolParserVisitor.java,org.openrewrite.mainframe.cobol.internal.CobolParserVisitor,visitRecordDelimiterClause,FEATURE_ENVY,MEDIUM,"foreign accesses=10, own accesses=2"
src/main/java/org/openrewrite/mainframe/cobol/internal/CobolParserVisitor.java,org.openrewrite.mainframe.cobol.internal.CobolParserVisitor,visitRecordKeyClause,FEATURE_ENVY,MEDIUM,"foreign accesses=12, own accesses=3"
src/main/java/org/openrewrite/mainframe/cobol/internal/CobolParserVisitor.java,org.openrewrite.mainframe.cobol.internal.CobolParserVisitor,visitRecordingModeClause,FEATURE_ENVY,LOW,"foreign accesses=8, own accesses=2"
src/main/java/org/openrewrite/mainframe/cobol/internal/CobolParserVisitor.java,org.openrewrite.mainframe.cobol.internal.CobolParserVisitor,visitReferenceModifier,FEATURE_ENVY,MEDIUM,"foreign accesses=13, own accesses=1"
src/main/java/org/openrewrite/mainframe/cobol/internal/CobolParserVisitor.java,org.openrewrite.mainframe.cobol.internal.CobolParserVisitor,visitRelationArithmeticComparison,FEATURE_ENVY,MEDIUM,"foreign accesses=12, own accesses=0"
src/main/java/org/openrewrite/mainframe/cobol/internal/CobolParserVisitor.java,org.openrewrite.mainframe.cobol.internal.CobolParserVisitor,visitRelationCombinedComparison,FEATURE_ENVY,HIGH,"foreign accesses=19, own accesses=0"
src/main/java/org/openrewrite/mainframe/cobol/internal/CobolParserVisitor.java,org.openrewrite.mainframe.cobol.internal.CobolParserVisitor,visitRelationCombinedCondition,FEATURE_ENVY,LOW,"foreign accesses=7, own accesses=1"
src/main/java/org/openrewrite/mainframe/cobol/internal/CobolParserVisitor.java,org.openrewrite.mainframe.cobol.internal.CobolParserVisitor,visitRelationSignCondition,FEATURE_ENVY,MEDIUM,"foreign accesses=11, own accesses=1"
src/main/java/org/openrewrite/mainframe/cobol/internal/CobolParserVisitor.java,org.openrewrite.mainframe.cobol.internal.CobolParserVisitor,visitRelationalOperator,FEATURE_ENVY,HIGH,"foreign accesses=19, own accesses=1"
src/main/java/org/openrewrite/mainframe/cobol/internal/CobolParserVisitor.java,org.openrewrite.mainframe.cobol.internal.CobolParserVisitor,visitRelativeKeyClause,FEATURE_ENVY,LOW,"foreign accesses=9, own accesses=1"
src/main/java/org/openrewrite/mainframe/cobol/internal/CobolParserVisitor.java,org.openrewrite.mainframe.cobol.internal.CobolParserVisitor,visitReleaseStatement,FEATURE_ENVY,MEDIUM,"foreign accesses=10, own accesses=2"
src/main/java/org/openrewrite/mainframe/cobol/internal/CobolParserVisitor.java,org.openrewrite.mainframe.cobol.internal.CobolParserVisitor,visitRemarksParagraph,FEATURE_ENVY,MEDIUM,"foreign accesses=14, own accesses=2"
src/main/java/org/openrewrite/mainframe/cobol/internal/CobolParserVisitor.java,org.openrewrite.mainframe.cobol.internal.CobolParserVisitor,visitReportClause,FEATURE_ENVY,LOW,"foreign accesses=9, own accesses=2"
src/main/java/org/openrewrite/mainframe/cobol/internal/CobolParserVisitor.java,org.openrewrite.mainframe.cobol.internal.CobolParserVisitor,visitReportDescription,FEATURE_ENVY,LOW,"foreign accesses=7, own accesses=1"
src/main/java/org/openrewrite/mainframe/cobol/internal/CobolParserVisitor.java,org.openrewrite.mainframe.cobol.internal.CobolParserVisitor,visitReportDescriptionEntry,FEATURE_ENVY,HIGH,"foreign accesses=16, own accesses=6"
src/main/java/org/openrewrite/mainframe/cobol/internal/CobolParserVisitor.java,org.openrewrite.mainframe.cobol.internal.CobolParserVisitor,visitReportDescriptionFirstDetailClause,FEATURE_ENVY,LOW,"foreign accesses=8, own accesses=1"
src/main/java/org/openrewrite/mainframe/cobol/internal/CobolParserVisitor.java,org.openrewrite.mainframe.cobol.internal.CobolParserVisitor,visitReportDescriptionFootingClause,FEATURE_ENVY,LOW,"foreign accesses=8, own accesses=0"
src/main/java/org/openrewrite/mainframe/cobol/internal/CobolParserVisitor.java,org.openrewrite.mainframe.cobol.internal.CobolParserVisitor,visitReportDescriptionGlobalClause,FEATURE_ENVY,LOW,"foreign accesses=6, own accesses=1"
src/main/java/org/openrewrite/mainframe/cobol/internal/CobolParserVisitor.java,org.openrewrite.mainframe.cobol.internal.CobolParserVisitor,visitReportDescriptionHeadingClause,FEATURE_ENVY,LOW,"foreign accesses=8, own accesses=0"
src/main/java/org/openrewrite/mainframe/cobol/internal/CobolParserVisitor.java,org.openrewrite.mainframe.cobol.internal.CobolParserVisitor,visitReportDescriptionLastDetailClause,FEATURE_ENVY,LOW,"foreign accesses=8, own accesses=1"
src/main/java/org/openrewrite/mainframe/cobol/internal/CobolParserVisitor.java,org.openrewrite.mainframe.cobol.internal.CobolParserVisitor,visitReportDescriptionPageLimitClause,FEATURE_ENVY,HIGH,"foreign accesses=17, own accesses=1"
src/main/java/org/openrewrite/mainframe/cobol/internal/CobolParserVisitor.java,org.openrewrite.mainframe.cobol.internal.CobolParserVisitor,visitReportGroupBlankWhenZeroClause,FEATURE_ENVY,LOW,"foreign accesses=7, own accesses=1"
src/main/java/org/openrewrite/mainframe/cobol/internal/CobolParserVisitor.java,org.openrewrite.mainframe.cobol.internal.CobolParserVisitor,visitReportGroupColumnNumberClause,FEATURE_ENVY,LOW,"foreign accesses=9, own accesses=1"
src/main/java/org/openrewrite/mainframe/cobol/internal/CobolParserVisitor.java,org.openrewrite.mainframe.cobol.internal.CobolParserVisitor,visitReportGroupDescriptionEntryFormat1,FEATURE_ENVY,HIGH,"foreign accesses=15, own accesses=3"
src/main/java/org/openrewrite/mainframe/cobol/internal/CobolParserVisitor.java,org.openrewrite.mainframe.cobol.internal.CobolParserVisitor,visitReportGroupDescriptionEntryFormat2,FEATURE_ENVY,MEDIUM,"foreign accesses=12, own accesses=2"
src/main/java/org/openrewrite/mainframe/cobol/internal/CobolParserVisitor.java,org.openrewrite.mainframe.cobol.internal.CobolParserVisitor,visitReportGroupDescriptionEntryFormat3,FEATURE_ENVY,HIGH,"foreign accesses=21, own accesses=2"
src/main/java/org/openrewrite/mainframe/cobol/internal/CobolParserVisitor.java,org.openrewrite.mainframe.cobol.internal.CobolParserVisitor,visitReportGroupIndicateClause,FEATURE_ENVY,LOW,"foreign accesses=6, own accesses=1"
src/main/java/org/openrewrite/mainframe/cobol/internal/CobolParserVisitor.java,org.openrewrite.mainframe.cobol.internal.CobolParserVisitor,visitReportGroupJustifiedClause,FEATURE_ENVY,LOW,"foreign accesses=7, own accesses=1"
src/main/java/org/openrewrite/mainframe/cobol/internal/CobolParserVisitor.java,org.openrewrite.mainframe.cobol.internal.CobolParserVisitor,visitReportGroupLineNumberClause,FEATURE_ENVY,LOW,"foreign accesses=9, own accesses=2"
src/main/java/org/openrewrite/mainframe/cobol/internal/CobolParserVisitor.java,org.openrewrite.mainframe.cobol.internal.CobolParserVisitor,visitReportGroupLineNumberNextPage,FEATURE_ENVY,LOW,"foreign accesses=9, own accesses=1"
src/main/java/org/openrewrite/mainframe/cobol/internal/CobolParserVisitor.java,org.openrewrite.mainframe.cobol.internal.CobolParserVisitor,visitReportGroupLineNumberPlus,FEATURE_ENVY,LOW,"foreign accesses=7, own accesses=1"
src/main/java/org/openrewrite/mainframe/cobol/internal/CobolParserVisitor.java,org.openrewrite.mainframe.cobol.internal.CobolParserVisitor,visitReportGroupNextGroupClause,FEATURE_ENVY,MEDIUM,"foreign accesses=10, own accesses=2"
src/main/java/org/openrewrite/mainframe/cobol/internal/CobolParserVisitor.java,org.openrewrite.mainframe.cobol.internal.CobolParserVisitor,visitReportGroupNextGroupNextPage,FEATURE_ENVY,LOW,"foreign accesses=6, own accesses=1"
src/main/java/org/openrewrite/mainframe/cobol/internal/CobolParserVisitor.java,org.openrewrite.mainframe.cobol.internal.CobolParserVisitor,visitReportGroupNextGroupPlus,FEATURE_ENVY,LOW,"foreign accesses=7, own accesses=1"
src/main/java/org/openrewrite/mainframe/cobol/internal/CobolParserVisitor.java,org.openrewrite.mainframe.cobol.internal.CobolParserVisitor,visitReportGroupPictureClause,FEATURE_ENVY,LOW,"foreign accesses=9, own accesses=1"
src/main/java/org/openrewrite/mainframe/cobol/internal/CobolParserVisitor.java,org.openrewrite.mainframe.cobol.internal.CobolParserVisitor,visitReportGroupResetClause,FEATURE_ENVY,LOW,"foreign accesses=8, own accesses=2"
src/main/java/org/openrewrite/mainframe/cobol/internal/CobolParserVisitor.java,org.openrewrite.mainframe.cobol.internal.CobolParserVisitor,visitReportGroupSignClause,FEATURE_ENVY,MEDIUM,"foreign accesses=10, own accesses=1"
src/main/java/org/openrewrite/mainframe/cobol/internal/CobolParserVisitor.java,org.openrewrite.mainframe.cobol.internal.CobolParserVisitor,visitReportGroupSourceClause,FEATURE_ENVY,LOW,"foreign accesses=8, own accesses=1"
src/main/java/org/openrewrite/mainframe/cobol/internal/CobolParserVisitor.java,org.openrewrite.mainframe.cobol.internal.CobolParserVisitor,visitReportGroupSumClause,FEATURE_ENVY,MEDIUM,"foreign accesses=11, own accesses=1"
src/main/java/org/openrewrite/mainframe/cobol/internal/CobolParserVisitor.java,org.openrewrite.mainframe.cobol.internal.CobolParserVisitor,visitReportGroupTypeClause,FEATURE_ENVY,MEDIUM,"foreign accesses=13, own accesses=2"
src/main/java/org/openrewrite/mainframe/cobol/internal/CobolParserVisitor.java,org.openrewrite.mainframe.cobol.internal.CobolParserVisitor,visitReportGroupTypeControlFooting,FEATURE_ENVY,LOW,"foreign accesses=9, own accesses=2"
src/main/java/org/openrewrite/mainframe/cobol/internal/CobolParserVisitor.java,org.openrewrite.mainframe.cobol.internal.CobolParserVisitor,visitReportGroupTypeControlHeading,FEATURE_ENVY,LOW,"foreign accesses=9, own accesses=2"
src/main/java/org/openrewrite/mainframe/cobol/internal/CobolParserVisitor.java,org.openrewrite.mainframe.cobol.internal.CobolParserVisitor,visitReportGroupTypeDetail,FEATURE_ENVY,LOW,"foreign accesses=6, own accesses=1"
src/main/java/org/openrewrite/mainframe/cobol/internal/CobolParserVisitor.java,org.openrewrite.mainframe.cobol.internal.CobolParserVisitor,visitReportGroupTypePageFooting,FEATURE_ENVY,LOW,"foreign accesses=7, own accesses=1"
src/main/java/org/openrewrite/mainframe/cobol/internal/CobolParserVisitor.java,org.openrewrite.mainframe.cobol.internal.CobolParserVisitor,visitReportGroupTypePageHeading,FEATURE_ENVY,LOW,"foreign accesses=7, own accesses=1"
src/main/java/org/openrewrite/mainframe/cobol/internal/CobolParserVisitor.java,org.openrewrite.mainframe.cobol.internal.CobolParserVisitor,visitReportGroupTypeReportFooting,FEATURE_ENVY,LOW,"foreign accesses=7, own accesses=1"
src/main/java/org/openrewrite/mainframe/cobol/internal/CobolParserVisitor.java,org.openrewrite.mainframe.cobol.internal.CobolParserVisitor,visitReportGroupTypeReportHeading,FEATURE_ENVY,LOW,"foreign accesses=7, own accesses=1"
src/main/java/org/openrewrite/mainframe/cobol/internal/CobolParserVisitor.java,org.openrewrite.mainframe.cobol.internal.CobolParserVisitor,visitReportGroupUsageClause,FEATURE_ENVY,LOW,"foreign accesses=8, own accesses=1"
src/main/java/org/openrewrite/mainframe/cobol/internal/CobolParserVisitor.java,org.openrewrite.mainframe.cobol.internal.CobolParserVisitor,visitReportGroupValueClause,FEATURE_ENVY,LOW,"foreign accesses=8, own accesses=1"
src/main/java/org/openrewrite/mainframe/cobol/internal/CobolParserVisitor.java,org.openrewrite.mainframe.cobol.internal.CobolParserVisitor,visitReportSection,FEATURE_ENVY,LOW,"foreign accesses=8, own accesses=2"
src/main/java/org/openrewrite/mainframe/cobol/internal/CobolParserVisitor.java,org.openrewrite.mainframe.cobol.internal.CobolParserVisitor,visitRepositoryEntry,FEATURE_ENVY,MEDIUM,"foreign accesses=13, own accesses=4"
src/main/java/org/openrewrite/mainframe/cobol/internal/CobolParserVisitor.java,org.openrewrite.mainframe.cobol.internal.CobolParserVisitor,visitRepositoryParagraph,FEATURE_ENVY,MEDIUM,"foreign accesses=13, own accesses=1"
src/main/java/org/openrewrite/mainframe/cobol/internal/CobolParserVisitor.java,org.openrewrite.mainframe.cobol.internal.CobolParserVisitor,visitRerunClause,FEATURE_ENVY,MEDIUM,"foreign accesses=14, own accesses=3"
src/main/java/org/openrewrite/mainframe/cobol/internal/CobolParserVisitor.java,org.openrewrite.mainframe.cobol.internal.CobolParserVisitor,visitRerunEveryClock,FEATURE_ENVY,LOW,"foreign accesses=7, own accesses=1"
src/main/java/org/openrewrite/mainframe/cobol/internal/CobolParserVisitor.java,org.openrewrite.mainframe.cobol.internal.CobolParserVisitor,visitRerunEveryOf,FEATURE_ENVY,HIGH,"foreign accesses=15, own accesses=1"
src/main/java/org/openrewrite/mainframe/cobol/internal/CobolParserVisitor.java,org.openrewrite.mainframe.cobol.internal.CobolParserVisitor,visitRerunEveryRecords,FEATURE_ENVY,LOW,"foreign accesses=8, own accesses=0"
src/main/java/org/openrewrite/mainframe/cobol/internal/CobolParserVisitor.java,org.openrewrite.mainframe.cobol.internal.CobolParserVisitor,visitReserveClause,FEATURE_ENVY,HIGH,"foreign accesses=17, own accesses=1"
src/main/java/org/openrewrite/mainframe/cobol/internal/CobolParserVisitor.java,org.openrewrite.mainframe.cobol.internal.CobolParserVisitor,visitReserveNetworkClause,FEATURE_ENVY,MEDIUM,"foreign accesses=10, own accesses=1"
src/main/java/org/openrewrite/mainframe/cobol/internal/CobolParserVisitor.java,org.openrewrite.mainframe.cobol.internal.CobolParserVisitor,visitReturnInto,FEATURE_ENVY,LOW,"foreign accesses=8, own accesses=0"
src/main/java/org/openrewrite/mainframe/cobol/internal/CobolParserVisitor.java,org.openrewrite.mainframe.cobol.internal.CobolParserVisitor,visitReturnStatement,FEATURE_ENVY,MEDIUM,"foreign accesses=14, own accesses=4"
src/main/java/org/openrewrite/mainframe/cobol/internal/CobolParserVisitor.java,org.openrewrite.mainframe.cobol.internal.CobolParserVisitor,visitRewriteFrom,FEATURE_ENVY,LOW,"foreign accesses=8, own accesses=0"
src/main/java/org/openrewrite/mainframe/cobol/internal/CobolParserVisitor.java,org.openrewrite.mainframe.cobol.internal.CobolParserVisitor,visitRewriteStatement,FEATURE_ENVY,MEDIUM,"foreign accesses=12, own accesses=4"
src/main/java/org/openrewrite/mainframe/cobol/internal/CobolParserVisitor.java,org.openrewrite.mainframe.cobol.internal.CobolParserVisitor,visitRoundable,FEATURE_ENVY,LOW,"foreign accesses=7, own accesses=1"
src/main/java/org/openrewrite/mainframe/cobol/internal/CobolParserVisitor.java,org.openrewrite.mainframe.cobol.internal.CobolParserVisitor,visitSameClause,FEATURE_ENVY,MEDIUM,"foreign accesses=11, own accesses=2"
src/main/java/org/openrewrite/mainframe/cobol/internal/CobolParserVisitor.java,org.openrewrite.mainframe.cobol.internal.CobolParserVisitor,visitScreenDescriptionAutoClause,FEATURE_ENVY,LOW,"foreign accesses=6, own accesses=1"
src/main/java/org/openrewrite/mainframe/cobol/internal/CobolParserVisitor.java,org.openrewrite.mainframe.cobol.internal.CobolParserVisitor,visitScreenDescriptionBackgroundColorClause,FEATURE_ENVY,LOW,"foreign accesses=9, own accesses=3"
src/main/java/org/openrewrite/mainframe/cobol/internal/CobolParserVisitor.java,org.openrewrite.mainframe.cobol.internal.CobolParserVisitor,visitScreenDescriptionBellClause,FEATURE_ENVY,LOW,"foreign accesses=6, own accesses=1"
src/main/java/org/openrewrite/mainframe/cobol/internal/CobolParserVisitor.java,org.openrewrite.mainframe.cobol.internal.CobolParserVisitor,visitScreenDescriptionBlankClause,FEATURE_ENVY,LOW,"foreign accesses=7, own accesses=1"
src/main/java/org/openrewrite/mainframe/cobol/internal/CobolParserVisitor.java,org.openrewrite.mainframe.cobol.internal.CobolParserVisitor,visitScreenDescriptionBlankWhenZeroClause,FEATURE_ENVY,LOW,"foreign accesses=7, own accesses=1"
src/main/java/org/openrewrite/mainframe/cobol/internal/CobolParserVisitor.java,org.openrewrite.mainframe.cobol.internal.CobolParserVisitor,visitScreenDescriptionBlinkClause,FEATURE_ENVY,LOW,"foreign accesses=6, own accesses=0"
src/main/java/org/openrewrite/mainframe/cobol/internal/CobolParserVisitor.java,org.openrewrite.mainframe.cobol.internal.CobolParserVisitor,visitScreenDescriptionColumnClause,FEATURE_ENVY,MEDIUM,"foreign accesses=13, own accesses=2"
src/main/java/org/openrewrite/mainframe/cobol/internal/CobolParserVisitor.java,org.openrewrite.mainframe.cobol.internal.CobolParserVisitor,visitScreenDescriptionControlClause,FEATURE_ENVY,LOW,"foreign accesses=8, own accesses=1"
src/main/java/org/openrewrite/mainframe/cobol/internal/CobolParserVisitor.java,org.openrewrite.mainframe.cobol.internal.CobolParserVisitor,visitScreenDescriptionEntry,FEATURE_ENVY,CRITICAL,"foreign accesses=42, own accesses=1"
src/main/java/org/openrewrite/mainframe/cobol/internal/CobolParserVisitor.java,org.openrewrite.mainframe.cobol.internal.CobolParserVisitor,visitScreenDescriptionEraseClause,FEATURE_ENVY,LOW,"foreign accesses=7, own accesses=1"
src/main/java/org/openrewrite/mainframe/cobol/internal/CobolParserVisitor.java,org.openrewrite.mainframe.cobol.internal.CobolParserVisitor,visitScreenDescriptionForegroundColorClause,FEATURE_ENVY,LOW,"foreign accesses=9, own accesses=2"
src/main/java/org/openrewrite/mainframe/cobol/internal/CobolParserVisitor.java,org.openrewrite.mainframe.cobol.internal.CobolParserVisitor,visitScreenDescriptionFromClause,FEATURE_ENVY,LOW,"foreign accesses=9, own accesses=2"
src/main/java/org/openrewrite/mainframe/cobol/internal/CobolParserVisitor.java,org.openrewrite.mainframe.cobol.internal.CobolParserVisitor,visitScreenDescriptionFullClause,FEATURE_ENVY,LOW,"foreign accesses=6, own accesses=1"
src/main/java/org/openrewrite/mainframe/cobol/internal/CobolParserVisitor.java,org.openrewrite.mainframe.cobol.internal.CobolParserVisitor,visitScreenDescriptionGridClause,FEATURE_ENVY,LOW,"foreign accesses=7, own accesses=1"
src/main/java/org/openrewrite/mainframe/cobol/internal/CobolParserVisitor.java,org.openrewrite.mainframe.cobol.internal.CobolParserVisitor,visitScreenDescriptionJustifiedClause,FEATURE_ENVY,LOW,"foreign accesses=7, own accesses=1"
src/main/java/org/openrewrite/mainframe/cobol/internal/CobolParserVisitor.java,org.openrewrite.mainframe.cobol.internal.CobolParserVisitor,visitScreenDescriptionLightClause,FEATURE_ENVY,LOW,"foreign accesses=6, own accesses=1"
src/main/java/org/openrewrite/mainframe/cobol/internal/CobolParserVisitor.java,org.openrewrite.mainframe.cobol.internal.CobolParserVisitor,visitScreenDescriptionLineClause,FEATURE_ENVY,MEDIUM,"foreign accesses=12, own accesses=2"
src/main/java/org/openrewrite/mainframe/cobol/internal/CobolParserVisitor.java,org.openrewrite.mainframe.cobol.internal.CobolParserVisitor,visitScreenDescriptionPictureClause,FEATURE_ENVY,LOW,"foreign accesses=9, own accesses=1"
src/main/java/org/openrewrite/mainframe/cobol/internal/CobolParserVisitor.java,org.openrewrite.mainframe.cobol.internal.CobolParserVisitor,visitScreenDescriptionPromptClause,FEATURE_ENVY,MEDIUM,"foreign accesses=10, own accesses=3"
src/main/java/org/openrewrite/mainframe/cobol/internal/CobolParserVisitor.java,org.openrewrite.mainframe.cobol.internal.CobolParserVisitor,visitScreenDescriptionPromptOccursClause,FEATURE_ENVY,LOW,"foreign accesses=9, own accesses=1"
src/main/java/org/openrewrite/mainframe/cobol/internal/CobolParserVisitor.java,org.openrewrite.mainframe.cobol.internal.CobolParserVisitor,visitScreenDescriptionRequiredClause,FEATURE_ENVY,LOW,"foreign accesses=6, own accesses=1"
src/main/java/org/openrewrite/mainframe/cobol/internal/CobolParserVisitor.java,org.openrewrite.mainframe.cobol.internal.CobolParserVisitor,visitScreenDescriptionReverseVideoClause,FEATURE_ENVY,LOW,"foreign accesses=6, own accesses=0"
src/main/java/org/openrewrite/mainframe/cobol/internal/CobolParserVisitor.java,org.openrewrite.mainframe.cobol.internal.CobolParserVisitor,visitScreenDescriptionSecureClause,FEATURE_ENVY,LOW,"foreign accesses=6, own accesses=1"
src/main/java/org/openrewrite/mainframe/cobol/internal/CobolParserVisitor.java,org.openrewrite.mainframe.cobol.internal.CobolParserVisitor,visitScreenDescriptionSignClause,FEATURE_ENVY,MEDIUM,"foreign accesses=10, own accesses=1"
src/main/java/org/openrewrite/mainframe/cobol/internal/CobolParserVisitor.java,org.openrewrite.mainframe.cobol.internal.CobolParserVisitor,visitScreenDescriptionSizeClause,FEATURE_ENVY,LOW,"foreign accesses=8, own accesses=1"
src/main/java/org/openrewrite/mainframe/cobol/internal/CobolParserVisitor.java,org.openrewrite.mainframe.cobol.internal.CobolParserVisitor,visitScreenDescriptionToClause,FEATURE_ENVY,LOW,"foreign accesses=8, own accesses=0"
src/main/java/org/openrewrite/mainframe/cobol/internal/CobolParserVisitor.java,org.openrewrite.mainframe.cobol.internal.CobolParserVisitor,visitScreenDescriptionUnderlineClause,FEATURE_ENVY,LOW,"foreign accesses=6, own accesses=0"
src/main/java/org/openrewrite/mainframe/cobol/internal/CobolParserVisitor.java,org.openrewrite.mainframe.cobol.internal.CobolParserVisitor,visitScreenDescriptionUsageClause,FEATURE_ENVY,LOW,"foreign accesses=8, own accesses=1"
src/main/java/org/openrewrite/mainframe/cobol/internal/CobolParserVisitor.java,org.openrewrite.mainframe.cobol.internal.CobolParserVisitor,visitScreenDescriptionUsingClause,FEATURE_ENVY,LOW,"foreign accesses=8, own accesses=0"
src/main/java/org/openrewrite/mainframe/cobol/internal/CobolParserVisitor.java,org.openrewrite.mainframe.cobol.internal.CobolParserVisitor,visitScreenDescriptionValueClause,FEATURE_ENVY,LOW,"foreign accesses=8, own accesses=1"
src/main/java/org/openrewrite/mainframe/cobol/internal/CobolParserVisitor.java,org.openrewrite.mainframe.cobol.internal.CobolParserVisitor,visitScreenDescriptionZeroFillClause,FEATURE_ENVY,LOW,"foreign accesses=6, own accesses=0"
src/main/java/org/openrewrite/mainframe/cobol/internal/CobolParserVisitor.java,org.openrewrite.mainframe.cobol.internal.CobolParserVisitor,visitScreenSection,FEATURE_ENVY,LOW,"foreign accesses=9, own accesses=2"
src/main/java/org/openrewrite/mainframe/cobol/internal/CobolParserVisitor.java,org.openrewrite.mainframe.cobol.internal.CobolParserVisitor,visitSearchStatement,FEATURE_ENVY,MEDIUM,"foreign accesses=12, own accesses=5"
src/main/java/org/openrewrite/mainframe/cobol/internal/CobolParserVisitor.java,org.openrewrite.mainframe.cobol.internal.CobolParserVisitor,visitSearchVarying,FEATURE_ENVY,LOW,"foreign accesses=8, own accesses=0"
src/main/java/org/openrewrite/mainframe/cobol/internal/CobolParserVisitor.java,org.openrewrite.mainframe.cobol.internal.CobolParserVisitor,visitSearchWhen,FEATURE_ENVY,MEDIUM,"foreign accesses=11, own accesses=2"
src/main/java/org/openrewrite/mainframe/cobol/internal/CobolParserVisitor.java,org.openrewrite.mainframe.cobol.internal.CobolParserVisitor,visitSecurityParagraph,FEATURE_ENVY,LOW,"foreign accesses=9, own accesses=1"
src/main/java/org/openrewrite/mainframe/cobol/internal/CobolParserVisitor.java,org.openrewrite.mainframe.cobol.internal.CobolParserVisitor,visitSegmentLimitClause,FEATURE_ENVY,MEDIUM,"foreign accesses=10, own accesses=1"
src/main/java/org/openrewrite/mainframe/cobol/internal/CobolParserVisitor.java,org.openrewrite.mainframe.cobol.internal.CobolParserVisitor,visitSelectClause,FEATURE_ENVY,LOW,"foreign accesses=8, own accesses=1"
src/main/java/org/openrewrite/mainframe/cobol/internal/CobolParserVisitor.java,org.openrewrite.mainframe.cobol.internal.CobolParserVisitor,visitSendAdvancingLines,FEATURE_ENVY,MEDIUM,"foreign accesses=12, own accesses=1"
src/main/java/org/openrewrite/mainframe/cobol/internal/CobolParserVisitor.java,org.openrewrite.mainframe.cobol.internal.CobolParserVisitor,visitSendAdvancingPhrase,FEATURE_ENVY,MEDIUM,"foreign accesses=10, own accesses=2"
src/main/java/org/openrewrite/mainframe/cobol/internal/CobolParserVisitor.java,org.openrewrite.mainframe.cobol.internal.CobolParserVisitor,visitSendFromPhrase,FEATURE_ENVY,LOW,"foreign accesses=7, own accesses=1"
src/main/java/org/openrewrite/mainframe/cobol/internal/CobolParserVisitor.java,org.openrewrite.mainframe.cobol.internal.CobolParserVisitor,visitSendReplacingPhrase,FEATURE_ENVY,LOW,"foreign accesses=6, own accesses=1"
src/main/java/org/openrewrite/mainframe/cobol/internal/CobolParserVisitor.java,org.openrewrite.mainframe.cobol.internal.CobolParserVisitor,visitSendStatement,FEATURE_ENVY,MEDIUM,"foreign accesses=10, own accesses=3"
src/main/java/org/openrewrite/mainframe/cobol/internal/CobolParserVisitor.java,org.openrewrite.mainframe.cobol.internal.CobolParserVisitor,visitSendStatementAsync,FEATURE_ENVY,LOW,"foreign accesses=9, own accesses=1"
src/main/java/org/openrewrite/mainframe/cobol/internal/CobolParserVisitor.java,org.openrewrite.mainframe.cobol.internal.CobolParserVisitor,visitSendWithPhrase,FEATURE_ENVY,LOW,"foreign accesses=9, own accesses=2"
src/main/java/org/openrewrite/mainframe/cobol/internal/CobolParserVisitor.java,org.openrewrite.mainframe.cobol.internal.CobolParserVisitor,visitSentence,FEATURE_ENVY,LOW,"foreign accesses=7, own accesses=1"
src/main/java/org/openrewrite/mainframe/cobol/internal/CobolParserVisitor.java,org.openrewrite.mainframe.cobol.internal.CobolParserVisitor,visitSetStatement,FEATURE_ENVY,LOW,"foreign accesses=8, own accesses=2"
src/main/java/org/openrewrite/mainframe/cobol/internal/CobolParserVisitor.java,org.openrewrite.mainframe.cobol.internal.CobolParserVisitor,visitSetToStatement,FEATURE_ENVY,LOW,"foreign accesses=8, own accesses=2"
src/main/java/org/openrewrite/mainframe/cobol/internal/CobolParserVisitor.java,org.openrewrite.mainframe.cobol.internal.CobolParserVisitor,visitSetUpDownByStatement,FEATURE_ENVY,MEDIUM,"foreign accesses=10, own accesses=2"
src/main/java/org/openrewrite/mainframe/cobol/internal/CobolParserVisitor.java,org.openrewrite.mainframe.cobol.internal.CobolParserVisitor,visitSimpleCondition,FEATURE_ENVY,HIGH,"foreign accesses=15, own accesses=1"
src/main/java/org/openrewrite/mainframe/cobol/internal/CobolParserVisitor.java,org.openrewrite.mainframe.cobol.internal.CobolParserVisitor,visitSortCollatingAlphanumeric,FEATURE_ENVY,LOW,"foreign accesses=9, own accesses=1"
src/main/java/org/openrewrite/mainframe/cobol/internal/CobolParserVisitor.java,org.openrewrite.mainframe.cobol.internal.CobolParserVisitor,visitSortCollatingNational,FEATURE_ENVY,LOW,"foreign accesses=9, own accesses=1"
src/main/java/org/openrewrite/mainframe/cobol/internal/CobolParserVisitor.java,org.openrewrite.mainframe.cobol.internal.CobolParserVisitor,visitSortCollatingSequencePhrase,FEATURE_ENVY,MEDIUM,"foreign accesses=10, own accesses=4"
src/main/java/org/openrewrite/mainframe/cobol/internal/CobolParserVisitor.java,org.openrewrite.mainframe.cobol.internal.CobolParserVisitor,visitSortDuplicatesPhrase,FEATURE_ENVY,LOW,"foreign accesses=9, own accesses=1"
src/main/java/org/openrewrite/mainframe/cobol/internal/CobolParserVisitor.java,org.openrewrite.mainframe.cobol.internal.CobolParserVisitor,visitSortGiving,FEATURE_ENVY,MEDIUM,"foreign accesses=14, own accesses=1"
src/main/java/org/openrewrite/mainframe/cobol/internal/CobolParserVisitor.java,org.openrewrite.mainframe.cobol.internal.CobolParserVisitor,visitSortGivingPhrase,FEATURE_ENVY,LOW,"foreign accesses=6, own accesses=2"
src/main/java/org/openrewrite/mainframe/cobol/internal/CobolParserVisitor.java,org.openrewrite.mainframe.cobol.internal.CobolParserVisitor,visitSortInputProcedurePhrase,FEATURE_ENVY,MEDIUM,"foreign accesses=10, own accesses=2"
src/main/java/org/openrewrite/mainframe/cobol/internal/CobolParserVisitor.java,org.openrewrite.mainframe.cobol.internal.CobolParserVisitor,visitSortInputThrough,FEATURE_ENVY,LOW,"foreign accesses=8, own accesses=2"
src/main/java/org/openrewrite/mainframe/cobol/internal/CobolParserVisitor.java,org.openrewrite.mainframe.cobol.internal.CobolParserVisitor,visitSortOnKeyClause,FEATURE_ENVY,LOW,"foreign accesses=9, own accesses=2"
src/main/java/org/openrewrite/mainframe/cobol/internal/CobolParserVisitor.java,org.openrewrite.mainframe.cobol.internal.CobolParserVisitor,visitSortOutputProcedurePhrase,FEATURE_ENVY,LOW,"foreign accesses=9, own accesses=3"
src/main/java/org/openrewrite/mainframe/cobol/internal/CobolParserVisitor.java,org.openrewrite.mainframe.cobol.internal.CobolParserVisitor,visitSortOutputThrough,FEATURE_ENVY,LOW,"foreign accesses=8, own accesses=2"
src/main/java/org/openrewrite/mainframe/cobol/internal/CobolParserVisitor.java,org.openrewrite.mainframe.cobol.internal.CobolParserVisitor,visitSortUsing,FEATURE_ENVY,LOW,"foreign accesses=6, own accesses=2"
src/main/java/org/openrewrite/mainframe/cobol/internal/CobolParserVisitor.java,org.openrewrite.mainframe.cobol.internal.CobolParserVisitor,visitSourceComputerParagraph,FEATURE_ENVY,HIGH,"foreign accesses=18, own accesses=2"
src/main/java/org/openrewrite/mainframe/cobol/internal/CobolParserVisitor.java,org.openrewrite.mainframe.cobol.internal.CobolParserVisitor,visitSpecialNamesParagraph,FEATURE_ENVY,MEDIUM,"foreign accesses=13, own accesses=1"
src/main/java/org/openrewrite/mainframe/cobol/internal/CobolParserVisitor.java,org.openrewrite.mainframe.cobol.internal.CobolParserVisitor,visitSpecialRegister,FEATURE_ENVY,CRITICAL,"foreign accesses=61, own accesses=2"
src/main/java/org/openrewrite/mainframe/cobol/internal/CobolParserVisitor.java,org.openrewrite.mainframe.cobol.internal.CobolParserVisitor,visitStartKey,FEATURE_ENVY,HIGH,"foreign accesses=19, own accesses=1"
src/main/java/org/openrewrite/mainframe/cobol/internal/CobolParserVisitor.java,org.openrewrite.mainframe.cobol.internal.CobolParserVisitor,visitStartStatement,FEATURE_ENVY,MEDIUM,"foreign accesses=12, own accesses=4"
src/main/java/org/openrewrite/mainframe/cobol/internal/CobolParserVisitor.java,org.openrewrite.mainframe.cobol.internal.CobolParserVisitor,visitStatusKeyClause,FEATURE_ENVY,LOW,"foreign accesses=9, own accesses=1"
src/main/java/org/openrewrite/mainframe/cobol/internal/CobolParserVisitor.java,org.openrewrite.mainframe.cobol.internal.CobolParserVisitor,visitStopStatement,FEATURE_ENVY,MEDIUM,"foreign accesses=12, own accesses=1"
src/main/java/org/openrewrite/mainframe/cobol/internal/CobolParserVisitor.java,org.openrewrite.mainframe.cobol.internal.CobolParserVisitor,visitStopStatementGiving,FEATURE_ENVY,LOW,"foreign accesses=9, own accesses=2"
src/main/java/org/openrewrite/mainframe/cobol/internal/CobolParserVisitor.java,org.openrewrite.mainframe.cobol.internal.CobolParserVisitor,visitStringDelimitedByPhrase,FEATURE_ENVY,LOW,"foreign accesses=9, own accesses=2"
src/main/java/org/openrewrite/mainframe/cobol/internal/CobolParserVisitor.java,org.openrewrite.mainframe.cobol.internal.CobolParserVisitor,visitStringForPhrase,FEATURE_ENVY,LOW,"foreign accesses=8, own accesses=1"
src/main/java/org/openrewrite/mainframe/cobol/internal/CobolParserVisitor.java,org.openrewrite.mainframe.cobol.internal.CobolParserVisitor,visitStringIntoPhrase,FEATURE_ENVY,LOW,"foreign accesses=8, own accesses=0"
src/main/java/org/openrewrite/mainframe/cobol/internal/CobolParserVisitor.java,org.openrewrite.mainframe.cobol.internal.CobolParserVisitor,visitStringSendingPhrase,FEATURE_ENVY,LOW,"foreign accesses=8, own accesses=2"
src/main/java/org/openrewrite/mainframe/cobol/internal/CobolParserVisitor.java,org.openrewrite.mainframe.cobol.internal.CobolParserVisitor,visitStringStatement,FEATURE_ENVY,MEDIUM,"foreign accesses=13, own accesses=5"
src/main/java/org/openrewrite/mainframe/cobol/internal/CobolParserVisitor.java,org.openrewrite.mainframe.cobol.internal.CobolParserVisitor,visitStringWithPointerPhrase,FEATURE_ENVY,LOW,"foreign accesses=8, own accesses=1"
src/main/java/org/openrewrite/mainframe/cobol/internal/CobolParserVisitor.java,org.openrewrite.mainframe.cobol.internal.CobolParserVisitor,visitSubscript,FEATURE_ENVY,MEDIUM,"foreign accesses=13, own accesses=2"
src/main/java/org/openrewrite/mainframe/cobol/internal/CobolParserVisitor.java,org.openrewrite.mainframe.cobol.internal.CobolParserVisitor,visitSubtractCorrespondingStatement,FEATURE_ENVY,MEDIUM,"foreign accesses=12, own accesses=1"
src/main/java/org/openrewrite/mainframe/cobol/internal/CobolParserVisitor.java,org.openrewrite.mainframe.cobol.internal.CobolParserVisitor,visitSubtractFromGivingStatement,FEATURE_ENVY,MEDIUM,"foreign accesses=12, own accesses=2"
src/main/java/org/openrewrite/mainframe/cobol/internal/CobolParserVisitor.java,org.openrewrite.mainframe.cobol.internal.CobolParserVisitor,visitSubtractFromStatement,FEATURE_ENVY,LOW,"foreign accesses=8, own accesses=2"
src/main/java/org/openrewrite/mainframe/cobol/internal/CobolParserVisitor.java,org.openrewrite.mainframe.cobol.internal.CobolParserVisitor,visitSubtractMinuendCorresponding,FEATURE_ENVY,LOW,"foreign accesses=7, own accesses=1"
src/main/java/org/openrewrite/mainframe/cobol/internal/CobolParserVisitor.java,org.openrewrite.mainframe.cobol.internal.CobolParserVisitor,visitSubtractStatement,FEATURE_ENVY,MEDIUM,"foreign accesses=12, own accesses=4"
src/main/java/org/openrewrite/mainframe/cobol/internal/CobolParserVisitor.java,org.openrewrite.mainframe.cobol.internal.CobolParserVisitor,visitSymbolicCharacters,FEATURE_ENVY,MEDIUM,"foreign accesses=12, own accesses=2"
src/main/java/org/openrewrite/mainframe/cobol/internal/CobolParserVisitor.java,org.openrewrite.mainframe.cobol.internal.CobolParserVisitor,visitSymbolicCharactersClause,FEATURE_ENVY,MEDIUM,"foreign accesses=12, own accesses=4"
src/main/java/org/openrewrite/mainframe/cobol/internal/CobolParserVisitor.java,org.openrewrite.mainframe.cobol.internal.CobolParserVisitor,visitSymbolicDestinationClause,FEATURE_ENVY,LOW,"foreign accesses=8, own accesses=2"
src/main/java/org/openrewrite/mainframe/cobol/internal/CobolParserVisitor.java,org.openrewrite.mainframe.cobol.internal.CobolParserVisitor,visitSymbolicQueueClause,FEATURE_ENVY,LOW,"foreign accesses=9, own accesses=1"
src/main/java/org/openrewrite/mainframe/cobol/internal/CobolParserVisitor.java,org.openrewrite.mainframe.cobol.internal.CobolParserVisitor,visitSymbolicSourceClause,FEATURE_ENVY,LOW,"foreign accesses=9, own accesses=1"
src/main/java/org/openrewrite/mainframe/cobol/internal/CobolParserVisitor.java,org.openrewrite.mainframe.cobol.internal.CobolParserVisitor,visitSymbolicSubQueueClause,FEATURE_ENVY,MEDIUM,"foreign accesses=11, own accesses=1"
src/main/java/org/openrewrite/mainframe/cobol/internal/CobolParserVisitor.java,org.openrewrite.mainframe.cobol.internal.CobolParserVisitor,visitSymbolicTerminalClause,FEATURE_ENVY,LOW,"foreign accesses=9, own accesses=1"
src/main/java/org/openrewrite/mainframe/cobol/internal/CobolParserVisitor.java,org.openrewrite.mainframe.cobol.internal.CobolParserVisitor,visitTableCall,FEATURE_ENVY,LOW,"foreign accesses=8, own accesses=2"
src/main/java/org/openrewrite/mainframe/cobol/internal/CobolParserVisitor.java,org.openrewrite.mainframe.cobol.internal.CobolParserVisitor,visitTableCallSubscripts,FEATURE_ENVY,MEDIUM,"foreign accesses=10, own accesses=1"
src/main/java/org/openrewrite/mainframe/cobol/internal/CobolParserVisitor.java,org.openrewrite.mainframe.cobol.internal.CobolParserVisitor,visitTerminal,FEATURE_ENVY,HIGH,"foreign accesses=25, own accesses=3"
src/main/java/org/openrewrite/mainframe/cobol/internal/CobolParserVisitor.java,org.openrewrite.mainframe.cobol.internal.CobolParserVisitor,visitTerminateStatement,FEATURE_ENVY,LOW,"foreign accesses=8, own accesses=0"
src/main/java/org/openrewrite/mainframe/cobol/internal/CobolParserVisitor.java,org.openrewrite.mainframe.cobol.internal.CobolParserVisitor,visitTextLengthClause,FEATURE_ENVY,LOW,"foreign accesses=9, own accesses=1"
src/main/java/org/openrewrite/mainframe/cobol/internal/CobolParserVisitor.java,org.openrewrite.mainframe.cobol.internal.CobolParserVisitor,visitUnstringCountIn,FEATURE_ENVY,LOW,"foreign accesses=8, own accesses=1"
src/main/java/org/openrewrite/mainframe/cobol/internal/CobolParserVisitor.java,org.openrewrite.mainframe.cobol.internal.CobolParserVisitor,visitUnstringDelimitedByPhrase,FEATURE_ENVY,LOW,"foreign accesses=9, own accesses=2"
src/main/java/org/openrewrite/mainframe/cobol/internal/CobolParserVisitor.java,org.openrewrite.mainframe.cobol.internal.CobolParserVisitor,visitUnstringDelimiterIn,FEATURE_ENVY,LOW,"foreign accesses=8, own accesses=1"
src/main/java/org/openrewrite/mainframe/cobol/internal/CobolParserVisitor.java,org.openrewrite.mainframe.cobol.internal.CobolParserVisitor,visitUnstringInto,FEATURE_ENVY,LOW,"foreign accesses=8, own accesses=2"
src/main/java/org/openrewrite/mainframe/cobol/internal/CobolParserVisitor.java,org.openrewrite.mainframe.cobol.internal.CobolParserVisitor,visitUnstringIntoPhrase,FEATURE_ENVY,LOW,"foreign accesses=7, own accesses=1"
src/main/java/org/openrewrite/mainframe/cobol/internal/CobolParserVisitor.java,org.openrewrite.mainframe.cobol.internal.CobolParserVisitor,visitUnstringOrAllPhrase,FEATURE_ENVY,LOW,"foreign accesses=8, own accesses=2"
src/main/java/org/openrewrite/mainframe/cobol/internal/CobolParserVisitor.java,org.openrewrite.mainframe.cobol.internal.CobolParserVisitor,visitUnstringSendingPhrase,FEATURE_ENVY,LOW,"foreign accesses=8, own accesses=2"
src/main/java/org/openrewrite/mainframe/cobol/internal/CobolParserVisitor.java,org.openrewrite.mainframe.cobol.internal.CobolParserVisitor,visitUnstringStatement,FEATURE_ENVY,HIGH,"foreign accesses=15, own accesses=5"
src/main/java/org/openrewrite/mainframe/cobol/internal/CobolParserVisitor.java,org.openrewrite.mainframe.cobol.internal.CobolParserVisitor,visitUnstringTallyingPhrase,FEATURE_ENVY,LOW,"foreign accesses=8, own accesses=1"
src/main/java/org/openrewrite/mainframe/cobol/internal/CobolParserVisitor.java,org.openrewrite.mainframe.cobol.internal.CobolParserVisitor,visitUnstringWithPointerPhrase,FEATURE_ENVY,LOW,"foreign accesses=8, own accesses=1"
src/main/java/org/openrewrite/mainframe/cobol/internal/CobolParserVisitor.java,org.openrewrite.mainframe.cobol.internal.CobolParserVisitor,visitUseAfterClause,FEATURE_ENVY,MEDIUM,"foreign accesses=13, own accesses=1"
src/main/java/org/openrewrite/mainframe/cobol/internal/CobolParserVisitor.java,org.openrewrite.mainframe.cobol.internal.CobolParserVisitor,visitUseAfterOn,FEATURE_ENVY,LOW,"foreign accesses=9, own accesses=2"
src/main/java/org/openrewrite/mainframe/cobol/internal/CobolParserVisitor.java,org.openrewrite.mainframe.cobol.internal.CobolParserVisitor,visitUseDebugClause,FEATURE_ENVY,LOW,"foreign accesses=8, own accesses=2"
src/main/java/org/openrewrite/mainframe/cobol/internal/CobolParserVisitor.java,org.openrewrite.mainframe.cobol.internal.CobolParserVisitor,visitUseDebugOn,FEATURE_ENVY,MEDIUM,"foreign accesses=12, own accesses=2"
src/main/java/org/openrewrite/mainframe/cobol/internal/CobolParserVisitor.java,org.openrewrite.mainframe.cobol.internal.CobolParserVisitor,visitUseStatement,FEATURE_ENVY,LOW,"foreign accesses=8, own accesses=1"
src/main/java/org/openrewrite/mainframe/cobol/internal/CobolParserVisitor.java,org.openrewrite.mainframe.cobol.internal.CobolParserVisitor,visitValueOfClause,FEATURE_ENVY,LOW,"foreign accesses=7, own accesses=2"
src/main/java/org/openrewrite/mainframe/cobol/internal/CobolParserVisitor.java,org.openrewrite.mainframe.cobol.internal.CobolParserVisitor,visitValuePair,FEATURE_ENVY,LOW,"foreign accesses=9, own accesses=2"
src/main/java/org/openrewrite/mainframe/cobol/internal/CobolParserVisitor.java,org.openrewrite.mainframe.cobol.internal.CobolParserVisitor,visitWorkingStorageSection,FEATURE_ENVY,LOW,"foreign accesses=9, own accesses=2"
src/main/java/org/openrewrite/mainframe/cobol/internal/CobolParserVisitor.java,org.openrewrite.mainframe.cobol.internal.CobolParserVisitor,visitWriteAdvancingLines,FEATURE_ENVY,MEDIUM,"foreign accesses=12, own accesses=1"
src/main/java/org/openrewrite/mainframe/cobol/internal/CobolParserVisitor.java,org.openrewrite.mainframe.cobol.internal.CobolParserVisitor,visitWriteAdvancingMnemonic,FEATURE_ENVY,LOW,"foreign accesses=6, own accesses=0"
src/main/java/org/openrewrite/mainframe/cobol/internal/CobolParserVisitor.java,org.openrewrite.mainframe.cobol.internal.CobolParserVisitor,visitWriteAdvancingPage,FEATURE_ENVY,LOW,"foreign accesses=6, own accesses=0"
src/main/java/org/openrewrite/mainframe/cobol/internal/CobolParserVisitor.java,org.openrewrite.mainframe.cobol.internal.CobolParserVisitor,visitWriteAdvancingPhrase,FEATURE_ENVY,MEDIUM,"foreign accesses=10, own accesses=2"
src/main/java/org/openrewrite/mainframe/cobol/internal/CobolParserVisitor.java,org.openrewrite.mainframe.cobol.internal.CobolParserVisitor,visitWriteAtEndOfPagePhrase,FEATURE_ENVY,LOW,"foreign accesses=8, own accesses=2"
src/main/java/org/openrewrite/mainframe/cobol/internal/CobolParserVisitor.java,org.openrewrite.mainframe.cobol.internal.CobolParserVisitor,visitWriteFromPhrase,FEATURE_ENVY,LOW,"foreign accesses=7, own accesses=2"
src/main/java/org/openrewrite/mainframe/cobol/internal/CobolParserVisitor.java,org.openrewrite.mainframe.cobol.internal.CobolParserVisitor,visitWriteNotAtEndOfPagePhrase,FEATURE_ENVY,LOW,"foreign accesses=9, own accesses=2"
src/main/java/org/openrewrite/mainframe/cobol/internal/CobolParserVisitor.java,org.openrewrite.mainframe.cobol.internal.CobolParserVisitor,visitWriteStatement,FEATURE_ENVY,HIGH,"foreign accesses=15, own accesses=7"
src/main/java/org/openrewrite/mainframe/cobol/internal/CobolParserVisitor.java,org.openrewrite.mainframe.cobol.internal.CobolParserVisitor,wordsList,FEATURE_ENVY,LOW,"foreign accesses=5, own accesses=0"
src/main/java/org/openrewrite/mainframe/cobol/internal/CobolPreprocessorOutputSourcePrinter.java,org.openrewrite.mainframe.cobol.internal.CobolPreprocessorOutputSourcePrinter,,GOD_CLASS,HIGH,"WMC=175, TCC=0.08, ATFD=43"
src/main/java/org/openrewrite/mainframe/cobol/internal/CobolPreprocessorOutputSourcePrinter.java,org.openrewrite.mainframe.cobol.internal.CobolPreprocessorOutputSourcePrinter,addStartKey,FEATURE_ENVY,LOW,"foreign accesses=9, own accesses=1"
src/main/java/org/openrewrite/mainframe/cobol/internal/CobolPreprocessorOutputSourcePrinter.java,org.openrewrite.mainframe.cobol.internal.CobolPreprocessorOutputSourcePrinter,addStopComment,FEATURE_ENVY,HIGH,"foreign accesses=15, own accesses=5"
src/main/java/org/openrewrite/mainframe/cobol/internal/CobolPreprocessorOutputSourcePrinter.java,org.openrewrite.mainframe.cobol.internal.CobolPreprocessorOutputSourcePrinter,execTag,FEATURE_ENVY,MEDIUM,"foreign accesses=11, own accesses=0"
src/main/java/org/openrewrite/mainframe/cobol/internal/CobolPreprocessorOutputSourcePrinter.java,org.openrewrite.mainframe.cobol.internal.CobolPreprocessorOutputSourcePrinter,printCopybookSource,FEATURE_ENVY,CRITICAL,"foreign accesses=52, own accesses=8"
src/main/java/org/openrewrite/mainframe/cobol/internal/CobolPreprocessorOutputSourcePrinter.java,org.openrewrite.mainframe.cobol.internal.CobolPreprocessorOutputSourcePrinter,replaceAdditiveTemplate,FEATURE_ENVY,HIGH,"foreign accesses=26, own accesses=12"
src/main/java/org/openrewrite/mainframe/cobol/internal/CobolPreprocessorOutputSourcePrinter.java,org.openrewrite.mainframe.cobol.internal.CobolPreprocessorOutputSourcePrinter,replaceReductiveTemplate,FEATURE_ENVY,CRITICAL,"foreign accesses=37, own accesses=15"
src/main/java/org/openrewrite/mainframe/cobol/internal/CobolPreprocessorOutputSourcePrinter.java,org.openrewrite.mainframe.cobol.internal.CobolPreprocessorOutputSourcePrinter,replaceTemplate,FEATURE_ENVY,CRITICAL,"foreign accesses=168, own accesses=27"
src/main/java/org/openrewrite/mainframe/cobol/internal/CobolPreprocessorOutputSourcePrinter.java,org.openrewrite.mainframe.cobol.internal.CobolPreprocessorOutputSourcePrinter,visitCommentEntry,FEATURE_ENVY,MEDIUM,"foreign accesses=11, own accesses=2"
src/main/java/org/openrewrite/mainframe/cobol/internal/CobolPreprocessorOutputSourcePrinter.java,org.openrewrite.mainframe.cobol.internal.CobolPreprocessorOutputSourcePrinter,visitCopyStatement,FEATURE_ENVY,LOW,"foreign accesses=6, own accesses=1"
src/main/java/org/openrewrite/mainframe/cobol/internal/CobolPreprocessorOutputSourcePrinter.java,org.openrewrite.mainframe.cobol.internal.CobolPreprocessorOutputSourcePrinter,visitCopybook,FEATURE_ENVY,MEDIUM,"foreign accesses=10, own accesses=0"
src/main/java/org/openrewrite/mainframe/cobol/internal/CobolPreprocessorOutputSourcePrinter.java,org.openrewrite.mainframe.cobol.internal.CobolPreprocessorOutputSourcePrinter,visitExecSqlIncludeStatement,FEATURE_ENVY,LOW,"foreign accesses=6, own accesses=1"
src/main/java/org/openrewrite/mainframe/cobol/internal/CobolPreprocessorOutputSourcePrinter.java,org.openrewrite.mainframe.cobol.internal.CobolPreprocessorOutputSourcePrinter,visitReplaceArea,FEATURE_ENVY,LOW,"foreign accesses=7, own accesses=0"
src/main/java/org/openrewrite/mainframe/cobol/internal/CobolPreprocessorOutputSourcePrinter.java,org.openrewrite.mainframe.cobol.internal.CobolPreprocessorOutputSourcePrinter,visitWord,FEATURE_ENVY,CRITICAL,"foreign accesses=80, own accesses=22"
src/main/java/org/openrewrite/mainframe/cobol/internal/CobolPreprocessorParserVisitor.java,org.openrewrite.mainframe.cobol.internal.CobolPreprocessorParserVisitor,,GOD_CLASS,HIGH,"WMC=191, TCC=0.04, ATFD=127"
src/main/java/org/openrewrite/mainframe/cobol/internal/CobolPreprocessorParserVisitor.java,org.openrewrite.mainframe.cobol.internal.CobolPreprocessorParserVisitor,convertAll,FEATURE_ENVY,LOW,"foreign accesses=6, own accesses=1"
src/main/java/org/openrewrite/mainframe/cobol/internal/CobolPreprocessorParserVisitor.java,org.openrewrite.mainframe.cobol.internal.CobolPreprocessorParserVisitor,convertAll,FEATURE_ENVY,LOW,"foreign accesses=5, own accesses=0"
src/main/java/org/openrewrite/mainframe/cobol/internal/CobolPreprocessorParserVisitor.java,org.openrewrite.mainframe.cobol.internal.CobolPreprocessorParserVisitor,convertAllList,FEATURE_ENVY,MEDIUM,"foreign accesses=11, own accesses=0"
src/main/java/org/openrewrite/mainframe/cobol/internal/CobolPreprocessorParserVisitor.java,org.openrewrite.mainframe.cobol.internal.CobolPreprocessorParserVisitor,indexOfNextNonWhitespace,FEATURE_ENVY,LOW,"foreign accesses=8, own accesses=3"
src/main/java/org/openrewrite/mainframe/cobol/internal/CobolPreprocessorParserVisitor.java,org.openrewrite.mainframe.cobol.internal.CobolPreprocessorParserVisitor,init,FEATURE_ENVY,CRITICAL,"foreign accesses=63, own accesses=14"
src/main/java/org/openrewrite/mainframe/cobol/internal/CobolPreprocessorParserVisitor.java,org.openrewrite.mainframe.cobol.internal.CobolPreprocessorParserVisitor,processContinuedText,FEATURE_ENVY,CRITICAL,"foreign accesses=31, own accesses=11"
src/main/java/org/openrewrite/mainframe/cobol/internal/CobolPreprocessorParserVisitor.java,org.openrewrite.mainframe.cobol.internal.CobolPreprocessorParserVisitor,processLiteral,FEATURE_ENVY,HIGH,"foreign accesses=24, own accesses=11"
src/main/java/org/openrewrite/mainframe/cobol/internal/CobolPreprocessorParserVisitor.java,org.openrewrite.mainframe.cobol.internal.CobolPreprocessorParserVisitor,processText,FEATURE_ENVY,MEDIUM,"foreign accesses=12, own accesses=5"
src/main/java/org/openrewrite/mainframe/cobol/internal/CobolPreprocessorParserVisitor.java,org.openrewrite.mainframe.cobol.internal.CobolPreprocessorParserVisitor,visitCharData,FEATURE_ENVY,LOW,"foreign accesses=5, own accesses=1"
src/main/java/org/openrewrite/mainframe/cobol/internal/CobolPreprocessorParserVisitor.java,org.openrewrite.mainframe.cobol.internal.CobolPreprocessorParserVisitor,visitCharDataLine,FEATURE_ENVY,MEDIUM,"foreign accesses=12, own accesses=1"
src/main/java/org/openrewrite/mainframe/cobol/internal/CobolPreprocessorParserVisitor.java,org.openrewrite.mainframe.cobol.internal.CobolPreprocessorParserVisitor,visitCharDataLineNoDot,FEATURE_ENVY,MEDIUM,"foreign accesses=11, own accesses=1"
src/main/java/org/openrewrite/mainframe/cobol/internal/CobolPreprocessorParserVisitor.java,org.openrewrite.mainframe.cobol.internal.CobolPreprocessorParserVisitor,visitCharDataSql,FEATURE_ENVY,LOW,"foreign accesses=5, own accesses=1"
src/main/java/org/openrewrite/mainframe/cobol/internal/CobolPreprocessorParserVisitor.java,org.openrewrite.mainframe.cobol.internal.CobolPreprocessorParserVisitor,visitCommentEntry,FEATURE_ENVY,LOW,"foreign accesses=5, own accesses=1"
src/main/java/org/openrewrite/mainframe/cobol/internal/CobolPreprocessorParserVisitor.java,org.openrewrite.mainframe.cobol.internal.CobolPreprocessorParserVisitor,visitCompilationUnit,FEATURE_ENVY,HIGH,"foreign accesses=20, own accesses=6"
src/main/java/org/openrewrite/mainframe/cobol/internal/CobolPreprocessorParserVisitor.java,org.openrewrite.mainframe.cobol.internal.CobolPreprocessorParserVisitor,visitCompilerOption,FEATURE_ENVY,CRITICAL,"foreign accesses=517, own accesses=1"
src/main/java/org/openrewrite/mainframe/cobol/internal/CobolPreprocessorParserVisitor.java,org.openrewrite.mainframe.cobol.internal.CobolPreprocessorParserVisitor,visitCompilerOptions,FEATURE_ENVY,LOW,"foreign accesses=9, own accesses=2"
src/main/java/org/openrewrite/mainframe/cobol/internal/CobolPreprocessorParserVisitor.java,org.openrewrite.mainframe.cobol.internal.CobolPreprocessorParserVisitor,visitCompilerXOpts,FEATURE_ENVY,MEDIUM,"foreign accesses=12, own accesses=1"
src/main/java/org/openrewrite/mainframe/cobol/internal/CobolPreprocessorParserVisitor.java,org.openrewrite.mainframe.cobol.internal.CobolPreprocessorParserVisitor,visitCopySource,FEATURE_ENVY,MEDIUM,"foreign accesses=12, own accesses=3"
src/main/java/org/openrewrite/mainframe/cobol/internal/CobolPreprocessorParserVisitor.java,org.openrewrite.mainframe.cobol.internal.CobolPreprocessorParserVisitor,visitCopyStatement,FEATURE_ENVY,MEDIUM,"foreign accesses=14, own accesses=1"
src/main/java/org/openrewrite/mainframe/cobol/internal/CobolPreprocessorParserVisitor.java,org.openrewrite.mainframe.cobol.internal.CobolPreprocessorParserVisitor,visitDirectoryPhrase,FEATURE_ENVY,LOW,"foreign accesses=8, own accesses=2"
src/main/java/org/openrewrite/mainframe/cobol/internal/CobolPreprocessorParserVisitor.java,org.openrewrite.mainframe.cobol.internal.CobolPreprocessorParserVisitor,visitEjectStatement,FEATURE_ENVY,LOW,"foreign accesses=7, own accesses=1"
src/main/java/org/openrewrite/mainframe/cobol/internal/CobolPreprocessorParserVisitor.java,org.openrewrite.mainframe.cobol.internal.CobolPreprocessorParserVisitor,visitExecCicsStatement,FEATURE_ENVY,MEDIUM,"foreign accesses=11, own accesses=2"
src/main/java/org/openrewrite/mainframe/cobol/internal/CobolPreprocessorParserVisitor.java,org.openrewrite.mainframe.cobol.internal.CobolPreprocessorParserVisitor,visitExecDliStatement,FEATURE_ENVY,MEDIUM,"foreign accesses=11, own accesses=2"
src/main/java/org/openrewrite/mainframe/cobol/internal/CobolPreprocessorParserVisitor.java,org.openrewrite.mainframe.cobol.internal.CobolPreprocessorParserVisitor,visitExecSqlImsStatement,FEATURE_ENVY,MEDIUM,"foreign accesses=11, own accesses=2"
src/main/java/org/openrewrite/mainframe/cobol/internal/CobolPreprocessorParserVisitor.java,org.openrewrite.mainframe.cobol.internal.CobolPreprocessorParserVisitor,visitExecSqlIncludeStatement,FEATURE_ENVY,HIGH,"foreign accesses=18, own accesses=2"
src/main/java/org/openrewrite/mainframe/cobol/internal/CobolPreprocessorParserVisitor.java,org.openrewrite.mainframe.cobol.internal.CobolPreprocessorParserVisitor,visitExecSqlStatement,FEATURE_ENVY,MEDIUM,"foreign accesses=11, own accesses=2"
src/main/java/org/openrewrite/mainframe/cobol/internal/CobolPreprocessorParserVisitor.java,org.openrewrite.mainframe.cobol.internal.CobolPreprocessorParserVisitor,visitFamilyPhrase,FEATURE_ENVY,LOW,"foreign accesses=8, own accesses=1"
src/main/java/org/openrewrite/mainframe/cobol/internal/CobolPreprocessorParserVisitor.java,org.openrewrite.mainframe.cobol.internal.CobolPreprocessorParserVisitor,visitPseudoText,FEATURE_ENVY,MEDIUM,"foreign accesses=11, own accesses=1"
src/main/java/org/openrewrite/mainframe/cobol/internal/CobolPreprocessorParserVisitor.java,org.openrewrite.mainframe.cobol.internal.CobolPreprocessorParserVisitor,visitReplaceArea,FEATURE_ENVY,LOW,"foreign accesses=9, own accesses=2"
src/main/java/org/openrewrite/mainframe/cobol/internal/CobolPreprocessorParserVisitor.java,org.openrewrite.mainframe.cobol.internal.CobolPreprocessorParserVisitor,visitReplaceByStatement,FEATURE_ENVY,LOW,"foreign accesses=9, own accesses=1"
src/main/java/org/openrewrite/mainframe/cobol/internal/CobolPreprocessorParserVisitor.java,org.openrewrite.mainframe.cobol.internal.CobolPreprocessorParserVisitor,visitReplaceClause,FEATURE_ENVY,MEDIUM,"foreign accesses=13, own accesses=3"
src/main/java/org/openrewrite/mainframe/cobol/internal/CobolPreprocessorParserVisitor.java,org.openrewrite.mainframe.cobol.internal.CobolPreprocessorParserVisitor,visitReplaceOffStatement,FEATURE_ENVY,LOW,"foreign accesses=8, own accesses=1"
src/main/java/org/openrewrite/mainframe/cobol/internal/CobolPreprocessorParserVisitor.java,org.openrewrite.mainframe.cobol.internal.CobolPreprocessorParserVisitor,visitReplacingPhrase,FEATURE_ENVY,LOW,"foreign accesses=7, own accesses=1"
src/main/java/org/openrewrite/mainframe/cobol/internal/CobolPreprocessorParserVisitor.java,org.openrewrite.mainframe.cobol.internal.CobolPreprocessorParserVisitor,visitSkipStatement,FEATURE_ENVY,LOW,"foreign accesses=8, own accesses=2"
src/main/java/org/openrewrite/mainframe/cobol/internal/CobolPreprocessorParserVisitor.java,org.openrewrite.mainframe.cobol.internal.CobolPreprocessorParserVisitor,visitSubscript,FEATURE_ENVY,LOW,"foreign accesses=7, own accesses=1"
src/main/java/org/openrewrite/mainframe/cobol/internal/CobolPreprocessorParserVisitor.java,org.openrewrite.mainframe.cobol.internal.CobolPreprocessorParserVisitor,visitTerminal,FEATURE_ENVY,HIGH,"foreign accesses=19, own accesses=1"
src/main/java/org/openrewrite/mainframe/cobol/internal/CobolPreprocessorParserVisitor.java,org.openrewrite.mainframe.cobol.internal.CobolPreprocessorParserVisitor,visitTitleStatement,FEATURE_ENVY,LOW,"foreign accesses=9, own accesses=1"
src/main/java/org/openrewrite/mainframe/cobol/internal/CobolPreprocessorParserVisitor.java,org.openrewrite.mainframe.cobol.internal.CobolPreprocessorParserVisitor,wordsList,FEATURE_ENVY,LOW,"foreign accesses=5, own accesses=0"
src/main/java/org/openrewrite/mainframe/cobol/internal/CobolPreprocessorPrinter.java,org.openrewrite.mainframe.cobol.internal.CobolPreprocessorPrinter,visitCopyStatement,FEATURE_ENVY,MEDIUM,"foreign accesses=11, own accesses=2"
src/main/java/org/openrewrite/mainframe/cobol/internal/CobolPreprocessorPrinter.java,org.openrewrite.mainframe.cobol.internal.CobolPreprocessorPrinter,visitCopybook,FEATURE_ENVY,LOW,"foreign accesses=8, own accesses=0"
src/main/java/org/openrewrite/mainframe/cobol/internal/CobolPreprocessorPrinter.java,org.openrewrite.mainframe.cobol.internal.CobolPreprocessorPrinter,visitExecSqlIncludeStatement,FEATURE_ENVY,MEDIUM,"foreign accesses=11, own accesses=2"
src/main/java/org/openrewrite/mainframe/cobol/internal/CobolPreprocessorSourcePrinter.java,org.openrewrite.mainframe.cobol.internal.CobolPreprocessorSourcePrinter,,GOD_CLASS,HIGH,"WMC=63, TCC=0.00, ATFD=68"
src/main/java/org/openrewrite/mainframe/cobol/internal/CobolPreprocessorSourcePrinter.java,org.openrewrite.mainframe.cobol.internal.CobolPreprocessorSourcePrinter,afterSyntax,FEATURE_ENVY,LOW,"foreign accesses=7, own accesses=1"
src/main/java/org/openrewrite/mainframe/cobol/internal/CobolPreprocessorSourcePrinter.java,org.openrewrite.mainframe.cobol.internal.CobolPreprocessorSourcePrinter,beforeSyntax,FEATURE_ENVY,HIGH,"foreign accesses=15, own accesses=3"
src/main/java/org/openrewrite/mainframe/cobol/internal/CobolPreprocessorSourcePrinter.java,org.openrewrite.mainframe.cobol.internal.CobolPreprocessorSourcePrinter,printWord,FEATURE_ENVY,LOW,"foreign accesses=9, own accesses=1"
src/main/java/org/openrewrite/mainframe/cobol/internal/CobolPreprocessorSourcePrinter.java,org.openrewrite.mainframe.cobol.internal.CobolPreprocessorSourcePrinter,visitCompilationUnit,FEATURE_ENVY,LOW,"foreign accesses=6, own accesses=2"
src/main/java/org/openrewrite/mainframe/cobol/internal/CobolPreprocessorSourcePrinter.java,org.openrewrite.mainframe.cobol.internal.CobolPreprocessorSourcePrinter,visitCompilerOptions,FEATURE_ENVY,LOW,"foreign accesses=6, own accesses=2"
src/main/java/org/openrewrite/mainframe/cobol/internal/CobolPreprocessorSourcePrinter.java,org.openrewrite.mainframe.cobol.internal.CobolPreprocessorSourcePrinter,visitCompilerXOpts,FEATURE_ENVY,MEDIUM,"foreign accesses=10, own accesses=2"
src/main/java/org/openrewrite/mainframe/cobol/internal/CobolPreprocessorSourcePrinter.java,org.openrewrite.mainframe.cobol.internal.CobolPreprocessorSourcePrinter,visitCopySource,FEATURE_ENVY,LOW,"foreign accesses=8, own accesses=2"
src/main/java/org/openrewrite/mainframe/cobol/internal/CobolPreprocessorSourcePrinter.java,org.openrewrite.mainframe.cobol.internal.CobolPreprocessorSourcePrinter,visitCopyStatement,FEATURE_ENVY,MEDIUM,"foreign accesses=10, own accesses=2"
src/main/java/org/openrewrite/mainframe/cobol/internal/CobolPreprocessorSourcePrinter.java,org.openrewrite.mainframe.cobol.internal.CobolPreprocessorSourcePrinter,visitDirectoryPhrase,FEATURE_ENVY,LOW,"foreign accesses=6, own accesses=2"
src/main/java/org/openrewrite/mainframe/cobol/internal/CobolPreprocessorSourcePrinter.java,org.openrewrite.mainframe.cobol.internal.CobolPreprocessorSourcePrinter,visitEjectStatement,FEATURE_ENVY,LOW,"foreign accesses=6, own accesses=2"
src/main/java/org/openrewrite/mainframe/cobol/internal/CobolPreprocessorSourcePrinter.java,org.openrewrite.mainframe.cobol.internal.CobolPreprocessorSourcePrinter,visitExecSqlIncludeStatement,FEATURE_ENVY,MEDIUM,"foreign accesses=10, own accesses=2"
src/main/java/org/openrewrite/mainframe/cobol/internal/CobolPreprocessorSourcePrinter.java,org.openrewrite.mainframe.cobol.internal.CobolPreprocessorSourcePrinter,visitExecStatement,FEATURE_ENVY,MEDIUM,"foreign accesses=10, own accesses=2"
src/main/java/org/openrewrite/mainframe/cobol/internal/CobolPreprocessorSourcePrinter.java,org.openrewrite.mainframe.cobol.internal.CobolPreprocessorSourcePrinter,visitFamilyPhrase,FEATURE_ENVY,LOW,"foreign accesses=6, own accesses=2"
src/main/java/org/openrewrite/mainframe/cobol/internal/CobolPreprocessorSourcePrinter.java,org.openrewrite.mainframe.cobol.internal.CobolPreprocessorSourcePrinter,visitPseudoText,FEATURE_ENVY,LOW,"foreign accesses=8, own accesses=2"
src/main/java/org/openrewrite/mainframe/cobol/internal/CobolPreprocessorSourcePrinter.java,org.openrewrite.mainframe.cobol.internal.CobolPreprocessorSourcePrinter,visitReplaceArea,FEATURE_ENVY,LOW,"foreign accesses=8, own accesses=2"
src/main/java/org/openrewrite/mainframe/cobol/internal/CobolPreprocessorSourcePrinter.java,org.openrewrite.mainframe.cobol.internal.CobolPreprocessorSourcePrinter,visitReplaceByStatement,FEATURE_ENVY,LOW,"foreign accesses=8, own accesses=2"
src/main/java/org/openrewrite/mainframe/cobol/internal/CobolPreprocessorSourcePrinter.java,org.openrewrite.mainframe.cobol.internal.CobolPreprocessorSourcePrinter,visitReplaceClause,FEATURE_ENVY,MEDIUM,"foreign accesses=14, own accesses=2"
src/main/java/org/openrewrite/mainframe/cobol/internal/CobolPreprocessorSourcePrinter.java,org.openrewrite.mainframe.cobol.internal.CobolPreprocessorSourcePrinter,visitReplaceOffStatement,FEATURE_ENVY,LOW,"foreign accesses=6, own accesses=2"
src/main/java/org/openrewrite/mainframe/cobol/internal/CobolPreprocessorSourcePrinter.java,org.openrewrite.mainframe.cobol.internal.CobolPreprocessorSourcePrinter,visitReplacingPhrase,FEATURE_ENVY,LOW,"foreign accesses=6, own accesses=2"
src/main/java/org/openrewrite/mainframe/cobol/internal/CobolPreprocessorSourcePrinter.java,org.openrewrite.mainframe.cobol.internal.CobolPreprocessorSourcePrinter,visitSkipStatement,FEATURE_ENVY,LOW,"foreign accesses=6, own accesses=2"
src/main/java/org/openrewrite/mainframe/cobol/internal/CobolPreprocessorSourcePrinter.java,org.openrewrite.mainframe.cobol.internal.CobolPreprocessorSourcePrinter,visitTitleStatement,FEATURE_ENVY,LOW,"foreign accesses=8, own accesses=2"
src/main/java/org/openrewrite/mainframe/cobol/internal/CobolPreprocessorSourcePrinter.java,org.openrewrite.mainframe.cobol.internal.CobolPreprocessorSourcePrinter,visitWord,FEATURE_ENVY,CRITICAL,"foreign accesses=110, own accesses=26"
src/main/java/org/openrewrite/mainframe/cobol/internal/CobolPrinter.java,org.openrewrite.mainframe.cobol.internal.CobolPrinter,visitWord,FEATURE_ENVY,CRITICAL,"foreign accesses=48, own accesses=20"
src/main/java/org/openrewrite/mainframe/cobol/internal/CobolSourcePrinter.java,org.openrewrite.mainframe.cobol.internal.CobolSourcePrinter,,GOD_CLASS,CRITICAL,"WMC=506, TCC=0.00, ATFD=946"
src/main/java/org/openrewrite/mainframe/cobol/internal/CobolSourcePrinter.java,org.openrewrite.mainframe.cobol.internal.CobolSourcePrinter,afterSyntax,FEATURE_ENVY,LOW,"foreign accesses=7, own accesses=1"
src/main/java/org/openrewrite/mainframe/cobol/internal/CobolSourcePrinter.java,org.openrewrite.mainframe.cobol.internal.CobolSourcePrinter,beforeSyntax,FEATURE_ENVY,HIGH,"foreign accesses=15, own accesses=3"
src/main/java/org/openrewrite/mainframe/cobol/internal/CobolSourcePrinter.java,org.openrewrite.mainframe.cobol.internal.CobolSourcePrinter,printWord,FEATURE_ENVY,LOW,"foreign accesses=8, own accesses=1"
src/main/java/org/openrewrite/mainframe/cobol/internal/CobolSourcePrinter.java,org.openrewrite.mainframe.cobol.internal.CobolSourcePrinter,visitAbbreviation,FEATURE_ENVY,HIGH,"foreign accesses=16, own accesses=2"
src/main/java/org/openrewrite/mainframe/cobol/internal/CobolSourcePrinter.java,org.openrewrite.mainframe.cobol.internal.CobolSourcePrinter,visitAccept,FEATURE_ENVY,MEDIUM,"foreign accesses=14, own accesses=2"
src/main/java/org/openrewrite/mainframe/cobol/internal/CobolSourcePrinter.java,org.openrewrite.mainframe.cobol.internal.CobolSourcePrinter,visitAcceptFromMnemonicStatement,FEATURE_ENVY,LOW,"foreign accesses=6, own accesses=2"
src/main/java/org/openrewrite/mainframe/cobol/internal/CobolSourcePrinter.java,org.openrewrite.mainframe.cobol.internal.CobolSourcePrinter,visitAccessModeClause,FEATURE_ENVY,LOW,"foreign accesses=6, own accesses=2"
src/main/java/org/openrewrite/mainframe/cobol/internal/CobolSourcePrinter.java,org.openrewrite.mainframe.cobol.internal.CobolSourcePrinter,visitAdd,FEATURE_ENVY,MEDIUM,"foreign accesses=12, own accesses=2"
src/main/java/org/openrewrite/mainframe/cobol/internal/CobolSourcePrinter.java,org.openrewrite.mainframe.cobol.internal.CobolSourcePrinter,visitAddCorresponding,FEATURE_ENVY,MEDIUM,"foreign accesses=10, own accesses=2"
src/main/java/org/openrewrite/mainframe/cobol/internal/CobolSourcePrinter.java,org.openrewrite.mainframe.cobol.internal.CobolSourcePrinter,visitAddTo,FEATURE_ENVY,LOW,"foreign accesses=8, own accesses=2"
src/main/java/org/openrewrite/mainframe/cobol/internal/CobolSourcePrinter.java,org.openrewrite.mainframe.cobol.internal.CobolSourcePrinter,visitAddToGiving,FEATURE_ENVY,MEDIUM,"foreign accesses=12, own accesses=2"
src/main/java/org/openrewrite/mainframe/cobol/internal/CobolSourcePrinter.java,org.openrewrite.mainframe.cobol.internal.CobolSourcePrinter,visitAlphabetAlso,FEATURE_ENVY,LOW,"foreign accesses=6, own accesses=2"
src/main/java/org/openrewrite/mainframe/cobol/internal/CobolSourcePrinter.java,org.openrewrite.mainframe.cobol.internal.CobolSourcePrinter,visitAlphabetClause,FEATURE_ENVY,LOW,"foreign accesses=8, own accesses=2"
src/main/java/org/openrewrite/mainframe/cobol/internal/CobolSourcePrinter.java,org.openrewrite.mainframe.cobol.internal.CobolSourcePrinter,visitAlphabetLiteral,FEATURE_ENVY,LOW,"foreign accesses=8, own accesses=2"
src/main/java/org/openrewrite/mainframe/cobol/internal/CobolSourcePrinter.java,org.openrewrite.mainframe.cobol.internal.CobolSourcePrinter,visitAlphabetThrough,FEATURE_ENVY,LOW,"foreign accesses=6, own accesses=2"
src/main/java/org/openrewrite/mainframe/cobol/internal/CobolSourcePrinter.java,org.openrewrite.mainframe.cobol.internal.CobolSourcePrinter,visitAlterProceedTo,FEATURE_ENVY,LOW,"foreign accesses=8, own accesses=2"
src/main/java/org/openrewrite/mainframe/cobol/internal/CobolSourcePrinter.java,org.openrewrite.mainframe.cobol.internal.CobolSourcePrinter,visitAlterStatement,FEATURE_ENVY,LOW,"foreign accesses=6, own accesses=2"
src/main/java/org/openrewrite/mainframe/cobol/internal/CobolSourcePrinter.java,org.openrewrite.mainframe.cobol.internal.CobolSourcePrinter,visitAlteredGoTo,FEATURE_ENVY,LOW,"foreign accesses=6, own accesses=2"
src/main/java/org/openrewrite/mainframe/cobol/internal/CobolSourcePrinter.java,org.openrewrite.mainframe.cobol.internal.CobolSourcePrinter,visitAlternateRecordKeyClause,FEATURE_ENVY,MEDIUM,"foreign accesses=10, own accesses=2"
src/main/java/org/openrewrite/mainframe/cobol/internal/CobolSourcePrinter.java,org.openrewrite.mainframe.cobol.internal.CobolSourcePrinter,visitAndOrCondition,FEATURE_ENVY,LOW,"foreign accesses=8, own accesses=2"
src/main/java/org/openrewrite/mainframe/cobol/internal/CobolSourcePrinter.java,org.openrewrite.mainframe.cobol.internal.CobolSourcePrinter,visitArgument,FEATURE_ENVY,LOW,"foreign accesses=6, own accesses=2"
src/main/java/org/openrewrite/mainframe/cobol/internal/CobolSourcePrinter.java,org.openrewrite.mainframe.cobol.internal.CobolSourcePrinter,visitArithmeticExpression,FEATURE_ENVY,LOW,"foreign accesses=6, own accesses=2"
src/main/java/org/openrewrite/mainframe/cobol/internal/CobolSourcePrinter.java,org.openrewrite.mainframe.cobol.internal.CobolSourcePrinter,visitAssignClause,FEATURE_ENVY,LOW,"foreign accesses=6, own accesses=2"
src/main/java/org/openrewrite/mainframe/cobol/internal/CobolSourcePrinter.java,org.openrewrite.mainframe.cobol.internal.CobolSourcePrinter,visitBlockContainsClause,FEATURE_ENVY,MEDIUM,"foreign accesses=10, own accesses=2"
src/main/java/org/openrewrite/mainframe/cobol/internal/CobolSourcePrinter.java,org.openrewrite.mainframe.cobol.internal.CobolSourcePrinter,visitBlockContainsTo,FEATURE_ENVY,LOW,"foreign accesses=6, own accesses=2"
src/main/java/org/openrewrite/mainframe/cobol/internal/CobolSourcePrinter.java,org.openrewrite.mainframe.cobol.internal.CobolSourcePrinter,visitCall,FEATURE_ENVY,HIGH,"foreign accesses=18, own accesses=2"
src/main/java/org/openrewrite/mainframe/cobol/internal/CobolSourcePrinter.java,org.openrewrite.mainframe.cobol.internal.CobolSourcePrinter,visitCallBy,FEATURE_ENVY,LOW,"foreign accesses=6, own accesses=2"
src/main/java/org/openrewrite/mainframe/cobol/internal/CobolSourcePrinter.java,org.openrewrite.mainframe.cobol.internal.CobolSourcePrinter,visitCallGivingPhrase,FEATURE_ENVY,LOW,"foreign accesses=6, own accesses=2"
src/main/java/org/openrewrite/mainframe/cobol/internal/CobolSourcePrinter.java,org.openrewrite.mainframe.cobol.internal.CobolSourcePrinter,visitCallPhrase,FEATURE_ENVY,LOW,"foreign accesses=6, own accesses=2"
src/main/java/org/openrewrite/mainframe/cobol/internal/CobolSourcePrinter.java,org.openrewrite.mainframe.cobol.internal.CobolSourcePrinter,visitCancel,FEATURE_ENVY,LOW,"foreign accesses=6, own accesses=2"
src/main/java/org/openrewrite/mainframe/cobol/internal/CobolSourcePrinter.java,org.openrewrite.mainframe.cobol.internal.CobolSourcePrinter,visitCancelCall,FEATURE_ENVY,MEDIUM,"foreign accesses=10, own accesses=2"
src/main/java/org/openrewrite/mainframe/cobol/internal/CobolSourcePrinter.java,org.openrewrite.mainframe.cobol.internal.CobolSourcePrinter,visitChannelClause,FEATURE_ENVY,MEDIUM,"foreign accesses=10, own accesses=2"
src/main/java/org/openrewrite/mainframe/cobol/internal/CobolSourcePrinter.java,org.openrewrite.mainframe.cobol.internal.CobolSourcePrinter,visitClassClause,FEATURE_ENVY,MEDIUM,"foreign accesses=10, own accesses=2"
src/main/java/org/openrewrite/mainframe/cobol/internal/CobolSourcePrinter.java,org.openrewrite.mainframe.cobol.internal.CobolSourcePrinter,visitClassClauseThrough,FEATURE_ENVY,LOW,"foreign accesses=8, own accesses=2"
src/main/java/org/openrewrite/mainframe/cobol/internal/CobolSourcePrinter.java,org.openrewrite.mainframe.cobol.internal.CobolSourcePrinter,visitClassCondition,FEATURE_ENVY,LOW,"foreign accesses=8, own accesses=2"
src/main/java/org/openrewrite/mainframe/cobol/internal/CobolSourcePrinter.java,org.openrewrite.mainframe.cobol.internal.CobolSourcePrinter,visitClose,FEATURE_ENVY,LOW,"foreign accesses=6, own accesses=2"
src/main/java/org/openrewrite/mainframe/cobol/internal/CobolSourcePrinter.java,org.openrewrite.mainframe.cobol.internal.CobolSourcePrinter,visitCloseFile,FEATURE_ENVY,LOW,"foreign accesses=6, own accesses=2"
src/main/java/org/openrewrite/mainframe/cobol/internal/CobolSourcePrinter.java,org.openrewrite.mainframe.cobol.internal.CobolSourcePrinter,visitClosePortFileIOStatement,FEATURE_ENVY,LOW,"foreign accesses=6, own accesses=2"
src/main/java/org/openrewrite/mainframe/cobol/internal/CobolSourcePrinter.java,org.openrewrite.mainframe.cobol.internal.CobolSourcePrinter,visitClosePortFileIOUsingAssociatedData,FEATURE_ENVY,LOW,"foreign accesses=6, own accesses=2"
src/main/java/org/openrewrite/mainframe/cobol/internal/CobolSourcePrinter.java,org.openrewrite.mainframe.cobol.internal.CobolSourcePrinter,visitClosePortFileIOUsingAssociatedDataLength,FEATURE_ENVY,LOW,"foreign accesses=6, own accesses=2"
src/main/java/org/openrewrite/mainframe/cobol/internal/CobolSourcePrinter.java,org.openrewrite.mainframe.cobol.internal.CobolSourcePrinter,visitCodeSetClause,FEATURE_ENVY,LOW,"foreign accesses=6, own accesses=2"
src/main/java/org/openrewrite/mainframe/cobol/internal/CobolSourcePrinter.java,org.openrewrite.mainframe.cobol.internal.CobolSourcePrinter,visitCollatingSequenceAlphabet,FEATURE_ENVY,LOW,"foreign accesses=6, own accesses=2"
src/main/java/org/openrewrite/mainframe/cobol/internal/CobolSourcePrinter.java,org.openrewrite.mainframe.cobol.internal.CobolSourcePrinter,visitCollatingSequenceClause,FEATURE_ENVY,MEDIUM,"foreign accesses=12, own accesses=2"
src/main/java/org/openrewrite/mainframe/cobol/internal/CobolSourcePrinter.java,org.openrewrite.mainframe.cobol.internal.CobolSourcePrinter,visitCombinableCondition,FEATURE_ENVY,LOW,"foreign accesses=6, own accesses=2"
src/main/java/org/openrewrite/mainframe/cobol/internal/CobolSourcePrinter.java,org.openrewrite.mainframe.cobol.internal.CobolSourcePrinter,visitCommitmentControlClause,FEATURE_ENVY,LOW,"foreign accesses=6, own accesses=2"
src/main/java/org/openrewrite/mainframe/cobol/internal/CobolSourcePrinter.java,org.openrewrite.mainframe.cobol.internal.CobolSourcePrinter,visitCommunicationDescriptionEntryFormat1,FEATURE_ENVY,MEDIUM,"foreign accesses=12, own accesses=2"
src/main/java/org/openrewrite/mainframe/cobol/internal/CobolSourcePrinter.java,org.openrewrite.mainframe.cobol.internal.CobolSourcePrinter,visitCommunicationDescriptionEntryFormat2,FEATURE_ENVY,MEDIUM,"foreign accesses=12, own accesses=2"
src/main/java/org/openrewrite/mainframe/cobol/internal/CobolSourcePrinter.java,org.openrewrite.mainframe.cobol.internal.CobolSourcePrinter,visitCommunicationDescriptionEntryFormat3,FEATURE_ENVY,MEDIUM,"foreign accesses=12, own accesses=2"
src/main/java/org/openrewrite/mainframe/cobol/internal/CobolSourcePrinter.java,org.openrewrite.mainframe.cobol.internal.CobolSourcePrinter,visitCommunicationSection,FEATURE_ENVY,LOW,"foreign accesses=8, own accesses=2"
src/main/java/org/openrewrite/mainframe/cobol/internal/CobolSourcePrinter.java,org.openrewrite.mainframe.cobol.internal.CobolSourcePrinter,visitCompilationUnit,FEATURE_ENVY,LOW,"foreign accesses=6, own accesses=2"
src/main/java/org/openrewrite/mainframe/cobol/internal/CobolSourcePrinter.java,org.openrewrite.mainframe.cobol.internal.CobolSourcePrinter,visitCompute,FEATURE_ENVY,HIGH,"foreign accesses=16, own accesses=2"
src/main/java/org/openrewrite/mainframe/cobol/internal/CobolSourcePrinter.java,org.openrewrite.mainframe.cobol.internal.CobolSourcePrinter,visitCondition,FEATURE_ENVY,LOW,"foreign accesses=6, own accesses=2"
src/main/java/org/openrewrite/mainframe/cobol/internal/CobolSourcePrinter.java,org.openrewrite.mainframe.cobol.internal.CobolSourcePrinter,visitConditionNameReference,FEATURE_ENVY,MEDIUM,"foreign accesses=12, own accesses=2"
src/main/java/org/openrewrite/mainframe/cobol/internal/CobolSourcePrinter.java,org.openrewrite.mainframe.cobol.internal.CobolSourcePrinter,visitConditionNameSubscriptReference,FEATURE_ENVY,LOW,"foreign accesses=8, own accesses=2"
src/main/java/org/openrewrite/mainframe/cobol/internal/CobolSourcePrinter.java,org.openrewrite.mainframe.cobol.internal.CobolSourcePrinter,visitConfigurationSection,FEATURE_ENVY,LOW,"foreign accesses=8, own accesses=2"
src/main/java/org/openrewrite/mainframe/cobol/internal/CobolSourcePrinter.java,org.openrewrite.mainframe.cobol.internal.CobolSourcePrinter,visitCurrencyClause,FEATURE_ENVY,MEDIUM,"foreign accesses=10, own accesses=2"
src/main/java/org/openrewrite/mainframe/cobol/internal/CobolSourcePrinter.java,org.openrewrite.mainframe.cobol.internal.CobolSourcePrinter,visitDataBaseSection,FEATURE_ENVY,LOW,"foreign accesses=8, own accesses=2"
src/main/java/org/openrewrite/mainframe/cobol/internal/CobolSourcePrinter.java,org.openrewrite.mainframe.cobol.internal.CobolSourcePrinter,visitDataBaseSectionEntry,FEATURE_ENVY,MEDIUM,"foreign accesses=10, own accesses=2"
src/main/java/org/openrewrite/mainframe/cobol/internal/CobolSourcePrinter.java,org.openrewrite.mainframe.cobol.internal.CobolSourcePrinter,visitDataDescriptionEntry,FEATURE_ENVY,MEDIUM,"foreign accesses=10, own accesses=2"
src/main/java/org/openrewrite/mainframe/cobol/internal/CobolSourcePrinter.java,org.openrewrite.mainframe.cobol.internal.CobolSourcePrinter,visitDataDivision,FEATURE_ENVY,LOW,"foreign accesses=8, own accesses=2"
src/main/java/org/openrewrite/mainframe/cobol/internal/CobolSourcePrinter.java,org.openrewrite.mainframe.cobol.internal.CobolSourcePrinter,visitDataOccursClause,FEATURE_ENVY,MEDIUM,"foreign accesses=14, own accesses=2"
src/main/java/org/openrewrite/mainframe/cobol/internal/CobolSourcePrinter.java,org.openrewrite.mainframe.cobol.internal.CobolSourcePrinter,visitDataOccursDepending,FEATURE_ENVY,LOW,"foreign accesses=6, own accesses=2"
src/main/java/org/openrewrite/mainframe/cobol/internal/CobolSourcePrinter.java,org.openrewrite.mainframe.cobol.internal.CobolSourcePrinter,visitDataOccursIndexed,FEATURE_ENVY,LOW,"foreign accesses=6, own accesses=2"
src/main/java/org/openrewrite/mainframe/cobol/internal/CobolSourcePrinter.java,org.openrewrite.mainframe.cobol.internal.CobolSourcePrinter,visitDataOccursSort,FEATURE_ENVY,LOW,"foreign accesses=6, own accesses=2"
src/main/java/org/openrewrite/mainframe/cobol/internal/CobolSourcePrinter.java,org.openrewrite.mainframe.cobol.internal.CobolSourcePrinter,visitDataOccursTo,FEATURE_ENVY,LOW,"foreign accesses=6, own accesses=2"
src/main/java/org/openrewrite/mainframe/cobol/internal/CobolSourcePrinter.java,org.openrewrite.mainframe.cobol.internal.CobolSourcePrinter,visitDataPictureClause,FEATURE_ENVY,LOW,"foreign accesses=6, own accesses=2"
src/main/java/org/openrewrite/mainframe/cobol/internal/CobolSourcePrinter.java,org.openrewrite.mainframe.cobol.internal.CobolSourcePrinter,visitDataRecordsClause,FEATURE_ENVY,LOW,"foreign accesses=6, own accesses=2"
src/main/java/org/openrewrite/mainframe/cobol/internal/CobolSourcePrinter.java,org.openrewrite.mainframe.cobol.internal.CobolSourcePrinter,visitDataRedefinesClause,FEATURE_ENVY,LOW,"foreign accesses=6, own accesses=2"
src/main/java/org/openrewrite/mainframe/cobol/internal/CobolSourcePrinter.java,org.openrewrite.mainframe.cobol.internal.CobolSourcePrinter,visitDataRenamesClause,FEATURE_ENVY,MEDIUM,"foreign accesses=10, own accesses=2"
src/main/java/org/openrewrite/mainframe/cobol/internal/CobolSourcePrinter.java,org.openrewrite.mainframe.cobol.internal.CobolSourcePrinter,visitDataTypeClause,FEATURE_ENVY,LOW,"foreign accesses=6, own accesses=2"
src/main/java/org/openrewrite/mainframe/cobol/internal/CobolSourcePrinter.java,org.openrewrite.mainframe.cobol.internal.CobolSourcePrinter,visitDataValueClause,FEATURE_ENVY,LOW,"foreign accesses=6, own accesses=2"
src/main/java/org/openrewrite/mainframe/cobol/internal/CobolSourcePrinter.java,org.openrewrite.mainframe.cobol.internal.CobolSourcePrinter,visitDataValueInterval,FEATURE_ENVY,LOW,"foreign accesses=6, own accesses=2"
src/main/java/org/openrewrite/mainframe/cobol/internal/CobolSourcePrinter.java,org.openrewrite.mainframe.cobol.internal.CobolSourcePrinter,visitDataValueIntervalTo,FEATURE_ENVY,LOW,"foreign accesses=6, own accesses=2"
src/main/java/org/openrewrite/mainframe/cobol/internal/CobolSourcePrinter.java,org.openrewrite.mainframe.cobol.internal.CobolSourcePrinter,visitDelete,FEATURE_ENVY,MEDIUM,"foreign accesses=14, own accesses=2"
src/main/java/org/openrewrite/mainframe/cobol/internal/CobolSourcePrinter.java,org.openrewrite.mainframe.cobol.internal.CobolSourcePrinter,visitDestinationCountClause,FEATURE_ENVY,LOW,"foreign accesses=6, own accesses=2"
src/main/java/org/openrewrite/mainframe/cobol/internal/CobolSourcePrinter.java,org.openrewrite.mainframe.cobol.internal.CobolSourcePrinter,visitDestinationTableClause,FEATURE_ENVY,MEDIUM,"foreign accesses=10, own accesses=2"
src/main/java/org/openrewrite/mainframe/cobol/internal/CobolSourcePrinter.java,org.openrewrite.mainframe.cobol.internal.CobolSourcePrinter,visitDisable,FEATURE_ENVY,MEDIUM,"foreign accesses=14, own accesses=2"
src/main/java/org/openrewrite/mainframe/cobol/internal/CobolSourcePrinter.java,org.openrewrite.mainframe.cobol.internal.CobolSourcePrinter,visitDisplay,FEATURE_ENVY,HIGH,"foreign accesses=18, own accesses=2"
src/main/java/org/openrewrite/mainframe/cobol/internal/CobolSourcePrinter.java,org.openrewrite.mainframe.cobol.internal.CobolSourcePrinter,visitDisplayAt,FEATURE_ENVY,LOW,"foreign accesses=6, own accesses=2"
src/main/java/org/openrewrite/mainframe/cobol/internal/CobolSourcePrinter.java,org.openrewrite.mainframe.cobol.internal.CobolSourcePrinter,visitDisplayUpon,FEATURE_ENVY,LOW,"foreign accesses=6, own accesses=2"
src/main/java/org/openrewrite/mainframe/cobol/internal/CobolSourcePrinter.java,org.openrewrite.mainframe.cobol.internal.CobolSourcePrinter,visitDivide,FEATURE_ENVY,HIGH,"foreign accesses=16, own accesses=2"
src/main/java/org/openrewrite/mainframe/cobol/internal/CobolSourcePrinter.java,org.openrewrite.mainframe.cobol.internal.CobolSourcePrinter,visitDivideGiving,FEATURE_ENVY,LOW,"foreign accesses=8, own accesses=2"
src/main/java/org/openrewrite/mainframe/cobol/internal/CobolSourcePrinter.java,org.openrewrite.mainframe.cobol.internal.CobolSourcePrinter,visitDivideGivingPhrase,FEATURE_ENVY,LOW,"foreign accesses=6, own accesses=2"
src/main/java/org/openrewrite/mainframe/cobol/internal/CobolSourcePrinter.java,org.openrewrite.mainframe.cobol.internal.CobolSourcePrinter,visitDivideInto,FEATURE_ENVY,LOW,"foreign accesses=6, own accesses=2"
src/main/java/org/openrewrite/mainframe/cobol/internal/CobolSourcePrinter.java,org.openrewrite.mainframe.cobol.internal.CobolSourcePrinter,visitDivideRemainder,FEATURE_ENVY,LOW,"foreign accesses=6, own accesses=2"
src/main/java/org/openrewrite/mainframe/cobol/internal/CobolSourcePrinter.java,org.openrewrite.mainframe.cobol.internal.CobolSourcePrinter,visitEnable,FEATURE_ENVY,MEDIUM,"foreign accesses=14, own accesses=2"
src/main/java/org/openrewrite/mainframe/cobol/internal/CobolSourcePrinter.java,org.openrewrite.mainframe.cobol.internal.CobolSourcePrinter,visitEndKeyClause,FEATURE_ENVY,LOW,"foreign accesses=6, own accesses=2"
src/main/java/org/openrewrite/mainframe/cobol/internal/CobolSourcePrinter.java,org.openrewrite.mainframe.cobol.internal.CobolSourcePrinter,visitEndProgram,FEATURE_ENVY,LOW,"foreign accesses=8, own accesses=2"
src/main/java/org/openrewrite/mainframe/cobol/internal/CobolSourcePrinter.java,org.openrewrite.mainframe.cobol.internal.CobolSourcePrinter,visitEntry,FEATURE_ENVY,MEDIUM,"foreign accesses=10, own accesses=2"
src/main/java/org/openrewrite/mainframe/cobol/internal/CobolSourcePrinter.java,org.openrewrite.mainframe.cobol.internal.CobolSourcePrinter,visitEnvironmentDivision,FEATURE_ENVY,LOW,"foreign accesses=8, own accesses=2"
src/main/java/org/openrewrite/mainframe/cobol/internal/CobolSourcePrinter.java,org.openrewrite.mainframe.cobol.internal.CobolSourcePrinter,visitEnvironmentSwitchNameClause,FEATURE_ENVY,MEDIUM,"foreign accesses=10, own accesses=2"
src/main/java/org/openrewrite/mainframe/cobol/internal/CobolSourcePrinter.java,org.openrewrite.mainframe.cobol.internal.CobolSourcePrinter,visitErrorKeyClause,FEATURE_ENVY,LOW,"foreign accesses=6, own accesses=2"
src/main/java/org/openrewrite/mainframe/cobol/internal/CobolSourcePrinter.java,org.openrewrite.mainframe.cobol.internal.CobolSourcePrinter,visitEvaluate,FEATURE_ENVY,MEDIUM,"foreign accesses=14, own accesses=2"
src/main/java/org/openrewrite/mainframe/cobol/internal/CobolSourcePrinter.java,org.openrewrite.mainframe.cobol.internal.CobolSourcePrinter,visitEvaluateAlso,FEATURE_ENVY,LOW,"foreign accesses=6, own accesses=2"
src/main/java/org/openrewrite/mainframe/cobol/internal/CobolSourcePrinter.java,org.openrewrite.mainframe.cobol.internal.CobolSourcePrinter,visitEvaluateAlsoCondition,FEATURE_ENVY,LOW,"foreign accesses=6, own accesses=2"
src/main/java/org/openrewrite/mainframe/cobol/internal/CobolSourcePrinter.java,org.openrewrite.mainframe.cobol.internal.CobolSourcePrinter,visitEvaluateCondition,FEATURE_ENVY,LOW,"foreign accesses=8, own accesses=2"
src/main/java/org/openrewrite/mainframe/cobol/internal/CobolSourcePrinter.java,org.openrewrite.mainframe.cobol.internal.CobolSourcePrinter,visitEvaluateThrough,FEATURE_ENVY,LOW,"foreign accesses=6, own accesses=2"
src/main/java/org/openrewrite/mainframe/cobol/internal/CobolSourcePrinter.java,org.openrewrite.mainframe.cobol.internal.CobolSourcePrinter,visitEvaluateWhen,FEATURE_ENVY,LOW,"foreign accesses=8, own accesses=2"
src/main/java/org/openrewrite/mainframe/cobol/internal/CobolSourcePrinter.java,org.openrewrite.mainframe.cobol.internal.CobolSourcePrinter,visitEvaluateWhenPhrase,FEATURE_ENVY,LOW,"foreign accesses=6, own accesses=2"
src/main/java/org/openrewrite/mainframe/cobol/internal/CobolSourcePrinter.java,org.openrewrite.mainframe.cobol.internal.CobolSourcePrinter,visitExhibit,FEATURE_ENVY,LOW,"foreign accesses=6, own accesses=2"
src/main/java/org/openrewrite/mainframe/cobol/internal/CobolSourcePrinter.java,org.openrewrite.mainframe.cobol.internal.CobolSourcePrinter,visitFigurativeConstant,FEATURE_ENVY,LOW,"foreign accesses=6, own accesses=2"
src/main/java/org/openrewrite/mainframe/cobol/internal/CobolSourcePrinter.java,org.openrewrite.mainframe.cobol.internal.CobolSourcePrinter,visitFileControlEntry,FEATURE_ENVY,LOW,"foreign accesses=6, own accesses=2"
src/main/java/org/openrewrite/mainframe/cobol/internal/CobolSourcePrinter.java,org.openrewrite.mainframe.cobol.internal.CobolSourcePrinter,visitFileControlParagraph,FEATURE_ENVY,LOW,"foreign accesses=6, own accesses=2"
src/main/java/org/openrewrite/mainframe/cobol/internal/CobolSourcePrinter.java,org.openrewrite.mainframe.cobol.internal.CobolSourcePrinter,visitFileDescriptionEntry,FEATURE_ENVY,MEDIUM,"foreign accesses=10, own accesses=2"
src/main/java/org/openrewrite/mainframe/cobol/internal/CobolSourcePrinter.java,org.openrewrite.mainframe.cobol.internal.CobolSourcePrinter,visitFileSection,FEATURE_ENVY,LOW,"foreign accesses=8, own accesses=2"
src/main/java/org/openrewrite/mainframe/cobol/internal/CobolSourcePrinter.java,org.openrewrite.mainframe.cobol.internal.CobolSourcePrinter,visitFileStatusClause,FEATURE_ENVY,LOW,"foreign accesses=6, own accesses=2"
src/main/java/org/openrewrite/mainframe/cobol/internal/CobolSourcePrinter.java,org.openrewrite.mainframe.cobol.internal.CobolSourcePrinter,visitFunctionCall,FEATURE_ENVY,MEDIUM,"foreign accesses=10, own accesses=2"
src/main/java/org/openrewrite/mainframe/cobol/internal/CobolSourcePrinter.java,org.openrewrite.mainframe.cobol.internal.CobolSourcePrinter,visitGenerate,FEATURE_ENVY,LOW,"foreign accesses=6, own accesses=2"
src/main/java/org/openrewrite/mainframe/cobol/internal/CobolSourcePrinter.java,org.openrewrite.mainframe.cobol.internal.CobolSourcePrinter,visitGoTo,FEATURE_ENVY,LOW,"foreign accesses=6, own accesses=2"
src/main/java/org/openrewrite/mainframe/cobol/internal/CobolSourcePrinter.java,org.openrewrite.mainframe.cobol.internal.CobolSourcePrinter,visitGoToDependingOnStatement,FEATURE_ENVY,LOW,"foreign accesses=8, own accesses=2"
src/main/java/org/openrewrite/mainframe/cobol/internal/CobolSourcePrinter.java,org.openrewrite.mainframe.cobol.internal.CobolSourcePrinter,visitIdentificationDivision,FEATURE_ENVY,LOW,"foreign accesses=8, own accesses=2"
src/main/java/org/openrewrite/mainframe/cobol/internal/CobolSourcePrinter.java,org.openrewrite.mainframe.cobol.internal.CobolSourcePrinter,visitIdentificationDivisionParagraph,FEATURE_ENVY,MEDIUM,"foreign accesses=12, own accesses=2"
src/main/java/org/openrewrite/mainframe/cobol/internal/CobolSourcePrinter.java,org.openrewrite.mainframe.cobol.internal.CobolSourcePrinter,visitIf,FEATURE_ENVY,MEDIUM,"foreign accesses=12, own accesses=2"
src/main/java/org/openrewrite/mainframe/cobol/internal/CobolSourcePrinter.java,org.openrewrite.mainframe.cobol.internal.CobolSourcePrinter,visitIfElse,FEATURE_ENVY,LOW,"foreign accesses=8, own accesses=2"
src/main/java/org/openrewrite/mainframe/cobol/internal/CobolSourcePrinter.java,org.openrewrite.mainframe.cobol.internal.CobolSourcePrinter,visitIfThen,FEATURE_ENVY,LOW,"foreign accesses=8, own accesses=2"
src/main/java/org/openrewrite/mainframe/cobol/internal/CobolSourcePrinter.java,org.openrewrite.mainframe.cobol.internal.CobolSourcePrinter,visitInData,FEATURE_ENVY,LOW,"foreign accesses=6, own accesses=2"
src/main/java/org/openrewrite/mainframe/cobol/internal/CobolSourcePrinter.java,org.openrewrite.mainframe.cobol.internal.CobolSourcePrinter,visitInFile,FEATURE_ENVY,LOW,"foreign accesses=6, own accesses=2"
src/main/java/org/openrewrite/mainframe/cobol/internal/CobolSourcePrinter.java,org.openrewrite.mainframe.cobol.internal.CobolSourcePrinter,visitInLibrary,FEATURE_ENVY,LOW,"foreign accesses=6, own accesses=2"
src/main/java/org/openrewrite/mainframe/cobol/internal/CobolSourcePrinter.java,org.openrewrite.mainframe.cobol.internal.CobolSourcePrinter,visitInMnemonic,FEATURE_ENVY,LOW,"foreign accesses=6, own accesses=2"
src/main/java/org/openrewrite/mainframe/cobol/internal/CobolSourcePrinter.java,org.openrewrite.mainframe.cobol.internal.CobolSourcePrinter,visitInSection,FEATURE_ENVY,LOW,"foreign accesses=6, own accesses=2"
src/main/java/org/openrewrite/mainframe/cobol/internal/CobolSourcePrinter.java,org.openrewrite.mainframe.cobol.internal.CobolSourcePrinter,visitInTable,FEATURE_ENVY,LOW,"foreign accesses=6, own accesses=2"
src/main/java/org/openrewrite/mainframe/cobol/internal/CobolSourcePrinter.java,org.openrewrite.mainframe.cobol.internal.CobolSourcePrinter,visitInitialize,FEATURE_ENVY,LOW,"foreign accesses=8, own accesses=2"
src/main/java/org/openrewrite/mainframe/cobol/internal/CobolSourcePrinter.java,org.openrewrite.mainframe.cobol.internal.CobolSourcePrinter,visitInitializeReplacingBy,FEATURE_ENVY,LOW,"foreign accesses=6, own accesses=2"
src/main/java/org/openrewrite/mainframe/cobol/internal/CobolSourcePrinter.java,org.openrewrite.mainframe.cobol.internal.CobolSourcePrinter,visitInitializeReplacingPhrase,FEATURE_ENVY,LOW,"foreign accesses=6, own accesses=2"
src/main/java/org/openrewrite/mainframe/cobol/internal/CobolSourcePrinter.java,org.openrewrite.mainframe.cobol.internal.CobolSourcePrinter,visitInitiate,FEATURE_ENVY,LOW,"foreign accesses=6, own accesses=2"
src/main/java/org/openrewrite/mainframe/cobol/internal/CobolSourcePrinter.java,org.openrewrite.mainframe.cobol.internal.CobolSourcePrinter,visitInputOutputSection,FEATURE_ENVY,LOW,"foreign accesses=6, own accesses=2"
src/main/java/org/openrewrite/mainframe/cobol/internal/CobolSourcePrinter.java,org.openrewrite.mainframe.cobol.internal.CobolSourcePrinter,visitInspect,FEATURE_ENVY,LOW,"foreign accesses=8, own accesses=2"
src/main/java/org/openrewrite/mainframe/cobol/internal/CobolSourcePrinter.java,org.openrewrite.mainframe.cobol.internal.CobolSourcePrinter,visitInspectAllLeading,FEATURE_ENVY,LOW,"foreign accesses=6, own accesses=2"
src/main/java/org/openrewrite/mainframe/cobol/internal/CobolSourcePrinter.java,org.openrewrite.mainframe.cobol.internal.CobolSourcePrinter,visitInspectAllLeadings,FEATURE_ENVY,LOW,"foreign accesses=6, own accesses=2"
src/main/java/org/openrewrite/mainframe/cobol/internal/CobolSourcePrinter.java,org.openrewrite.mainframe.cobol.internal.CobolSourcePrinter,visitInspectBeforeAfter,FEATURE_ENVY,LOW,"foreign accesses=6, own accesses=2"
src/main/java/org/openrewrite/mainframe/cobol/internal/CobolSourcePrinter.java,org.openrewrite.mainframe.cobol.internal.CobolSourcePrinter,visitInspectBy,FEATURE_ENVY,LOW,"foreign accesses=6, own accesses=2"
src/main/java/org/openrewrite/mainframe/cobol/internal/CobolSourcePrinter.java,org.openrewrite.mainframe.cobol.internal.CobolSourcePrinter,visitInspectCharacters,FEATURE_ENVY,LOW,"foreign accesses=6, own accesses=2"
src/main/java/org/openrewrite/mainframe/cobol/internal/CobolSourcePrinter.java,org.openrewrite.mainframe.cobol.internal.CobolSourcePrinter,visitInspectConvertingPhrase,FEATURE_ENVY,MEDIUM,"foreign accesses=10, own accesses=2"
src/main/java/org/openrewrite/mainframe/cobol/internal/CobolSourcePrinter.java,org.openrewrite.mainframe.cobol.internal.CobolSourcePrinter,visitInspectFor,FEATURE_ENVY,LOW,"foreign accesses=8, own accesses=2"
src/main/java/org/openrewrite/mainframe/cobol/internal/CobolSourcePrinter.java,org.openrewrite.mainframe.cobol.internal.CobolSourcePrinter,visitInspectReplacingAllLeading,FEATURE_ENVY,LOW,"foreign accesses=8, own accesses=2"
src/main/java/org/openrewrite/mainframe/cobol/internal/CobolSourcePrinter.java,org.openrewrite.mainframe.cobol.internal.CobolSourcePrinter,visitInspectReplacingAllLeadings,FEATURE_ENVY,LOW,"foreign accesses=6, own accesses=2"
src/main/java/org/openrewrite/mainframe/cobol/internal/CobolSourcePrinter.java,org.openrewrite.mainframe.cobol.internal.CobolSourcePrinter,visitInspectReplacingCharacters,FEATURE_ENVY,LOW,"foreign accesses=8, own accesses=2"
src/main/java/org/openrewrite/mainframe/cobol/internal/CobolSourcePrinter.java,org.openrewrite.mainframe.cobol.internal.CobolSourcePrinter,visitInspectReplacingPhrase,FEATURE_ENVY,LOW,"foreign accesses=6, own accesses=2"
src/main/java/org/openrewrite/mainframe/cobol/internal/CobolSourcePrinter.java,org.openrewrite.mainframe.cobol.internal.CobolSourcePrinter,visitInspectTallyingPhrase,FEATURE_ENVY,LOW,"foreign accesses=6, own accesses=2"
src/main/java/org/openrewrite/mainframe/cobol/internal/CobolSourcePrinter.java,org.openrewrite.mainframe.cobol.internal.CobolSourcePrinter,visitInspectTallyingReplacingPhrase,FEATURE_ENVY,LOW,"foreign accesses=8, own accesses=2"
src/main/java/org/openrewrite/mainframe/cobol/internal/CobolSourcePrinter.java,org.openrewrite.mainframe.cobol.internal.CobolSourcePrinter,visitInspectTo,FEATURE_ENVY,LOW,"foreign accesses=6, own accesses=2"
src/main/java/org/openrewrite/mainframe/cobol/internal/CobolSourcePrinter.java,org.openrewrite.mainframe.cobol.internal.CobolSourcePrinter,visitIoControlParagraph,FEATURE_ENVY,MEDIUM,"foreign accesses=14, own accesses=2"
src/main/java/org/openrewrite/mainframe/cobol/internal/CobolSourcePrinter.java,org.openrewrite.mainframe.cobol.internal.CobolSourcePrinter,visitLabelRecordsClause,FEATURE_ENVY,LOW,"foreign accesses=6, own accesses=2"
src/main/java/org/openrewrite/mainframe/cobol/internal/CobolSourcePrinter.java,org.openrewrite.mainframe.cobol.internal.CobolSourcePrinter,visitLibraryAttributeClauseFormat2,FEATURE_ENVY,MEDIUM,"foreign accesses=12, own accesses=2"
src/main/java/org/openrewrite/mainframe/cobol/internal/CobolSourcePrinter.java,org.openrewrite.mainframe.cobol.internal.CobolSourcePrinter,visitLibraryAttributeFunction,FEATURE_ENVY,LOW,"foreign accesses=6, own accesses=2"
src/main/java/org/openrewrite/mainframe/cobol/internal/CobolSourcePrinter.java,org.openrewrite.mainframe.cobol.internal.CobolSourcePrinter,visitLibraryAttributeParameter,FEATURE_ENVY,LOW,"foreign accesses=6, own accesses=2"
src/main/java/org/openrewrite/mainframe/cobol/internal/CobolSourcePrinter.java,org.openrewrite.mainframe.cobol.internal.CobolSourcePrinter,visitLibraryAttributeTitle,FEATURE_ENVY,LOW,"foreign accesses=6, own accesses=2"
src/main/java/org/openrewrite/mainframe/cobol/internal/CobolSourcePrinter.java,org.openrewrite.mainframe.cobol.internal.CobolSourcePrinter,visitLibraryDescriptionEntryFormat1,FEATURE_ENVY,MEDIUM,"foreign accesses=12, own accesses=2"
src/main/java/org/openrewrite/mainframe/cobol/internal/CobolSourcePrinter.java,org.openrewrite.mainframe.cobol.internal.CobolSourcePrinter,visitLibraryDescriptionEntryFormat2,FEATURE_ENVY,MEDIUM,"foreign accesses=14, own accesses=2"
src/main/java/org/openrewrite/mainframe/cobol/internal/CobolSourcePrinter.java,org.openrewrite.mainframe.cobol.internal.CobolSourcePrinter,visitLibraryEntryProcedureClauseFormat1,FEATURE_ENVY,LOW,"foreign accesses=8, own accesses=2"
src/main/java/org/openrewrite/mainframe/cobol/internal/CobolSourcePrinter.java,org.openrewrite.mainframe.cobol.internal.CobolSourcePrinter,visitLibraryEntryProcedureClauseFormat2,FEATURE_ENVY,MEDIUM,"foreign accesses=14, own accesses=2"
src/main/java/org/openrewrite/mainframe/cobol/internal/CobolSourcePrinter.java,org.openrewrite.mainframe.cobol.internal.CobolSourcePrinter,visitLibraryEntryProcedureForClause,FEATURE_ENVY,LOW,"foreign accesses=6, own accesses=2"
src/main/java/org/openrewrite/mainframe/cobol/internal/CobolSourcePrinter.java,org.openrewrite.mainframe.cobol.internal.CobolSourcePrinter,visitLibraryEntryProcedureGivingClause,FEATURE_ENVY,LOW,"foreign accesses=6, own accesses=2"
src/main/java/org/openrewrite/mainframe/cobol/internal/CobolSourcePrinter.java,org.openrewrite.mainframe.cobol.internal.CobolSourcePrinter,visitLibraryEntryProcedureUsingClause,FEATURE_ENVY,LOW,"foreign accesses=6, own accesses=2"
src/main/java/org/openrewrite/mainframe/cobol/internal/CobolSourcePrinter.java,org.openrewrite.mainframe.cobol.internal.CobolSourcePrinter,visitLibraryEntryProcedureWithClause,FEATURE_ENVY,LOW,"foreign accesses=6, own accesses=2"
src/main/java/org/openrewrite/mainframe/cobol/internal/CobolSourcePrinter.java,org.openrewrite.mainframe.cobol.internal.CobolSourcePrinter,visitLinageClause,FEATURE_ENVY,MEDIUM,"foreign accesses=10, own accesses=2"
src/main/java/org/openrewrite/mainframe/cobol/internal/CobolSourcePrinter.java,org.openrewrite.mainframe.cobol.internal.CobolSourcePrinter,visitLinageFootingAt,FEATURE_ENVY,LOW,"foreign accesses=6, own accesses=2"
src/main/java/org/openrewrite/mainframe/cobol/internal/CobolSourcePrinter.java,org.openrewrite.mainframe.cobol.internal.CobolSourcePrinter,visitLinageLinesAtBottom,FEATURE_ENVY,LOW,"foreign accesses=6, own accesses=2"
src/main/java/org/openrewrite/mainframe/cobol/internal/CobolSourcePrinter.java,org.openrewrite.mainframe.cobol.internal.CobolSourcePrinter,visitLinageLinesAtTop,FEATURE_ENVY,LOW,"foreign accesses=6, own accesses=2"
src/main/java/org/openrewrite/mainframe/cobol/internal/CobolSourcePrinter.java,org.openrewrite.mainframe.cobol.internal.CobolSourcePrinter,visitLinkageSection,FEATURE_ENVY,LOW,"foreign accesses=8, own accesses=2"
src/main/java/org/openrewrite/mainframe/cobol/internal/CobolSourcePrinter.java,org.openrewrite.mainframe.cobol.internal.CobolSourcePrinter,visitLocalStorageSection,FEATURE_ENVY,MEDIUM,"foreign accesses=12, own accesses=2"
src/main/java/org/openrewrite/mainframe/cobol/internal/CobolSourcePrinter.java,org.openrewrite.mainframe.cobol.internal.CobolSourcePrinter,visitMerge,FEATURE_ENVY,HIGH,"foreign accesses=16, own accesses=2"
src/main/java/org/openrewrite/mainframe/cobol/internal/CobolSourcePrinter.java,org.openrewrite.mainframe.cobol.internal.CobolSourcePrinter,visitMergeCollatingSequencePhrase,FEATURE_ENVY,MEDIUM,"foreign accesses=10, own accesses=2"
src/main/java/org/openrewrite/mainframe/cobol/internal/CobolSourcePrinter.java,org.openrewrite.mainframe.cobol.internal.CobolSourcePrinter,visitMergeGiving,FEATURE_ENVY,LOW,"foreign accesses=6, own accesses=2"
src/main/java/org/openrewrite/mainframe/cobol/internal/CobolSourcePrinter.java,org.openrewrite.mainframe.cobol.internal.CobolSourcePrinter,visitMergeGivingPhrase,FEATURE_ENVY,LOW,"foreign accesses=6, own accesses=2"
src/main/java/org/openrewrite/mainframe/cobol/internal/CobolSourcePrinter.java,org.openrewrite.mainframe.cobol.internal.CobolSourcePrinter,visitMergeOnKeyClause,FEATURE_ENVY,LOW,"foreign accesses=6, own accesses=2"
src/main/java/org/openrewrite/mainframe/cobol/internal/CobolSourcePrinter.java,org.openrewrite.mainframe.cobol.internal.CobolSourcePrinter,visitMergeOutputProcedurePhrase,FEATURE_ENVY,LOW,"foreign accesses=8, own accesses=2"
src/main/java/org/openrewrite/mainframe/cobol/internal/CobolSourcePrinter.java,org.openrewrite.mainframe.cobol.internal.CobolSourcePrinter,visitMergeUsing,FEATURE_ENVY,LOW,"foreign accesses=6, own accesses=2"
src/main/java/org/openrewrite/mainframe/cobol/internal/CobolSourcePrinter.java,org.openrewrite.mainframe.cobol.internal.CobolSourcePrinter,visitMergeable,FEATURE_ENVY,LOW,"foreign accesses=6, own accesses=2"
src/main/java/org/openrewrite/mainframe/cobol/internal/CobolSourcePrinter.java,org.openrewrite.mainframe.cobol.internal.CobolSourcePrinter,visitMessageCountClause,FEATURE_ENVY,LOW,"foreign accesses=6, own accesses=2"
src/main/java/org/openrewrite/mainframe/cobol/internal/CobolSourcePrinter.java,org.openrewrite.mainframe.cobol.internal.CobolSourcePrinter,visitMessageDateClause,FEATURE_ENVY,LOW,"foreign accesses=6, own accesses=2"
src/main/java/org/openrewrite/mainframe/cobol/internal/CobolSourcePrinter.java,org.openrewrite.mainframe.cobol.internal.CobolSourcePrinter,visitMessageTimeClause,FEATURE_ENVY,LOW,"foreign accesses=6, own accesses=2"
src/main/java/org/openrewrite/mainframe/cobol/internal/CobolSourcePrinter.java,org.openrewrite.mainframe.cobol.internal.CobolSourcePrinter,visitMoveCorrespondingToStatement,FEATURE_ENVY,MEDIUM,"foreign accesses=10, own accesses=2"
src/main/java/org/openrewrite/mainframe/cobol/internal/CobolSourcePrinter.java,org.openrewrite.mainframe.cobol.internal.CobolSourcePrinter,visitMoveStatement,FEATURE_ENVY,LOW,"foreign accesses=6, own accesses=2"
src/main/java/org/openrewrite/mainframe/cobol/internal/CobolSourcePrinter.java,org.openrewrite.mainframe.cobol.internal.CobolSourcePrinter,visitMoveToStatement,FEATURE_ENVY,LOW,"foreign accesses=8, own accesses=2"
src/main/java/org/openrewrite/mainframe/cobol/internal/CobolSourcePrinter.java,org.openrewrite.mainframe.cobol.internal.CobolSourcePrinter,visitMultDiv,FEATURE_ENVY,LOW,"foreign accesses=6, own accesses=2"
src/main/java/org/openrewrite/mainframe/cobol/internal/CobolSourcePrinter.java,org.openrewrite.mainframe.cobol.internal.CobolSourcePrinter,visitMultDivs,FEATURE_ENVY,LOW,"foreign accesses=6, own accesses=2"
src/main/java/org/openrewrite/mainframe/cobol/internal/CobolSourcePrinter.java,org.openrewrite.mainframe.cobol.internal.CobolSourcePrinter,visitMultipleFileClause,FEATURE_ENVY,LOW,"foreign accesses=6, own accesses=2"
src/main/java/org/openrewrite/mainframe/cobol/internal/CobolSourcePrinter.java,org.openrewrite.mainframe.cobol.internal.CobolSourcePrinter,visitMultipleFilePosition,FEATURE_ENVY,LOW,"foreign accesses=8, own accesses=2"
src/main/java/org/openrewrite/mainframe/cobol/internal/CobolSourcePrinter.java,org.openrewrite.mainframe.cobol.internal.CobolSourcePrinter,visitMultiply,FEATURE_ENVY,HIGH,"foreign accesses=16, own accesses=2"
src/main/java/org/openrewrite/mainframe/cobol/internal/CobolSourcePrinter.java,org.openrewrite.mainframe.cobol.internal.CobolSourcePrinter,visitMultiplyGiving,FEATURE_ENVY,LOW,"foreign accesses=8, own accesses=2"
src/main/java/org/openrewrite/mainframe/cobol/internal/CobolSourcePrinter.java,org.openrewrite.mainframe.cobol.internal.CobolSourcePrinter,visitObjectComputer,FEATURE_ENVY,LOW,"foreign accesses=6, own accesses=2"
src/main/java/org/openrewrite/mainframe/cobol/internal/CobolSourcePrinter.java,org.openrewrite.mainframe.cobol.internal.CobolSourcePrinter,visitObjectComputerDefinition,FEATURE_ENVY,LOW,"foreign accesses=8, own accesses=2"
src/main/java/org/openrewrite/mainframe/cobol/internal/CobolSourcePrinter.java,org.openrewrite.mainframe.cobol.internal.CobolSourcePrinter,visitOdtClause,FEATURE_ENVY,LOW,"foreign accesses=6, own accesses=2"
src/main/java/org/openrewrite/mainframe/cobol/internal/CobolSourcePrinter.java,org.openrewrite.mainframe.cobol.internal.CobolSourcePrinter,visitOpen,FEATURE_ENVY,LOW,"foreign accesses=6, own accesses=2"
src/main/java/org/openrewrite/mainframe/cobol/internal/CobolSourcePrinter.java,org.openrewrite.mainframe.cobol.internal.CobolSourcePrinter,visitOpenIOExtendStatement,FEATURE_ENVY,LOW,"foreign accesses=6, own accesses=2"
src/main/java/org/openrewrite/mainframe/cobol/internal/CobolSourcePrinter.java,org.openrewrite.mainframe.cobol.internal.CobolSourcePrinter,visitOpenInputOutputStatement,FEATURE_ENVY,LOW,"foreign accesses=6, own accesses=2"
src/main/java/org/openrewrite/mainframe/cobol/internal/CobolSourcePrinter.java,org.openrewrite.mainframe.cobol.internal.CobolSourcePrinter,visitOpenable,FEATURE_ENVY,LOW,"foreign accesses=6, own accesses=2"
src/main/java/org/openrewrite/mainframe/cobol/internal/CobolSourcePrinter.java,org.openrewrite.mainframe.cobol.internal.CobolSourcePrinter,visitPaddingCharacterClause,FEATURE_ENVY,LOW,"foreign accesses=6, own accesses=2"
src/main/java/org/openrewrite/mainframe/cobol/internal/CobolSourcePrinter.java,org.openrewrite.mainframe.cobol.internal.CobolSourcePrinter,visitParagraph,FEATURE_ENVY,MEDIUM,"foreign accesses=10, own accesses=2"
src/main/java/org/openrewrite/mainframe/cobol/internal/CobolSourcePrinter.java,org.openrewrite.mainframe.cobol.internal.CobolSourcePrinter,visitParagraphs,FEATURE_ENVY,LOW,"foreign accesses=6, own accesses=2"
src/main/java/org/openrewrite/mainframe/cobol/internal/CobolSourcePrinter.java,org.openrewrite.mainframe.cobol.internal.CobolSourcePrinter,visitParenthesized,FEATURE_ENVY,LOW,"foreign accesses=8, own accesses=2"
src/main/java/org/openrewrite/mainframe/cobol/internal/CobolSourcePrinter.java,org.openrewrite.mainframe.cobol.internal.CobolSourcePrinter,visitPasswordClause,FEATURE_ENVY,LOW,"foreign accesses=6, own accesses=2"
src/main/java/org/openrewrite/mainframe/cobol/internal/CobolSourcePrinter.java,org.openrewrite.mainframe.cobol.internal.CobolSourcePrinter,visitPerform,FEATURE_ENVY,LOW,"foreign accesses=6, own accesses=2"
src/main/java/org/openrewrite/mainframe/cobol/internal/CobolSourcePrinter.java,org.openrewrite.mainframe.cobol.internal.CobolSourcePrinter,visitPerformInlineStatement,FEATURE_ENVY,LOW,"foreign accesses=8, own accesses=2"
src/main/java/org/openrewrite/mainframe/cobol/internal/CobolSourcePrinter.java,org.openrewrite.mainframe.cobol.internal.CobolSourcePrinter,visitPerformProcedureStatement,FEATURE_ENVY,MEDIUM,"foreign accesses=10, own accesses=2"
src/main/java/org/openrewrite/mainframe/cobol/internal/CobolSourcePrinter.java,org.openrewrite.mainframe.cobol.internal.CobolSourcePrinter,visitPerformTimes,FEATURE_ENVY,LOW,"foreign accesses=6, own accesses=2"
src/main/java/org/openrewrite/mainframe/cobol/internal/CobolSourcePrinter.java,org.openrewrite.mainframe.cobol.internal.CobolSourcePrinter,visitPerformUntil,FEATURE_ENVY,LOW,"foreign accesses=8, own accesses=2"
src/main/java/org/openrewrite/mainframe/cobol/internal/CobolSourcePrinter.java,org.openrewrite.mainframe.cobol.internal.CobolSourcePrinter,visitPerformVaryingClause,FEATURE_ENVY,LOW,"foreign accesses=8, own accesses=2"
src/main/java/org/openrewrite/mainframe/cobol/internal/CobolSourcePrinter.java,org.openrewrite.mainframe.cobol.internal.CobolSourcePrinter,visitPerformVaryingPhrase,FEATURE_ENVY,MEDIUM,"foreign accesses=10, own accesses=2"
src/main/java/org/openrewrite/mainframe/cobol/internal/CobolSourcePrinter.java,org.openrewrite.mainframe.cobol.internal.CobolSourcePrinter,visitPerformable,FEATURE_ENVY,LOW,"foreign accesses=6, own accesses=2"
src/main/java/org/openrewrite/mainframe/cobol/internal/CobolSourcePrinter.java,org.openrewrite.mainframe.cobol.internal.CobolSourcePrinter,visitPicture,FEATURE_ENVY,LOW,"foreign accesses=6, own accesses=2"
src/main/java/org/openrewrite/mainframe/cobol/internal/CobolSourcePrinter.java,org.openrewrite.mainframe.cobol.internal.CobolSourcePrinter,visitPlusMinus,FEATURE_ENVY,LOW,"foreign accesses=6, own accesses=2"
src/main/java/org/openrewrite/mainframe/cobol/internal/CobolSourcePrinter.java,org.openrewrite.mainframe.cobol.internal.CobolSourcePrinter,visitPower,FEATURE_ENVY,LOW,"foreign accesses=6, own accesses=2"
src/main/java/org/openrewrite/mainframe/cobol/internal/CobolSourcePrinter.java,org.openrewrite.mainframe.cobol.internal.CobolSourcePrinter,visitPowers,FEATURE_ENVY,LOW,"foreign accesses=8, own accesses=2"
src/main/java/org/openrewrite/mainframe/cobol/internal/CobolSourcePrinter.java,org.openrewrite.mainframe.cobol.internal.CobolSourcePrinter,visitProcedureDeclarative,FEATURE_ENVY,MEDIUM,"foreign accesses=12, own accesses=2"
src/main/java/org/openrewrite/mainframe/cobol/internal/CobolSourcePrinter.java,org.openrewrite.mainframe.cobol.internal.CobolSourcePrinter,visitProcedureDeclaratives,FEATURE_ENVY,MEDIUM,"foreign accesses=12, own accesses=2"
src/main/java/org/openrewrite/mainframe/cobol/internal/CobolSourcePrinter.java,org.openrewrite.mainframe.cobol.internal.CobolSourcePrinter,visitProcedureDivision,FEATURE_ENVY,MEDIUM,"foreign accesses=14, own accesses=2"
src/main/java/org/openrewrite/mainframe/cobol/internal/CobolSourcePrinter.java,org.openrewrite.mainframe.cobol.internal.CobolSourcePrinter,visitProcedureDivisionBody,FEATURE_ENVY,LOW,"foreign accesses=6, own accesses=2"
src/main/java/org/openrewrite/mainframe/cobol/internal/CobolSourcePrinter.java,org.openrewrite.mainframe.cobol.internal.CobolSourcePrinter,visitProcedureDivisionByReference,FEATURE_ENVY,LOW,"foreign accesses=6, own accesses=2"
src/main/java/org/openrewrite/mainframe/cobol/internal/CobolSourcePrinter.java,org.openrewrite.mainframe.cobol.internal.CobolSourcePrinter,visitProcedureDivisionByReferencePhrase,FEATURE_ENVY,LOW,"foreign accesses=6, own accesses=2"
src/main/java/org/openrewrite/mainframe/cobol/internal/CobolSourcePrinter.java,org.openrewrite.mainframe.cobol.internal.CobolSourcePrinter,visitProcedureDivisionByValuePhrase,FEATURE_ENVY,LOW,"foreign accesses=6, own accesses=2"
src/main/java/org/openrewrite/mainframe/cobol/internal/CobolSourcePrinter.java,org.openrewrite.mainframe.cobol.internal.CobolSourcePrinter,visitProcedureDivisionGivingClause,FEATURE_ENVY,LOW,"foreign accesses=6, own accesses=2"
src/main/java/org/openrewrite/mainframe/cobol/internal/CobolSourcePrinter.java,org.openrewrite.mainframe.cobol.internal.CobolSourcePrinter,visitProcedureDivisionUsingClause,FEATURE_ENVY,LOW,"foreign accesses=6, own accesses=2"
src/main/java/org/openrewrite/mainframe/cobol/internal/CobolSourcePrinter.java,org.openrewrite.mainframe.cobol.internal.CobolSourcePrinter,visitProcedureName,FEATURE_ENVY,LOW,"foreign accesses=8, own accesses=2"
src/main/java/org/openrewrite/mainframe/cobol/internal/CobolSourcePrinter.java,org.openrewrite.mainframe.cobol.internal.CobolSourcePrinter,visitProcedureSection,FEATURE_ENVY,LOW,"foreign accesses=8, own accesses=2"
src/main/java/org/openrewrite/mainframe/cobol/internal/CobolSourcePrinter.java,org.openrewrite.mainframe.cobol.internal.CobolSourcePrinter,visitProcedureSectionHeader,FEATURE_ENVY,LOW,"foreign accesses=8, own accesses=2"
src/main/java/org/openrewrite/mainframe/cobol/internal/CobolSourcePrinter.java,org.openrewrite.mainframe.cobol.internal.CobolSourcePrinter,visitProgramIdParagraph,FEATURE_ENVY,MEDIUM,"foreign accesses=14, own accesses=2"
src/main/java/org/openrewrite/mainframe/cobol/internal/CobolSourcePrinter.java,org.openrewrite.mainframe.cobol.internal.CobolSourcePrinter,visitProgramLibrarySection,FEATURE_ENVY,LOW,"foreign accesses=6, own accesses=2"
src/main/java/org/openrewrite/mainframe/cobol/internal/CobolSourcePrinter.java,org.openrewrite.mainframe.cobol.internal.CobolSourcePrinter,visitProgramUnit,FEATURE_ENVY,HIGH,"foreign accesses=16, own accesses=3"
src/main/java/org/openrewrite/mainframe/cobol/internal/CobolSourcePrinter.java,org.openrewrite.mainframe.cobol.internal.CobolSourcePrinter,visitPurge,FEATURE_ENVY,LOW,"foreign accesses=6, own accesses=2"
src/main/java/org/openrewrite/mainframe/cobol/internal/CobolSourcePrinter.java,org.openrewrite.mainframe.cobol.internal.CobolSourcePrinter,visitQualifiedDataNameFormat1,FEATURE_ENVY,LOW,"foreign accesses=8, own accesses=2"
src/main/java/org/openrewrite/mainframe/cobol/internal/CobolSourcePrinter.java,org.openrewrite.mainframe.cobol.internal.CobolSourcePrinter,visitQualifiedDataNameFormat2,FEATURE_ENVY,LOW,"foreign accesses=6, own accesses=2"
src/main/java/org/openrewrite/mainframe/cobol/internal/CobolSourcePrinter.java,org.openrewrite.mainframe.cobol.internal.CobolSourcePrinter,visitQualifiedDataNameFormat3,FEATURE_ENVY,LOW,"foreign accesses=6, own accesses=2"
src/main/java/org/openrewrite/mainframe/cobol/internal/CobolSourcePrinter.java,org.openrewrite.mainframe.cobol.internal.CobolSourcePrinter,visitQualifiedDataNameFormat4,FEATURE_ENVY,LOW,"foreign accesses=6, own accesses=2"
src/main/java/org/openrewrite/mainframe/cobol/internal/CobolSourcePrinter.java,org.openrewrite.mainframe.cobol.internal.CobolSourcePrinter,visitRead,FEATURE_ENVY,HIGH,"foreign accesses=24, own accesses=2"
src/main/java/org/openrewrite/mainframe/cobol/internal/CobolSourcePrinter.java,org.openrewrite.mainframe.cobol.internal.CobolSourcePrinter,visitReadInto,FEATURE_ENVY,LOW,"foreign accesses=6, own accesses=2"
src/main/java/org/openrewrite/mainframe/cobol/internal/CobolSourcePrinter.java,org.openrewrite.mainframe.cobol.internal.CobolSourcePrinter,visitReadKey,FEATURE_ENVY,LOW,"foreign accesses=6, own accesses=2"
src/main/java/org/openrewrite/mainframe/cobol/internal/CobolSourcePrinter.java,org.openrewrite.mainframe.cobol.internal.CobolSourcePrinter,visitReceivable,FEATURE_ENVY,LOW,"foreign accesses=6, own accesses=2"
src/main/java/org/openrewrite/mainframe/cobol/internal/CobolSourcePrinter.java,org.openrewrite.mainframe.cobol.internal.CobolSourcePrinter,visitReceive,FEATURE_ENVY,MEDIUM,"foreign accesses=12, own accesses=2"
src/main/java/org/openrewrite/mainframe/cobol/internal/CobolSourcePrinter.java,org.openrewrite.mainframe.cobol.internal.CobolSourcePrinter,visitReceiveFrom,FEATURE_ENVY,LOW,"foreign accesses=6, own accesses=2"
src/main/java/org/openrewrite/mainframe/cobol/internal/CobolSourcePrinter.java,org.openrewrite.mainframe.cobol.internal.CobolSourcePrinter,visitReceiveFromStatement,FEATURE_ENVY,MEDIUM,"foreign accesses=10, own accesses=2"
src/main/java/org/openrewrite/mainframe/cobol/internal/CobolSourcePrinter.java,org.openrewrite.mainframe.cobol.internal.CobolSourcePrinter,visitReceiveIntoStatement,FEATURE_ENVY,MEDIUM,"foreign accesses=12, own accesses=2"
src/main/java/org/openrewrite/mainframe/cobol/internal/CobolSourcePrinter.java,org.openrewrite.mainframe.cobol.internal.CobolSourcePrinter,visitRecordContainsClause,FEATURE_ENVY,LOW,"foreign accesses=6, own accesses=2"
src/main/java/org/openrewrite/mainframe/cobol/internal/CobolSourcePrinter.java,org.openrewrite.mainframe.cobol.internal.CobolSourcePrinter,visitRecordContainsClauseFormat1,FEATURE_ENVY,LOW,"foreign accesses=8, own accesses=2"
src/main/java/org/openrewrite/mainframe/cobol/internal/CobolSourcePrinter.java,org.openrewrite.mainframe.cobol.internal.CobolSourcePrinter,visitRecordContainsClauseFormat2,FEATURE_ENVY,LOW,"foreign accesses=8, own accesses=2"
src/main/java/org/openrewrite/mainframe/cobol/internal/CobolSourcePrinter.java,org.openrewrite.mainframe.cobol.internal.CobolSourcePrinter,visitRecordContainsClauseFormat3,FEATURE_ENVY,MEDIUM,"foreign accesses=10, own accesses=2"
src/main/java/org/openrewrite/mainframe/cobol/internal/CobolSourcePrinter.java,org.openrewrite.mainframe.cobol.internal.CobolSourcePrinter,visitRecordContainsTo,FEATURE_ENVY,LOW,"foreign accesses=6, own accesses=2"
src/main/java/org/openrewrite/mainframe/cobol/internal/CobolSourcePrinter.java,org.openrewrite.mainframe.cobol.internal.CobolSourcePrinter,visitRecordDelimiterClause,FEATURE_ENVY,LOW,"foreign accesses=6, own accesses=2"
src/main/java/org/openrewrite/mainframe/cobol/internal/CobolSourcePrinter.java,org.openrewrite.mainframe.cobol.internal.CobolSourcePrinter,visitRecordKeyClause,FEATURE_ENVY,MEDIUM,"foreign accesses=10, own accesses=2"
src/main/java/org/openrewrite/mainframe/cobol/internal/CobolSourcePrinter.java,org.openrewrite.mainframe.cobol.internal.CobolSourcePrinter,visitRecordingModeClause,FEATURE_ENVY,LOW,"foreign accesses=6, own accesses=2"
src/main/java/org/openrewrite/mainframe/cobol/internal/CobolSourcePrinter.java,org.openrewrite.mainframe.cobol.internal.CobolSourcePrinter,visitReferenceModifier,FEATURE_ENVY,MEDIUM,"foreign accesses=12, own accesses=2"
src/main/java/org/openrewrite/mainframe/cobol/internal/CobolSourcePrinter.java,org.openrewrite.mainframe.cobol.internal.CobolSourcePrinter,visitRelationArithmeticComparison,FEATURE_ENVY,LOW,"foreign accesses=8, own accesses=2"
src/main/java/org/openrewrite/mainframe/cobol/internal/CobolSourcePrinter.java,org.openrewrite.mainframe.cobol.internal.CobolSourcePrinter,visitRelationCombinedComparison,FEATURE_ENVY,LOW,"foreign accesses=8, own accesses=2"
src/main/java/org/openrewrite/mainframe/cobol/internal/CobolSourcePrinter.java,org.openrewrite.mainframe.cobol.internal.CobolSourcePrinter,visitRelationSignCondition,FEATURE_ENVY,LOW,"foreign accesses=6, own accesses=2"
src/main/java/org/openrewrite/mainframe/cobol/internal/CobolSourcePrinter.java,org.openrewrite.mainframe.cobol.internal.CobolSourcePrinter,visitRelativeKeyClause,FEATURE_ENVY,LOW,"foreign accesses=6, own accesses=2"
src/main/java/org/openrewrite/mainframe/cobol/internal/CobolSourcePrinter.java,org.openrewrite.mainframe.cobol.internal.CobolSourcePrinter,visitRelease,FEATURE_ENVY,MEDIUM,"foreign accesses=10, own accesses=2"
src/main/java/org/openrewrite/mainframe/cobol/internal/CobolSourcePrinter.java,org.openrewrite.mainframe.cobol.internal.CobolSourcePrinter,visitReportClause,FEATURE_ENVY,LOW,"foreign accesses=6, own accesses=2"
src/main/java/org/openrewrite/mainframe/cobol/internal/CobolSourcePrinter.java,org.openrewrite.mainframe.cobol.internal.CobolSourcePrinter,visitReportDescription,FEATURE_ENVY,LOW,"foreign accesses=6, own accesses=2"
src/main/java/org/openrewrite/mainframe/cobol/internal/CobolSourcePrinter.java,org.openrewrite.mainframe.cobol.internal.CobolSourcePrinter,visitReportDescriptionEntry,FEATURE_ENVY,HIGH,"foreign accesses=20, own accesses=2"
src/main/java/org/openrewrite/mainframe/cobol/internal/CobolSourcePrinter.java,org.openrewrite.mainframe.cobol.internal.CobolSourcePrinter,visitReportDescriptionFirstDetailClause,FEATURE_ENVY,LOW,"foreign accesses=6, own accesses=2"
src/main/java/org/openrewrite/mainframe/cobol/internal/CobolSourcePrinter.java,org.openrewrite.mainframe.cobol.internal.CobolSourcePrinter,visitReportDescriptionFootingClause,FEATURE_ENVY,LOW,"foreign accesses=6, own accesses=2"
src/main/java/org/openrewrite/mainframe/cobol/internal/CobolSourcePrinter.java,org.openrewrite.mainframe.cobol.internal.CobolSourcePrinter,visitReportDescriptionHeadingClause,FEATURE_ENVY,LOW,"foreign accesses=6, own accesses=2"
src/main/java/org/openrewrite/mainframe/cobol/internal/CobolSourcePrinter.java,org.openrewrite.mainframe.cobol.internal.CobolSourcePrinter,visitReportDescriptionLastDetailClause,FEATURE_ENVY,LOW,"foreign accesses=6, own accesses=2"
src/main/java/org/openrewrite/mainframe/cobol/internal/CobolSourcePrinter.java,org.openrewrite.mainframe.cobol.internal.CobolSourcePrinter,visitReportDescriptionPageLimitClause,FEATURE_ENVY,LOW,"foreign accesses=8, own accesses=2"
src/main/java/org/openrewrite/mainframe/cobol/internal/CobolSourcePrinter.java,org.openrewrite.mainframe.cobol.internal.CobolSourcePrinter,visitReportGroupColumnNumberClause,FEATURE_ENVY,LOW,"foreign accesses=6, own accesses=2"
src/main/java/org/openrewrite/mainframe/cobol/internal/CobolSourcePrinter.java,org.openrewrite.mainframe.cobol.internal.CobolSourcePrinter,visitReportGroupDescriptionEntryFormat1,FEATURE_ENVY,HIGH,"foreign accesses=16, own accesses=2"
src/main/java/org/openrewrite/mainframe/cobol/internal/CobolSourcePrinter.java,org.openrewrite.mainframe.cobol.internal.CobolSourcePrinter,visitReportGroupDescriptionEntryFormat2,FEATURE_ENVY,MEDIUM,"foreign accesses=12, own accesses=2"
src/main/java/org/openrewrite/mainframe/cobol/internal/CobolSourcePrinter.java,org.openrewrite.mainframe.cobol.internal.CobolSourcePrinter,visitReportGroupDescriptionEntryFormat3,FEATURE_ENVY,MEDIUM,"foreign accesses=10, own accesses=2"
src/main/java/org/openrewrite/mainframe/cobol/internal/CobolSourcePrinter.java,org.openrewrite.mainframe.cobol.internal.CobolSourcePrinter,visitReportGroupLineNumberClause,FEATURE_ENVY,LOW,"foreign accesses=6, own accesses=2"
src/main/java/org/openrewrite/mainframe/cobol/internal/CobolSourcePrinter.java,org.openrewrite.mainframe.cobol.internal.CobolSourcePrinter,visitReportGroupLineNumberNextPage,FEATURE_ENVY,LOW,"foreign accesses=6, own accesses=2"
src/main/java/org/openrewrite/mainframe/cobol/internal/CobolSourcePrinter.java,org.openrewrite.mainframe.cobol.internal.CobolSourcePrinter,visitReportGroupLineNumberPlus,FEATURE_ENVY,LOW,"foreign accesses=6, own accesses=2"
src/main/java/org/openrewrite/mainframe/cobol/internal/CobolSourcePrinter.java,org.openrewrite.mainframe.cobol.internal.CobolSourcePrinter,visitReportGroupNextGroupClause,FEATURE_ENVY,LOW,"foreign accesses=6, own accesses=2"
src/main/java/org/openrewrite/mainframe/cobol/internal/CobolSourcePrinter.java,org.openrewrite.mainframe.cobol.internal.CobolSourcePrinter,visitReportGroupNextGroupPlus,FEATURE_ENVY,LOW,"foreign accesses=6, own accesses=2"
src/main/java/org/openrewrite/mainframe/cobol/internal/CobolSourcePrinter.java,org.openrewrite.mainframe.cobol.internal.CobolSourcePrinter,visitReportGroupPictureClause,FEATURE_ENVY,LOW,"foreign accesses=6, own accesses=2"
src/main/java/org/openrewrite/mainframe/cobol/internal/CobolSourcePrinter.java,org.openrewrite.mainframe.cobol.internal.CobolSourcePrinter,visitReportGroupSourceClause,FEATURE_ENVY,LOW,"foreign accesses=6, own accesses=2"
src/main/java/org/openrewrite/mainframe/cobol/internal/CobolSourcePrinter.java,org.openrewrite.mainframe.cobol.internal.CobolSourcePrinter,visitReportGroupTypeClause,FEATURE_ENVY,LOW,"foreign accesses=6, own accesses=2"
src/main/java/org/openrewrite/mainframe/cobol/internal/CobolSourcePrinter.java,org.openrewrite.mainframe.cobol.internal.CobolSourcePrinter,visitReportGroupValueClause,FEATURE_ENVY,LOW,"foreign accesses=6, own accesses=2"
src/main/java/org/openrewrite/mainframe/cobol/internal/CobolSourcePrinter.java,org.openrewrite.mainframe.cobol.internal.CobolSourcePrinter,visitReportSection,FEATURE_ENVY,LOW,"foreign accesses=6, own accesses=2"
src/main/java/org/openrewrite/mainframe/cobol/internal/CobolSourcePrinter.java,org.openrewrite.mainframe.cobol.internal.CobolSourcePrinter,visitRepository,FEATURE_ENVY,MEDIUM,"foreign accesses=10, own accesses=2"
src/main/java/org/openrewrite/mainframe/cobol/internal/CobolSourcePrinter.java,org.openrewrite.mainframe.cobol.internal.CobolSourcePrinter,visitRepositoryEntry,FEATURE_ENVY,MEDIUM,"foreign accesses=10, own accesses=2"
src/main/java/org/openrewrite/mainframe/cobol/internal/CobolSourcePrinter.java,org.openrewrite.mainframe.cobol.internal.CobolSourcePrinter,visitRerunClause,FEATURE_ENVY,MEDIUM,"foreign accesses=12, own accesses=2"
src/main/java/org/openrewrite/mainframe/cobol/internal/CobolSourcePrinter.java,org.openrewrite.mainframe.cobol.internal.CobolSourcePrinter,visitRerunEveryClock,FEATURE_ENVY,LOW,"foreign accesses=6, own accesses=2"
src/main/java/org/openrewrite/mainframe/cobol/internal/CobolSourcePrinter.java,org.openrewrite.mainframe.cobol.internal.CobolSourcePrinter,visitRerunEveryOf,FEATURE_ENVY,LOW,"foreign accesses=6, own accesses=2"
src/main/java/org/openrewrite/mainframe/cobol/internal/CobolSourcePrinter.java,org.openrewrite.mainframe.cobol.internal.CobolSourcePrinter,visitRerunEveryRecords,FEATURE_ENVY,LOW,"foreign accesses=6, own accesses=2"
src/main/java/org/openrewrite/mainframe/cobol/internal/CobolSourcePrinter.java,org.openrewrite.mainframe.cobol.internal.CobolSourcePrinter,visitReturn,FEATURE_ENVY,HIGH,"foreign accesses=16, own accesses=2"
src/main/java/org/openrewrite/mainframe/cobol/internal/CobolSourcePrinter.java,org.openrewrite.mainframe.cobol.internal.CobolSourcePrinter,visitReturnInto,FEATURE_ENVY,LOW,"foreign accesses=6, own accesses=2"
src/main/java/org/openrewrite/mainframe/cobol/internal/CobolSourcePrinter.java,org.openrewrite.mainframe.cobol.internal.CobolSourcePrinter,visitRewrite,FEATURE_ENVY,MEDIUM,"foreign accesses=14, own accesses=2"
src/main/java/org/openrewrite/mainframe/cobol/internal/CobolSourcePrinter.java,org.openrewrite.mainframe.cobol.internal.CobolSourcePrinter,visitRewriteFrom,FEATURE_ENVY,LOW,"foreign accesses=6, own accesses=2"
src/main/java/org/openrewrite/mainframe/cobol/internal/CobolSourcePrinter.java,org.openrewrite.mainframe.cobol.internal.CobolSourcePrinter,visitRoundable,FEATURE_ENVY,LOW,"foreign accesses=6, own accesses=2"
src/main/java/org/openrewrite/mainframe/cobol/internal/CobolSourcePrinter.java,org.openrewrite.mainframe.cobol.internal.CobolSourcePrinter,visitSameClause,FEATURE_ENVY,LOW,"foreign accesses=6, own accesses=2"
src/main/java/org/openrewrite/mainframe/cobol/internal/CobolSourcePrinter.java,org.openrewrite.mainframe.cobol.internal.CobolSourcePrinter,visitScreenDescriptionBackgroundColorClause,FEATURE_ENVY,LOW,"foreign accesses=8, own accesses=2"
src/main/java/org/openrewrite/mainframe/cobol/internal/CobolSourcePrinter.java,org.openrewrite.mainframe.cobol.internal.CobolSourcePrinter,visitScreenDescriptionColumnClause,FEATURE_ENVY,LOW,"foreign accesses=6, own accesses=2"
src/main/java/org/openrewrite/mainframe/cobol/internal/CobolSourcePrinter.java,org.openrewrite.mainframe.cobol.internal.CobolSourcePrinter,visitScreenDescriptionControlClause,FEATURE_ENVY,LOW,"foreign accesses=6, own accesses=2"
src/main/java/org/openrewrite/mainframe/cobol/internal/CobolSourcePrinter.java,org.openrewrite.mainframe.cobol.internal.CobolSourcePrinter,visitScreenDescriptionEntry,FEATURE_ENVY,MEDIUM,"foreign accesses=10, own accesses=2"
src/main/java/org/openrewrite/mainframe/cobol/internal/CobolSourcePrinter.java,org.openrewrite.mainframe.cobol.internal.CobolSourcePrinter,visitScreenDescriptionForegroundColorClause,FEATURE_ENVY,LOW,"foreign accesses=6, own accesses=2"
src/main/java/org/openrewrite/mainframe/cobol/internal/CobolSourcePrinter.java,org.openrewrite.mainframe.cobol.internal.CobolSourcePrinter,visitScreenDescriptionFromClause,FEATURE_ENVY,LOW,"foreign accesses=8, own accesses=2"
src/main/java/org/openrewrite/mainframe/cobol/internal/CobolSourcePrinter.java,org.openrewrite.mainframe.cobol.internal.CobolSourcePrinter,visitScreenDescriptionLineClause,FEATURE_ENVY,LOW,"foreign accesses=6, own accesses=2"
src/main/java/org/openrewrite/mainframe/cobol/internal/CobolSourcePrinter.java,org.openrewrite.mainframe.cobol.internal.CobolSourcePrinter,visitScreenDescriptionPictureClause,FEATURE_ENVY,LOW,"foreign accesses=6, own accesses=2"
src/main/java/org/openrewrite/mainframe/cobol/internal/CobolSourcePrinter.java,org.openrewrite.mainframe.cobol.internal.CobolSourcePrinter,visitScreenDescriptionPromptClause,FEATURE_ENVY,LOW,"foreign accesses=8, own accesses=2"
src/main/java/org/openrewrite/mainframe/cobol/internal/CobolSourcePrinter.java,org.openrewrite.mainframe.cobol.internal.CobolSourcePrinter,visitScreenDescriptionPromptOccursClause,FEATURE_ENVY,LOW,"foreign accesses=8, own accesses=2"
src/main/java/org/openrewrite/mainframe/cobol/internal/CobolSourcePrinter.java,org.openrewrite.mainframe.cobol.internal.CobolSourcePrinter,visitScreenDescriptionSizeClause,FEATURE_ENVY,LOW,"foreign accesses=6, own accesses=2"
src/main/java/org/openrewrite/mainframe/cobol/internal/CobolSourcePrinter.java,org.openrewrite.mainframe.cobol.internal.CobolSourcePrinter,visitScreenDescriptionToClause,FEATURE_ENVY,LOW,"foreign accesses=6, own accesses=2"
src/main/java/org/openrewrite/mainframe/cobol/internal/CobolSourcePrinter.java,org.openrewrite.mainframe.cobol.internal.CobolSourcePrinter,visitScreenDescriptionUsingClause,FEATURE_ENVY,LOW,"foreign accesses=6, own accesses=2"
src/main/java/org/openrewrite/mainframe/cobol/internal/CobolSourcePrinter.java,org.openrewrite.mainframe.cobol.internal.CobolSourcePrinter,visitScreenDescriptionValueClause,FEATURE_ENVY,LOW,"foreign accesses=6, own accesses=2"
src/main/java/org/openrewrite/mainframe/cobol/internal/CobolSourcePrinter.java,org.openrewrite.mainframe.cobol.internal.CobolSourcePrinter,visitScreenSection,FEATURE_ENVY,LOW,"foreign accesses=8, own accesses=2"
src/main/java/org/openrewrite/mainframe/cobol/internal/CobolSourcePrinter.java,org.openrewrite.mainframe.cobol.internal.CobolSourcePrinter,visitSearch,FEATURE_ENVY,MEDIUM,"foreign accesses=14, own accesses=2"
src/main/java/org/openrewrite/mainframe/cobol/internal/CobolSourcePrinter.java,org.openrewrite.mainframe.cobol.internal.CobolSourcePrinter,visitSearchVarying,FEATURE_ENVY,LOW,"foreign accesses=6, own accesses=2"
src/main/java/org/openrewrite/mainframe/cobol/internal/CobolSourcePrinter.java,org.openrewrite.mainframe.cobol.internal.CobolSourcePrinter,visitSearchWhen,FEATURE_ENVY,MEDIUM,"foreign accesses=10, own accesses=2"
src/main/java/org/openrewrite/mainframe/cobol/internal/CobolSourcePrinter.java,org.openrewrite.mainframe.cobol.internal.CobolSourcePrinter,visitSelectClause,FEATURE_ENVY,LOW,"foreign accesses=6, own accesses=2"
src/main/java/org/openrewrite/mainframe/cobol/internal/CobolSourcePrinter.java,org.openrewrite.mainframe.cobol.internal.CobolSourcePrinter,visitSend,FEATURE_ENVY,MEDIUM,"foreign accesses=10, own accesses=2"
src/main/java/org/openrewrite/mainframe/cobol/internal/CobolSourcePrinter.java,org.openrewrite.mainframe.cobol.internal.CobolSourcePrinter,visitSendAdvancingLines,FEATURE_ENVY,LOW,"foreign accesses=6, own accesses=2"
src/main/java/org/openrewrite/mainframe/cobol/internal/CobolSourcePrinter.java,org.openrewrite.mainframe.cobol.internal.CobolSourcePrinter,visitSendPhrase,FEATURE_ENVY,LOW,"foreign accesses=6, own accesses=2"
src/main/java/org/openrewrite/mainframe/cobol/internal/CobolSourcePrinter.java,org.openrewrite.mainframe.cobol.internal.CobolSourcePrinter,visitSendStatementSync,FEATURE_ENVY,MEDIUM,"foreign accesses=12, own accesses=2"
src/main/java/org/openrewrite/mainframe/cobol/internal/CobolSourcePrinter.java,org.openrewrite.mainframe.cobol.internal.CobolSourcePrinter,visitSentence,FEATURE_ENVY,LOW,"foreign accesses=6, own accesses=2"
src/main/java/org/openrewrite/mainframe/cobol/internal/CobolSourcePrinter.java,org.openrewrite.mainframe.cobol.internal.CobolSourcePrinter,visitSet,FEATURE_ENVY,LOW,"foreign accesses=8, own accesses=2"
src/main/java/org/openrewrite/mainframe/cobol/internal/CobolSourcePrinter.java,org.openrewrite.mainframe.cobol.internal.CobolSourcePrinter,visitSetTo,FEATURE_ENVY,LOW,"foreign accesses=8, own accesses=2"
src/main/java/org/openrewrite/mainframe/cobol/internal/CobolSourcePrinter.java,org.openrewrite.mainframe.cobol.internal.CobolSourcePrinter,visitSetUpDown,FEATURE_ENVY,LOW,"foreign accesses=8, own accesses=2"
src/main/java/org/openrewrite/mainframe/cobol/internal/CobolSourcePrinter.java,org.openrewrite.mainframe.cobol.internal.CobolSourcePrinter,visitSort,FEATURE_ENVY,HIGH,"foreign accesses=20, own accesses=2"
src/main/java/org/openrewrite/mainframe/cobol/internal/CobolSourcePrinter.java,org.openrewrite.mainframe.cobol.internal.CobolSourcePrinter,visitSortCollatingSequencePhrase,FEATURE_ENVY,MEDIUM,"foreign accesses=10, own accesses=2"
src/main/java/org/openrewrite/mainframe/cobol/internal/CobolSourcePrinter.java,org.openrewrite.mainframe.cobol.internal.CobolSourcePrinter,visitSortGiving,FEATURE_ENVY,LOW,"foreign accesses=6, own accesses=2"
src/main/java/org/openrewrite/mainframe/cobol/internal/CobolSourcePrinter.java,org.openrewrite.mainframe.cobol.internal.CobolSourcePrinter,visitSortProcedurePhrase,FEATURE_ENVY,LOW,"foreign accesses=8, own accesses=2"
src/main/java/org/openrewrite/mainframe/cobol/internal/CobolSourcePrinter.java,org.openrewrite.mainframe.cobol.internal.CobolSourcePrinter,visitSortable,FEATURE_ENVY,LOW,"foreign accesses=6, own accesses=2"
src/main/java/org/openrewrite/mainframe/cobol/internal/CobolSourcePrinter.java,org.openrewrite.mainframe.cobol.internal.CobolSourcePrinter,visitSourceComputer,FEATURE_ENVY,LOW,"foreign accesses=6, own accesses=2"
src/main/java/org/openrewrite/mainframe/cobol/internal/CobolSourcePrinter.java,org.openrewrite.mainframe.cobol.internal.CobolSourcePrinter,visitSourceComputerDefinition,FEATURE_ENVY,LOW,"foreign accesses=8, own accesses=2"
src/main/java/org/openrewrite/mainframe/cobol/internal/CobolSourcePrinter.java,org.openrewrite.mainframe.cobol.internal.CobolSourcePrinter,visitSpecialNames,FEATURE_ENVY,MEDIUM,"foreign accesses=10, own accesses=2"
src/main/java/org/openrewrite/mainframe/cobol/internal/CobolSourcePrinter.java,org.openrewrite.mainframe.cobol.internal.CobolSourcePrinter,visitSpecialRegister,FEATURE_ENVY,LOW,"foreign accesses=6, own accesses=2"
src/main/java/org/openrewrite/mainframe/cobol/internal/CobolSourcePrinter.java,org.openrewrite.mainframe.cobol.internal.CobolSourcePrinter,visitStart,FEATURE_ENVY,MEDIUM,"foreign accesses=14, own accesses=2"
src/main/java/org/openrewrite/mainframe/cobol/internal/CobolSourcePrinter.java,org.openrewrite.mainframe.cobol.internal.CobolSourcePrinter,visitStartKey,FEATURE_ENVY,LOW,"foreign accesses=6, own accesses=2"
src/main/java/org/openrewrite/mainframe/cobol/internal/CobolSourcePrinter.java,org.openrewrite.mainframe.cobol.internal.CobolSourcePrinter,visitStatementPhrase,FEATURE_ENVY,LOW,"foreign accesses=6, own accesses=2"
src/main/java/org/openrewrite/mainframe/cobol/internal/CobolSourcePrinter.java,org.openrewrite.mainframe.cobol.internal.CobolSourcePrinter,visitStatusKeyClause,FEATURE_ENVY,LOW,"foreign accesses=6, own accesses=2"
src/main/java/org/openrewrite/mainframe/cobol/internal/CobolSourcePrinter.java,org.openrewrite.mainframe.cobol.internal.CobolSourcePrinter,visitStop,FEATURE_ENVY,LOW,"foreign accesses=6, own accesses=2"
src/main/java/org/openrewrite/mainframe/cobol/internal/CobolSourcePrinter.java,org.openrewrite.mainframe.cobol.internal.CobolSourcePrinter,visitStopStatementGiving,FEATURE_ENVY,LOW,"foreign accesses=6, own accesses=2"
src/main/java/org/openrewrite/mainframe/cobol/internal/CobolSourcePrinter.java,org.openrewrite.mainframe.cobol.internal.CobolSourcePrinter,visitStringDelimitedByPhrase,FEATURE_ENVY,LOW,"foreign accesses=6, own accesses=2"
src/main/java/org/openrewrite/mainframe/cobol/internal/CobolSourcePrinter.java,org.openrewrite.mainframe.cobol.internal.CobolSourcePrinter,visitStringForPhrase,FEATURE_ENVY,LOW,"foreign accesses=6, own accesses=2"
src/main/java/org/openrewrite/mainframe/cobol/internal/CobolSourcePrinter.java,org.openrewrite.mainframe.cobol.internal.CobolSourcePrinter,visitStringIntoPhrase,FEATURE_ENVY,LOW,"foreign accesses=6, own accesses=2"
src/main/java/org/openrewrite/mainframe/cobol/internal/CobolSourcePrinter.java,org.openrewrite.mainframe.cobol.internal.CobolSourcePrinter,visitStringSendingPhrase,FEATURE_ENVY,LOW,"foreign accesses=6, own accesses=2"
src/main/java/org/openrewrite/mainframe/cobol/internal/CobolSourcePrinter.java,org.openrewrite.mainframe.cobol.internal.CobolSourcePrinter,visitStringStatement,FEATURE_ENVY,HIGH,"foreign accesses=16, own accesses=2"
src/main/java/org/openrewrite/mainframe/cobol/internal/CobolSourcePrinter.java,org.openrewrite.mainframe.cobol.internal.CobolSourcePrinter,visitStringWithPointerPhrase,FEATURE_ENVY,LOW,"foreign accesses=6, own accesses=2"
src/main/java/org/openrewrite/mainframe/cobol/internal/CobolSourcePrinter.java,org.openrewrite.mainframe.cobol.internal.CobolSourcePrinter,visitSubscript,FEATURE_ENVY,LOW,"foreign accesses=6, own accesses=2"
src/main/java/org/openrewrite/mainframe/cobol/internal/CobolSourcePrinter.java,org.openrewrite.mainframe.cobol.internal.CobolSourcePrinter,visitSubtract,FEATURE_ENVY,MEDIUM,"foreign accesses=12, own accesses=2"
src/main/java/org/openrewrite/mainframe/cobol/internal/CobolSourcePrinter.java,org.openrewrite.mainframe.cobol.internal.CobolSourcePrinter,visitSubtractCorrespondingStatement,FEATURE_ENVY,MEDIUM,"foreign accesses=10, own accesses=2"
src/main/java/org/openrewrite/mainframe/cobol/internal/CobolSourcePrinter.java,org.openrewrite.mainframe.cobol.internal.CobolSourcePrinter,visitSubtractFromGivingStatement,FEATURE_ENVY,MEDIUM,"foreign accesses=12, own accesses=2"
src/main/java/org/openrewrite/mainframe/cobol/internal/CobolSourcePrinter.java,org.openrewrite.mainframe.cobol.internal.CobolSourcePrinter,visitSubtractFromStatement,FEATURE_ENVY,LOW,"foreign accesses=8, own accesses=2"
src/main/java/org/openrewrite/mainframe/cobol/internal/CobolSourcePrinter.java,org.openrewrite.mainframe.cobol.internal.CobolSourcePrinter,visitSubtractMinuendCorresponding,FEATURE_ENVY,LOW,"foreign accesses=6, own accesses=2"
src/main/java/org/openrewrite/mainframe/cobol/internal/CobolSourcePrinter.java,org.openrewrite.mainframe.cobol.internal.CobolSourcePrinter,visitSymbolicCharacter,FEATURE_ENVY,LOW,"foreign accesses=8, own accesses=2"
src/main/java/org/openrewrite/mainframe/cobol/internal/CobolSourcePrinter.java,org.openrewrite.mainframe.cobol.internal.CobolSourcePrinter,visitSymbolicCharactersClause,FEATURE_ENVY,MEDIUM,"foreign accesses=10, own accesses=2"
src/main/java/org/openrewrite/mainframe/cobol/internal/CobolSourcePrinter.java,org.openrewrite.mainframe.cobol.internal.CobolSourcePrinter,visitSymbolicDestinationClause,FEATURE_ENVY,LOW,"foreign accesses=6, own accesses=2"
src/main/java/org/openrewrite/mainframe/cobol/internal/CobolSourcePrinter.java,org.openrewrite.mainframe.cobol.internal.CobolSourcePrinter,visitSymbolicQueueClause,FEATURE_ENVY,LOW,"foreign accesses=6, own accesses=2"
src/main/java/org/openrewrite/mainframe/cobol/internal/CobolSourcePrinter.java,org.openrewrite.mainframe.cobol.internal.CobolSourcePrinter,visitSymbolicSourceClause,FEATURE_ENVY,LOW,"foreign accesses=6, own accesses=2"
src/main/java/org/openrewrite/mainframe/cobol/internal/CobolSourcePrinter.java,org.openrewrite.mainframe.cobol.internal.CobolSourcePrinter,visitSymbolicSubQueueClause,FEATURE_ENVY,LOW,"foreign accesses=6, own accesses=2"
src/main/java/org/openrewrite/mainframe/cobol/internal/CobolSourcePrinter.java,org.openrewrite.mainframe.cobol.internal.CobolSourcePrinter,visitSymbolicTerminalClause,FEATURE_ENVY,LOW,"foreign accesses=6, own accesses=2"
src/main/java/org/openrewrite/mainframe/cobol/internal/CobolSourcePrinter.java,org.openrewrite.mainframe.cobol.internal.CobolSourcePrinter,visitTableCall,FEATURE_ENVY,LOW,"foreign accesses=8, own accesses=2"
src/main/java/org/openrewrite/mainframe/cobol/internal/CobolSourcePrinter.java,org.openrewrite.mainframe.cobol.internal.CobolSourcePrinter,visitTerminate,FEATURE_ENVY,LOW,"foreign accesses=6, own accesses=2"
src/main/java/org/openrewrite/mainframe/cobol/internal/CobolSourcePrinter.java,org.openrewrite.mainframe.cobol.internal.CobolSourcePrinter,visitTextLengthClause,FEATURE_ENVY,LOW,"foreign accesses=6, own accesses=2"
src/main/java/org/openrewrite/mainframe/cobol/internal/CobolSourcePrinter.java,org.openrewrite.mainframe.cobol.internal.CobolSourcePrinter,visitUnString,FEATURE_ENVY,HIGH,"foreign accesses=18, own accesses=2"
src/main/java/org/openrewrite/mainframe/cobol/internal/CobolSourcePrinter.java,org.openrewrite.mainframe.cobol.internal.CobolSourcePrinter,visitUnstringCountIn,FEATURE_ENVY,LOW,"foreign accesses=6, own accesses=2"
src/main/java/org/openrewrite/mainframe/cobol/internal/CobolSourcePrinter.java,org.openrewrite.mainframe.cobol.internal.CobolSourcePrinter,visitUnstringDelimitedByPhrase,FEATURE_ENVY,LOW,"foreign accesses=6, own accesses=2"
src/main/java/org/openrewrite/mainframe/cobol/internal/CobolSourcePrinter.java,org.openrewrite.mainframe.cobol.internal.CobolSourcePrinter,visitUnstringDelimiterIn,FEATURE_ENVY,LOW,"foreign accesses=6, own accesses=2"
src/main/java/org/openrewrite/mainframe/cobol/internal/CobolSourcePrinter.java,org.openrewrite.mainframe.cobol.internal.CobolSourcePrinter,visitUnstringInto,FEATURE_ENVY,LOW,"foreign accesses=8, own accesses=2"
src/main/java/org/openrewrite/mainframe/cobol/internal/CobolSourcePrinter.java,org.openrewrite.mainframe.cobol.internal.CobolSourcePrinter,visitUnstringIntoPhrase,FEATURE_ENVY,LOW,"foreign accesses=6, own accesses=2"
src/main/java/org/openrewrite/mainframe/cobol/internal/CobolSourcePrinter.java,org.openrewrite.mainframe.cobol.internal.CobolSourcePrinter,visitUnstringOrAllPhrase,FEATURE_ENVY,LOW,"foreign accesses=6, own accesses=2"
src/main/java/org/openrewrite/mainframe/cobol/internal/CobolSourcePrinter.java,org.openrewrite.mainframe.cobol.internal.CobolSourcePrinter,visitUnstringSendingPhrase,FEATURE_ENVY,LOW,"foreign accesses=8, own accesses=2"
src/main/java/org/openrewrite/mainframe/cobol/internal/CobolSourcePrinter.java,org.openrewrite.mainframe.cobol.internal.CobolSourcePrinter,visitUnstringTallyingPhrase,FEATURE_ENVY,LOW,"foreign accesses=6, own accesses=2"
src/main/java/org/openrewrite/mainframe/cobol/internal/CobolSourcePrinter.java,org.openrewrite.mainframe.cobol.internal.CobolSourcePrinter,visitUnstringWithPointerPhrase,FEATURE_ENVY,LOW,"foreign accesses=6, own accesses=2"
src/main/java/org/openrewrite/mainframe/cobol/internal/CobolSourcePrinter.java,org.openrewrite.mainframe.cobol.internal.CobolSourcePrinter,visitUseAfterClause,FEATURE_ENVY,LOW,"foreign accesses=6, own accesses=2"
src/main/java/org/openrewrite/mainframe/cobol/internal/CobolSourcePrinter.java,org.openrewrite.mainframe.cobol.internal.CobolSourcePrinter,visitUseAfterOn,FEATURE_ENVY,LOW,"foreign accesses=6, own accesses=2"
src/main/java/org/openrewrite/mainframe/cobol/internal/CobolSourcePrinter.java,org.openrewrite.mainframe.cobol.internal.CobolSourcePrinter,visitUseDebugClause,FEATURE_ENVY,LOW,"foreign accesses=6, own accesses=2"
src/main/java/org/openrewrite/mainframe/cobol/internal/CobolSourcePrinter.java,org.openrewrite.mainframe.cobol.internal.CobolSourcePrinter,visitUseDebugOn,FEATURE_ENVY,LOW,"foreign accesses=6, own accesses=2"
src/main/java/org/openrewrite/mainframe/cobol/internal/CobolSourcePrinter.java,org.openrewrite.mainframe.cobol.internal.CobolSourcePrinter,visitUseStatement,FEATURE_ENVY,LOW,"foreign accesses=6, own accesses=2"
src/main/java/org/openrewrite/mainframe/cobol/internal/CobolSourcePrinter.java,org.openrewrite.mainframe.cobol.internal.CobolSourcePrinter,visitValueOfClause,FEATURE_ENVY,LOW,"foreign accesses=6, own accesses=2"
src/main/java/org/openrewrite/mainframe/cobol/internal/CobolSourcePrinter.java,org.openrewrite.mainframe.cobol.internal.CobolSourcePrinter,visitValuePair,FEATURE_ENVY,LOW,"foreign accesses=8, own accesses=2"
src/main/java/org/openrewrite/mainframe/cobol/internal/CobolSourcePrinter.java,org.openrewrite.mainframe.cobol.internal.CobolSourcePrinter,visitValuedObjectComputerClause,FEATURE_ENVY,LOW,"foreign accesses=8, own accesses=2"
src/main/java/org/openrewrite/mainframe/cobol/internal/CobolSourcePrinter.java,org.openrewrite.mainframe.cobol.internal.CobolSourcePrinter,visitWord,FEATURE_ENVY,CRITICAL,"foreign accesses=118, own accesses=26"
src/main/java/org/openrewrite/mainframe/cobol/internal/CobolSourcePrinter.java,org.openrewrite.mainframe.cobol.internal.CobolSourcePrinter,visitWorkingStorageSection,FEATURE_ENVY,LOW,"foreign accesses=8, own accesses=2"
src/main/java/org/openrewrite/mainframe/cobol/internal/CobolSourcePrinter.java,org.openrewrite.mainframe.cobol.internal.CobolSourcePrinter,visitWrite,FEATURE_ENVY,HIGH,"foreign accesses=20, own accesses=2"
src/main/java/org/openrewrite/mainframe/cobol/internal/CobolSourcePrinter.java,org.openrewrite.mainframe.cobol.internal.CobolSourcePrinter,visitWriteAdvancingLines,FEATURE_ENVY,LOW,"foreign accesses=6, own accesses=2"
src/main/java/org/openrewrite/mainframe/cobol/internal/CobolSourcePrinter.java,org.openrewrite.mainframe.cobol.internal.CobolSourcePrinter,visitWriteAdvancingPhrase,FEATURE_ENVY,LOW,"foreign accesses=6, own accesses=2"
src/main/java/org/openrewrite/mainframe/cobol/internal/CobolSourcePrinter.java,org.openrewrite.mainframe.cobol.internal.CobolSourcePrinter,visitWriteFromPhrase,FEATURE_ENVY,LOW,"foreign accesses=6, own accesses=2"
src/main/java/org/openrewrite/mainframe/cobol/internal/HpTandem.java,org.openrewrite.mainframe.cobol.internal.HpTandem,,DATA_CLASS,LOW,"fields=4, getter/setter ratio=75%, behavioral methods=1"
src/main/java/org/openrewrite/mainframe/cobol/internal/IbmAnsi85.java,org.openrewrite.mainframe.cobol.internal.IbmAnsi85,,DATA_CLASS,LOW,"fields=4, getter/setter ratio=75%, behavioral methods=1"
src/main/java/org/openrewrite/mainframe/cobol/internal/grammar/CobolParser.java,org.openrewrite.mainframe.cobol.internal.grammar.CobolParser,,GOD_CLASS,CRITICAL,"WMC=8464, TCC=0.07, ATFD=6721"
src/main/java/org/openrewrite/mainframe/cobol/internal/grammar/CobolParser.java,org.openrewrite.mainframe.cobol.internal.grammar.CobolParser,abbreviation,FEATURE_ENVY,CRITICAL,"foreign accesses=40, own accesses=16"
src/main/java/org/openrewrite/mainframe/cobol/internal/grammar/CobolParser.java,org.openrewrite.mainframe.cobol.internal.grammar.CobolParser,acceptFromEscapeKeyStatement,FEATURE_ENVY,HIGH,"foreign accesses=17, own accesses=6"
src/main/java/org/openrewrite/mainframe/cobol/internal/grammar/CobolParser.java,org.openrewrite.mainframe.cobol.internal.grammar.CobolParser,acceptFromMnemonicStatement,FEATURE_ENVY,MEDIUM,"foreign accesses=14, own accesses=5"
src/main/java/org/openrewrite/mainframe/cobol/internal/grammar/CobolParser.java,org.openrewrite.mainframe.cobol.internal.grammar.CobolParser,acceptMessageCountStatement,FEATURE_ENVY,HIGH,"foreign accesses=20, own accesses=7"
src/main/java/org/openrewrite/mainframe/cobol/internal/grammar/CobolParser.java,org.openrewrite.mainframe.cobol.internal.grammar.CobolParser,acceptStatement,FEATURE_ENVY,CRITICAL,"foreign accesses=50, own accesses=16"
src/main/java/org/openrewrite/mainframe/cobol/internal/grammar/CobolParser.java,org.openrewrite.mainframe.cobol.internal.grammar.CobolParser,accessModeClause,FEATURE_ENVY,CRITICAL,"foreign accesses=40, own accesses=16"
src/main/java/org/openrewrite/mainframe/cobol/internal/grammar/CobolParser.java,org.openrewrite.mainframe.cobol.internal.grammar.CobolParser,addCorrespondingStatement,FEATURE_ENVY,HIGH,"foreign accesses=28, own accesses=10"
src/main/java/org/openrewrite/mainframe/cobol/internal/grammar/CobolParser.java,org.openrewrite.mainframe.cobol.internal.grammar.CobolParser,addFrom,FEATURE_ENVY,HIGH,"foreign accesses=21, own accesses=6"
src/main/java/org/openrewrite/mainframe/cobol/internal/grammar/CobolParser.java,org.openrewrite.mainframe.cobol.internal.grammar.CobolParser,addGiving,FEATURE_ENVY,MEDIUM,"foreign accesses=12, own accesses=4"
src/main/java/org/openrewrite/mainframe/cobol/internal/grammar/CobolParser.java,org.openrewrite.mainframe.cobol.internal.grammar.CobolParser,addStatement,FEATURE_ENVY,CRITICAL,"foreign accesses=48, own accesses=14"
src/main/java/org/openrewrite/mainframe/cobol/internal/grammar/CobolParser.java,org.openrewrite.mainframe.cobol.internal.grammar.CobolParser,addTo,FEATURE_ENVY,MEDIUM,"foreign accesses=12, own accesses=4"
src/main/java/org/openrewrite/mainframe/cobol/internal/grammar/CobolParser.java,org.openrewrite.mainframe.cobol.internal.grammar.CobolParser,addToGiving,FEATURE_ENVY,HIGH,"foreign accesses=21, own accesses=6"
src/main/java/org/openrewrite/mainframe/cobol/internal/grammar/CobolParser.java,org.openrewrite.mainframe.cobol.internal.grammar.CobolParser,addToGivingStatement,FEATURE_ENVY,CRITICAL,"foreign accesses=53, own accesses=16"
src/main/java/org/openrewrite/mainframe/cobol/internal/grammar/CobolParser.java,org.openrewrite.mainframe.cobol.internal.grammar.CobolParser,addToStatement,FEATURE_ENVY,CRITICAL,"foreign accesses=35, own accesses=10"
src/main/java/org/openrewrite/mainframe/cobol/internal/grammar/CobolParser.java,org.openrewrite.mainframe.cobol.internal.grammar.CobolParser,alphabetAlso,FEATURE_ENVY,HIGH,"foreign accesses=26, own accesses=8"
src/main/java/org/openrewrite/mainframe/cobol/internal/grammar/CobolParser.java,org.openrewrite.mainframe.cobol.internal.grammar.CobolParser,alphabetClause,FEATURE_ENVY,HIGH,"foreign accesses=21, own accesses=6"
src/main/java/org/openrewrite/mainframe/cobol/internal/grammar/CobolParser.java,org.openrewrite.mainframe.cobol.internal.grammar.CobolParser,alphabetClauseFormat1,FEATURE_ENVY,CRITICAL,"foreign accesses=61, own accesses=23"
src/main/java/org/openrewrite/mainframe/cobol/internal/grammar/CobolParser.java,org.openrewrite.mainframe.cobol.internal.grammar.CobolParser,alphabetClauseFormat2,FEATURE_ENVY,CRITICAL,"foreign accesses=40, own accesses=19"
src/main/java/org/openrewrite/mainframe/cobol/internal/grammar/CobolParser.java,org.openrewrite.mainframe.cobol.internal.grammar.CobolParser,alphabetName,FEATURE_ENVY,MEDIUM,"foreign accesses=12, own accesses=4"
src/main/java/org/openrewrite/mainframe/cobol/internal/grammar/CobolParser.java,org.openrewrite.mainframe.cobol.internal.grammar.CobolParser,alphabetThrough,FEATURE_ENVY,HIGH,"foreign accesses=25, own accesses=8"
src/main/java/org/openrewrite/mainframe/cobol/internal/grammar/CobolParser.java,org.openrewrite.mainframe.cobol.internal.grammar.CobolParser,alterProceedTo,FEATURE_ENVY,HIGH,"foreign accesses=24, own accesses=10"
src/main/java/org/openrewrite/mainframe/cobol/internal/grammar/CobolParser.java,org.openrewrite.mainframe.cobol.internal.grammar.CobolParser,alterStatement,FEATURE_ENVY,HIGH,"foreign accesses=24, own accesses=7"
src/main/java/org/openrewrite/mainframe/cobol/internal/grammar/CobolParser.java,org.openrewrite.mainframe.cobol.internal.grammar.CobolParser,alteredGoTo,FEATURE_ENVY,HIGH,"foreign accesses=22, own accesses=8"
src/main/java/org/openrewrite/mainframe/cobol/internal/grammar/CobolParser.java,org.openrewrite.mainframe.cobol.internal.grammar.CobolParser,alternateRecordKeyClause,FEATURE_ENVY,CRITICAL,"foreign accesses=52, own accesses=21"
src/main/java/org/openrewrite/mainframe/cobol/internal/grammar/CobolParser.java,org.openrewrite.mainframe.cobol.internal.grammar.CobolParser,andOrCondition,FEATURE_ENVY,CRITICAL,"foreign accesses=45, own accesses=13"
src/main/java/org/openrewrite/mainframe/cobol/internal/grammar/CobolParser.java,org.openrewrite.mainframe.cobol.internal.grammar.CobolParser,argument,FEATURE_ENVY,CRITICAL,"foreign accesses=43, own accesses=13"
src/main/java/org/openrewrite/mainframe/cobol/internal/grammar/CobolParser.java,org.openrewrite.mainframe.cobol.internal.grammar.CobolParser,arithmeticExpression,FEATURE_ENVY,HIGH,"foreign accesses=29, own accesses=7"
src/main/java/org/openrewrite/mainframe/cobol/internal/grammar/CobolParser.java,org.openrewrite.mainframe.cobol.internal.grammar.CobolParser,assignClause,FEATURE_ENVY,CRITICAL,"foreign accesses=65, own accesses=26"
src/main/java/org/openrewrite/mainframe/cobol/internal/grammar/CobolParser.java,org.openrewrite.mainframe.cobol.internal.grammar.CobolParser,assignmentName,FEATURE_ENVY,MEDIUM,"foreign accesses=12, own accesses=4"
src/main/java/org/openrewrite/mainframe/cobol/internal/grammar/CobolParser.java,org.openrewrite.mainframe.cobol.internal.grammar.CobolParser,atEndPhrase,FEATURE_ENVY,CRITICAL,"foreign accesses=37, own accesses=10"
src/main/java/org/openrewrite/mainframe/cobol/internal/grammar/CobolParser.java,org.openrewrite.mainframe.cobol.internal.grammar.CobolParser,authorParagraph,FEATURE_ENVY,HIGH,"foreign accesses=21, own accesses=8"
src/main/java/org/openrewrite/mainframe/cobol/internal/grammar/CobolParser.java,org.openrewrite.mainframe.cobol.internal.grammar.CobolParser,basis,FEATURE_ENVY,HIGH,"foreign accesses=27, own accesses=9"
src/main/java/org/openrewrite/mainframe/cobol/internal/grammar/CobolParser.java,org.openrewrite.mainframe.cobol.internal.grammar.CobolParser,basisName,FEATURE_ENVY,MEDIUM,"foreign accesses=12, own accesses=4"
src/main/java/org/openrewrite/mainframe/cobol/internal/grammar/CobolParser.java,org.openrewrite.mainframe.cobol.internal.grammar.CobolParser,blockContainsClause,FEATURE_ENVY,CRITICAL,"foreign accesses=45, own accesses=18"
src/main/java/org/openrewrite/mainframe/cobol/internal/grammar/CobolParser.java,org.openrewrite.mainframe.cobol.internal.grammar.CobolParser,blockContainsTo,FEATURE_ENVY,MEDIUM,"foreign accesses=14, own accesses=5"
src/main/java/org/openrewrite/mainframe/cobol/internal/grammar/CobolParser.java,org.openrewrite.mainframe.cobol.internal.grammar.CobolParser,booleanLiteral,FEATURE_ENVY,HIGH,"foreign accesses=24, own accesses=7"
src/main/java/org/openrewrite/mainframe/cobol/internal/grammar/CobolParser.java,org.openrewrite.mainframe.cobol.internal.grammar.CobolParser,callByContent,FEATURE_ENVY,CRITICAL,"foreign accesses=44, own accesses=14"
src/main/java/org/openrewrite/mainframe/cobol/internal/grammar/CobolParser.java,org.openrewrite.mainframe.cobol.internal.grammar.CobolParser,callByContentPhrase,FEATURE_ENVY,CRITICAL,"foreign accesses=33, own accesses=11"
src/main/java/org/openrewrite/mainframe/cobol/internal/grammar/CobolParser.java,org.openrewrite.mainframe.cobol.internal.grammar.CobolParser,callByReferencePhrase,FEATURE_ENVY,CRITICAL,"foreign accesses=38, own accesses=14"
src/main/java/org/openrewrite/mainframe/cobol/internal/grammar/CobolParser.java,org.openrewrite.mainframe.cobol.internal.grammar.CobolParser,callByValue,FEATURE_ENVY,CRITICAL,"foreign accesses=40, own accesses=13"
src/main/java/org/openrewrite/mainframe/cobol/internal/grammar/CobolParser.java,org.openrewrite.mainframe.cobol.internal.grammar.CobolParser,callByValuePhrase,FEATURE_ENVY,CRITICAL,"foreign accesses=33, own accesses=11"
src/main/java/org/openrewrite/mainframe/cobol/internal/grammar/CobolParser.java,org.openrewrite.mainframe.cobol.internal.grammar.CobolParser,callGivingPhrase,FEATURE_ENVY,HIGH,"foreign accesses=25, own accesses=8"
src/main/java/org/openrewrite/mainframe/cobol/internal/grammar/CobolParser.java,org.openrewrite.mainframe.cobol.internal.grammar.CobolParser,callStatement,FEATURE_ENVY,CRITICAL,"foreign accesses=67, own accesses=22"
src/main/java/org/openrewrite/mainframe/cobol/internal/grammar/CobolParser.java,org.openrewrite.mainframe.cobol.internal.grammar.CobolParser,callUsingParameter,FEATURE_ENVY,HIGH,"foreign accesses=23, own accesses=7"
src/main/java/org/openrewrite/mainframe/cobol/internal/grammar/CobolParser.java,org.openrewrite.mainframe.cobol.internal.grammar.CobolParser,callUsingPhrase,FEATURE_ENVY,HIGH,"foreign accesses=26, own accesses=8"
src/main/java/org/openrewrite/mainframe/cobol/internal/grammar/CobolParser.java,org.openrewrite.mainframe.cobol.internal.grammar.CobolParser,cancelCall,FEATURE_ENVY,CRITICAL,"foreign accesses=36, own accesses=11"
src/main/java/org/openrewrite/mainframe/cobol/internal/grammar/CobolParser.java,org.openrewrite.mainframe.cobol.internal.grammar.CobolParser,cancelStatement,FEATURE_ENVY,HIGH,"foreign accesses=24, own accesses=7"
src/main/java/org/openrewrite/mainframe/cobol/internal/grammar/CobolParser.java,org.openrewrite.mainframe.cobol.internal.grammar.CobolParser,cdName,FEATURE_ENVY,MEDIUM,"foreign accesses=12, own accesses=4"
src/main/java/org/openrewrite/mainframe/cobol/internal/grammar/CobolParser.java,org.openrewrite.mainframe.cobol.internal.grammar.CobolParser,channelClause,FEATURE_ENVY,HIGH,"foreign accesses=22, own accesses=9"
src/main/java/org/openrewrite/mainframe/cobol/internal/grammar/CobolParser.java,org.openrewrite.mainframe.cobol.internal.grammar.CobolParser,characterPosition,FEATURE_ENVY,MEDIUM,"foreign accesses=12, own accesses=4"
src/main/java/org/openrewrite/mainframe/cobol/internal/grammar/CobolParser.java,org.openrewrite.mainframe.cobol.internal.grammar.CobolParser,characterSetClause,FEATURE_ENVY,HIGH,"foreign accesses=17, own accesses=6"
src/main/java/org/openrewrite/mainframe/cobol/internal/grammar/CobolParser.java,org.openrewrite.mainframe.cobol.internal.grammar.CobolParser,cicsDfhRespLiteral,FEATURE_ENVY,HIGH,"foreign accesses=26, own accesses=9"
src/main/java/org/openrewrite/mainframe/cobol/internal/grammar/CobolParser.java,org.openrewrite.mainframe.cobol.internal.grammar.CobolParser,cicsDfhValueLiteral,FEATURE_ENVY,HIGH,"foreign accesses=26, own accesses=9"
src/main/java/org/openrewrite/mainframe/cobol/internal/grammar/CobolParser.java,org.openrewrite.mainframe.cobol.internal.grammar.CobolParser,classClause,FEATURE_ENVY,CRITICAL,"foreign accesses=61, own accesses=20"
src/main/java/org/openrewrite/mainframe/cobol/internal/grammar/CobolParser.java,org.openrewrite.mainframe.cobol.internal.grammar.CobolParser,classClauseFrom,FEATURE_ENVY,HIGH,"foreign accesses=21, own accesses=6"
src/main/java/org/openrewrite/mainframe/cobol/internal/grammar/CobolParser.java,org.openrewrite.mainframe.cobol.internal.grammar.CobolParser,classClauseThrough,FEATURE_ENVY,CRITICAL,"foreign accesses=31, own accesses=12"
src/main/java/org/openrewrite/mainframe/cobol/internal/grammar/CobolParser.java,org.openrewrite.mainframe.cobol.internal.grammar.CobolParser,classClauseTo,FEATURE_ENVY,HIGH,"foreign accesses=21, own accesses=6"
src/main/java/org/openrewrite/mainframe/cobol/internal/grammar/CobolParser.java,org.openrewrite.mainframe.cobol.internal.grammar.CobolParser,className,FEATURE_ENVY,MEDIUM,"foreign accesses=12, own accesses=4"
src/main/java/org/openrewrite/mainframe/cobol/internal/grammar/CobolParser.java,org.openrewrite.mainframe.cobol.internal.grammar.CobolParser,closeFile,FEATURE_ENVY,HIGH,"foreign accesses=22, own accesses=8"
src/main/java/org/openrewrite/mainframe/cobol/internal/grammar/CobolParser.java,org.openrewrite.mainframe.cobol.internal.grammar.CobolParser,closePortFileIOStatement,FEATURE_ENVY,CRITICAL,"foreign accesses=53, own accesses=18"
src/main/java/org/openrewrite/mainframe/cobol/internal/grammar/CobolParser.java,org.openrewrite.mainframe.cobol.internal.grammar.CobolParser,closePortFileIOUsingAssociatedData,FEATURE_ENVY,HIGH,"foreign accesses=22, own accesses=7"
src/main/java/org/openrewrite/mainframe/cobol/internal/grammar/CobolParser.java,org.openrewrite.mainframe.cobol.internal.grammar.CobolParser,closePortFileIOUsingAssociatedDataLength,FEATURE_ENVY,HIGH,"foreign accesses=29, own accesses=10"
src/main/java/org/openrewrite/mainframe/cobol/internal/grammar/CobolParser.java,org.openrewrite.mainframe.cobol.internal.grammar.CobolParser,closePortFileIOUsingCloseDisposition,FEATURE_ENVY,CRITICAL,"foreign accesses=33, own accesses=11"
src/main/java/org/openrewrite/mainframe/cobol/internal/grammar/CobolParser.java,org.openrewrite.mainframe.cobol.internal.grammar.CobolParser,closeReelUnitStatement,FEATURE_ENVY,CRITICAL,"foreign accesses=63, own accesses=25"
src/main/java/org/openrewrite/mainframe/cobol/internal/grammar/CobolParser.java,org.openrewrite.mainframe.cobol.internal.grammar.CobolParser,closeRelativeStatement,FEATURE_ENVY,HIGH,"foreign accesses=29, own accesses=13"
src/main/java/org/openrewrite/mainframe/cobol/internal/grammar/CobolParser.java,org.openrewrite.mainframe.cobol.internal.grammar.CobolParser,closeStatement,FEATURE_ENVY,HIGH,"foreign accesses=24, own accesses=8"
src/main/java/org/openrewrite/mainframe/cobol/internal/grammar/CobolParser.java,org.openrewrite.mainframe.cobol.internal.grammar.CobolParser,cobolWord,FEATURE_ENVY,HIGH,"foreign accesses=24, own accesses=6"
src/main/java/org/openrewrite/mainframe/cobol/internal/grammar/CobolParser.java,org.openrewrite.mainframe.cobol.internal.grammar.CobolParser,codeSetClause,FEATURE_ENVY,HIGH,"foreign accesses=21, own accesses=8"
src/main/java/org/openrewrite/mainframe/cobol/internal/grammar/CobolParser.java,org.openrewrite.mainframe.cobol.internal.grammar.CobolParser,collatingSequenceClause,FEATURE_ENVY,CRITICAL,"foreign accesses=61, own accesses=23"
src/main/java/org/openrewrite/mainframe/cobol/internal/grammar/CobolParser.java,org.openrewrite.mainframe.cobol.internal.grammar.CobolParser,collatingSequenceClauseAlphanumeric,FEATURE_ENVY,HIGH,"foreign accesses=28, own accesses=11"
src/main/java/org/openrewrite/mainframe/cobol/internal/grammar/CobolParser.java,org.openrewrite.mainframe.cobol.internal.grammar.CobolParser,collatingSequenceClauseNational,FEATURE_ENVY,HIGH,"foreign accesses=28, own accesses=11"
src/main/java/org/openrewrite/mainframe/cobol/internal/grammar/CobolParser.java,org.openrewrite.mainframe.cobol.internal.grammar.CobolParser,combinableCondition,FEATURE_ENVY,HIGH,"foreign accesses=19, own accesses=7"
src/main/java/org/openrewrite/mainframe/cobol/internal/grammar/CobolParser.java,org.openrewrite.mainframe.cobol.internal.grammar.CobolParser,commentEntry,FEATURE_ENVY,HIGH,"foreign accesses=23, own accesses=7"
src/main/java/org/openrewrite/mainframe/cobol/internal/grammar/CobolParser.java,org.openrewrite.mainframe.cobol.internal.grammar.CobolParser,commitmentControlClause,FEATURE_ENVY,HIGH,"foreign accesses=23, own accesses=9"
src/main/java/org/openrewrite/mainframe/cobol/internal/grammar/CobolParser.java,org.openrewrite.mainframe.cobol.internal.grammar.CobolParser,communicationDescriptionEntry,FEATURE_ENVY,HIGH,"foreign accesses=23, own accesses=7"
src/main/java/org/openrewrite/mainframe/cobol/internal/grammar/CobolParser.java,org.openrewrite.mainframe.cobol.internal.grammar.CobolParser,communicationDescriptionEntryFormat2,FEATURE_ENVY,CRITICAL,"foreign accesses=48, own accesses=21"
src/main/java/org/openrewrite/mainframe/cobol/internal/grammar/CobolParser.java,org.openrewrite.mainframe.cobol.internal.grammar.CobolParser,compilationUnit,FEATURE_ENVY,HIGH,"foreign accesses=25, own accesses=8"
src/main/java/org/openrewrite/mainframe/cobol/internal/grammar/CobolParser.java,org.openrewrite.mainframe.cobol.internal.grammar.CobolParser,computeStatement,FEATURE_ENVY,CRITICAL,"foreign accesses=63, own accesses=18"
src/main/java/org/openrewrite/mainframe/cobol/internal/grammar/CobolParser.java,org.openrewrite.mainframe.cobol.internal.grammar.CobolParser,computeStore,FEATURE_ENVY,MEDIUM,"foreign accesses=12, own accesses=4"
src/main/java/org/openrewrite/mainframe/cobol/internal/grammar/CobolParser.java,org.openrewrite.mainframe.cobol.internal.grammar.CobolParser,computerName,FEATURE_ENVY,MEDIUM,"foreign accesses=12, own accesses=4"
src/main/java/org/openrewrite/mainframe/cobol/internal/grammar/CobolParser.java,org.openrewrite.mainframe.cobol.internal.grammar.CobolParser,condition,FEATURE_ENVY,HIGH,"foreign accesses=23, own accesses=9"
src/main/java/org/openrewrite/mainframe/cobol/internal/grammar/CobolParser.java,org.openrewrite.mainframe.cobol.internal.grammar.CobolParser,conditionName,FEATURE_ENVY,MEDIUM,"foreign accesses=12, own accesses=4"
src/main/java/org/openrewrite/mainframe/cobol/internal/grammar/CobolParser.java,org.openrewrite.mainframe.cobol.internal.grammar.CobolParser,conditionNameReference,FEATURE_ENVY,CRITICAL,"foreign accesses=64, own accesses=21"
src/main/java/org/openrewrite/mainframe/cobol/internal/grammar/CobolParser.java,org.openrewrite.mainframe.cobol.internal.grammar.CobolParser,conditionNameSubscriptReference,FEATURE_ENVY,CRITICAL,"foreign accesses=33, own accesses=11"
src/main/java/org/openrewrite/mainframe/cobol/internal/grammar/CobolParser.java,org.openrewrite.mainframe.cobol.internal.grammar.CobolParser,configurationSection,FEATURE_ENVY,CRITICAL,"foreign accesses=34, own accesses=9"
src/main/java/org/openrewrite/mainframe/cobol/internal/grammar/CobolParser.java,org.openrewrite.mainframe.cobol.internal.grammar.CobolParser,continueStatement,FEATURE_ENVY,MEDIUM,"foreign accesses=13, own accesses=4"
src/main/java/org/openrewrite/mainframe/cobol/internal/grammar/CobolParser.java,org.openrewrite.mainframe.cobol.internal.grammar.CobolParser,currencySignClause,FEATURE_ENVY,CRITICAL,"foreign accesses=45, own accesses=20"
src/main/java/org/openrewrite/mainframe/cobol/internal/grammar/CobolParser.java,org.openrewrite.mainframe.cobol.internal.grammar.CobolParser,dataAlignedClause,FEATURE_ENVY,MEDIUM,"foreign accesses=13, own accesses=4"
src/main/java/org/openrewrite/mainframe/cobol/internal/grammar/CobolParser.java,org.openrewrite.mainframe.cobol.internal.grammar.CobolParser,dataBaseSection,FEATURE_ENVY,HIGH,"foreign accesses=28, own accesses=9"
src/main/java/org/openrewrite/mainframe/cobol/internal/grammar/CobolParser.java,org.openrewrite.mainframe.cobol.internal.grammar.CobolParser,dataBaseSectionEntry,FEATURE_ENVY,HIGH,"foreign accesses=16, own accesses=7"
src/main/java/org/openrewrite/mainframe/cobol/internal/grammar/CobolParser.java,org.openrewrite.mainframe.cobol.internal.grammar.CobolParser,dataBlankWhenZeroClause,FEATURE_ENVY,CRITICAL,"foreign accesses=33, own accesses=9"
src/main/java/org/openrewrite/mainframe/cobol/internal/grammar/CobolParser.java,org.openrewrite.mainframe.cobol.internal.grammar.CobolParser,dataCommonOwnLocalClause,FEATURE_ENVY,HIGH,"foreign accesses=24, own accesses=8"
src/main/java/org/openrewrite/mainframe/cobol/internal/grammar/CobolParser.java,org.openrewrite.mainframe.cobol.internal.grammar.CobolParser,dataDescName,FEATURE_ENVY,HIGH,"foreign accesses=25, own accesses=7"
src/main/java/org/openrewrite/mainframe/cobol/internal/grammar/CobolParser.java,org.openrewrite.mainframe.cobol.internal.grammar.CobolParser,dataDescriptionEntryExecSql,FEATURE_ENVY,CRITICAL,"foreign accesses=32, own accesses=10"
src/main/java/org/openrewrite/mainframe/cobol/internal/grammar/CobolParser.java,org.openrewrite.mainframe.cobol.internal.grammar.CobolParser,dataDescriptionEntryFormat1,FEATURE_ENVY,CRITICAL,"foreign accesses=47, own accesses=14"
src/main/java/org/openrewrite/mainframe/cobol/internal/grammar/CobolParser.java,org.openrewrite.mainframe.cobol.internal.grammar.CobolParser,dataDescriptionEntryFormat1Clause,FEATURE_ENVY,CRITICAL,"foreign accesses=59, own accesses=25"
src/main/java/org/openrewrite/mainframe/cobol/internal/grammar/CobolParser.java,org.openrewrite.mainframe.cobol.internal.grammar.CobolParser,dataDescriptionEntryFormat2,FEATURE_ENVY,HIGH,"foreign accesses=17, own accesses=7"
src/main/java/org/openrewrite/mainframe/cobol/internal/grammar/CobolParser.java,org.openrewrite.mainframe.cobol.internal.grammar.CobolParser,dataDescriptionEntryFormat3,FEATURE_ENVY,HIGH,"foreign accesses=17, own accesses=7"
src/main/java/org/openrewrite/mainframe/cobol/internal/grammar/CobolParser.java,org.openrewrite.mainframe.cobol.internal.grammar.CobolParser,dataExternalClause,FEATURE_ENVY,HIGH,"foreign accesses=30, own accesses=10"
src/main/java/org/openrewrite/mainframe/cobol/internal/grammar/CobolParser.java,org.openrewrite.mainframe.cobol.internal.grammar.CobolParser,dataGlobalClause,FEATURE_ENVY,HIGH,"foreign accesses=20, own accesses=7"
src/main/java/org/openrewrite/mainframe/cobol/internal/grammar/CobolParser.java,org.openrewrite.mainframe.cobol.internal.grammar.CobolParser,dataIntegerStringClause,FEATURE_ENVY,HIGH,"foreign accesses=24, own accesses=7"
src/main/java/org/openrewrite/mainframe/cobol/internal/grammar/CobolParser.java,org.openrewrite.mainframe.cobol.internal.grammar.CobolParser,dataJustifiedClause,FEATURE_ENVY,CRITICAL,"foreign accesses=31, own accesses=10"
src/main/java/org/openrewrite/mainframe/cobol/internal/grammar/CobolParser.java,org.openrewrite.mainframe.cobol.internal.grammar.CobolParser,dataName,FEATURE_ENVY,MEDIUM,"foreign accesses=12, own accesses=4"
src/main/java/org/openrewrite/mainframe/cobol/internal/grammar/CobolParser.java,org.openrewrite.mainframe.cobol.internal.grammar.CobolParser,dataOccursClause,FEATURE_ENVY,CRITICAL,"foreign accesses=58, own accesses=28"
src/main/java/org/openrewrite/mainframe/cobol/internal/grammar/CobolParser.java,org.openrewrite.mainframe.cobol.internal.grammar.CobolParser,dataOccursDepending,FEATURE_ENVY,HIGH,"foreign accesses=21, own accesses=8"
src/main/java/org/openrewrite/mainframe/cobol/internal/grammar/CobolParser.java,org.openrewrite.mainframe.cobol.internal.grammar.CobolParser,dataOccursIndexed,FEATURE_ENVY,CRITICAL,"foreign accesses=42, own accesses=13"
src/main/java/org/openrewrite/mainframe/cobol/internal/grammar/CobolParser.java,org.openrewrite.mainframe.cobol.internal.grammar.CobolParser,dataOccursSort,FEATURE_ENVY,CRITICAL,"foreign accesses=51, own accesses=17"
src/main/java/org/openrewrite/mainframe/cobol/internal/grammar/CobolParser.java,org.openrewrite.mainframe.cobol.internal.grammar.CobolParser,dataOccursTo,FEATURE_ENVY,MEDIUM,"foreign accesses=14, own accesses=5"
src/main/java/org/openrewrite/mainframe/cobol/internal/grammar/CobolParser.java,org.openrewrite.mainframe.cobol.internal.grammar.CobolParser,dataPictureClause,FEATURE_ENVY,CRITICAL,"foreign accesses=34, own accesses=10"
src/main/java/org/openrewrite/mainframe/cobol/internal/grammar/CobolParser.java,org.openrewrite.mainframe.cobol.internal.grammar.CobolParser,dataReceivedByClause,FEATURE_ENVY,CRITICAL,"foreign accesses=38, own accesses=14"
src/main/java/org/openrewrite/mainframe/cobol/internal/grammar/CobolParser.java,org.openrewrite.mainframe.cobol.internal.grammar.CobolParser,dataRecordAreaClause,FEATURE_ENVY,HIGH,"foreign accesses=15, own accesses=5"
src/main/java/org/openrewrite/mainframe/cobol/internal/grammar/CobolParser.java,org.openrewrite.mainframe.cobol.internal.grammar.CobolParser,dataRecordsClause,FEATURE_ENVY,CRITICAL,"foreign accesses=55, own accesses=19"
src/main/java/org/openrewrite/mainframe/cobol/internal/grammar/CobolParser.java,org.openrewrite.mainframe.cobol.internal.grammar.CobolParser,dataRedefinesClause,FEATURE_ENVY,MEDIUM,"foreign accesses=14, own accesses=5"
src/main/java/org/openrewrite/mainframe/cobol/internal/grammar/CobolParser.java,org.openrewrite.mainframe.cobol.internal.grammar.CobolParser,dataRenamesClause,FEATURE_ENVY,CRITICAL,"foreign accesses=33, own accesses=13"
src/main/java/org/openrewrite/mainframe/cobol/internal/grammar/CobolParser.java,org.openrewrite.mainframe.cobol.internal.grammar.CobolParser,dataSignClause,FEATURE_ENVY,CRITICAL,"foreign accesses=52, own accesses=19"
src/main/java/org/openrewrite/mainframe/cobol/internal/grammar/CobolParser.java,org.openrewrite.mainframe.cobol.internal.grammar.CobolParser,dataSynchronizedClause,FEATURE_ENVY,CRITICAL,"foreign accesses=42, own accesses=14"
src/main/java/org/openrewrite/mainframe/cobol/internal/grammar/CobolParser.java,org.openrewrite.mainframe.cobol.internal.grammar.CobolParser,dataThreadLocalClause,FEATURE_ENVY,HIGH,"foreign accesses=20, own accesses=7"
src/main/java/org/openrewrite/mainframe/cobol/internal/grammar/CobolParser.java,org.openrewrite.mainframe.cobol.internal.grammar.CobolParser,dataTypeDefClause,FEATURE_ENVY,HIGH,"foreign accesses=20, own accesses=7"
src/main/java/org/openrewrite/mainframe/cobol/internal/grammar/CobolParser.java,org.openrewrite.mainframe.cobol.internal.grammar.CobolParser,dataUsingClause,FEATURE_ENVY,CRITICAL,"foreign accesses=42, own accesses=14"
src/main/java/org/openrewrite/mainframe/cobol/internal/grammar/CobolParser.java,org.openrewrite.mainframe.cobol.internal.grammar.CobolParser,dataValueClause,FEATURE_ENVY,CRITICAL,"foreign accesses=67, own accesses=24"
src/main/java/org/openrewrite/mainframe/cobol/internal/grammar/CobolParser.java,org.openrewrite.mainframe.cobol.internal.grammar.CobolParser,dataValueInterval,FEATURE_ENVY,HIGH,"foreign accesses=18, own accesses=8"
src/main/java/org/openrewrite/mainframe/cobol/internal/grammar/CobolParser.java,org.openrewrite.mainframe.cobol.internal.grammar.CobolParser,dataValueIntervalFrom,FEATURE_ENVY,HIGH,"foreign accesses=21, own accesses=6"
src/main/java/org/openrewrite/mainframe/cobol/internal/grammar/CobolParser.java,org.openrewrite.mainframe.cobol.internal.grammar.CobolParser,dataValueIntervalTo,FEATURE_ENVY,HIGH,"foreign accesses=25, own accesses=8"
src/main/java/org/openrewrite/mainframe/cobol/internal/grammar/CobolParser.java,org.openrewrite.mainframe.cobol.internal.grammar.CobolParser,dataWithLowerBoundsClause,FEATURE_ENVY,HIGH,"foreign accesses=22, own accesses=8"
src/main/java/org/openrewrite/mainframe/cobol/internal/grammar/CobolParser.java,org.openrewrite.mainframe.cobol.internal.grammar.CobolParser,dateCompiledParagraph,FEATURE_ENVY,HIGH,"foreign accesses=21, own accesses=8"
src/main/java/org/openrewrite/mainframe/cobol/internal/grammar/CobolParser.java,org.openrewrite.mainframe.cobol.internal.grammar.CobolParser,dateWrittenParagraph,FEATURE_ENVY,HIGH,"foreign accesses=21, own accesses=8"
src/main/java/org/openrewrite/mainframe/cobol/internal/grammar/CobolParser.java,org.openrewrite.mainframe.cobol.internal.grammar.CobolParser,decimalPointClause,FEATURE_ENVY,HIGH,"foreign accesses=22, own accesses=8"
src/main/java/org/openrewrite/mainframe/cobol/internal/grammar/CobolParser.java,org.openrewrite.mainframe.cobol.internal.grammar.CobolParser,defaultComputationalSignClause,FEATURE_ENVY,CRITICAL,"foreign accesses=72, own accesses=28"
src/main/java/org/openrewrite/mainframe/cobol/internal/grammar/CobolParser.java,org.openrewrite.mainframe.cobol.internal.grammar.CobolParser,defaultDisplaySignClause,FEATURE_ENVY,CRITICAL,"foreign accesses=54, own accesses=20"
src/main/java/org/openrewrite/mainframe/cobol/internal/grammar/CobolParser.java,org.openrewrite.mainframe.cobol.internal.grammar.CobolParser,deleteStatement,FEATURE_ENVY,CRITICAL,"foreign accesses=46, own accesses=14"
src/main/java/org/openrewrite/mainframe/cobol/internal/grammar/CobolParser.java,org.openrewrite.mainframe.cobol.internal.grammar.CobolParser,destinationCountClause,FEATURE_ENVY,HIGH,"foreign accesses=23, own accesses=9"
src/main/java/org/openrewrite/mainframe/cobol/internal/grammar/CobolParser.java,org.openrewrite.mainframe.cobol.internal.grammar.CobolParser,destinationTableClause,FEATURE_ENVY,CRITICAL,"foreign accesses=40, own accesses=16"
src/main/java/org/openrewrite/mainframe/cobol/internal/grammar/CobolParser.java,org.openrewrite.mainframe.cobol.internal.grammar.CobolParser,disableStatement,FEATURE_ENVY,CRITICAL,"foreign accesses=52, own accesses=24"
src/main/java/org/openrewrite/mainframe/cobol/internal/grammar/CobolParser.java,org.openrewrite.mainframe.cobol.internal.grammar.CobolParser,displayAt,FEATURE_ENVY,HIGH,"foreign accesses=22, own accesses=7"
src/main/java/org/openrewrite/mainframe/cobol/internal/grammar/CobolParser.java,org.openrewrite.mainframe.cobol.internal.grammar.CobolParser,displayOperand,FEATURE_ENVY,HIGH,"foreign accesses=21, own accesses=6"
src/main/java/org/openrewrite/mainframe/cobol/internal/grammar/CobolParser.java,org.openrewrite.mainframe.cobol.internal.grammar.CobolParser,displayStatement,FEATURE_ENVY,CRITICAL,"foreign accesses=78, own accesses=23"
src/main/java/org/openrewrite/mainframe/cobol/internal/grammar/CobolParser.java,org.openrewrite.mainframe.cobol.internal.grammar.CobolParser,displayUpon,FEATURE_ENVY,HIGH,"foreign accesses=22, own accesses=7"
src/main/java/org/openrewrite/mainframe/cobol/internal/grammar/CobolParser.java,org.openrewrite.mainframe.cobol.internal.grammar.CobolParser,displayWith,FEATURE_ENVY,HIGH,"foreign accesses=22, own accesses=8"
src/main/java/org/openrewrite/mainframe/cobol/internal/grammar/CobolParser.java,org.openrewrite.mainframe.cobol.internal.grammar.CobolParser,divideByGivingStatement,FEATURE_ENVY,HIGH,"foreign accesses=28, own accesses=10"
src/main/java/org/openrewrite/mainframe/cobol/internal/grammar/CobolParser.java,org.openrewrite.mainframe.cobol.internal.grammar.CobolParser,divideGiving,FEATURE_ENVY,MEDIUM,"foreign accesses=12, own accesses=4"
src/main/java/org/openrewrite/mainframe/cobol/internal/grammar/CobolParser.java,org.openrewrite.mainframe.cobol.internal.grammar.CobolParser,divideGivingPhrase,FEATURE_ENVY,HIGH,"foreign accesses=24, own accesses=7"
src/main/java/org/openrewrite/mainframe/cobol/internal/grammar/CobolParser.java,org.openrewrite.mainframe.cobol.internal.grammar.CobolParser,divideInto,FEATURE_ENVY,MEDIUM,"foreign accesses=12, own accesses=4"
src/main/java/org/openrewrite/mainframe/cobol/internal/grammar/CobolParser.java,org.openrewrite.mainframe.cobol.internal.grammar.CobolParser,divideIntoGivingStatement,FEATURE_ENVY,HIGH,"foreign accesses=28, own accesses=10"
src/main/java/org/openrewrite/mainframe/cobol/internal/grammar/CobolParser.java,org.openrewrite.mainframe.cobol.internal.grammar.CobolParser,divideIntoStatement,FEATURE_ENVY,HIGH,"foreign accesses=24, own accesses=7"
src/main/java/org/openrewrite/mainframe/cobol/internal/grammar/CobolParser.java,org.openrewrite.mainframe.cobol.internal.grammar.CobolParser,divideRemainder,FEATURE_ENVY,MEDIUM,"foreign accesses=14, own accesses=5"
src/main/java/org/openrewrite/mainframe/cobol/internal/grammar/CobolParser.java,org.openrewrite.mainframe.cobol.internal.grammar.CobolParser,divideStatement,FEATURE_ENVY,CRITICAL,"foreign accesses=63, own accesses=20"
src/main/java/org/openrewrite/mainframe/cobol/internal/grammar/CobolParser.java,org.openrewrite.mainframe.cobol.internal.grammar.CobolParser,enableStatement,FEATURE_ENVY,CRITICAL,"foreign accesses=52, own accesses=24"
src/main/java/org/openrewrite/mainframe/cobol/internal/grammar/CobolParser.java,org.openrewrite.mainframe.cobol.internal.grammar.CobolParser,endKeyClause,FEATURE_ENVY,HIGH,"foreign accesses=23, own accesses=9"
src/main/java/org/openrewrite/mainframe/cobol/internal/grammar/CobolParser.java,org.openrewrite.mainframe.cobol.internal.grammar.CobolParser,endProgramStatement,FEATURE_ENVY,HIGH,"foreign accesses=18, own accesses=7"
src/main/java/org/openrewrite/mainframe/cobol/internal/grammar/CobolParser.java,org.openrewrite.mainframe.cobol.internal.grammar.CobolParser,entryStatement,FEATURE_ENVY,CRITICAL,"foreign accesses=32, own accesses=11"
src/main/java/org/openrewrite/mainframe/cobol/internal/grammar/CobolParser.java,org.openrewrite.mainframe.cobol.internal.grammar.CobolParser,environmentDivision,FEATURE_ENVY,HIGH,"foreign accesses=28, own accesses=12"
src/main/java/org/openrewrite/mainframe/cobol/internal/grammar/CobolParser.java,org.openrewrite.mainframe.cobol.internal.grammar.CobolParser,environmentName,FEATURE_ENVY,MEDIUM,"foreign accesses=12, own accesses=4"
src/main/java/org/openrewrite/mainframe/cobol/internal/grammar/CobolParser.java,org.openrewrite.mainframe.cobol.internal.grammar.CobolParser,environmentSwitchNameSpecialNamesStatusPhrase,FEATURE_ENVY,CRITICAL,"foreign accesses=99, own accesses=41"
src/main/java/org/openrewrite/mainframe/cobol/internal/grammar/CobolParser.java,org.openrewrite.mainframe.cobol.internal.grammar.CobolParser,errorKeyClause,FEATURE_ENVY,HIGH,"foreign accesses=23, own accesses=9"
src/main/java/org/openrewrite/mainframe/cobol/internal/grammar/CobolParser.java,org.openrewrite.mainframe.cobol.internal.grammar.CobolParser,evaluateAlsoCondition,FEATURE_ENVY,MEDIUM,"foreign accesses=14, own accesses=5"
src/main/java/org/openrewrite/mainframe/cobol/internal/grammar/CobolParser.java,org.openrewrite.mainframe.cobol.internal.grammar.CobolParser,evaluateAlsoSelect,FEATURE_ENVY,MEDIUM,"foreign accesses=14, own accesses=5"
src/main/java/org/openrewrite/mainframe/cobol/internal/grammar/CobolParser.java,org.openrewrite.mainframe.cobol.internal.grammar.CobolParser,evaluateCondition,FEATURE_ENVY,CRITICAL,"foreign accesses=39, own accesses=15"
src/main/java/org/openrewrite/mainframe/cobol/internal/grammar/CobolParser.java,org.openrewrite.mainframe.cobol.internal.grammar.CobolParser,evaluateSelect,FEATURE_ENVY,HIGH,"foreign accesses=25, own accesses=8"
src/main/java/org/openrewrite/mainframe/cobol/internal/grammar/CobolParser.java,org.openrewrite.mainframe.cobol.internal.grammar.CobolParser,evaluateStatement,FEATURE_ENVY,CRITICAL,"foreign accesses=59, own accesses=16"
src/main/java/org/openrewrite/mainframe/cobol/internal/grammar/CobolParser.java,org.openrewrite.mainframe.cobol.internal.grammar.CobolParser,evaluateThrough,FEATURE_ENVY,HIGH,"foreign accesses=25, own accesses=8"
src/main/java/org/openrewrite/mainframe/cobol/internal/grammar/CobolParser.java,org.openrewrite.mainframe.cobol.internal.grammar.CobolParser,evaluateValue,FEATURE_ENVY,HIGH,"foreign accesses=23, own accesses=7"
src/main/java/org/openrewrite/mainframe/cobol/internal/grammar/CobolParser.java,org.openrewrite.mainframe.cobol.internal.grammar.CobolParser,evaluateWhen,FEATURE_ENVY,HIGH,"foreign accesses=25, own accesses=9"
src/main/java/org/openrewrite/mainframe/cobol/internal/grammar/CobolParser.java,org.openrewrite.mainframe.cobol.internal.grammar.CobolParser,evaluateWhenOther,FEATURE_ENVY,CRITICAL,"foreign accesses=32, own accesses=8"
src/main/java/org/openrewrite/mainframe/cobol/internal/grammar/CobolParser.java,org.openrewrite.mainframe.cobol.internal.grammar.CobolParser,evaluateWhenPhrase,FEATURE_ENVY,CRITICAL,"foreign accesses=41, own accesses=10"
src/main/java/org/openrewrite/mainframe/cobol/internal/grammar/CobolParser.java,org.openrewrite.mainframe.cobol.internal.grammar.CobolParser,execCicsStatement,FEATURE_ENVY,HIGH,"foreign accesses=25, own accesses=7"
src/main/java/org/openrewrite/mainframe/cobol/internal/grammar/CobolParser.java,org.openrewrite.mainframe.cobol.internal.grammar.CobolParser,execDliStatement,FEATURE_ENVY,HIGH,"foreign accesses=25, own accesses=7"
src/main/java/org/openrewrite/mainframe/cobol/internal/grammar/CobolParser.java,org.openrewrite.mainframe.cobol.internal.grammar.CobolParser,execSqlImsStatement,FEATURE_ENVY,HIGH,"foreign accesses=25, own accesses=7"
src/main/java/org/openrewrite/mainframe/cobol/internal/grammar/CobolParser.java,org.openrewrite.mainframe.cobol.internal.grammar.CobolParser,execSqlStatement,FEATURE_ENVY,HIGH,"foreign accesses=25, own accesses=7"
src/main/java/org/openrewrite/mainframe/cobol/internal/grammar/CobolParser.java,org.openrewrite.mainframe.cobol.internal.grammar.CobolParser,exhibitOperand,FEATURE_ENVY,HIGH,"foreign accesses=21, own accesses=6"
src/main/java/org/openrewrite/mainframe/cobol/internal/grammar/CobolParser.java,org.openrewrite.mainframe.cobol.internal.grammar.CobolParser,exhibitStatement,FEATURE_ENVY,CRITICAL,"foreign accesses=42, own accesses=11"
src/main/java/org/openrewrite/mainframe/cobol/internal/grammar/CobolParser.java,org.openrewrite.mainframe.cobol.internal.grammar.CobolParser,exitStatement,FEATURE_ENVY,CRITICAL,"foreign accesses=37, own accesses=13"
src/main/java/org/openrewrite/mainframe/cobol/internal/grammar/CobolParser.java,org.openrewrite.mainframe.cobol.internal.grammar.CobolParser,externalClause,FEATURE_ENVY,HIGH,"foreign accesses=20, own accesses=7"
src/main/java/org/openrewrite/mainframe/cobol/internal/grammar/CobolParser.java,org.openrewrite.mainframe.cobol.internal.grammar.CobolParser,fileControlClause,FEATURE_ENVY,CRITICAL,"foreign accesses=39, own accesses=15"
src/main/java/org/openrewrite/mainframe/cobol/internal/grammar/CobolParser.java,org.openrewrite.mainframe.cobol.internal.grammar.CobolParser,fileControlEntry,FEATURE_ENVY,HIGH,"foreign accesses=23, own accesses=11"
src/main/java/org/openrewrite/mainframe/cobol/internal/grammar/CobolParser.java,org.openrewrite.mainframe.cobol.internal.grammar.CobolParser,fileControlParagraph,FEATURE_ENVY,CRITICAL,"foreign accesses=44, own accesses=13"
src/main/java/org/openrewrite/mainframe/cobol/internal/grammar/CobolParser.java,org.openrewrite.mainframe.cobol.internal.grammar.CobolParser,fileDescriptionEntry,FEATURE_ENVY,CRITICAL,"foreign accesses=73, own accesses=22"
src/main/java/org/openrewrite/mainframe/cobol/internal/grammar/CobolParser.java,org.openrewrite.mainframe.cobol.internal.grammar.CobolParser,fileDescriptionEntryClause,FEATURE_ENVY,CRITICAL,"foreign accesses=39, own accesses=15"
src/main/java/org/openrewrite/mainframe/cobol/internal/grammar/CobolParser.java,org.openrewrite.mainframe.cobol.internal.grammar.CobolParser,fileName,FEATURE_ENVY,MEDIUM,"foreign accesses=12, own accesses=4"
src/main/java/org/openrewrite/mainframe/cobol/internal/grammar/CobolParser.java,org.openrewrite.mainframe.cobol.internal.grammar.CobolParser,fileSection,FEATURE_ENVY,HIGH,"foreign accesses=28, own accesses=11"
src/main/java/org/openrewrite/mainframe/cobol/internal/grammar/CobolParser.java,org.openrewrite.mainframe.cobol.internal.grammar.CobolParser,fileStatusClause,FEATURE_ENVY,CRITICAL,"foreign accesses=36, own accesses=13"
src/main/java/org/openrewrite/mainframe/cobol/internal/grammar/CobolParser.java,org.openrewrite.mainframe.cobol.internal.grammar.CobolParser,functionCall,FEATURE_ENVY,CRITICAL,"foreign accesses=39, own accesses=10"
src/main/java/org/openrewrite/mainframe/cobol/internal/grammar/CobolParser.java,org.openrewrite.mainframe.cobol.internal.grammar.CobolParser,functionCallArguments,FEATURE_ENVY,CRITICAL,"foreign accesses=33, own accesses=11"
src/main/java/org/openrewrite/mainframe/cobol/internal/grammar/CobolParser.java,org.openrewrite.mainframe.cobol.internal.grammar.CobolParser,functionName,FEATURE_ENVY,CRITICAL,"foreign accesses=34, own accesses=10"
src/main/java/org/openrewrite/mainframe/cobol/internal/grammar/CobolParser.java,org.openrewrite.mainframe.cobol.internal.grammar.CobolParser,generateStatement,FEATURE_ENVY,MEDIUM,"foreign accesses=14, own accesses=5"
src/main/java/org/openrewrite/mainframe/cobol/internal/grammar/CobolParser.java,org.openrewrite.mainframe.cobol.internal.grammar.CobolParser,globalClause,FEATURE_ENVY,HIGH,"foreign accesses=20, own accesses=7"
src/main/java/org/openrewrite/mainframe/cobol/internal/grammar/CobolParser.java,org.openrewrite.mainframe.cobol.internal.grammar.CobolParser,goToStatement,FEATURE_ENVY,HIGH,"foreign accesses=29, own accesses=10"
src/main/java/org/openrewrite/mainframe/cobol/internal/grammar/CobolParser.java,org.openrewrite.mainframe.cobol.internal.grammar.CobolParser,goToStatementSimple,FEATURE_ENVY,MEDIUM,"foreign accesses=12, own accesses=4"
src/main/java/org/openrewrite/mainframe/cobol/internal/grammar/CobolParser.java,org.openrewrite.mainframe.cobol.internal.grammar.CobolParser,gobackStatement,FEATURE_ENVY,MEDIUM,"foreign accesses=13, own accesses=4"
src/main/java/org/openrewrite/mainframe/cobol/internal/grammar/CobolParser.java,org.openrewrite.mainframe.cobol.internal.grammar.CobolParser,identificationDivision,FEATURE_ENVY,CRITICAL,"foreign accesses=40, own accesses=19"
src/main/java/org/openrewrite/mainframe/cobol/internal/grammar/CobolParser.java,org.openrewrite.mainframe.cobol.internal.grammar.CobolParser,identifier,FEATURE_ENVY,HIGH,"foreign accesses=25, own accesses=8"
src/main/java/org/openrewrite/mainframe/cobol/internal/grammar/CobolParser.java,org.openrewrite.mainframe.cobol.internal.grammar.CobolParser,ifElse,FEATURE_ENVY,CRITICAL,"foreign accesses=41, own accesses=10"
src/main/java/org/openrewrite/mainframe/cobol/internal/grammar/CobolParser.java,org.openrewrite.mainframe.cobol.internal.grammar.CobolParser,ifStatement,FEATURE_ENVY,CRITICAL,"foreign accesses=32, own accesses=10"
src/main/java/org/openrewrite/mainframe/cobol/internal/grammar/CobolParser.java,org.openrewrite.mainframe.cobol.internal.grammar.CobolParser,ifThen,FEATURE_ENVY,CRITICAL,"foreign accesses=46, own accesses=12"
src/main/java/org/openrewrite/mainframe/cobol/internal/grammar/CobolParser.java,org.openrewrite.mainframe.cobol.internal.grammar.CobolParser,inData,FEATURE_ENVY,HIGH,"foreign accesses=25, own accesses=8"
src/main/java/org/openrewrite/mainframe/cobol/internal/grammar/CobolParser.java,org.openrewrite.mainframe.cobol.internal.grammar.CobolParser,inFile,FEATURE_ENVY,HIGH,"foreign accesses=25, own accesses=8"
src/main/java/org/openrewrite/mainframe/cobol/internal/grammar/CobolParser.java,org.openrewrite.mainframe.cobol.internal.grammar.CobolParser,inLibrary,FEATURE_ENVY,HIGH,"foreign accesses=25, own accesses=8"
src/main/java/org/openrewrite/mainframe/cobol/internal/grammar/CobolParser.java,org.openrewrite.mainframe.cobol.internal.grammar.CobolParser,inMnemonic,FEATURE_ENVY,HIGH,"foreign accesses=25, own accesses=8"
src/main/java/org/openrewrite/mainframe/cobol/internal/grammar/CobolParser.java,org.openrewrite.mainframe.cobol.internal.grammar.CobolParser,inSection,FEATURE_ENVY,HIGH,"foreign accesses=25, own accesses=8"
src/main/java/org/openrewrite/mainframe/cobol/internal/grammar/CobolParser.java,org.openrewrite.mainframe.cobol.internal.grammar.CobolParser,inTable,FEATURE_ENVY,HIGH,"foreign accesses=25, own accesses=8"
src/main/java/org/openrewrite/mainframe/cobol/internal/grammar/CobolParser.java,org.openrewrite.mainframe.cobol.internal.grammar.CobolParser,indexName,FEATURE_ENVY,MEDIUM,"foreign accesses=12, own accesses=4"
src/main/java/org/openrewrite/mainframe/cobol/internal/grammar/CobolParser.java,org.openrewrite.mainframe.cobol.internal.grammar.CobolParser,initializeReplacingBy,FEATURE_ENVY,CRITICAL,"foreign accesses=42, own accesses=14"
src/main/java/org/openrewrite/mainframe/cobol/internal/grammar/CobolParser.java,org.openrewrite.mainframe.cobol.internal.grammar.CobolParser,initializeReplacingPhrase,FEATURE_ENVY,HIGH,"foreign accesses=24, own accesses=9"
src/main/java/org/openrewrite/mainframe/cobol/internal/grammar/CobolParser.java,org.openrewrite.mainframe.cobol.internal.grammar.CobolParser,initializeStatement,FEATURE_ENVY,HIGH,"foreign accesses=30, own accesses=10"
src/main/java/org/openrewrite/mainframe/cobol/internal/grammar/CobolParser.java,org.openrewrite.mainframe.cobol.internal.grammar.CobolParser,initiateStatement,FEATURE_ENVY,HIGH,"foreign accesses=24, own accesses=7"
src/main/java/org/openrewrite/mainframe/cobol/internal/grammar/CobolParser.java,org.openrewrite.mainframe.cobol.internal.grammar.CobolParser,inputOutputSection,FEATURE_ENVY,HIGH,"foreign accesses=28, own accesses=13"
src/main/java/org/openrewrite/mainframe/cobol/internal/grammar/CobolParser.java,org.openrewrite.mainframe.cobol.internal.grammar.CobolParser,inspectAllLeading,FEATURE_ENVY,CRITICAL,"foreign accesses=31, own accesses=11"
src/main/java/org/openrewrite/mainframe/cobol/internal/grammar/CobolParser.java,org.openrewrite.mainframe.cobol.internal.grammar.CobolParser,inspectAllLeadings,FEATURE_ENVY,CRITICAL,"foreign accesses=37, own accesses=11"
src/main/java/org/openrewrite/mainframe/cobol/internal/grammar/CobolParser.java,org.openrewrite.mainframe.cobol.internal.grammar.CobolParser,inspectBeforeAfter,FEATURE_ENVY,CRITICAL,"foreign accesses=40, own accesses=13"
src/main/java/org/openrewrite/mainframe/cobol/internal/grammar/CobolParser.java,org.openrewrite.mainframe.cobol.internal.grammar.CobolParser,inspectBy,FEATURE_ENVY,HIGH,"foreign accesses=22, own accesses=7"
src/main/java/org/openrewrite/mainframe/cobol/internal/grammar/CobolParser.java,org.openrewrite.mainframe.cobol.internal.grammar.CobolParser,inspectCharacters,FEATURE_ENVY,CRITICAL,"foreign accesses=35, own accesses=12"
src/main/java/org/openrewrite/mainframe/cobol/internal/grammar/CobolParser.java,org.openrewrite.mainframe.cobol.internal.grammar.CobolParser,inspectConvertingPhrase,FEATURE_ENVY,CRITICAL,"foreign accesses=34, own accesses=13"
src/main/java/org/openrewrite/mainframe/cobol/internal/grammar/CobolParser.java,org.openrewrite.mainframe.cobol.internal.grammar.CobolParser,inspectReplacingAllLeading,FEATURE_ENVY,CRITICAL,"foreign accesses=32, own accesses=12"
src/main/java/org/openrewrite/mainframe/cobol/internal/grammar/CobolParser.java,org.openrewrite.mainframe.cobol.internal.grammar.CobolParser,inspectReplacingAllLeadings,FEATURE_ENVY,CRITICAL,"foreign accesses=37, own accesses=12"
src/main/java/org/openrewrite/mainframe/cobol/internal/grammar/CobolParser.java,org.openrewrite.mainframe.cobol.internal.grammar.CobolParser,inspectReplacingCharacters,FEATURE_ENVY,CRITICAL,"foreign accesses=36, own accesses=13"
src/main/java/org/openrewrite/mainframe/cobol/internal/grammar/CobolParser.java,org.openrewrite.mainframe.cobol.internal.grammar.CobolParser,inspectStatement,FEATURE_ENVY,HIGH,"foreign accesses=25, own accesses=10"
src/main/java/org/openrewrite/mainframe/cobol/internal/grammar/CobolParser.java,org.openrewrite.mainframe.cobol.internal.grammar.CobolParser,inspectTallyingPhrase,FEATURE_ENVY,HIGH,"foreign accesses=24, own accesses=7"
src/main/java/org/openrewrite/mainframe/cobol/internal/grammar/CobolParser.java,org.openrewrite.mainframe.cobol.internal.grammar.CobolParser,inspectTallyingReplacingPhrase,FEATURE_ENVY,CRITICAL,"foreign accesses=35, own accesses=11"
src/main/java/org/openrewrite/mainframe/cobol/internal/grammar/CobolParser.java,org.openrewrite.mainframe.cobol.internal.grammar.CobolParser,inspectTo,FEATURE_ENVY,HIGH,"foreign accesses=22, own accesses=7"
src/main/java/org/openrewrite/mainframe/cobol/internal/grammar/CobolParser.java,org.openrewrite.mainframe.cobol.internal.grammar.CobolParser,installationParagraph,FEATURE_ENVY,HIGH,"foreign accesses=21, own accesses=8"
src/main/java/org/openrewrite/mainframe/cobol/internal/grammar/CobolParser.java,org.openrewrite.mainframe.cobol.internal.grammar.CobolParser,integerLiteral,FEATURE_ENVY,HIGH,"foreign accesses=24, own accesses=5"
src/main/java/org/openrewrite/mainframe/cobol/internal/grammar/CobolParser.java,org.openrewrite.mainframe.cobol.internal.grammar.CobolParser,invalidKeyPhrase,FEATURE_ENVY,CRITICAL,"foreign accesses=37, own accesses=10"
src/main/java/org/openrewrite/mainframe/cobol/internal/grammar/CobolParser.java,org.openrewrite.mainframe.cobol.internal.grammar.CobolParser,ioControlParagraph,FEATURE_ENVY,CRITICAL,"foreign accesses=45, own accesses=17"
src/main/java/org/openrewrite/mainframe/cobol/internal/grammar/CobolParser.java,org.openrewrite.mainframe.cobol.internal.grammar.CobolParser,languageName,FEATURE_ENVY,MEDIUM,"foreign accesses=12, own accesses=4"
src/main/java/org/openrewrite/mainframe/cobol/internal/grammar/CobolParser.java,org.openrewrite.mainframe.cobol.internal.grammar.CobolParser,length,FEATURE_ENVY,MEDIUM,"foreign accesses=12, own accesses=4"
src/main/java/org/openrewrite/mainframe/cobol/internal/grammar/CobolParser.java,org.openrewrite.mainframe.cobol.internal.grammar.CobolParser,libraryAttributeClauseFormat1,FEATURE_ENVY,CRITICAL,"foreign accesses=40, own accesses=16"
src/main/java/org/openrewrite/mainframe/cobol/internal/grammar/CobolParser.java,org.openrewrite.mainframe.cobol.internal.grammar.CobolParser,libraryAttributeClauseFormat2,FEATURE_ENVY,CRITICAL,"foreign accesses=58, own accesses=23"
src/main/java/org/openrewrite/mainframe/cobol/internal/grammar/CobolParser.java,org.openrewrite.mainframe.cobol.internal.grammar.CobolParser,libraryAttributeFunction,FEATURE_ENVY,HIGH,"foreign accesses=16, own accesses=6"
src/main/java/org/openrewrite/mainframe/cobol/internal/grammar/CobolParser.java,org.openrewrite.mainframe.cobol.internal.grammar.CobolParser,libraryAttributeParameter,FEATURE_ENVY,HIGH,"foreign accesses=21, own accesses=8"
src/main/java/org/openrewrite/mainframe/cobol/internal/grammar/CobolParser.java,org.openrewrite.mainframe.cobol.internal.grammar.CobolParser,libraryAttributeTitle,FEATURE_ENVY,HIGH,"foreign accesses=21, own accesses=8"
src/main/java/org/openrewrite/mainframe/cobol/internal/grammar/CobolParser.java,org.openrewrite.mainframe.cobol.internal.grammar.CobolParser,libraryDescriptionEntry,FEATURE_ENVY,HIGH,"foreign accesses=19, own accesses=9"
src/main/java/org/openrewrite/mainframe/cobol/internal/grammar/CobolParser.java,org.openrewrite.mainframe.cobol.internal.grammar.CobolParser,libraryDescriptionEntryFormat1,FEATURE_ENVY,HIGH,"foreign accesses=28, own accesses=12"
src/main/java/org/openrewrite/mainframe/cobol/internal/grammar/CobolParser.java,org.openrewrite.mainframe.cobol.internal.grammar.CobolParser,libraryDescriptionEntryFormat2,FEATURE_ENVY,CRITICAL,"foreign accesses=47, own accesses=22"
src/main/java/org/openrewrite/mainframe/cobol/internal/grammar/CobolParser.java,org.openrewrite.mainframe.cobol.internal.grammar.CobolParser,libraryEntryProcedureClauseFormat1,FEATURE_ENVY,HIGH,"foreign accesses=20, own accesses=8"
src/main/java/org/openrewrite/mainframe/cobol/internal/grammar/CobolParser.java,org.openrewrite.mainframe.cobol.internal.grammar.CobolParser,libraryEntryProcedureClauseFormat2,FEATURE_ENVY,CRITICAL,"foreign accesses=38, own accesses=17"
src/main/java/org/openrewrite/mainframe/cobol/internal/grammar/CobolParser.java,org.openrewrite.mainframe.cobol.internal.grammar.CobolParser,libraryEntryProcedureForClause,FEATURE_ENVY,MEDIUM,"foreign accesses=14, own accesses=5"
src/main/java/org/openrewrite/mainframe/cobol/internal/grammar/CobolParser.java,org.openrewrite.mainframe.cobol.internal.grammar.CobolParser,libraryEntryProcedureGivingClause,FEATURE_ENVY,MEDIUM,"foreign accesses=14, own accesses=5"
src/main/java/org/openrewrite/mainframe/cobol/internal/grammar/CobolParser.java,org.openrewrite.mainframe.cobol.internal.grammar.CobolParser,libraryEntryProcedureUsingClause,FEATURE_ENVY,HIGH,"foreign accesses=26, own accesses=8"
src/main/java/org/openrewrite/mainframe/cobol/internal/grammar/CobolParser.java,org.openrewrite.mainframe.cobol.internal.grammar.CobolParser,libraryEntryProcedureUsingName,FEATURE_ENVY,HIGH,"foreign accesses=21, own accesses=6"
src/main/java/org/openrewrite/mainframe/cobol/internal/grammar/CobolParser.java,org.openrewrite.mainframe.cobol.internal.grammar.CobolParser,libraryEntryProcedureWithClause,FEATURE_ENVY,HIGH,"foreign accesses=26, own accesses=8"
src/main/java/org/openrewrite/mainframe/cobol/internal/grammar/CobolParser.java,org.openrewrite.mainframe.cobol.internal.grammar.CobolParser,libraryEntryProcedureWithName,FEATURE_ENVY,HIGH,"foreign accesses=21, own accesses=6"
src/main/java/org/openrewrite/mainframe/cobol/internal/grammar/CobolParser.java,org.openrewrite.mainframe.cobol.internal.grammar.CobolParser,libraryIsCommonClause,FEATURE_ENVY,HIGH,"foreign accesses=20, own accesses=7"
src/main/java/org/openrewrite/mainframe/cobol/internal/grammar/CobolParser.java,org.openrewrite.mainframe.cobol.internal.grammar.CobolParser,libraryIsGlobalClause,FEATURE_ENVY,HIGH,"foreign accesses=20, own accesses=7"
src/main/java/org/openrewrite/mainframe/cobol/internal/grammar/CobolParser.java,org.openrewrite.mainframe.cobol.internal.grammar.CobolParser,libraryName,FEATURE_ENVY,MEDIUM,"foreign accesses=12, own accesses=4"
src/main/java/org/openrewrite/mainframe/cobol/internal/grammar/CobolParser.java,org.openrewrite.mainframe.cobol.internal.grammar.CobolParser,linageAt,FEATURE_ENVY,HIGH,"foreign accesses=23, own accesses=7"
src/main/java/org/openrewrite/mainframe/cobol/internal/grammar/CobolParser.java,org.openrewrite.mainframe.cobol.internal.grammar.CobolParser,linkageSection,FEATURE_ENVY,HIGH,"foreign accesses=28, own accesses=9"
src/main/java/org/openrewrite/mainframe/cobol/internal/grammar/CobolParser.java,org.openrewrite.mainframe.cobol.internal.grammar.CobolParser,literal,FEATURE_ENVY,HIGH,"foreign accesses=30, own accesses=10"
src/main/java/org/openrewrite/mainframe/cobol/internal/grammar/CobolParser.java,org.openrewrite.mainframe.cobol.internal.grammar.CobolParser,localName,FEATURE_ENVY,MEDIUM,"foreign accesses=12, own accesses=4"
src/main/java/org/openrewrite/mainframe/cobol/internal/grammar/CobolParser.java,org.openrewrite.mainframe.cobol.internal.grammar.CobolParser,localStorageSection,FEATURE_ENVY,CRITICAL,"foreign accesses=38, own accesses=14"
src/main/java/org/openrewrite/mainframe/cobol/internal/grammar/CobolParser.java,org.openrewrite.mainframe.cobol.internal.grammar.CobolParser,mergeCollatingAlphanumeric,FEATURE_ENVY,HIGH,"foreign accesses=23, own accesses=9"
src/main/java/org/openrewrite/mainframe/cobol/internal/grammar/CobolParser.java,org.openrewrite.mainframe.cobol.internal.grammar.CobolParser,mergeCollatingNational,FEATURE_ENVY,HIGH,"foreign accesses=28, own accesses=11"
src/main/java/org/openrewrite/mainframe/cobol/internal/grammar/CobolParser.java,org.openrewrite.mainframe.cobol.internal.grammar.CobolParser,mergeCollatingSequencePhrase,FEATURE_ENVY,CRITICAL,"foreign accesses=54, own accesses=20"
src/main/java/org/openrewrite/mainframe/cobol/internal/grammar/CobolParser.java,org.openrewrite.mainframe.cobol.internal.grammar.CobolParser,mergeGiving,FEATURE_ENVY,CRITICAL,"foreign accesses=37, own accesses=14"
src/main/java/org/openrewrite/mainframe/cobol/internal/grammar/CobolParser.java,org.openrewrite.mainframe.cobol.internal.grammar.CobolParser,mergeGivingPhrase,FEATURE_ENVY,HIGH,"foreign accesses=24, own accesses=8"
src/main/java/org/openrewrite/mainframe/cobol/internal/grammar/CobolParser.java,org.openrewrite.mainframe.cobol.internal.grammar.CobolParser,mergeOnKeyClause,FEATURE_ENVY,CRITICAL,"foreign accesses=49, own accesses=16"
src/main/java/org/openrewrite/mainframe/cobol/internal/grammar/CobolParser.java,org.openrewrite.mainframe.cobol.internal.grammar.CobolParser,mergeOutputProcedurePhrase,FEATURE_ENVY,HIGH,"foreign accesses=29, own accesses=13"
src/main/java/org/openrewrite/mainframe/cobol/internal/grammar/CobolParser.java,org.openrewrite.mainframe.cobol.internal.grammar.CobolParser,mergeOutputThrough,FEATURE_ENVY,HIGH,"foreign accesses=25, own accesses=8"
src/main/java/org/openrewrite/mainframe/cobol/internal/grammar/CobolParser.java,org.openrewrite.mainframe.cobol.internal.grammar.CobolParser,mergeStatement,FEATURE_ENVY,CRITICAL,"foreign accesses=61, own accesses=24"
src/main/java/org/openrewrite/mainframe/cobol/internal/grammar/CobolParser.java,org.openrewrite.mainframe.cobol.internal.grammar.CobolParser,mergeUsing,FEATURE_ENVY,HIGH,"foreign accesses=24, own accesses=8"
src/main/java/org/openrewrite/mainframe/cobol/internal/grammar/CobolParser.java,org.openrewrite.mainframe.cobol.internal.grammar.CobolParser,messageCountClause,FEATURE_ENVY,HIGH,"foreign accesses=28, own accesses=11"
src/main/java/org/openrewrite/mainframe/cobol/internal/grammar/CobolParser.java,org.openrewrite.mainframe.cobol.internal.grammar.CobolParser,messageDateClause,FEATURE_ENVY,HIGH,"foreign accesses=23, own accesses=9"
src/main/java/org/openrewrite/mainframe/cobol/internal/grammar/CobolParser.java,org.openrewrite.mainframe.cobol.internal.grammar.CobolParser,messageTimeClause,FEATURE_ENVY,HIGH,"foreign accesses=23, own accesses=9"
src/main/java/org/openrewrite/mainframe/cobol/internal/grammar/CobolParser.java,org.openrewrite.mainframe.cobol.internal.grammar.CobolParser,mnemonicName,FEATURE_ENVY,MEDIUM,"foreign accesses=12, own accesses=4"
src/main/java/org/openrewrite/mainframe/cobol/internal/grammar/CobolParser.java,org.openrewrite.mainframe.cobol.internal.grammar.CobolParser,modeStatement,FEATURE_ENVY,MEDIUM,"foreign accesses=12, own accesses=4"
src/main/java/org/openrewrite/mainframe/cobol/internal/grammar/CobolParser.java,org.openrewrite.mainframe.cobol.internal.grammar.CobolParser,moveCorrespondingToSendingArea,FEATURE_ENVY,MEDIUM,"foreign accesses=12, own accesses=4"
src/main/java/org/openrewrite/mainframe/cobol/internal/grammar/CobolParser.java,org.openrewrite.mainframe.cobol.internal.grammar.CobolParser,moveCorrespondingToStatement,FEATURE_ENVY,CRITICAL,"foreign accesses=38, own accesses=12"
src/main/java/org/openrewrite/mainframe/cobol/internal/grammar/CobolParser.java,org.openrewrite.mainframe.cobol.internal.grammar.CobolParser,moveToSendingArea,FEATURE_ENVY,HIGH,"foreign accesses=21, own accesses=6"
src/main/java/org/openrewrite/mainframe/cobol/internal/grammar/CobolParser.java,org.openrewrite.mainframe.cobol.internal.grammar.CobolParser,moveToStatement,FEATURE_ENVY,HIGH,"foreign accesses=25, own accesses=8"
src/main/java/org/openrewrite/mainframe/cobol/internal/grammar/CobolParser.java,org.openrewrite.mainframe.cobol.internal.grammar.CobolParser,multDiv,FEATURE_ENVY,HIGH,"foreign accesses=25, own accesses=8"
src/main/java/org/openrewrite/mainframe/cobol/internal/grammar/CobolParser.java,org.openrewrite.mainframe.cobol.internal.grammar.CobolParser,multDivs,FEATURE_ENVY,HIGH,"foreign accesses=23, own accesses=9"
src/main/java/org/openrewrite/mainframe/cobol/internal/grammar/CobolParser.java,org.openrewrite.mainframe.cobol.internal.grammar.CobolParser,multipleFileClause,FEATURE_ENVY,CRITICAL,"foreign accesses=42, own accesses=15"
src/main/java/org/openrewrite/mainframe/cobol/internal/grammar/CobolParser.java,org.openrewrite.mainframe.cobol.internal.grammar.CobolParser,multipleFilePosition,FEATURE_ENVY,HIGH,"foreign accesses=20, own accesses=8"
src/main/java/org/openrewrite/mainframe/cobol/internal/grammar/CobolParser.java,org.openrewrite.mainframe.cobol.internal.grammar.CobolParser,multiplyGiving,FEATURE_ENVY,HIGH,"foreign accesses=25, own accesses=8"
src/main/java/org/openrewrite/mainframe/cobol/internal/grammar/CobolParser.java,org.openrewrite.mainframe.cobol.internal.grammar.CobolParser,multiplyGivingOperand,FEATURE_ENVY,HIGH,"foreign accesses=21, own accesses=6"
src/main/java/org/openrewrite/mainframe/cobol/internal/grammar/CobolParser.java,org.openrewrite.mainframe.cobol.internal.grammar.CobolParser,multiplyGivingResult,FEATURE_ENVY,MEDIUM,"foreign accesses=12, own accesses=4"
src/main/java/org/openrewrite/mainframe/cobol/internal/grammar/CobolParser.java,org.openrewrite.mainframe.cobol.internal.grammar.CobolParser,multiplyRegular,FEATURE_ENVY,HIGH,"foreign accesses=22, own accesses=6"
src/main/java/org/openrewrite/mainframe/cobol/internal/grammar/CobolParser.java,org.openrewrite.mainframe.cobol.internal.grammar.CobolParser,multiplyRegularOperand,FEATURE_ENVY,MEDIUM,"foreign accesses=12, own accesses=4"
src/main/java/org/openrewrite/mainframe/cobol/internal/grammar/CobolParser.java,org.openrewrite.mainframe.cobol.internal.grammar.CobolParser,multiplyStatement,FEATURE_ENVY,CRITICAL,"foreign accesses=58, own accesses=17"
src/main/java/org/openrewrite/mainframe/cobol/internal/grammar/CobolParser.java,org.openrewrite.mainframe.cobol.internal.grammar.CobolParser,nextSentenceStatement,FEATURE_ENVY,HIGH,"foreign accesses=15, own accesses=5"
src/main/java/org/openrewrite/mainframe/cobol/internal/grammar/CobolParser.java,org.openrewrite.mainframe.cobol.internal.grammar.CobolParser,notAtEndPhrase,FEATURE_ENVY,CRITICAL,"foreign accesses=39, own accesses=11"
src/main/java/org/openrewrite/mainframe/cobol/internal/grammar/CobolParser.java,org.openrewrite.mainframe.cobol.internal.grammar.CobolParser,notInvalidKeyPhrase,FEATURE_ENVY,CRITICAL,"foreign accesses=39, own accesses=11"
src/main/java/org/openrewrite/mainframe/cobol/internal/grammar/CobolParser.java,org.openrewrite.mainframe.cobol.internal.grammar.CobolParser,notOnExceptionClause,FEATURE_ENVY,CRITICAL,"foreign accesses=39, own accesses=11"
src/main/java/org/openrewrite/mainframe/cobol/internal/grammar/CobolParser.java,org.openrewrite.mainframe.cobol.internal.grammar.CobolParser,notOnOverflowPhrase,FEATURE_ENVY,CRITICAL,"foreign accesses=39, own accesses=11"
src/main/java/org/openrewrite/mainframe/cobol/internal/grammar/CobolParser.java,org.openrewrite.mainframe.cobol.internal.grammar.CobolParser,notOnSizeErrorPhrase,FEATURE_ENVY,CRITICAL,"foreign accesses=41, own accesses=12"
src/main/java/org/openrewrite/mainframe/cobol/internal/grammar/CobolParser.java,org.openrewrite.mainframe.cobol.internal.grammar.CobolParser,odtClause,FEATURE_ENVY,HIGH,"foreign accesses=21, own accesses=8"
src/main/java/org/openrewrite/mainframe/cobol/internal/grammar/CobolParser.java,org.openrewrite.mainframe.cobol.internal.grammar.CobolParser,onExceptionClause,FEATURE_ENVY,CRITICAL,"foreign accesses=37, own accesses=10"
src/main/java/org/openrewrite/mainframe/cobol/internal/grammar/CobolParser.java,org.openrewrite.mainframe.cobol.internal.grammar.CobolParser,onOverflowPhrase,FEATURE_ENVY,CRITICAL,"foreign accesses=37, own accesses=10"
src/main/java/org/openrewrite/mainframe/cobol/internal/grammar/CobolParser.java,org.openrewrite.mainframe.cobol.internal.grammar.CobolParser,onSizeErrorPhrase,FEATURE_ENVY,CRITICAL,"foreign accesses=39, own accesses=11"
src/main/java/org/openrewrite/mainframe/cobol/internal/grammar/CobolParser.java,org.openrewrite.mainframe.cobol.internal.grammar.CobolParser,openExtendStatement,FEATURE_ENVY,HIGH,"foreign accesses=24, own accesses=8"
src/main/java/org/openrewrite/mainframe/cobol/internal/grammar/CobolParser.java,org.openrewrite.mainframe.cobol.internal.grammar.CobolParser,openIOStatement,FEATURE_ENVY,HIGH,"foreign accesses=24, own accesses=8"
src/main/java/org/openrewrite/mainframe/cobol/internal/grammar/CobolParser.java,org.openrewrite.mainframe.cobol.internal.grammar.CobolParser,openInput,FEATURE_ENVY,CRITICAL,"foreign accesses=32, own accesses=11"
src/main/java/org/openrewrite/mainframe/cobol/internal/grammar/CobolParser.java,org.openrewrite.mainframe.cobol.internal.grammar.CobolParser,openInputStatement,FEATURE_ENVY,HIGH,"foreign accesses=24, own accesses=8"
src/main/java/org/openrewrite/mainframe/cobol/internal/grammar/CobolParser.java,org.openrewrite.mainframe.cobol.internal.grammar.CobolParser,openOutput,FEATURE_ENVY,HIGH,"foreign accesses=30, own accesses=10"
src/main/java/org/openrewrite/mainframe/cobol/internal/grammar/CobolParser.java,org.openrewrite.mainframe.cobol.internal.grammar.CobolParser,openOutputStatement,FEATURE_ENVY,HIGH,"foreign accesses=24, own accesses=8"
src/main/java/org/openrewrite/mainframe/cobol/internal/grammar/CobolParser.java,org.openrewrite.mainframe.cobol.internal.grammar.CobolParser,organizationClause,FEATURE_ENVY,CRITICAL,"foreign accesses=55, own accesses=20"
src/main/java/org/openrewrite/mainframe/cobol/internal/grammar/CobolParser.java,org.openrewrite.mainframe.cobol.internal.grammar.CobolParser,paddingCharacterClause,FEATURE_ENVY,CRITICAL,"foreign accesses=36, own accesses=13"
src/main/java/org/openrewrite/mainframe/cobol/internal/grammar/CobolParser.java,org.openrewrite.mainframe.cobol.internal.grammar.CobolParser,paragraph,FEATURE_ENVY,CRITICAL,"foreign accesses=40, own accesses=11"
src/main/java/org/openrewrite/mainframe/cobol/internal/grammar/CobolParser.java,org.openrewrite.mainframe.cobol.internal.grammar.CobolParser,paragraphs,FEATURE_ENVY,CRITICAL,"foreign accesses=39, own accesses=9"
src/main/java/org/openrewrite/mainframe/cobol/internal/grammar/CobolParser.java,org.openrewrite.mainframe.cobol.internal.grammar.CobolParser,passwordClause,FEATURE_ENVY,HIGH,"foreign accesses=21, own accesses=8"
src/main/java/org/openrewrite/mainframe/cobol/internal/grammar/CobolParser.java,org.openrewrite.mainframe.cobol.internal.grammar.CobolParser,performAfter,FEATURE_ENVY,MEDIUM,"foreign accesses=14, own accesses=5"
src/main/java/org/openrewrite/mainframe/cobol/internal/grammar/CobolParser.java,org.openrewrite.mainframe.cobol.internal.grammar.CobolParser,performBy,FEATURE_ENVY,HIGH,"foreign accesses=23, own accesses=8"
src/main/java/org/openrewrite/mainframe/cobol/internal/grammar/CobolParser.java,org.openrewrite.mainframe.cobol.internal.grammar.CobolParser,performFrom,FEATURE_ENVY,HIGH,"foreign accesses=23, own accesses=8"
src/main/java/org/openrewrite/mainframe/cobol/internal/grammar/CobolParser.java,org.openrewrite.mainframe.cobol.internal.grammar.CobolParser,performInlineStatement,FEATURE_ENVY,HIGH,"foreign accesses=30, own accesses=9"
src/main/java/org/openrewrite/mainframe/cobol/internal/grammar/CobolParser.java,org.openrewrite.mainframe.cobol.internal.grammar.CobolParser,performProcedureStatement,FEATURE_ENVY,CRITICAL,"foreign accesses=39, own accesses=14"
src/main/java/org/openrewrite/mainframe/cobol/internal/grammar/CobolParser.java,org.openrewrite.mainframe.cobol.internal.grammar.CobolParser,performStatement,FEATURE_ENVY,HIGH,"foreign accesses=22, own accesses=7"
src/main/java/org/openrewrite/mainframe/cobol/internal/grammar/CobolParser.java,org.openrewrite.mainframe.cobol.internal.grammar.CobolParser,performTestClause,FEATURE_ENVY,CRITICAL,"foreign accesses=33, own accesses=11"
src/main/java/org/openrewrite/mainframe/cobol/internal/grammar/CobolParser.java,org.openrewrite.mainframe.cobol.internal.grammar.CobolParser,performTimes,FEATURE_ENVY,HIGH,"foreign accesses=22, own accesses=7"
src/main/java/org/openrewrite/mainframe/cobol/internal/grammar/CobolParser.java,org.openrewrite.mainframe.cobol.internal.grammar.CobolParser,performType,FEATURE_ENVY,HIGH,"foreign accesses=23, own accesses=7"
src/main/java/org/openrewrite/mainframe/cobol/internal/grammar/CobolParser.java,org.openrewrite.mainframe.cobol.internal.grammar.CobolParser,performUntil,FEATURE_ENVY,HIGH,"foreign accesses=20, own accesses=9"
src/main/java/org/openrewrite/mainframe/cobol/internal/grammar/CobolParser.java,org.openrewrite.mainframe.cobol.internal.grammar.CobolParser,performVarying,FEATURE_ENVY,HIGH,"foreign accesses=28, own accesses=13"
src/main/java/org/openrewrite/mainframe/cobol/internal/grammar/CobolParser.java,org.openrewrite.mainframe.cobol.internal.grammar.CobolParser,performVaryingClause,FEATURE_ENVY,HIGH,"foreign accesses=25, own accesses=9"
src/main/java/org/openrewrite/mainframe/cobol/internal/grammar/CobolParser.java,org.openrewrite.mainframe.cobol.internal.grammar.CobolParser,performVaryingPhrase,FEATURE_ENVY,HIGH,"foreign accesses=23, own accesses=9"
src/main/java/org/openrewrite/mainframe/cobol/internal/grammar/CobolParser.java,org.openrewrite.mainframe.cobol.internal.grammar.CobolParser,picture,FEATURE_ENVY,CRITICAL,"foreign accesses=32, own accesses=9"
src/main/java/org/openrewrite/mainframe/cobol/internal/grammar/CobolParser.java,org.openrewrite.mainframe.cobol.internal.grammar.CobolParser,pictureCardinality,FEATURE_ENVY,HIGH,"foreign accesses=16, own accesses=6"
src/main/java/org/openrewrite/mainframe/cobol/internal/grammar/CobolParser.java,org.openrewrite.mainframe.cobol.internal.grammar.CobolParser,pictureChars,FEATURE_ENVY,CRITICAL,"foreign accesses=65, own accesses=22"
src/main/java/org/openrewrite/mainframe/cobol/internal/grammar/CobolParser.java,org.openrewrite.mainframe.cobol.internal.grammar.CobolParser,pictureDot,FEATURE_ENVY,LOW,"foreign accesses=9, own accesses=0"
src/main/java/org/openrewrite/mainframe/cobol/internal/grammar/CobolParser.java,org.openrewrite.mainframe.cobol.internal.grammar.CobolParser,pictureString,FEATURE_ENVY,HIGH,"foreign accesses=24, own accesses=7"
src/main/java/org/openrewrite/mainframe/cobol/internal/grammar/CobolParser.java,org.openrewrite.mainframe.cobol.internal.grammar.CobolParser,plusMinus,FEATURE_ENVY,HIGH,"foreign accesses=25, own accesses=8"
src/main/java/org/openrewrite/mainframe/cobol/internal/grammar/CobolParser.java,org.openrewrite.mainframe.cobol.internal.grammar.CobolParser,power,FEATURE_ENVY,MEDIUM,"foreign accesses=14, own accesses=5"
src/main/java/org/openrewrite/mainframe/cobol/internal/grammar/CobolParser.java,org.openrewrite.mainframe.cobol.internal.grammar.CobolParser,powers,FEATURE_ENVY,CRITICAL,"foreign accesses=41, own accesses=15"
src/main/java/org/openrewrite/mainframe/cobol/internal/grammar/CobolParser.java,org.openrewrite.mainframe.cobol.internal.grammar.CobolParser,procedureDeclarative,FEATURE_ENVY,HIGH,"foreign accesses=18, own accesses=8"
src/main/java/org/openrewrite/mainframe/cobol/internal/grammar/CobolParser.java,org.openrewrite.mainframe.cobol.internal.grammar.CobolParser,procedureDeclaratives,FEATURE_ENVY,CRITICAL,"foreign accesses=32, own accesses=11"
src/main/java/org/openrewrite/mainframe/cobol/internal/grammar/CobolParser.java,org.openrewrite.mainframe.cobol.internal.grammar.CobolParser,procedureDivisionBody,FEATURE_ENVY,HIGH,"foreign accesses=23, own accesses=7"
src/main/java/org/openrewrite/mainframe/cobol/internal/grammar/CobolParser.java,org.openrewrite.mainframe.cobol.internal.grammar.CobolParser,procedureDivisionByReferencePhrase,FEATURE_ENVY,CRITICAL,"foreign accesses=38, own accesses=14"
src/main/java/org/openrewrite/mainframe/cobol/internal/grammar/CobolParser.java,org.openrewrite.mainframe.cobol.internal.grammar.CobolParser,procedureDivisionByValue,FEATURE_ENVY,HIGH,"foreign accesses=24, own accesses=7"
src/main/java/org/openrewrite/mainframe/cobol/internal/grammar/CobolParser.java,org.openrewrite.mainframe.cobol.internal.grammar.CobolParser,procedureDivisionByValuePhrase,FEATURE_ENVY,CRITICAL,"foreign accesses=33, own accesses=11"
src/main/java/org/openrewrite/mainframe/cobol/internal/grammar/CobolParser.java,org.openrewrite.mainframe.cobol.internal.grammar.CobolParser,procedureDivisionGivingClause,FEATURE_ENVY,HIGH,"foreign accesses=25, own accesses=8"
src/main/java/org/openrewrite/mainframe/cobol/internal/grammar/CobolParser.java,org.openrewrite.mainframe.cobol.internal.grammar.CobolParser,procedureDivisionUsingClause,FEATURE_ENVY,CRITICAL,"foreign accesses=35, own accesses=10"
src/main/java/org/openrewrite/mainframe/cobol/internal/grammar/CobolParser.java,org.openrewrite.mainframe.cobol.internal.grammar.CobolParser,procedureDivisionUsingParameter,FEATURE_ENVY,HIGH,"foreign accesses=21, own accesses=6"
src/main/java/org/openrewrite/mainframe/cobol/internal/grammar/CobolParser.java,org.openrewrite.mainframe.cobol.internal.grammar.CobolParser,procedureName,FEATURE_ENVY,HIGH,"foreign accesses=27, own accesses=10"
src/main/java/org/openrewrite/mainframe/cobol/internal/grammar/CobolParser.java,org.openrewrite.mainframe.cobol.internal.grammar.CobolParser,procedureSection,FEATURE_ENVY,HIGH,"foreign accesses=15, own accesses=6"
src/main/java/org/openrewrite/mainframe/cobol/internal/grammar/CobolParser.java,org.openrewrite.mainframe.cobol.internal.grammar.CobolParser,procedureSectionHeader,FEATURE_ENVY,HIGH,"foreign accesses=20, own accesses=7"
src/main/java/org/openrewrite/mainframe/cobol/internal/grammar/CobolParser.java,org.openrewrite.mainframe.cobol.internal.grammar.CobolParser,programIdParagraph,FEATURE_ENVY,CRITICAL,"foreign accesses=61, own accesses=29"
src/main/java/org/openrewrite/mainframe/cobol/internal/grammar/CobolParser.java,org.openrewrite.mainframe.cobol.internal.grammar.CobolParser,programLibrarySection,FEATURE_ENVY,HIGH,"foreign accesses=28, own accesses=11"
src/main/java/org/openrewrite/mainframe/cobol/internal/grammar/CobolParser.java,org.openrewrite.mainframe.cobol.internal.grammar.CobolParser,programUnit,FEATURE_ENVY,CRITICAL,"foreign accesses=55, own accesses=18"
src/main/java/org/openrewrite/mainframe/cobol/internal/grammar/CobolParser.java,org.openrewrite.mainframe.cobol.internal.grammar.CobolParser,purgeStatement,FEATURE_ENVY,HIGH,"foreign accesses=24, own accesses=8"
src/main/java/org/openrewrite/mainframe/cobol/internal/grammar/CobolParser.java,org.openrewrite.mainframe.cobol.internal.grammar.CobolParser,qualifiedDataName,FEATURE_ENVY,HIGH,"foreign accesses=25, own accesses=8"
src/main/java/org/openrewrite/mainframe/cobol/internal/grammar/CobolParser.java,org.openrewrite.mainframe.cobol.internal.grammar.CobolParser,qualifiedDataNameFormat1,FEATURE_ENVY,CRITICAL,"foreign accesses=49, own accesses=14"
src/main/java/org/openrewrite/mainframe/cobol/internal/grammar/CobolParser.java,org.openrewrite.mainframe.cobol.internal.grammar.CobolParser,qualifiedDataNameFormat2,FEATURE_ENVY,MEDIUM,"foreign accesses=13, own accesses=5"
src/main/java/org/openrewrite/mainframe/cobol/internal/grammar/CobolParser.java,org.openrewrite.mainframe.cobol.internal.grammar.CobolParser,qualifiedDataNameFormat3,FEATURE_ENVY,MEDIUM,"foreign accesses=13, own accesses=5"
src/main/java/org/openrewrite/mainframe/cobol/internal/grammar/CobolParser.java,org.openrewrite.mainframe.cobol.internal.grammar.CobolParser,qualifiedDataNameFormat4,FEATURE_ENVY,MEDIUM,"foreign accesses=14, own accesses=5"
src/main/java/org/openrewrite/mainframe/cobol/internal/grammar/CobolParser.java,org.openrewrite.mainframe.cobol.internal.grammar.CobolParser,qualifiedInData,FEATURE_ENVY,HIGH,"foreign accesses=21, own accesses=6"
src/main/java/org/openrewrite/mainframe/cobol/internal/grammar/CobolParser.java,org.openrewrite.mainframe.cobol.internal.grammar.CobolParser,readInto,FEATURE_ENVY,MEDIUM,"foreign accesses=14, own accesses=5"
src/main/java/org/openrewrite/mainframe/cobol/internal/grammar/CobolParser.java,org.openrewrite.mainframe.cobol.internal.grammar.CobolParser,readKey,FEATURE_ENVY,HIGH,"foreign accesses=21, own accesses=8"
src/main/java/org/openrewrite/mainframe/cobol/internal/grammar/CobolParser.java,org.openrewrite.mainframe.cobol.internal.grammar.CobolParser,readStatement,FEATURE_ENVY,CRITICAL,"foreign accesses=91, own accesses=28"
src/main/java/org/openrewrite/mainframe/cobol/internal/grammar/CobolParser.java,org.openrewrite.mainframe.cobol.internal.grammar.CobolParser,readWith,FEATURE_ENVY,CRITICAL,"foreign accesses=40, own accesses=17"
src/main/java/org/openrewrite/mainframe/cobol/internal/grammar/CobolParser.java,org.openrewrite.mainframe.cobol.internal.grammar.CobolParser,receiveBefore,FEATURE_ENVY,CRITICAL,"foreign accesses=31, own accesses=9"
src/main/java/org/openrewrite/mainframe/cobol/internal/grammar/CobolParser.java,org.openrewrite.mainframe.cobol.internal.grammar.CobolParser,receiveFrom,FEATURE_ENVY,HIGH,"foreign accesses=29, own accesses=14"
src/main/java/org/openrewrite/mainframe/cobol/internal/grammar/CobolParser.java,org.openrewrite.mainframe.cobol.internal.grammar.CobolParser,receiveIntoStatement,FEATURE_ENVY,CRITICAL,"foreign accesses=47, own accesses=17"
src/main/java/org/openrewrite/mainframe/cobol/internal/grammar/CobolParser.java,org.openrewrite.mainframe.cobol.internal.grammar.CobolParser,receiveNoData,FEATURE_ENVY,CRITICAL,"foreign accesses=32, own accesses=8"
src/main/java/org/openrewrite/mainframe/cobol/internal/grammar/CobolParser.java,org.openrewrite.mainframe.cobol.internal.grammar.CobolParser,receiveSize,FEATURE_ENVY,HIGH,"foreign accesses=29, own accesses=10"
src/main/java/org/openrewrite/mainframe/cobol/internal/grammar/CobolParser.java,org.openrewrite.mainframe.cobol.internal.grammar.CobolParser,receiveStatement,FEATURE_ENVY,CRITICAL,"foreign accesses=47, own accesses=13"
src/main/java/org/openrewrite/mainframe/cobol/internal/grammar/CobolParser.java,org.openrewrite.mainframe.cobol.internal.grammar.CobolParser,receiveStatus,FEATURE_ENVY,HIGH,"foreign accesses=21, own accesses=8"
src/main/java/org/openrewrite/mainframe/cobol/internal/grammar/CobolParser.java,org.openrewrite.mainframe.cobol.internal.grammar.CobolParser,receiveThread,FEATURE_ENVY,HIGH,"foreign accesses=21, own accesses=8"
src/main/java/org/openrewrite/mainframe/cobol/internal/grammar/CobolParser.java,org.openrewrite.mainframe.cobol.internal.grammar.CobolParser,receiveWith,FEATURE_ENVY,HIGH,"foreign accesses=22, own accesses=8"
src/main/java/org/openrewrite/mainframe/cobol/internal/grammar/CobolParser.java,org.openrewrite.mainframe.cobol.internal.grammar.CobolParser,receiveWithData,FEATURE_ENVY,CRITICAL,"foreign accesses=32, own accesses=8"
src/main/java/org/openrewrite/mainframe/cobol/internal/grammar/CobolParser.java,org.openrewrite.mainframe.cobol.internal.grammar.CobolParser,recordContainsClause,FEATURE_ENVY,HIGH,"foreign accesses=23, own accesses=8"
src/main/java/org/openrewrite/mainframe/cobol/internal/grammar/CobolParser.java,org.openrewrite.mainframe.cobol.internal.grammar.CobolParser,recordContainsClauseFormat1,FEATURE_ENVY,HIGH,"foreign accesses=26, own accesses=10"
src/main/java/org/openrewrite/mainframe/cobol/internal/grammar/CobolParser.java,org.openrewrite.mainframe.cobol.internal.grammar.CobolParser,recordContainsClauseFormat2,FEATURE_ENVY,CRITICAL,"foreign accesses=75, own accesses=32"
src/main/java/org/openrewrite/mainframe/cobol/internal/grammar/CobolParser.java,org.openrewrite.mainframe.cobol.internal.grammar.CobolParser,recordContainsClauseFormat3,FEATURE_ENVY,HIGH,"foreign accesses=27, own accesses=11"
src/main/java/org/openrewrite/mainframe/cobol/internal/grammar/CobolParser.java,org.openrewrite.mainframe.cobol.internal.grammar.CobolParser,recordContainsTo,FEATURE_ENVY,MEDIUM,"foreign accesses=14, own accesses=5"
src/main/java/org/openrewrite/mainframe/cobol/internal/grammar/CobolParser.java,org.openrewrite.mainframe.cobol.internal.grammar.CobolParser,recordDelimiterClause,FEATURE_ENVY,CRITICAL,"foreign accesses=34, own accesses=12"
src/main/java/org/openrewrite/mainframe/cobol/internal/grammar/CobolParser.java,org.openrewrite.mainframe.cobol.internal.grammar.CobolParser,recordKeyClause,FEATURE_ENVY,CRITICAL,"foreign accesses=50, own accesses=20"
src/main/java/org/openrewrite/mainframe/cobol/internal/grammar/CobolParser.java,org.openrewrite.mainframe.cobol.internal.grammar.CobolParser,recordName,FEATURE_ENVY,MEDIUM,"foreign accesses=12, own accesses=4"
src/main/java/org/openrewrite/mainframe/cobol/internal/grammar/CobolParser.java,org.openrewrite.mainframe.cobol.internal.grammar.CobolParser,recordingModeClause,FEATURE_ENVY,HIGH,"foreign accesses=28, own accesses=11"
src/main/java/org/openrewrite/mainframe/cobol/internal/grammar/CobolParser.java,org.openrewrite.mainframe.cobol.internal.grammar.CobolParser,referenceModifier,FEATURE_ENVY,HIGH,"foreign accesses=24, own accesses=9"
src/main/java/org/openrewrite/mainframe/cobol/internal/grammar/CobolParser.java,org.openrewrite.mainframe.cobol.internal.grammar.CobolParser,relationArithmeticComparison,FEATURE_ENVY,MEDIUM,"foreign accesses=14, own accesses=6"
src/main/java/org/openrewrite/mainframe/cobol/internal/grammar/CobolParser.java,org.openrewrite.mainframe.cobol.internal.grammar.CobolParser,relationCombinedComparison,FEATURE_ENVY,HIGH,"foreign accesses=18, own accesses=8"
src/main/java/org/openrewrite/mainframe/cobol/internal/grammar/CobolParser.java,org.openrewrite.mainframe.cobol.internal.grammar.CobolParser,relationCombinedCondition,FEATURE_ENVY,CRITICAL,"foreign accesses=36, own accesses=13"
src/main/java/org/openrewrite/mainframe/cobol/internal/grammar/CobolParser.java,org.openrewrite.mainframe.cobol.internal.grammar.CobolParser,relationCondition,FEATURE_ENVY,HIGH,"foreign accesses=23, own accesses=7"
src/main/java/org/openrewrite/mainframe/cobol/internal/grammar/CobolParser.java,org.openrewrite.mainframe.cobol.internal.grammar.CobolParser,relationSignCondition,FEATURE_ENVY,CRITICAL,"foreign accesses=39, own accesses=15"
src/main/java/org/openrewrite/mainframe/cobol/internal/grammar/CobolParser.java,org.openrewrite.mainframe.cobol.internal.grammar.CobolParser,relationalOperator,FEATURE_ENVY,CRITICAL,"foreign accesses=127, own accesses=58"
src/main/java/org/openrewrite/mainframe/cobol/internal/grammar/CobolParser.java,org.openrewrite.mainframe.cobol.internal.grammar.CobolParser,relativeKeyClause,FEATURE_ENVY,HIGH,"foreign accesses=28, own accesses=11"
src/main/java/org/openrewrite/mainframe/cobol/internal/grammar/CobolParser.java,org.openrewrite.mainframe.cobol.internal.grammar.CobolParser,releaseStatement,FEATURE_ENVY,HIGH,"foreign accesses=22, own accesses=9"
src/main/java/org/openrewrite/mainframe/cobol/internal/grammar/CobolParser.java,org.openrewrite.mainframe.cobol.internal.grammar.CobolParser,remarksParagraph,FEATURE_ENVY,CRITICAL,"foreign accesses=35, own accesses=14"
src/main/java/org/openrewrite/mainframe/cobol/internal/grammar/CobolParser.java,org.openrewrite.mainframe.cobol.internal.grammar.CobolParser,reportClause,FEATURE_ENVY,CRITICAL,"foreign accesses=53, own accesses=17"
src/main/java/org/openrewrite/mainframe/cobol/internal/grammar/CobolParser.java,org.openrewrite.mainframe.cobol.internal.grammar.CobolParser,reportDescription,FEATURE_ENVY,HIGH,"foreign accesses=23, own accesses=7"
src/main/java/org/openrewrite/mainframe/cobol/internal/grammar/CobolParser.java,org.openrewrite.mainframe.cobol.internal.grammar.CobolParser,reportDescriptionEntry,FEATURE_ENVY,CRITICAL,"foreign accesses=52, own accesses=25"
src/main/java/org/openrewrite/mainframe/cobol/internal/grammar/CobolParser.java,org.openrewrite.mainframe.cobol.internal.grammar.CobolParser,reportDescriptionFirstDetailClause,FEATURE_ENVY,HIGH,"foreign accesses=16, own accesses=6"
src/main/java/org/openrewrite/mainframe/cobol/internal/grammar/CobolParser.java,org.openrewrite.mainframe.cobol.internal.grammar.CobolParser,reportDescriptionFootingClause,FEATURE_ENVY,MEDIUM,"foreign accesses=14, own accesses=5"
src/main/java/org/openrewrite/mainframe/cobol/internal/grammar/CobolParser.java,org.openrewrite.mainframe.cobol.internal.grammar.CobolParser,reportDescriptionGlobalClause,FEATURE_ENVY,HIGH,"foreign accesses=20, own accesses=7"
src/main/java/org/openrewrite/mainframe/cobol/internal/grammar/CobolParser.java,org.openrewrite.mainframe.cobol.internal.grammar.CobolParser,reportDescriptionHeadingClause,FEATURE_ENVY,MEDIUM,"foreign accesses=14, own accesses=5"
src/main/java/org/openrewrite/mainframe/cobol/internal/grammar/CobolParser.java,org.openrewrite.mainframe.cobol.internal.grammar.CobolParser,reportDescriptionLastDetailClause,FEATURE_ENVY,HIGH,"foreign accesses=16, own accesses=6"
src/main/java/org/openrewrite/mainframe/cobol/internal/grammar/CobolParser.java,org.openrewrite.mainframe.cobol.internal.grammar.CobolParser,reportDescriptionPageLimitClause,FEATURE_ENVY,CRITICAL,"foreign accesses=68, own accesses=26"
src/main/java/org/openrewrite/mainframe/cobol/internal/grammar/CobolParser.java,org.openrewrite.mainframe.cobol.internal.grammar.CobolParser,reportGroupBlankWhenZeroClause,FEATURE_ENVY,HIGH,"foreign accesses=22, own accesses=8"
src/main/java/org/openrewrite/mainframe/cobol/internal/grammar/CobolParser.java,org.openrewrite.mainframe.cobol.internal.grammar.CobolParser,reportGroupColumnNumberClause,FEATURE_ENVY,HIGH,"foreign accesses=28, own accesses=11"
src/main/java/org/openrewrite/mainframe/cobol/internal/grammar/CobolParser.java,org.openrewrite.mainframe.cobol.internal.grammar.CobolParser,reportGroupDescriptionEntry,FEATURE_ENVY,HIGH,"foreign accesses=23, own accesses=7"
src/main/java/org/openrewrite/mainframe/cobol/internal/grammar/CobolParser.java,org.openrewrite.mainframe.cobol.internal.grammar.CobolParser,reportGroupDescriptionEntryFormat2,FEATURE_ENVY,HIGH,"foreign accesses=27, own accesses=12"
src/main/java/org/openrewrite/mainframe/cobol/internal/grammar/CobolParser.java,org.openrewrite.mainframe.cobol.internal.grammar.CobolParser,reportGroupIndicateClause,FEATURE_ENVY,HIGH,"foreign accesses=20, own accesses=7"
src/main/java/org/openrewrite/mainframe/cobol/internal/grammar/CobolParser.java,org.openrewrite.mainframe.cobol.internal.grammar.CobolParser,reportGroupJustifiedClause,FEATURE_ENVY,CRITICAL,"foreign accesses=31, own accesses=10"
src/main/java/org/openrewrite/mainframe/cobol/internal/grammar/CobolParser.java,org.openrewrite.mainframe.cobol.internal.grammar.CobolParser,reportGroupLineNumberNextPage,FEATURE_ENVY,HIGH,"foreign accesses=30, own accesses=10"
src/main/java/org/openrewrite/mainframe/cobol/internal/grammar/CobolParser.java,org.openrewrite.mainframe.cobol.internal.grammar.CobolParser,reportGroupLineNumberPlus,FEATURE_ENVY,MEDIUM,"foreign accesses=14, own accesses=5"
src/main/java/org/openrewrite/mainframe/cobol/internal/grammar/CobolParser.java,org.openrewrite.mainframe.cobol.internal.grammar.CobolParser,reportGroupNextGroupNextPage,FEATURE_ENVY,HIGH,"foreign accesses=15, own accesses=5"
src/main/java/org/openrewrite/mainframe/cobol/internal/grammar/CobolParser.java,org.openrewrite.mainframe.cobol.internal.grammar.CobolParser,reportGroupNextGroupPlus,FEATURE_ENVY,MEDIUM,"foreign accesses=14, own accesses=5"
src/main/java/org/openrewrite/mainframe/cobol/internal/grammar/CobolParser.java,org.openrewrite.mainframe.cobol.internal.grammar.CobolParser,reportGroupPictureClause,FEATURE_ENVY,CRITICAL,"foreign accesses=34, own accesses=10"
src/main/java/org/openrewrite/mainframe/cobol/internal/grammar/CobolParser.java,org.openrewrite.mainframe.cobol.internal.grammar.CobolParser,reportGroupSignClause,FEATURE_ENVY,CRITICAL,"foreign accesses=42, own accesses=15"
src/main/java/org/openrewrite/mainframe/cobol/internal/grammar/CobolParser.java,org.openrewrite.mainframe.cobol.internal.grammar.CobolParser,reportGroupSourceClause,FEATURE_ENVY,HIGH,"foreign accesses=21, own accesses=8"
src/main/java/org/openrewrite/mainframe/cobol/internal/grammar/CobolParser.java,org.openrewrite.mainframe.cobol.internal.grammar.CobolParser,reportGroupSumClause,FEATURE_ENVY,CRITICAL,"foreign accesses=58, own accesses=21"
src/main/java/org/openrewrite/mainframe/cobol/internal/grammar/CobolParser.java,org.openrewrite.mainframe.cobol.internal.grammar.CobolParser,reportGroupTypeClause,FEATURE_ENVY,CRITICAL,"foreign accesses=34, own accesses=15"
src/main/java/org/openrewrite/mainframe/cobol/internal/grammar/CobolParser.java,org.openrewrite.mainframe.cobol.internal.grammar.CobolParser,reportGroupTypeDetail,FEATURE_ENVY,HIGH,"foreign accesses=24, own accesses=7"
src/main/java/org/openrewrite/mainframe/cobol/internal/grammar/CobolParser.java,org.openrewrite.mainframe.cobol.internal.grammar.CobolParser,reportGroupTypePageFooting,FEATURE_ENVY,HIGH,"foreign accesses=23, own accesses=10"
src/main/java/org/openrewrite/mainframe/cobol/internal/grammar/CobolParser.java,org.openrewrite.mainframe.cobol.internal.grammar.CobolParser,reportGroupTypePageHeading,FEATURE_ENVY,HIGH,"foreign accesses=23, own accesses=10"
src/main/java/org/openrewrite/mainframe/cobol/internal/grammar/CobolParser.java,org.openrewrite.mainframe.cobol.internal.grammar.CobolParser,reportGroupTypeReportFooting,FEATURE_ENVY,HIGH,"foreign accesses=23, own accesses=10"
src/main/java/org/openrewrite/mainframe/cobol/internal/grammar/CobolParser.java,org.openrewrite.mainframe.cobol.internal.grammar.CobolParser,reportGroupTypeReportHeading,FEATURE_ENVY,HIGH,"foreign accesses=23, own accesses=10"
src/main/java/org/openrewrite/mainframe/cobol/internal/grammar/CobolParser.java,org.openrewrite.mainframe.cobol.internal.grammar.CobolParser,reportGroupUsageClause,FEATURE_ENVY,CRITICAL,"foreign accesses=38, own accesses=13"
src/main/java/org/openrewrite/mainframe/cobol/internal/grammar/CobolParser.java,org.openrewrite.mainframe.cobol.internal.grammar.CobolParser,reportGroupValueClause,FEATURE_ENVY,HIGH,"foreign accesses=21, own accesses=8"
src/main/java/org/openrewrite/mainframe/cobol/internal/grammar/CobolParser.java,org.openrewrite.mainframe.cobol.internal.grammar.CobolParser,reportName,FEATURE_ENVY,MEDIUM,"foreign accesses=12, own accesses=4"
src/main/java/org/openrewrite/mainframe/cobol/internal/grammar/CobolParser.java,org.openrewrite.mainframe.cobol.internal.grammar.CobolParser,reportSection,FEATURE_ENVY,HIGH,"foreign accesses=28, own accesses=10"
src/main/java/org/openrewrite/mainframe/cobol/internal/grammar/CobolParser.java,org.openrewrite.mainframe.cobol.internal.grammar.CobolParser,repositoryEntry,FEATURE_ENVY,CRITICAL,"foreign accesses=52, own accesses=24"
src/main/java/org/openrewrite/mainframe/cobol/internal/grammar/CobolParser.java,org.openrewrite.mainframe.cobol.internal.grammar.CobolParser,rerunClause,FEATURE_ENVY,CRITICAL,"foreign accesses=41, own accesses=15"
src/main/java/org/openrewrite/mainframe/cobol/internal/grammar/CobolParser.java,org.openrewrite.mainframe.cobol.internal.grammar.CobolParser,rerunEveryClock,FEATURE_ENVY,HIGH,"foreign accesses=19, own accesses=7"
src/main/java/org/openrewrite/mainframe/cobol/internal/grammar/CobolParser.java,org.openrewrite.mainframe.cobol.internal.grammar.CobolParser,rerunEveryOf,FEATURE_ENVY,CRITICAL,"foreign accesses=41, own accesses=15"
src/main/java/org/openrewrite/mainframe/cobol/internal/grammar/CobolParser.java,org.openrewrite.mainframe.cobol.internal.grammar.CobolParser,rerunEveryRecords,FEATURE_ENVY,MEDIUM,"foreign accesses=14, own accesses=5"
src/main/java/org/openrewrite/mainframe/cobol/internal/grammar/CobolParser.java,org.openrewrite.mainframe.cobol.internal.grammar.CobolParser,reserveClause,FEATURE_ENVY,CRITICAL,"foreign accesses=48, own accesses=22"
src/main/java/org/openrewrite/mainframe/cobol/internal/grammar/CobolParser.java,org.openrewrite.mainframe.cobol.internal.grammar.CobolParser,reserveNetworkClause,FEATURE_ENVY,CRITICAL,"foreign accesses=45, own accesses=16"
src/main/java/org/openrewrite/mainframe/cobol/internal/grammar/CobolParser.java,org.openrewrite.mainframe.cobol.internal.grammar.CobolParser,returnInto,FEATURE_ENVY,MEDIUM,"foreign accesses=14, own accesses=5"
src/main/java/org/openrewrite/mainframe/cobol/internal/grammar/CobolParser.java,org.openrewrite.mainframe.cobol.internal.grammar.CobolParser,returnStatement,FEATURE_ENVY,CRITICAL,"foreign accesses=45, own accesses=16"
src/main/java/org/openrewrite/mainframe/cobol/internal/grammar/CobolParser.java,org.openrewrite.mainframe.cobol.internal.grammar.CobolParser,rewriteFrom,FEATURE_ENVY,MEDIUM,"foreign accesses=14, own accesses=5"
src/main/java/org/openrewrite/mainframe/cobol/internal/grammar/CobolParser.java,org.openrewrite.mainframe.cobol.internal.grammar.CobolParser,rewriteStatement,FEATURE_ENVY,CRITICAL,"foreign accesses=45, own accesses=14"
src/main/java/org/openrewrite/mainframe/cobol/internal/grammar/CobolParser.java,org.openrewrite.mainframe.cobol.internal.grammar.CobolParser,roundable,FEATURE_ENVY,HIGH,"foreign accesses=19, own accesses=7"
src/main/java/org/openrewrite/mainframe/cobol/internal/grammar/CobolParser.java,org.openrewrite.mainframe.cobol.internal.grammar.CobolParser,routineName,FEATURE_ENVY,MEDIUM,"foreign accesses=12, own accesses=4"
src/main/java/org/openrewrite/mainframe/cobol/internal/grammar/CobolParser.java,org.openrewrite.mainframe.cobol.internal.grammar.CobolParser,sameClause,FEATURE_ENVY,CRITICAL,"foreign accesses=58, own accesses=23"
src/main/java/org/openrewrite/mainframe/cobol/internal/grammar/CobolParser.java,org.openrewrite.mainframe.cobol.internal.grammar.CobolParser,screenDescriptionAutoClause,FEATURE_ENVY,HIGH,"foreign accesses=24, own accesses=7"
src/main/java/org/openrewrite/mainframe/cobol/internal/grammar/CobolParser.java,org.openrewrite.mainframe.cobol.internal.grammar.CobolParser,screenDescriptionBackgroundColorClause,FEATURE_ENVY,CRITICAL,"foreign accesses=40, own accesses=13"
src/main/java/org/openrewrite/mainframe/cobol/internal/grammar/CobolParser.java,org.openrewrite.mainframe.cobol.internal.grammar.CobolParser,screenDescriptionBellClause,FEATURE_ENVY,HIGH,"foreign accesses=24, own accesses=7"
src/main/java/org/openrewrite/mainframe/cobol/internal/grammar/CobolParser.java,org.openrewrite.mainframe.cobol.internal.grammar.CobolParser,screenDescriptionBlankClause,FEATURE_ENVY,HIGH,"foreign accesses=26, own accesses=8"
src/main/java/org/openrewrite/mainframe/cobol/internal/grammar/CobolParser.java,org.openrewrite.mainframe.cobol.internal.grammar.CobolParser,screenDescriptionBlankWhenZeroClause,FEATURE_ENVY,HIGH,"foreign accesses=22, own accesses=8"
src/main/java/org/openrewrite/mainframe/cobol/internal/grammar/CobolParser.java,org.openrewrite.mainframe.cobol.internal.grammar.CobolParser,screenDescriptionBlinkClause,FEATURE_ENVY,MEDIUM,"foreign accesses=13, own accesses=4"
src/main/java/org/openrewrite/mainframe/cobol/internal/grammar/CobolParser.java,org.openrewrite.mainframe.cobol.internal.grammar.CobolParser,screenDescriptionColumnClause,FEATURE_ENVY,CRITICAL,"foreign accesses=65, own accesses=27"
src/main/java/org/openrewrite/mainframe/cobol/internal/grammar/CobolParser.java,org.openrewrite.mainframe.cobol.internal.grammar.CobolParser,screenDescriptionControlClause,FEATURE_ENVY,HIGH,"foreign accesses=21, own accesses=8"
src/main/java/org/openrewrite/mainframe/cobol/internal/grammar/CobolParser.java,org.openrewrite.mainframe.cobol.internal.grammar.CobolParser,screenDescriptionEraseClause,FEATURE_ENVY,HIGH,"foreign accesses=26, own accesses=8"
src/main/java/org/openrewrite/mainframe/cobol/internal/grammar/CobolParser.java,org.openrewrite.mainframe.cobol.internal.grammar.CobolParser,screenDescriptionForegroundColorClause,FEATURE_ENVY,CRITICAL,"foreign accesses=40, own accesses=13"
src/main/java/org/openrewrite/mainframe/cobol/internal/grammar/CobolParser.java,org.openrewrite.mainframe.cobol.internal.grammar.CobolParser,screenDescriptionFromClause,FEATURE_ENVY,HIGH,"foreign accesses=28, own accesses=10"
src/main/java/org/openrewrite/mainframe/cobol/internal/grammar/CobolParser.java,org.openrewrite.mainframe.cobol.internal.grammar.CobolParser,screenDescriptionFullClause,FEATURE_ENVY,HIGH,"foreign accesses=24, own accesses=7"
src/main/java/org/openrewrite/mainframe/cobol/internal/grammar/CobolParser.java,org.openrewrite.mainframe.cobol.internal.grammar.CobolParser,screenDescriptionGridClause,FEATURE_ENVY,HIGH,"foreign accesses=24, own accesses=8"
src/main/java/org/openrewrite/mainframe/cobol/internal/grammar/CobolParser.java,org.openrewrite.mainframe.cobol.internal.grammar.CobolParser,screenDescriptionJustifiedClause,FEATURE_ENVY,CRITICAL,"foreign accesses=31, own accesses=10"
src/main/java/org/openrewrite/mainframe/cobol/internal/grammar/CobolParser.java,org.openrewrite.mainframe.cobol.internal.grammar.CobolParser,screenDescriptionLightClause,FEATURE_ENVY,HIGH,"foreign accesses=24, own accesses=7"
src/main/java/org/openrewrite/mainframe/cobol/internal/grammar/CobolParser.java,org.openrewrite.mainframe.cobol.internal.grammar.CobolParser,screenDescriptionLineClause,FEATURE_ENVY,CRITICAL,"foreign accesses=54, own accesses=24"
src/main/java/org/openrewrite/mainframe/cobol/internal/grammar/CobolParser.java,org.openrewrite.mainframe.cobol.internal.grammar.CobolParser,screenDescriptionPictureClause,FEATURE_ENVY,CRITICAL,"foreign accesses=34, own accesses=10"
src/main/java/org/openrewrite/mainframe/cobol/internal/grammar/CobolParser.java,org.openrewrite.mainframe.cobol.internal.grammar.CobolParser,screenDescriptionPromptClause,FEATURE_ENVY,CRITICAL,"foreign accesses=42, own accesses=16"
src/main/java/org/openrewrite/mainframe/cobol/internal/grammar/CobolParser.java,org.openrewrite.mainframe.cobol.internal.grammar.CobolParser,screenDescriptionPromptOccursClause,FEATURE_ENVY,HIGH,"foreign accesses=21, own accesses=8"
src/main/java/org/openrewrite/mainframe/cobol/internal/grammar/CobolParser.java,org.openrewrite.mainframe.cobol.internal.grammar.CobolParser,screenDescriptionRequiredClause,FEATURE_ENVY,HIGH,"foreign accesses=24, own accesses=7"
src/main/java/org/openrewrite/mainframe/cobol/internal/grammar/CobolParser.java,org.openrewrite.mainframe.cobol.internal.grammar.CobolParser,screenDescriptionReverseVideoClause,FEATURE_ENVY,MEDIUM,"foreign accesses=13, own accesses=4"
src/main/java/org/openrewrite/mainframe/cobol/internal/grammar/CobolParser.java,org.openrewrite.mainframe.cobol.internal.grammar.CobolParser,screenDescriptionSecureClause,FEATURE_ENVY,HIGH,"foreign accesses=24, own accesses=7"
src/main/java/org/openrewrite/mainframe/cobol/internal/grammar/CobolParser.java,org.openrewrite.mainframe.cobol.internal.grammar.CobolParser,screenDescriptionSignClause,FEATURE_ENVY,CRITICAL,"foreign accesses=52, own accesses=19"
src/main/java/org/openrewrite/mainframe/cobol/internal/grammar/CobolParser.java,org.openrewrite.mainframe.cobol.internal.grammar.CobolParser,screenDescriptionSizeClause,FEATURE_ENVY,HIGH,"foreign accesses=29, own accesses=10"
src/main/java/org/openrewrite/mainframe/cobol/internal/grammar/CobolParser.java,org.openrewrite.mainframe.cobol.internal.grammar.CobolParser,screenDescriptionToClause,FEATURE_ENVY,MEDIUM,"foreign accesses=14, own accesses=5"
src/main/java/org/openrewrite/mainframe/cobol/internal/grammar/CobolParser.java,org.openrewrite.mainframe.cobol.internal.grammar.CobolParser,screenDescriptionUnderlineClause,FEATURE_ENVY,MEDIUM,"foreign accesses=13, own accesses=4"
src/main/java/org/openrewrite/mainframe/cobol/internal/grammar/CobolParser.java,org.openrewrite.mainframe.cobol.internal.grammar.CobolParser,screenDescriptionUsageClause,FEATURE_ENVY,CRITICAL,"foreign accesses=33, own accesses=11"
src/main/java/org/openrewrite/mainframe/cobol/internal/grammar/CobolParser.java,org.openrewrite.mainframe.cobol.internal.grammar.CobolParser,screenDescriptionUsingClause,FEATURE_ENVY,MEDIUM,"foreign accesses=14, own accesses=5"
src/main/java/org/openrewrite/mainframe/cobol/internal/grammar/CobolParser.java,org.openrewrite.mainframe.cobol.internal.grammar.CobolParser,screenDescriptionValueClause,FEATURE_ENVY,HIGH,"foreign accesses=21, own accesses=8"
src/main/java/org/openrewrite/mainframe/cobol/internal/grammar/CobolParser.java,org.openrewrite.mainframe.cobol.internal.grammar.CobolParser,screenDescriptionZeroFillClause,FEATURE_ENVY,MEDIUM,"foreign accesses=13, own accesses=4"
src/main/java/org/openrewrite/mainframe/cobol/internal/grammar/CobolParser.java,org.openrewrite.mainframe.cobol.internal.grammar.CobolParser,screenName,FEATURE_ENVY,MEDIUM,"foreign accesses=12, own accesses=4"
src/main/java/org/openrewrite/mainframe/cobol/internal/grammar/CobolParser.java,org.openrewrite.mainframe.cobol.internal.grammar.CobolParser,screenSection,FEATURE_ENVY,HIGH,"foreign accesses=28, own accesses=10"
src/main/java/org/openrewrite/mainframe/cobol/internal/grammar/CobolParser.java,org.openrewrite.mainframe.cobol.internal.grammar.CobolParser,searchStatement,FEATURE_ENVY,CRITICAL,"foreign accesses=55, own accesses=21"
src/main/java/org/openrewrite/mainframe/cobol/internal/grammar/CobolParser.java,org.openrewrite.mainframe.cobol.internal.grammar.CobolParser,searchVarying,FEATURE_ENVY,MEDIUM,"foreign accesses=14, own accesses=5"
src/main/java/org/openrewrite/mainframe/cobol/internal/grammar/CobolParser.java,org.openrewrite.mainframe.cobol.internal.grammar.CobolParser,searchWhen,FEATURE_ENVY,CRITICAL,"foreign accesses=42, own accesses=11"
src/main/java/org/openrewrite/mainframe/cobol/internal/grammar/CobolParser.java,org.openrewrite.mainframe.cobol.internal.grammar.CobolParser,securityParagraph,FEATURE_ENVY,HIGH,"foreign accesses=21, own accesses=8"
src/main/java/org/openrewrite/mainframe/cobol/internal/grammar/CobolParser.java,org.openrewrite.mainframe.cobol.internal.grammar.CobolParser,segmentLimitClause,FEATURE_ENVY,HIGH,"foreign accesses=21, own accesses=8"
src/main/java/org/openrewrite/mainframe/cobol/internal/grammar/CobolParser.java,org.openrewrite.mainframe.cobol.internal.grammar.CobolParser,selectClause,FEATURE_ENVY,HIGH,"foreign accesses=21, own accesses=8"
src/main/java/org/openrewrite/mainframe/cobol/internal/grammar/CobolParser.java,org.openrewrite.mainframe.cobol.internal.grammar.CobolParser,sendAdvancingLines,FEATURE_ENVY,CRITICAL,"foreign accesses=38, own accesses=13"
src/main/java/org/openrewrite/mainframe/cobol/internal/grammar/CobolParser.java,org.openrewrite.mainframe.cobol.internal.grammar.CobolParser,sendAdvancingMnemonic,FEATURE_ENVY,MEDIUM,"foreign accesses=12, own accesses=4"
src/main/java/org/openrewrite/mainframe/cobol/internal/grammar/CobolParser.java,org.openrewrite.mainframe.cobol.internal.grammar.CobolParser,sendAdvancingPage,FEATURE_ENVY,MEDIUM,"foreign accesses=13, own accesses=4"
src/main/java/org/openrewrite/mainframe/cobol/internal/grammar/CobolParser.java,org.openrewrite.mainframe.cobol.internal.grammar.CobolParser,sendAdvancingPhrase,FEATURE_ENVY,CRITICAL,"foreign accesses=41, own accesses=14"
src/main/java/org/openrewrite/mainframe/cobol/internal/grammar/CobolParser.java,org.openrewrite.mainframe.cobol.internal.grammar.CobolParser,sendFromPhrase,FEATURE_ENVY,MEDIUM,"foreign accesses=14, own accesses=5"
src/main/java/org/openrewrite/mainframe/cobol/internal/grammar/CobolParser.java,org.openrewrite.mainframe.cobol.internal.grammar.CobolParser,sendReplacingPhrase,FEATURE_ENVY,HIGH,"foreign accesses=20, own accesses=7"
src/main/java/org/openrewrite/mainframe/cobol/internal/grammar/CobolParser.java,org.openrewrite.mainframe.cobol.internal.grammar.CobolParser,sendStatementAsync,FEATURE_ENVY,HIGH,"foreign accesses=27, own accesses=9"
src/main/java/org/openrewrite/mainframe/cobol/internal/grammar/CobolParser.java,org.openrewrite.mainframe.cobol.internal.grammar.CobolParser,sendStatementSync,FEATURE_ENVY,CRITICAL,"foreign accesses=46, own accesses=18"
src/main/java/org/openrewrite/mainframe/cobol/internal/grammar/CobolParser.java,org.openrewrite.mainframe.cobol.internal.grammar.CobolParser,sentence,FEATURE_ENVY,HIGH,"foreign accesses=24, own accesses=7"
src/main/java/org/openrewrite/mainframe/cobol/internal/grammar/CobolParser.java,org.openrewrite.mainframe.cobol.internal.grammar.CobolParser,setByValue,FEATURE_ENVY,HIGH,"foreign accesses=21, own accesses=6"
src/main/java/org/openrewrite/mainframe/cobol/internal/grammar/CobolParser.java,org.openrewrite.mainframe.cobol.internal.grammar.CobolParser,setStatement,FEATURE_ENVY,CRITICAL,"foreign accesses=32, own accesses=9"
src/main/java/org/openrewrite/mainframe/cobol/internal/grammar/CobolParser.java,org.openrewrite.mainframe.cobol.internal.grammar.CobolParser,setTo,FEATURE_ENVY,MEDIUM,"foreign accesses=12, own accesses=4"
src/main/java/org/openrewrite/mainframe/cobol/internal/grammar/CobolParser.java,org.openrewrite.mainframe.cobol.internal.grammar.CobolParser,setToStatement,FEATURE_ENVY,CRITICAL,"foreign accesses=37, own accesses=11"
src/main/java/org/openrewrite/mainframe/cobol/internal/grammar/CobolParser.java,org.openrewrite.mainframe.cobol.internal.grammar.CobolParser,setToValue,FEATURE_ENVY,CRITICAL,"foreign accesses=39, own accesses=12"
src/main/java/org/openrewrite/mainframe/cobol/internal/grammar/CobolParser.java,org.openrewrite.mainframe.cobol.internal.grammar.CobolParser,setUpDownByStatement,FEATURE_ENVY,CRITICAL,"foreign accesses=36, own accesses=15"
src/main/java/org/openrewrite/mainframe/cobol/internal/grammar/CobolParser.java,org.openrewrite.mainframe.cobol.internal.grammar.CobolParser,simpleCondition,FEATURE_ENVY,HIGH,"foreign accesses=29, own accesses=10"
src/main/java/org/openrewrite/mainframe/cobol/internal/grammar/CobolParser.java,org.openrewrite.mainframe.cobol.internal.grammar.CobolParser,sortCollatingAlphanumeric,FEATURE_ENVY,HIGH,"foreign accesses=23, own accesses=9"
src/main/java/org/openrewrite/mainframe/cobol/internal/grammar/CobolParser.java,org.openrewrite.mainframe.cobol.internal.grammar.CobolParser,sortCollatingNational,FEATURE_ENVY,HIGH,"foreign accesses=28, own accesses=11"
src/main/java/org/openrewrite/mainframe/cobol/internal/grammar/CobolParser.java,org.openrewrite.mainframe.cobol.internal.grammar.CobolParser,sortCollatingSequencePhrase,FEATURE_ENVY,CRITICAL,"foreign accesses=54, own accesses=20"
src/main/java/org/openrewrite/mainframe/cobol/internal/grammar/CobolParser.java,org.openrewrite.mainframe.cobol.internal.grammar.CobolParser,sortDuplicatesPhrase,FEATURE_ENVY,CRITICAL,"foreign accesses=34, own accesses=13"
src/main/java/org/openrewrite/mainframe/cobol/internal/grammar/CobolParser.java,org.openrewrite.mainframe.cobol.internal.grammar.CobolParser,sortGiving,FEATURE_ENVY,CRITICAL,"foreign accesses=37, own accesses=14"
src/main/java/org/openrewrite/mainframe/cobol/internal/grammar/CobolParser.java,org.openrewrite.mainframe.cobol.internal.grammar.CobolParser,sortGivingPhrase,FEATURE_ENVY,HIGH,"foreign accesses=24, own accesses=8"
src/main/java/org/openrewrite/mainframe/cobol/internal/grammar/CobolParser.java,org.openrewrite.mainframe.cobol.internal.grammar.CobolParser,sortInputProcedurePhrase,FEATURE_ENVY,HIGH,"foreign accesses=29, own accesses=13"
src/main/java/org/openrewrite/mainframe/cobol/internal/grammar/CobolParser.java,org.openrewrite.mainframe.cobol.internal.grammar.CobolParser,sortInputThrough,FEATURE_ENVY,HIGH,"foreign accesses=25, own accesses=8"
src/main/java/org/openrewrite/mainframe/cobol/internal/grammar/CobolParser.java,org.openrewrite.mainframe.cobol.internal.grammar.CobolParser,sortOnKeyClause,FEATURE_ENVY,CRITICAL,"foreign accesses=49, own accesses=16"
src/main/java/org/openrewrite/mainframe/cobol/internal/grammar/CobolParser.java,org.openrewrite.mainframe.cobol.internal.grammar.CobolParser,sortOutputProcedurePhrase,FEATURE_ENVY,HIGH,"foreign accesses=29, own accesses=13"
src/main/java/org/openrewrite/mainframe/cobol/internal/grammar/CobolParser.java,org.openrewrite.mainframe.cobol.internal.grammar.CobolParser,sortOutputThrough,FEATURE_ENVY,HIGH,"foreign accesses=25, own accesses=8"
src/main/java/org/openrewrite/mainframe/cobol/internal/grammar/CobolParser.java,org.openrewrite.mainframe.cobol.internal.grammar.CobolParser,sortStatement,FEATURE_ENVY,CRITICAL,"foreign accesses=75, own accesses=29"
src/main/java/org/openrewrite/mainframe/cobol/internal/grammar/CobolParser.java,org.openrewrite.mainframe.cobol.internal.grammar.CobolParser,sortUsing,FEATURE_ENVY,HIGH,"foreign accesses=24, own accesses=8"
src/main/java/org/openrewrite/mainframe/cobol/internal/grammar/CobolParser.java,org.openrewrite.mainframe.cobol.internal.grammar.CobolParser,sourceComputerParagraph,FEATURE_ENVY,CRITICAL,"foreign accesses=39, own accesses=17"
src/main/java/org/openrewrite/mainframe/cobol/internal/grammar/CobolParser.java,org.openrewrite.mainframe.cobol.internal.grammar.CobolParser,specialNameClause,FEATURE_ENVY,CRITICAL,"foreign accesses=39, own accesses=15"
src/main/java/org/openrewrite/mainframe/cobol/internal/grammar/CobolParser.java,org.openrewrite.mainframe.cobol.internal.grammar.CobolParser,specialNamesParagraph,FEATURE_ENVY,CRITICAL,"foreign accesses=33, own accesses=12"
src/main/java/org/openrewrite/mainframe/cobol/internal/grammar/CobolParser.java,org.openrewrite.mainframe.cobol.internal.grammar.CobolParser,startKey,FEATURE_ENVY,CRITICAL,"foreign accesses=87, own accesses=36"
src/main/java/org/openrewrite/mainframe/cobol/internal/grammar/CobolParser.java,org.openrewrite.mainframe.cobol.internal.grammar.CobolParser,startStatement,FEATURE_ENVY,CRITICAL,"foreign accesses=45, own accesses=14"
src/main/java/org/openrewrite/mainframe/cobol/internal/grammar/CobolParser.java,org.openrewrite.mainframe.cobol.internal.grammar.CobolParser,statusKeyClause,FEATURE_ENVY,HIGH,"foreign accesses=23, own accesses=9"
src/main/java/org/openrewrite/mainframe/cobol/internal/grammar/CobolParser.java,org.openrewrite.mainframe.cobol.internal.grammar.CobolParser,stopStatement,FEATURE_ENVY,HIGH,"foreign accesses=24, own accesses=8"
src/main/java/org/openrewrite/mainframe/cobol/internal/grammar/CobolParser.java,org.openrewrite.mainframe.cobol.internal.grammar.CobolParser,stopStatementGiving,FEATURE_ENVY,CRITICAL,"foreign accesses=35, own accesses=11"
src/main/java/org/openrewrite/mainframe/cobol/internal/grammar/CobolParser.java,org.openrewrite.mainframe.cobol.internal.grammar.CobolParser,stringDelimitedByPhrase,FEATURE_ENVY,CRITICAL,"foreign accesses=31, own accesses=11"
src/main/java/org/openrewrite/mainframe/cobol/internal/grammar/CobolParser.java,org.openrewrite.mainframe.cobol.internal.grammar.CobolParser,stringForPhrase,FEATURE_ENVY,HIGH,"foreign accesses=22, own accesses=7"
src/main/java/org/openrewrite/mainframe/cobol/internal/grammar/CobolParser.java,org.openrewrite.mainframe.cobol.internal.grammar.CobolParser,stringIntoPhrase,FEATURE_ENVY,MEDIUM,"foreign accesses=14, own accesses=5"
src/main/java/org/openrewrite/mainframe/cobol/internal/grammar/CobolParser.java,org.openrewrite.mainframe.cobol.internal.grammar.CobolParser,stringSending,FEATURE_ENVY,HIGH,"foreign accesses=21, own accesses=6"
src/main/java/org/openrewrite/mainframe/cobol/internal/grammar/CobolParser.java,org.openrewrite.mainframe.cobol.internal.grammar.CobolParser,stringSendingPhrase,FEATURE_ENVY,CRITICAL,"foreign accesses=36, own accesses=15"
src/main/java/org/openrewrite/mainframe/cobol/internal/grammar/CobolParser.java,org.openrewrite.mainframe.cobol.internal.grammar.CobolParser,stringStatement,FEATURE_ENVY,CRITICAL,"foreign accesses=58, own accesses=16"
src/main/java/org/openrewrite/mainframe/cobol/internal/grammar/CobolParser.java,org.openrewrite.mainframe.cobol.internal.grammar.CobolParser,stringWithPointerPhrase,FEATURE_ENVY,HIGH,"foreign accesses=21, own accesses=8"
src/main/java/org/openrewrite/mainframe/cobol/internal/grammar/CobolParser.java,org.openrewrite.mainframe.cobol.internal.grammar.CobolParser,subscript,FEATURE_ENVY,CRITICAL,"foreign accesses=44, own accesses=13"
src/main/java/org/openrewrite/mainframe/cobol/internal/grammar/CobolParser.java,org.openrewrite.mainframe.cobol.internal.grammar.CobolParser,subtractCorrespondingStatement,FEATURE_ENVY,HIGH,"foreign accesses=28, own accesses=10"
src/main/java/org/openrewrite/mainframe/cobol/internal/grammar/CobolParser.java,org.openrewrite.mainframe.cobol.internal.grammar.CobolParser,subtractFromGivingStatement,FEATURE_ENVY,CRITICAL,"foreign accesses=38, own accesses=12"
src/main/java/org/openrewrite/mainframe/cobol/internal/grammar/CobolParser.java,org.openrewrite.mainframe.cobol.internal.grammar.CobolParser,subtractFromStatement,FEATURE_ENVY,CRITICAL,"foreign accesses=35, own accesses=10"
src/main/java/org/openrewrite/mainframe/cobol/internal/grammar/CobolParser.java,org.openrewrite.mainframe.cobol.internal.grammar.CobolParser,subtractGiving,FEATURE_ENVY,MEDIUM,"foreign accesses=12, own accesses=4"
src/main/java/org/openrewrite/mainframe/cobol/internal/grammar/CobolParser.java,org.openrewrite.mainframe.cobol.internal.grammar.CobolParser,subtractMinuend,FEATURE_ENVY,MEDIUM,"foreign accesses=12, own accesses=4"
src/main/java/org/openrewrite/mainframe/cobol/internal/grammar/CobolParser.java,org.openrewrite.mainframe.cobol.internal.grammar.CobolParser,subtractMinuendCorresponding,FEATURE_ENVY,HIGH,"foreign accesses=19, own accesses=7"
src/main/java/org/openrewrite/mainframe/cobol/internal/grammar/CobolParser.java,org.openrewrite.mainframe.cobol.internal.grammar.CobolParser,subtractMinuendGiving,FEATURE_ENVY,HIGH,"foreign accesses=21, own accesses=6"
src/main/java/org/openrewrite/mainframe/cobol/internal/grammar/CobolParser.java,org.openrewrite.mainframe.cobol.internal.grammar.CobolParser,subtractStatement,FEATURE_ENVY,CRITICAL,"foreign accesses=48, own accesses=14"
src/main/java/org/openrewrite/mainframe/cobol/internal/grammar/CobolParser.java,org.openrewrite.mainframe.cobol.internal.grammar.CobolParser,subtractSubtrahend,FEATURE_ENVY,HIGH,"foreign accesses=21, own accesses=6"
src/main/java/org/openrewrite/mainframe/cobol/internal/grammar/CobolParser.java,org.openrewrite.mainframe.cobol.internal.grammar.CobolParser,symbolicCharacter,FEATURE_ENVY,MEDIUM,"foreign accesses=12, own accesses=4"
src/main/java/org/openrewrite/mainframe/cobol/internal/grammar/CobolParser.java,org.openrewrite.mainframe.cobol.internal.grammar.CobolParser,symbolicCharacters,FEATURE_ENVY,CRITICAL,"foreign accesses=51, own accesses=17"
src/main/java/org/openrewrite/mainframe/cobol/internal/grammar/CobolParser.java,org.openrewrite.mainframe.cobol.internal.grammar.CobolParser,symbolicCharactersClause,FEATURE_ENVY,CRITICAL,"foreign accesses=68, own accesses=23"
src/main/java/org/openrewrite/mainframe/cobol/internal/grammar/CobolParser.java,org.openrewrite.mainframe.cobol.internal.grammar.CobolParser,symbolicDestinationClause,FEATURE_ENVY,HIGH,"foreign accesses=28, own accesses=11"
src/main/java/org/openrewrite/mainframe/cobol/internal/grammar/CobolParser.java,org.openrewrite.mainframe.cobol.internal.grammar.CobolParser,symbolicQueueClause,FEATURE_ENVY,HIGH,"foreign accesses=28, own accesses=11"
src/main/java/org/openrewrite/mainframe/cobol/internal/grammar/CobolParser.java,org.openrewrite.mainframe.cobol.internal.grammar.CobolParser,symbolicSourceClause,FEATURE_ENVY,HIGH,"foreign accesses=28, own accesses=11"
src/main/java/org/openrewrite/mainframe/cobol/internal/grammar/CobolParser.java,org.openrewrite.mainframe.cobol.internal.grammar.CobolParser,symbolicSubQueueClause,FEATURE_ENVY,CRITICAL,"foreign accesses=39, own accesses=12"
src/main/java/org/openrewrite/mainframe/cobol/internal/grammar/CobolParser.java,org.openrewrite.mainframe.cobol.internal.grammar.CobolParser,symbolicTerminalClause,FEATURE_ENVY,HIGH,"foreign accesses=28, own accesses=11"
src/main/java/org/openrewrite/mainframe/cobol/internal/grammar/CobolParser.java,org.openrewrite.mainframe.cobol.internal.grammar.CobolParser,systemName,FEATURE_ENVY,MEDIUM,"foreign accesses=12, own accesses=4"
src/main/java/org/openrewrite/mainframe/cobol/internal/grammar/CobolParser.java,org.openrewrite.mainframe.cobol.internal.grammar.CobolParser,tableCall,FEATURE_ENVY,CRITICAL,"foreign accesses=37, own accesses=9"
src/main/java/org/openrewrite/mainframe/cobol/internal/grammar/CobolParser.java,org.openrewrite.mainframe.cobol.internal.grammar.CobolParser,tableCallSubscripts,FEATURE_ENVY,CRITICAL,"foreign accesses=33, own accesses=11"
src/main/java/org/openrewrite/mainframe/cobol/internal/grammar/CobolParser.java,org.openrewrite.mainframe.cobol.internal.grammar.CobolParser,terminateStatement,FEATURE_ENVY,MEDIUM,"foreign accesses=14, own accesses=5"
src/main/java/org/openrewrite/mainframe/cobol/internal/grammar/CobolParser.java,org.openrewrite.mainframe.cobol.internal.grammar.CobolParser,textLengthClause,FEATURE_ENVY,HIGH,"foreign accesses=23, own accesses=9"
src/main/java/org/openrewrite/mainframe/cobol/internal/grammar/CobolParser.java,org.openrewrite.mainframe.cobol.internal.grammar.CobolParser,textName,FEATURE_ENVY,MEDIUM,"foreign accesses=12, own accesses=4"
src/main/java/org/openrewrite/mainframe/cobol/internal/grammar/CobolParser.java,org.openrewrite.mainframe.cobol.internal.grammar.CobolParser,unstringCountIn,FEATURE_ENVY,HIGH,"foreign accesses=21, own accesses=8"
src/main/java/org/openrewrite/mainframe/cobol/internal/grammar/CobolParser.java,org.openrewrite.mainframe.cobol.internal.grammar.CobolParser,unstringDelimitedByPhrase,FEATURE_ENVY,CRITICAL,"foreign accesses=38, own accesses=12"
src/main/java/org/openrewrite/mainframe/cobol/internal/grammar/CobolParser.java,org.openrewrite.mainframe.cobol.internal.grammar.CobolParser,unstringDelimiterIn,FEATURE_ENVY,HIGH,"foreign accesses=21, own accesses=8"
src/main/java/org/openrewrite/mainframe/cobol/internal/grammar/CobolParser.java,org.openrewrite.mainframe.cobol.internal.grammar.CobolParser,unstringInto,FEATURE_ENVY,HIGH,"foreign accesses=24, own accesses=10"
src/main/java/org/openrewrite/mainframe/cobol/internal/grammar/CobolParser.java,org.openrewrite.mainframe.cobol.internal.grammar.CobolParser,unstringIntoPhrase,FEATURE_ENVY,HIGH,"foreign accesses=24, own accesses=7"
src/main/java/org/openrewrite/mainframe/cobol/internal/grammar/CobolParser.java,org.openrewrite.mainframe.cobol.internal.grammar.CobolParser,unstringOrAllPhrase,FEATURE_ENVY,CRITICAL,"foreign accesses=31, own accesses=9"
src/main/java/org/openrewrite/mainframe/cobol/internal/grammar/CobolParser.java,org.openrewrite.mainframe.cobol.internal.grammar.CobolParser,unstringSendingPhrase,FEATURE_ENVY,HIGH,"foreign accesses=29, own accesses=11"
src/main/java/org/openrewrite/mainframe/cobol/internal/grammar/CobolParser.java,org.openrewrite.mainframe.cobol.internal.grammar.CobolParser,unstringStatement,FEATURE_ENVY,CRITICAL,"foreign accesses=54, own accesses=17"
src/main/java/org/openrewrite/mainframe/cobol/internal/grammar/CobolParser.java,org.openrewrite.mainframe.cobol.internal.grammar.CobolParser,unstringTallyingPhrase,FEATURE_ENVY,HIGH,"foreign accesses=21, own accesses=8"
src/main/java/org/openrewrite/mainframe/cobol/internal/grammar/CobolParser.java,org.openrewrite.mainframe.cobol.internal.grammar.CobolParser,unstringWithPointerPhrase,FEATURE_ENVY,HIGH,"foreign accesses=21, own accesses=8"
src/main/java/org/openrewrite/mainframe/cobol/internal/grammar/CobolParser.java,org.openrewrite.mainframe.cobol.internal.grammar.CobolParser,useAfterClause,FEATURE_ENVY,CRITICAL,"foreign accesses=50, own accesses=19"
src/main/java/org/openrewrite/mainframe/cobol/internal/grammar/CobolParser.java,org.openrewrite.mainframe.cobol.internal.grammar.CobolParser,useDebugClause,FEATURE_ENVY,CRITICAL,"foreign accesses=38, own accesses=13"
src/main/java/org/openrewrite/mainframe/cobol/internal/grammar/CobolParser.java,org.openrewrite.mainframe.cobol.internal.grammar.CobolParser,useDebugOn,FEATURE_ENVY,CRITICAL,"foreign accesses=44, own accesses=16"
src/main/java/org/openrewrite/mainframe/cobol/internal/grammar/CobolParser.java,org.openrewrite.mainframe.cobol.internal.grammar.CobolParser,valueOfClause,FEATURE_ENVY,HIGH,"foreign accesses=26, own accesses=9"
src/main/java/org/openrewrite/mainframe/cobol/internal/grammar/CobolParser.java,org.openrewrite.mainframe.cobol.internal.grammar.CobolParser,valuePair,FEATURE_ENVY,HIGH,"foreign accesses=28, own accesses=10"
src/main/java/org/openrewrite/mainframe/cobol/internal/grammar/CobolParser.java,org.openrewrite.mainframe.cobol.internal.grammar.CobolParser,workingStorageSection,FEATURE_ENVY,HIGH,"foreign accesses=28, own accesses=9"
src/main/java/org/openrewrite/mainframe/cobol/internal/grammar/CobolParser.java,org.openrewrite.mainframe.cobol.internal.grammar.CobolParser,writeAdvancingLines,FEATURE_ENVY,CRITICAL,"foreign accesses=38, own accesses=13"
src/main/java/org/openrewrite/mainframe/cobol/internal/grammar/CobolParser.java,org.openrewrite.mainframe.cobol.internal.grammar.CobolParser,writeAdvancingMnemonic,FEATURE_ENVY,MEDIUM,"foreign accesses=12, own accesses=4"
src/main/java/org/openrewrite/mainframe/cobol/internal/grammar/CobolParser.java,org.openrewrite.mainframe.cobol.internal.grammar.CobolParser,writeAdvancingPage,FEATURE_ENVY,MEDIUM,"foreign accesses=13, own accesses=4"
src/main/java/org/openrewrite/mainframe/cobol/internal/grammar/CobolParser.java,org.openrewrite.mainframe.cobol.internal.grammar.CobolParser,writeAdvancingPhrase,FEATURE_ENVY,CRITICAL,"foreign accesses=41, own accesses=14"
src/main/java/org/openrewrite/mainframe/cobol/internal/grammar/CobolParser.java,org.openrewrite.mainframe.cobol.internal.grammar.CobolParser,writeAtEndOfPagePhrase,FEATURE_ENVY,CRITICAL,"foreign accesses=48, own accesses=13"
src/main/java/org/openrewrite/mainframe/cobol/internal/grammar/CobolParser.java,org.openrewrite.mainframe.cobol.internal.grammar.CobolParser,writeFromPhrase,FEATURE_ENVY,HIGH,"foreign accesses=22, own accesses=7"
src/main/java/org/openrewrite/mainframe/cobol/internal/grammar/CobolParser.java,org.openrewrite.mainframe.cobol.internal.grammar.CobolParser,writeNotAtEndOfPagePhrase,FEATURE_ENVY,CRITICAL,"foreign accesses=50, own accesses=14"
src/main/java/org/openrewrite/mainframe/cobol/internal/grammar/CobolParser.java,org.openrewrite.mainframe.cobol.internal.grammar.CobolParser,writeStatement,FEATURE_ENVY,CRITICAL,"foreign accesses=67, own accesses=22"
src/main/java/org/openrewrite/mainframe/cobol/internal/grammar/CobolPreprocessorParser.java,org.openrewrite.mainframe.cobol.internal.grammar.CobolPreprocessorParser,,GOD_CLASS,CRITICAL,"WMC=4113, TCC=0.25, ATFD=996"
src/main/java/org/openrewrite/mainframe/cobol/internal/grammar/CobolPreprocessorParser.java,org.openrewrite.mainframe.cobol.internal.grammar.CobolPreprocessorParser,charData,FEATURE_ENVY,HIGH,"foreign accesses=24, own accesses=7"
src/main/java/org/openrewrite/mainframe/cobol/internal/grammar/CobolPreprocessorParser.java,org.openrewrite.mainframe.cobol.internal.grammar.CobolPreprocessorParser,charDataKeyword,FEATURE_ENVY,HIGH,"foreign accesses=24, own accesses=5"
src/main/java/org/openrewrite/mainframe/cobol/internal/grammar/CobolPreprocessorParser.java,org.openrewrite.mainframe.cobol.internal.grammar.CobolPreprocessorParser,commentEntry,FEATURE_ENVY,HIGH,"foreign accesses=25, own accesses=7"
src/main/java/org/openrewrite/mainframe/cobol/internal/grammar/CobolPreprocessorParser.java,org.openrewrite.mainframe.cobol.internal.grammar.CobolPreprocessorParser,compilationUnit,FEATURE_ENVY,CRITICAL,"foreign accesses=44, own accesses=19"
src/main/java/org/openrewrite/mainframe/cobol/internal/grammar/CobolPreprocessorParser.java,org.openrewrite.mainframe.cobol.internal.grammar.CobolPreprocessorParser,compilerOption,FEATURE_ENVY,CRITICAL,"foreign accesses=1711, own accesses=563"
src/main/java/org/openrewrite/mainframe/cobol/internal/grammar/CobolPreprocessorParser.java,org.openrewrite.mainframe.cobol.internal.grammar.CobolPreprocessorParser,compilerXOpts,FEATURE_ENVY,CRITICAL,"foreign accesses=36, own accesses=13"
src/main/java/org/openrewrite/mainframe/cobol/internal/grammar/CobolPreprocessorParser.java,org.openrewrite.mainframe.cobol.internal.grammar.CobolPreprocessorParser,ejectStatement,FEATURE_ENVY,HIGH,"foreign accesses=22, own accesses=6"
src/main/java/org/openrewrite/mainframe/cobol/internal/grammar/CobolPreprocessorParser.java,org.openrewrite.mainframe.cobol.internal.grammar.CobolPreprocessorParser,execCicsStatement,FEATURE_ENVY,HIGH,"foreign accesses=27, own accesses=9"
src/main/java/org/openrewrite/mainframe/cobol/internal/grammar/CobolPreprocessorParser.java,org.openrewrite.mainframe.cobol.internal.grammar.CobolPreprocessorParser,execDliStatement,FEATURE_ENVY,HIGH,"foreign accesses=27, own accesses=9"
src/main/java/org/openrewrite/mainframe/cobol/internal/grammar/CobolPreprocessorParser.java,org.openrewrite.mainframe.cobol.internal.grammar.CobolPreprocessorParser,execSqlImsStatement,FEATURE_ENVY,HIGH,"foreign accesses=27, own accesses=9"
src/main/java/org/openrewrite/mainframe/cobol/internal/grammar/CobolPreprocessorParser.java,org.openrewrite.mainframe.cobol.internal.grammar.CobolPreprocessorParser,execSqlStatement,FEATURE_ENVY,HIGH,"foreign accesses=27, own accesses=9"
src/main/java/org/openrewrite/mainframe/cobol/internal/grammar/CobolPreprocessorParser.java,org.openrewrite.mainframe.cobol.internal.grammar.CobolPreprocessorParser,filename,FEATURE_ENVY,MEDIUM,"foreign accesses=13, own accesses=4"
src/main/java/org/openrewrite/mainframe/cobol/internal/grammar/CobolPreprocessorParser.java,org.openrewrite.mainframe.cobol.internal.grammar.CobolPreprocessorParser,literal,FEATURE_ENVY,HIGH,"foreign accesses=24, own accesses=5"
src/main/java/org/openrewrite/mainframe/cobol/internal/grammar/CobolPreprocessorParser.java,org.openrewrite.mainframe.cobol.internal.grammar.CobolPreprocessorParser,pseudoText,FEATURE_ENVY,HIGH,"foreign accesses=21, own accesses=7"
src/main/java/org/openrewrite/mainframe/cobol/internal/grammar/CobolPreprocessorParser.java,org.openrewrite.mainframe.cobol.internal.grammar.CobolPreprocessorParser,replaceByStatement,FEATURE_ENVY,HIGH,"foreign accesses=26, own accesses=8"
src/main/java/org/openrewrite/mainframe/cobol/internal/grammar/CobolPreprocessorParser.java,org.openrewrite.mainframe.cobol.internal.grammar.CobolPreprocessorParser,replaceClause,FEATURE_ENVY,CRITICAL,"foreign accesses=48, own accesses=13"
src/main/java/org/openrewrite/mainframe/cobol/internal/grammar/CobolPreprocessorParser.java,org.openrewrite.mainframe.cobol.internal.grammar.CobolPreprocessorParser,replaceOffStatement,FEATURE_ENVY,HIGH,"foreign accesses=17, own accesses=6"
src/main/java/org/openrewrite/mainframe/cobol/internal/grammar/CobolPreprocessorParser.java,org.openrewrite.mainframe.cobol.internal.grammar.CobolPreprocessorParser,replaceable,FEATURE_ENVY,HIGH,"foreign accesses=25, own accesses=8"
src/main/java/org/openrewrite/mainframe/cobol/internal/grammar/CobolPreprocessorParser.java,org.openrewrite.mainframe.cobol.internal.grammar.CobolPreprocessorParser,replacement,FEATURE_ENVY,HIGH,"foreign accesses=25, own accesses=8"
src/main/java/org/openrewrite/mainframe/cobol/internal/grammar/CobolPreprocessorParser.java,org.openrewrite.mainframe.cobol.internal.grammar.CobolPreprocessorParser,replacingPhrase,FEATURE_ENVY,CRITICAL,"foreign accesses=31, own accesses=8"
src/main/java/org/openrewrite/mainframe/cobol/internal/grammar/CobolPreprocessorParser.java,org.openrewrite.mainframe.cobol.internal.grammar.CobolPreprocessorParser,skipStatement,FEATURE_ENVY,CRITICAL,"foreign accesses=33, own accesses=7"
src/main/java/org/openrewrite/mainframe/cobol/internal/grammar/CobolPreprocessorParser.java,org.openrewrite.mainframe.cobol.internal.grammar.CobolPreprocessorParser,titleStatement,FEATURE_ENVY,HIGH,"foreign accesses=23, own accesses=7"
src/main/java/org/openrewrite/mainframe/cobol/search/FindCopybook.java,org.openrewrite.mainframe.cobol.search.FindCopybook,getVisitor,FEATURE_ENVY,HIGH,"foreign accesses=22, own accesses=9"
src/main/java/org/openrewrite/mainframe/cobol/search/FindCopybook.java,org.openrewrite.mainframe.cobol.search.FindCopybook,row,FEATURE_ENVY,LOW,"foreign accesses=7, own accesses=0"
src/main/java/org/openrewrite/mainframe/cobol/search/FindIndicators.java,org.openrewrite.mainframe.cobol.search.FindIndicators,visitWord,FEATURE_ENVY,HIGH,"foreign accesses=21, own accesses=2"
src/main/java/org/openrewrite/mainframe/cobol/search/FindReference.java,org.openrewrite.mainframe.cobol.search.FindReference,getVisitor,FEATURE_ENVY,LOW,"foreign accesses=9, own accesses=2"
src/main/java/org/openrewrite/mainframe/cobol/search/FindReference.java,org.openrewrite.mainframe.cobol.search.FindReference,isAcceptable,FEATURE_ENVY,LOW,"foreign accesses=6, own accesses=0"
src/main/java/org/openrewrite/mainframe/cobol/search/FindReference.java,org.openrewrite.mainframe.cobol.search.FindReference,matches,FEATURE_ENVY,LOW,"foreign accesses=7, own accesses=1"
src/main/java/org/openrewrite/mainframe/cobol/search/FindReference.java,org.openrewrite.mainframe.cobol.search.FindReference,visit,FEATURE_ENVY,MEDIUM,"foreign accesses=14, own accesses=0"
src/main/java/org/openrewrite/mainframe/cobol/search/FindRelationships.java,org.openrewrite.mainframe.cobol.search.FindRelationships,,GOD_CLASS,CRITICAL,"WMC=291, TCC=0.13, ATFD=275"
src/main/java/org/openrewrite/mainframe/cobol/search/FindRelationships.java,org.openrewrite.mainframe.cobol.search.FindRelationships,assemblerRelationships,FEATURE_ENVY,CRITICAL,"foreign accesses=79, own accesses=17"
src/main/java/org/openrewrite/mainframe/cobol/search/FindRelationships.java,org.openrewrite.mainframe.cobol.search.FindRelationships,bindRelationships,FEATURE_ENVY,HIGH,"foreign accesses=29, own accesses=14"
src/main/java/org/openrewrite/mainframe/cobol/search/FindRelationships.java,org.openrewrite.mainframe.cobol.search.FindRelationships,databaseRelationships,FEATURE_ENVY,HIGH,"foreign accesses=27, own accesses=7"
src/main/java/org/openrewrite/mainframe/cobol/search/FindRelationships.java,org.openrewrite.mainframe.cobol.search.FindRelationships,documented,FEATURE_ENVY,LOW,"foreign accesses=6, own accesses=0"
src/main/java/org/openrewrite/mainframe/cobol/search/FindRelationships.java,org.openrewrite.mainframe.cobol.search.FindRelationships,formatSetRelationships,FEATURE_ENVY,CRITICAL,"foreign accesses=35, own accesses=9"
src/main/java/org/openrewrite/mainframe/cobol/search/FindRelationships.java,org.openrewrite.mainframe.cobol.search.FindRelationships,getSqlRelationships,FEATURE_ENVY,CRITICAL,"foreign accesses=106, own accesses=10"
src/main/java/org/openrewrite/mainframe/cobol/search/FindRelationships.java,org.openrewrite.mainframe.cobol.search.FindRelationships,getVisitor,FEATURE_ENVY,HIGH,"foreign accesses=19, own accesses=2"
src/main/java/org/openrewrite/mainframe/cobol/search/FindRelationships.java,org.openrewrite.mainframe.cobol.search.FindRelationships,idcamsRelationships,FEATURE_ENVY,LOW,"foreign accesses=7, own accesses=2"
src/main/java/org/openrewrite/mainframe/cobol/search/FindRelationships.java,org.openrewrite.mainframe.cobol.search.FindRelationships,isValidSchedule,FEATURE_ENVY,HIGH,"foreign accesses=30, own accesses=0"
src/main/java/org/openrewrite/mainframe/cobol/search/FindRelationships.java,org.openrewrite.mainframe.cobol.search.FindRelationships,memberName,FEATURE_ENVY,LOW,"foreign accesses=5, own accesses=0"
src/main/java/org/openrewrite/mainframe/cobol/search/FindRelationships.java,org.openrewrite.mainframe.cobol.search.FindRelationships,preVisit,FEATURE_ENVY,MEDIUM,"foreign accesses=11, own accesses=0"
src/main/java/org/openrewrite/mainframe/cobol/search/FindRelationships.java,org.openrewrite.mainframe.cobol.search.FindRelationships,preVisit,FEATURE_ENVY,HIGH,"foreign accesses=28, own accesses=1"
src/main/java/org/openrewrite/mainframe/cobol/search/FindRelationships.java,org.openrewrite.mainframe.cobol.search.FindRelationships,psbRelationships,FEATURE_ENVY,CRITICAL,"foreign accesses=40, own accesses=12"
src/main/java/org/openrewrite/mainframe/cobol/search/FindRelationships.java,org.openrewrite.mainframe.cobol.search.FindRelationships,runBookRelationships,FEATURE_ENVY,MEDIUM,"foreign accesses=11, own accesses=3"
src/main/java/org/openrewrite/mainframe/cobol/search/FindRelationships.java,org.openrewrite.mainframe.cobol.search.FindRelationships,sasRelationships,FEATURE_ENVY,HIGH,"foreign accesses=16, own accesses=4"
src/main/java/org/openrewrite/mainframe/cobol/search/FindRelationships.java,org.openrewrite.mainframe.cobol.search.FindRelationships,scriptRelationships,FEATURE_ENVY,CRITICAL,"foreign accesses=33, own accesses=7"
src/main/java/org/openrewrite/mainframe/cobol/search/FindRelationships.java,org.openrewrite.mainframe.cobol.search.FindRelationships,systemDefinitionRelationships,FEATURE_ENVY,HIGH,"foreign accesses=29, own accesses=7"
src/main/java/org/openrewrite/mainframe/cobol/search/FindRelationships.java,org.openrewrite.mainframe.cobol.search.FindRelationships,visitCall,FEATURE_ENVY,CRITICAL,"foreign accesses=36, own accesses=4"
src/main/java/org/openrewrite/mainframe/cobol/search/FindRelationships.java,org.openrewrite.mainframe.cobol.search.FindRelationships,visitCharDataSql,FEATURE_ENVY,LOW,"foreign accesses=9, own accesses=1"
src/main/java/org/openrewrite/mainframe/cobol/search/FindRelationships.java,org.openrewrite.mainframe.cobol.search.FindRelationships,visitCompilationUnit,FEATURE_ENVY,MEDIUM,"foreign accesses=11, own accesses=2"
src/main/java/org/openrewrite/mainframe/cobol/search/FindRelationships.java,org.openrewrite.mainframe.cobol.search.FindRelationships,visitCompilationUnit,FEATURE_ENVY,MEDIUM,"foreign accesses=10, own accesses=1"
src/main/java/org/openrewrite/mainframe/cobol/search/FindRelationships.java,org.openrewrite.mainframe.cobol.search.FindRelationships,visitCompilationUnit,FEATURE_ENVY,LOW,"foreign accesses=7, own accesses=0"
src/main/java/org/openrewrite/mainframe/cobol/search/FindRelationships.java,org.openrewrite.mainframe.cobol.search.FindRelationships,visitCompilationUnit,FEATURE_ENVY,CRITICAL,"foreign accesses=34, own accesses=7"
src/main/java/org/openrewrite/mainframe/cobol/search/FindRelationships.java,org.openrewrite.mainframe.cobol.search.FindRelationships,visitCopybook,FEATURE_ENVY,MEDIUM,"foreign accesses=10, own accesses=1"
src/main/java/org/openrewrite/mainframe/cobol/search/FindRelationships.java,org.openrewrite.mainframe.cobol.search.FindRelationships,visitDefinitionSection,FEATURE_ENVY,HIGH,"foreign accesses=24, own accesses=1"
src/main/java/org/openrewrite/mainframe/cobol/search/FindRelationships.java,org.openrewrite.mainframe.cobol.search.FindRelationships,visitExecSqlIncludeStatement,FEATURE_ENVY,HIGH,"foreign accesses=18, own accesses=3"
src/main/java/org/openrewrite/mainframe/cobol/search/FindRelationships.java,org.openrewrite.mainframe.cobol.search.FindRelationships,visitInput,FEATURE_ENVY,CRITICAL,"foreign accesses=31, own accesses=1"
src/main/java/org/openrewrite/mainframe/cobol/search/FindRelationships.java,org.openrewrite.mainframe.cobol.search.FindRelationships,visitProgramIdParagraph,FEATURE_ENVY,LOW,"foreign accesses=5, own accesses=0"
src/main/java/org/openrewrite/mainframe/cobol/search/FindRelationships.java,org.openrewrite.mainframe.cobol.search.FindRelationships,visitText,FEATURE_ENVY,HIGH,"foreign accesses=15, own accesses=4"
src/main/java/org/openrewrite/mainframe/cobol/search/FindRelationships.java,org.openrewrite.mainframe.cobol.search.FindRelationships,visitWord,FEATURE_ENVY,MEDIUM,"foreign accesses=11, own accesses=0"
src/main/java/org/openrewrite/mainframe/cobol/search/FindRelationships.java,org.openrewrite.mainframe.cobol.search.FindRelationships,visitWord,FEATURE_ENVY,CRITICAL,"foreign accesses=88, own accesses=7"
src/main/java/org/openrewrite/mainframe/cobol/search/FindRelationships.java,org.openrewrite.mainframe.cobol.search.FindRelationships,wordLines,FEATURE_ENVY,LOW,"foreign accesses=9, own accesses=0"
src/main/java/org/openrewrite/mainframe/cobol/trait/CicsCommand.java,org.openrewrite.mainframe.cobol.trait.CicsCommand,,GOD_CLASS,HIGH,"WMC=77, TCC=0.06, ATFD=72"
src/main/java/org/openrewrite/mainframe/cobol/trait/CicsCommand.java,org.openrewrite.mainframe.cobol.trait.CicsCommand,bms,FEATURE_ENVY,LOW,"foreign accesses=8, own accesses=3"
src/main/java/org/openrewrite/mainframe/cobol/trait/CicsCommand.java,org.openrewrite.mainframe.cobol.trait.CicsCommand,getOptionsText,FEATURE_ENVY,MEDIUM,"foreign accesses=12, own accesses=1"
src/main/java/org/openrewrite/mainframe/cobol/trait/CicsCommand.java,org.openrewrite.mainframe.cobol.trait.CicsCommand,getResources,FEATURE_ENVY,CRITICAL,"foreign accesses=51, own accesses=20"
src/main/java/org/openrewrite/mainframe/cobol/trait/CicsCommand.java,org.openrewrite.mainframe.cobol.trait.CicsCommand,isCics,FEATURE_ENVY,LOW,"foreign accesses=6, own accesses=0"
src/main/java/org/openrewrite/mainframe/cobol/trait/CicsCommand.java,org.openrewrite.mainframe.cobol.trait.CicsCommand,parse,FEATURE_ENVY,CRITICAL,"foreign accesses=40, own accesses=3"
src/main/java/org/openrewrite/mainframe/cobol/trait/CicsCommand.java,org.openrewrite.mainframe.cobol.trait.CicsCommand,qualifiers,FEATURE_ENVY,HIGH,"foreign accesses=18, own accesses=0"
src/main/java/org/openrewrite/mainframe/cobol/trait/CicsCommand.java,org.openrewrite.mainframe.cobol.trait.CicsCommand,queue,FEATURE_ENVY,LOW,"foreign accesses=5, own accesses=2"
src/main/java/org/openrewrite/mainframe/cobol/trait/CicsCommand.java,org.openrewrite.mainframe.cobol.trait.CicsCommand,separator,FEATURE_ENVY,MEDIUM,"foreign accesses=13, own accesses=0"
src/main/java/org/openrewrite/mainframe/cobol/trait/CicsCommand.java,org.openrewrite.mainframe.cobol.trait.CicsCommand,single,FEATURE_ENVY,LOW,"foreign accesses=5, own accesses=1"
src/main/java/org/openrewrite/mainframe/cobol/trait/CopybookReference.java,org.openrewrite.mainframe.cobol.trait.CopybookReference,isMissing,FEATURE_ENVY,LOW,"foreign accesses=6, own accesses=0"
src/main/java/org/openrewrite/mainframe/cobol/trait/CopybookReference.java,org.openrewrite.mainframe.cobol.trait.CopybookReference,marked,FEATURE_ENVY,MEDIUM,"foreign accesses=10, own accesses=0"
src/main/java/org/openrewrite/mainframe/cobol/trait/CopybookReference.java,org.openrewrite.mainframe.cobol.trait.CopybookReference,nameOf,FEATURE_ENVY,LOW,"foreign accesses=7, own accesses=0"
src/main/java/org/openrewrite/mainframe/cobol/trait/CopybookSkippingVisitor.java,org.openrewrite.mainframe.cobol.trait.CopybookSkippingVisitor,isCopied,FEATURE_ENVY,LOW,"foreign accesses=5, own accesses=0"
src/main/java/org/openrewrite/mainframe/cobol/trait/DataName.java,org.openrewrite.mainframe.cobol.trait.DataName,,GOD_CLASS,MEDIUM,"WMC=89, TCC=0.04, ATFD=10"
src/main/java/org/openrewrite/mainframe/cobol/trait/DataName.java,org.openrewrite.mainframe.cobol.trait.DataName,candidates,FEATURE_ENVY,LOW,"foreign accesses=9, own accesses=1"
src/main/java/org/openrewrite/mainframe/cobol/trait/DataName.java,org.openrewrite.mainframe.cobol.trait.DataName,definition,FEATURE_ENVY,LOW,"foreign accesses=7, own accesses=2"
src/main/java/org/openrewrite/mainframe/cobol/trait/DataName.java,org.openrewrite.mainframe.cobol.trait.DataName,getCopybook,FEATURE_ENVY,LOW,"foreign accesses=7, own accesses=0"
src/main/java/org/openrewrite/mainframe/cobol/trait/DataName.java,org.openrewrite.mainframe.cobol.trait.DataName,getQualifiers,FEATURE_ENVY,HIGH,"foreign accesses=19, own accesses=2"
src/main/java/org/openrewrite/mainframe/cobol/trait/DataName.java,org.openrewrite.mainframe.cobol.trait.DataName,identifier,FEATURE_ENVY,LOW,"foreign accesses=6, own accesses=1"
src/main/java/org/openrewrite/mainframe/cobol/trait/DataName.java,org.openrewrite.mainframe.cobol.trait.DataName,index,FEATURE_ENVY,MEDIUM,"foreign accesses=11, own accesses=2"
src/main/java/org/openrewrite/mainframe/cobol/trait/DataName.java,org.openrewrite.mainframe.cobol.trait.DataName,isDefinition,FEATURE_ENVY,LOW,"foreign accesses=6, own accesses=1"
src/main/java/org/openrewrite/mainframe/cobol/trait/DataName.java,org.openrewrite.mainframe.cobol.trait.DataName,isOperand,FEATURE_ENVY,MEDIUM,"foreign accesses=14, own accesses=0"
src/main/java/org/openrewrite/mainframe/cobol/trait/DataName.java,org.openrewrite.mainframe.cobol.trait.DataName,isReferenced,FEATURE_ENVY,LOW,"foreign accesses=5, own accesses=2"
src/main/java/org/openrewrite/mainframe/cobol/trait/DataName.java,org.openrewrite.mainframe.cobol.trait.DataName,isSet,FEATURE_ENVY,LOW,"foreign accesses=5, own accesses=2"
src/main/java/org/openrewrite/mainframe/cobol/trait/DataName.java,org.openrewrite.mainframe.cobol.trait.DataName,isSubscripted,FEATURE_ENVY,LOW,"foreign accesses=6, own accesses=1"
src/main/java/org/openrewrite/mainframe/cobol/trait/DliCall.java,org.openrewrite.mainframe.cobol.trait.DliCall,,GOD_CLASS,MEDIUM,"WMC=62, TCC=0.04, ATFD=18"
src/main/java/org/openrewrite/mainframe/cobol/trait/DliCall.java,org.openrewrite.mainframe.cobol.trait.DliCall,fromCall,FEATURE_ENVY,HIGH,"foreign accesses=27, own accesses=5"
src/main/java/org/openrewrite/mainframe/cobol/trait/DliCall.java,org.openrewrite.mainframe.cobol.trait.DliCall,fromExec,FEATURE_ENVY,HIGH,"foreign accesses=21, own accesses=1"
src/main/java/org/openrewrite/mainframe/cobol/trait/DliCall.java,org.openrewrite.mainframe.cobol.trait.DliCall,isDli,FEATURE_ENVY,LOW,"foreign accesses=6, own accesses=0"
src/main/java/org/openrewrite/mainframe/cobol/trait/DliCall.java,org.openrewrite.mainframe.cobol.trait.DliCall,marked,FEATURE_ENVY,LOW,"foreign accesses=5, own accesses=0"
src/main/java/org/openrewrite/mainframe/cobol/trait/DliCall.java,org.openrewrite.mainframe.cobol.trait.DliCall,resolveFunction,FEATURE_ENVY,MEDIUM,"foreign accesses=10, own accesses=0"
src/main/java/org/openrewrite/mainframe/cobol/trait/DliCall.java,org.openrewrite.mainframe.cobol.trait.DliCall,resolveMod,FEATURE_ENVY,LOW,"foreign accesses=8, own accesses=0"
src/main/java/org/openrewrite/mainframe/cobol/trait/DliCall.java,org.openrewrite.mainframe.cobol.trait.DliCall,segmentsFromSsas,FEATURE_ENVY,HIGH,"foreign accesses=20, own accesses=3"
src/main/java/org/openrewrite/mainframe/cobol/trait/Execs.java,org.openrewrite.mainframe.cobol.trait.Execs,isStandIn,FEATURE_ENVY,LOW,"foreign accesses=6, own accesses=0"
src/main/java/org/openrewrite/mainframe/cobol/trait/LiteralAssignment.java,org.openrewrite.mainframe.cobol.trait.LiteralAssignment,candidates,FEATURE_ENVY,LOW,"foreign accesses=7, own accesses=1"
src/main/java/org/openrewrite/mainframe/cobol/trait/LiteralAssignment.java,org.openrewrite.mainframe.cobol.trait.LiteralAssignment,getTargets,FEATURE_ENVY,MEDIUM,"foreign accesses=11, own accesses=1"
src/main/java/org/openrewrite/mainframe/cobol/trait/LiteralAssignment.java,org.openrewrite.mainframe.cobol.trait.LiteralAssignment,getValues,FEATURE_ENVY,LOW,"foreign accesses=5, own accesses=2"
src/main/java/org/openrewrite/mainframe/cobol/trait/LiteralAssignment.java,org.openrewrite.mainframe.cobol.trait.LiteralAssignment,valuesIn,FEATURE_ENVY,LOW,"foreign accesses=9, own accesses=3"
src/main/java/org/openrewrite/mainframe/cobol/trait/Literals.java,org.openrewrite.mainframe.cobol.trait.Literals,isLiteral,FEATURE_ENVY,LOW,"foreign accesses=6, own accesses=0"
src/main/java/org/openrewrite/mainframe/cobol/trait/Procedure.java,org.openrewrite.mainframe.cobol.trait.Procedure,getName,FEATURE_ENVY,LOW,"foreign accesses=6, own accesses=0"
src/main/java/org/openrewrite/mainframe/cobol/trait/Program.java,org.openrewrite.mainframe.cobol.trait.Program,getName,FEATURE_ENVY,LOW,"foreign accesses=5, own accesses=0"
src/main/java/org/openrewrite/mainframe/cobol/trait/Program.java,org.openrewrite.mainframe.cobol.trait.Program,nameOf,FEATURE_ENVY,LOW,"foreign accesses=5, own accesses=1"
src/main/java/org/openrewrite/mainframe/cobol/trait/Program.java,org.openrewrite.mainframe.cobol.trait.Program,of,FEATURE_ENVY,LOW,"foreign accesses=7, own accesses=0"
src/main/java/org/openrewrite/mainframe/cobol/trait/ProgramEntry.java,org.openrewrite.mainframe.cobol.trait.ProgramEntry,isIoPcb,FEATURE_ENVY,MEDIUM,"foreign accesses=12, own accesses=1"
src/main/java/org/openrewrite/mainframe/cobol/trait/ProgramEntry.java,org.openrewrite.mainframe.cobol.trait.ProgramEntry,isMessagePcb,FEATURE_ENVY,LOW,"foreign accesses=5, own accesses=1"
src/main/java/org/openrewrite/mainframe/cobol/trait/ProgramEntry.java,org.openrewrite.mainframe.cobol.trait.ProgramEntry,of,FEATURE_ENVY,LOW,"foreign accesses=7, own accesses=1"
src/main/java/org/openrewrite/mainframe/cobol/trait/SearchableText.java,org.openrewrite.mainframe.cobol.trait.SearchableText,,GOD_CLASS,MEDIUM,"WMC=47, TCC=0.00, ATFD=14"
src/main/java/org/openrewrite/mainframe/cobol/trait/SearchableText.java,org.openrewrite.mainframe.cobol.trait.SearchableText,getComments,FEATURE_ENVY,HIGH,"foreign accesses=17, own accesses=4"
src/main/java/org/openrewrite/mainframe/cobol/trait/SearchableText.java,org.openrewrite.mainframe.cobol.trait.SearchableText,getLayer,FEATURE_ENVY,HIGH,"foreign accesses=17, own accesses=4"
src/main/java/org/openrewrite/mainframe/cobol/trait/SearchableText.java,org.openrewrite.mainframe.cobol.trait.SearchableText,getPieces,FEATURE_ENVY,HIGH,"foreign accesses=16, own accesses=4"
src/main/java/org/openrewrite/mainframe/cobol/trait/SearchableText.java,org.openrewrite.mainframe.cobol.trait.SearchableText,isStringLiteral,FEATURE_ENVY,LOW,"foreign accesses=6, own accesses=0"
src/main/java/org/openrewrite/mainframe/cobol/trait/SearchableText.java,org.openrewrite.mainframe.cobol.trait.SearchableText,tokens,FEATURE_ENVY,LOW,"foreign accesses=6, own accesses=0"
src/main/java/org/openrewrite/mainframe/cobol/trait/SearchableText.java,org.openrewrite.mainframe.cobol.trait.SearchableText,within,FEATURE_ENVY,LOW,"foreign accesses=8, own accesses=0"
src/main/java/org/openrewrite/mainframe/cobol/tree/CobolContainer.java,org.openrewrite.mainframe.cobol.tree.CobolContainer,withElementsNullable,FEATURE_ENVY,MEDIUM,"foreign accesses=10, own accesses=4"
src/main/java/org/openrewrite/mainframe/cobol/tree/CobolRightPadded.java,org.openrewrite.mainframe.cobol.tree.CobolRightPadded,withElements,FEATURE_ENVY,HIGH,"foreign accesses=21, own accesses=3"
src/main/java/org/openrewrite/mainframe/cobol/tree/CommentArea.java,org.openrewrite.mainframe.cobol.tree.CommentArea,printColumnArea,FEATURE_ENVY,HIGH,"foreign accesses=28, own accesses=6"
src/main/java/org/openrewrite/mainframe/cobol/tree/CommentArea.java,org.openrewrite.mainframe.cobol.tree.CommentArea,printColumnArea,FEATURE_ENVY,HIGH,"foreign accesses=28, own accesses=6"
src/main/java/org/openrewrite/mainframe/cobol/tree/Continuation.java,org.openrewrite.mainframe.cobol.tree.Continuation,printContinuation,FEATURE_ENVY,CRITICAL,"foreign accesses=58, own accesses=7"
src/main/java/org/openrewrite/mainframe/cobol/tree/Continuation.java,org.openrewrite.mainframe.cobol.tree.Continuation,printContinuation,FEATURE_ENVY,CRITICAL,"foreign accesses=56, own accesses=7"
src/main/java/org/openrewrite/mainframe/cobol/tree/IndicatorArea.java,org.openrewrite.mainframe.cobol.tree.IndicatorArea,printColumnArea,FEATURE_ENVY,HIGH,"foreign accesses=20, own accesses=5"
src/main/java/org/openrewrite/mainframe/cobol/tree/IndicatorArea.java,org.openrewrite.mainframe.cobol.tree.IndicatorArea,printColumnArea,FEATURE_ENVY,HIGH,"foreign accesses=20, own accesses=5"
src/main/java/org/openrewrite/mainframe/cobol/tree/SequenceArea.java,org.openrewrite.mainframe.cobol.tree.SequenceArea,printColumnArea,FEATURE_ENVY,HIGH,"foreign accesses=17, own accesses=3"
src/main/java/org/openrewrite/mainframe/cobol/tree/SequenceArea.java,org.openrewrite.mainframe.cobol.tree.SequenceArea,printColumnArea,FEATURE_ENVY,HIGH,"foreign accesses=17, own accesses=3"
src/main/java/org/openrewrite/mainframe/controlcard/CardLines.java,org.openrewrite.mainframe.controlcard.CardLines,of,FEATURE_ENVY,LOW,"foreign accesses=5, own accesses=2"
src/main/java/org/openrewrite/mainframe/controlcard/ControlCards.java,org.openrewrite.mainframe.controlcard.ControlCards,accept,FEATURE_ENVY,LOW,"foreign accesses=9, own accesses=2"
src/main/java/org/openrewrite/mainframe/controlcard/InStreamCards.java,org.openrewrite.mainframe.controlcard.InStreamCards,fromMember,FEATURE_ENVY,HIGH,"foreign accesses=18, own accesses=0"
src/main/java/org/openrewrite/mainframe/controlcard/InStreamCards.java,org.openrewrite.mainframe.controlcard.InStreamCards,read,FEATURE_ENVY,HIGH,"foreign accesses=29, own accesses=2"
src/main/java/org/openrewrite/mainframe/controlcard/InStreamCards.java,org.openrewrite.mainframe.controlcard.InStreamCards,split,FEATURE_ENVY,HIGH,"foreign accesses=22, own accesses=0"
src/main/java/org/openrewrite/mainframe/controlcard/InStreamCards.java,org.openrewrite.mainframe.controlcard.InStreamCards,write,FEATURE_ENVY,MEDIUM,"foreign accesses=11, own accesses=5"
src/main/java/org/openrewrite/mainframe/controlcard/idcams/Assertions.java,org.openrewrite.mainframe.controlcard.idcams.Assertions,idcamsCard,FEATURE_ENVY,LOW,"foreign accesses=6, own accesses=1"
src/main/java/org/openrewrite/mainframe/controlcard/idcams/Assertions.java,org.openrewrite.mainframe.controlcard.idcams.Assertions,idcamsCard,FEATURE_ENVY,LOW,"foreign accesses=5, own accesses=1"
src/main/java/org/openrewrite/mainframe/controlcard/idcams/IdcamsLineReader.java,org.openrewrite.mainframe.controlcard.idcams.IdcamsLineReader,continuesOnNextLine,FEATURE_ENVY,LOW,"foreign accesses=5, own accesses=1"
src/main/java/org/openrewrite/mainframe/controlcard/idcams/IdcamsLineReader.java,org.openrewrite.mainframe.controlcard.idcams.IdcamsLineReader,opensDeck,FEATURE_ENVY,HIGH,"foreign accesses=20, own accesses=5"
src/main/java/org/openrewrite/mainframe/controlcard/idcams/IdcamsLineReader.java,org.openrewrite.mainframe.controlcard.idcams.IdcamsLineReader,readLines,FEATURE_ENVY,MEDIUM,"foreign accesses=12, own accesses=2"
src/main/java/org/openrewrite/mainframe/controlcard/idcams/IdcamsLineReader.java,org.openrewrite.mainframe.controlcard.idcams.IdcamsLineReader,withoutComments,FEATURE_ENVY,LOW,"foreign accesses=5, own accesses=0"
src/main/java/org/openrewrite/mainframe/controlcard/idcams/IdcamsParser.java,org.openrewrite.mainframe.controlcard.idcams.IdcamsParser,parse,FEATURE_ENVY,LOW,"foreign accesses=6, own accesses=0"
src/main/java/org/openrewrite/mainframe/controlcard/idcams/IdcamsParser.java,org.openrewrite.mainframe.controlcard.idcams.IdcamsParser,parseInputs,FEATURE_ENVY,CRITICAL,"foreign accesses=31, own accesses=2"
src/main/java/org/openrewrite/mainframe/controlcard/idcams/IdcamsVisitor.java,org.openrewrite.mainframe.controlcard.idcams.IdcamsVisitor,visitCommand,FEATURE_ENVY,MEDIUM,"foreign accesses=14, own accesses=1"
src/main/java/org/openrewrite/mainframe/controlcard/idcams/IdcamsVisitor.java,org.openrewrite.mainframe.controlcard.idcams.IdcamsVisitor,visitCompilationUnit,FEATURE_ENVY,HIGH,"foreign accesses=15, own accesses=2"
src/main/java/org/openrewrite/mainframe/controlcard/idcams/IdcamsVisitor.java,org.openrewrite.mainframe.controlcard.idcams.IdcamsVisitor,visitParameter,FEATURE_ENVY,MEDIUM,"foreign accesses=14, own accesses=1"
src/main/java/org/openrewrite/mainframe/controlcard/idcams/IdcamsVisitor.java,org.openrewrite.mainframe.controlcard.idcams.IdcamsVisitor,visitWord,FEATURE_ENVY,LOW,"foreign accesses=7, own accesses=1"
src/main/java/org/openrewrite/mainframe/controlcard/idcams/internal/IdcamsParserVisitor.java,org.openrewrite.mainframe.controlcard.idcams.internal.IdcamsParserVisitor,beginsCommand,FEATURE_ENVY,LOW,"foreign accesses=6, own accesses=1"
src/main/java/org/openrewrite/mainframe/controlcard/idcams/internal/IdcamsParserVisitor.java,org.openrewrite.mainframe.controlcard.idcams.internal.IdcamsParserVisitor,flush,FEATURE_ENVY,HIGH,"foreign accesses=15, own accesses=4"
src/main/java/org/openrewrite/mainframe/controlcard/idcams/internal/IdcamsParserVisitor.java,org.openrewrite.mainframe.controlcard.idcams.internal.IdcamsParserVisitor,parameter,FEATURE_ENVY,CRITICAL,"foreign accesses=34, own accesses=3"
src/main/java/org/openrewrite/mainframe/controlcard/idcams/internal/IdcamsParserVisitor.java,org.openrewrite.mainframe.controlcard.idcams.internal.IdcamsParserVisitor,visitTerminal,FEATURE_ENVY,LOW,"foreign accesses=5, own accesses=1"
src/main/java/org/openrewrite/mainframe/controlcard/idcams/internal/IdcamsPrinter.java,org.openrewrite.mainframe.controlcard.idcams.internal.IdcamsPrinter,afterSyntax,FEATURE_ENVY,LOW,"foreign accesses=7, own accesses=1"
src/main/java/org/openrewrite/mainframe/controlcard/idcams/internal/IdcamsPrinter.java,org.openrewrite.mainframe.controlcard.idcams.internal.IdcamsPrinter,beforeSyntax,FEATURE_ENVY,HIGH,"foreign accesses=15, own accesses=3"
src/main/java/org/openrewrite/mainframe/controlcard/idcams/internal/IdcamsPrinter.java,org.openrewrite.mainframe.controlcard.idcams.internal.IdcamsPrinter,visitCommand,FEATURE_ENVY,LOW,"foreign accesses=6, own accesses=2"
src/main/java/org/openrewrite/mainframe/controlcard/idcams/internal/IdcamsPrinter.java,org.openrewrite.mainframe.controlcard.idcams.internal.IdcamsPrinter,visitCompilationUnit,FEATURE_ENVY,LOW,"foreign accesses=7, own accesses=3"
src/main/java/org/openrewrite/mainframe/controlcard/idcams/internal/IdcamsPrinter.java,org.openrewrite.mainframe.controlcard.idcams.internal.IdcamsPrinter,visitParameter,FEATURE_ENVY,LOW,"foreign accesses=6, own accesses=2"
src/main/java/org/openrewrite/mainframe/controlcard/idcams/internal/grammar/IdcamsCardParser.java,org.openrewrite.mainframe.controlcard.idcams.internal.grammar.IdcamsCardParser,compilationUnit,FEATURE_ENVY,HIGH,"foreign accesses=25, own accesses=8"
src/main/java/org/openrewrite/mainframe/controlcard/idcams/internal/grammar/IdcamsCardParser.java,org.openrewrite.mainframe.controlcard.idcams.internal.grammar.IdcamsCardParser,word,FEATURE_ENVY,HIGH,"foreign accesses=24, own accesses=7"
src/main/java/org/openrewrite/mainframe/controlcard/idcams/trait/IdcamsCommand.java,org.openrewrite.mainframe.controlcard.idcams.trait.IdcamsCommand,,GOD_CLASS,MEDIUM,"WMC=79, TCC=0.04, ATFD=19"
src/main/java/org/openrewrite/mainframe/controlcard/idcams/trait/IdcamsCommand.java,org.openrewrite.mainframe.controlcard.idcams.trait.IdcamsCommand,getDefinedNames,FEATURE_ENVY,MEDIUM,"foreign accesses=11, own accesses=4"
src/main/java/org/openrewrite/mainframe/controlcard/idcams/trait/IdcamsCommand.java,org.openrewrite.mainframe.controlcard.idcams.trait.IdcamsCommand,getLine,FEATURE_ENVY,LOW,"foreign accesses=7, own accesses=2"
src/main/java/org/openrewrite/mainframe/controlcard/idcams/trait/IdcamsCommand.java,org.openrewrite.mainframe.controlcard.idcams.trait.IdcamsCommand,getVerb,FEATURE_ENVY,LOW,"foreign accesses=7, own accesses=1"
src/main/java/org/openrewrite/mainframe/controlcard/idcams/trait/IdcamsCommand.java,org.openrewrite.mainframe.controlcard.idcams.trait.IdcamsCommand,isVerb,FEATURE_ENVY,LOW,"foreign accesses=8, own accesses=2"
src/main/java/org/openrewrite/mainframe/controlcard/idcams/trait/IdcamsCommand.java,org.openrewrite.mainframe.controlcard.idcams.trait.IdcamsCommand,nested,FEATURE_ENVY,MEDIUM,"foreign accesses=10, own accesses=3"
src/main/java/org/openrewrite/mainframe/controlcard/idcams/trait/IdcamsCommand.java,org.openrewrite.mainframe.controlcard.idcams.trait.IdcamsCommand,objectGroup,FEATURE_ENVY,LOW,"foreign accesses=6, own accesses=2"
src/main/java/org/openrewrite/mainframe/controlcard/idcams/trait/IdcamsCommand.java,org.openrewrite.mainframe.controlcard.idcams.trait.IdcamsCommand,unquote,FEATURE_ENVY,LOW,"foreign accesses=5, own accesses=0"
src/main/java/org/openrewrite/mainframe/controlcard/idcams/trait/IdcamsCommand.java,org.openrewrite.mainframe.controlcard.idcams.trait.IdcamsCommand,unwrap,FEATURE_ENVY,LOW,"foreign accesses=7, own accesses=1"
src/main/java/org/openrewrite/mainframe/controlcard/sort/Assertions.java,org.openrewrite.mainframe.controlcard.sort.Assertions,sortCard,FEATURE_ENVY,LOW,"foreign accesses=6, own accesses=1"
src/main/java/org/openrewrite/mainframe/controlcard/sort/Assertions.java,org.openrewrite.mainframe.controlcard.sort.Assertions,sortCard,FEATURE_ENVY,LOW,"foreign accesses=5, own accesses=1"
src/main/java/org/openrewrite/mainframe/controlcard/sort/SortLineReader.java,org.openrewrite.mainframe.controlcard.sort.SortLineReader,continuesOnNextLine,FEATURE_ENVY,LOW,"foreign accesses=5, own accesses=0"
src/main/java/org/openrewrite/mainframe/controlcard/sort/SortLineReader.java,org.openrewrite.mainframe.controlcard.sort.SortLineReader,opensDeck,FEATURE_ENVY,HIGH,"foreign accesses=15, own accesses=3"
src/main/java/org/openrewrite/mainframe/controlcard/sort/SortLineReader.java,org.openrewrite.mainframe.controlcard.sort.SortLineReader,readLines,FEATURE_ENVY,MEDIUM,"foreign accesses=10, own accesses=2"
src/main/java/org/openrewrite/mainframe/controlcard/sort/SortParser.java,org.openrewrite.mainframe.controlcard.sort.SortParser,parse,FEATURE_ENVY,LOW,"foreign accesses=6, own accesses=0"
src/main/java/org/openrewrite/mainframe/controlcard/sort/SortParser.java,org.openrewrite.mainframe.controlcard.sort.SortParser,parseInputs,FEATURE_ENVY,CRITICAL,"foreign accesses=31, own accesses=2"
src/main/java/org/openrewrite/mainframe/controlcard/sort/SortVisitor.java,org.openrewrite.mainframe.controlcard.sort.SortVisitor,visitCompilationUnit,FEATURE_ENVY,HIGH,"foreign accesses=15, own accesses=2"
src/main/java/org/openrewrite/mainframe/controlcard/sort/SortVisitor.java,org.openrewrite.mainframe.controlcard.sort.SortVisitor,visitControlStatement,FEATURE_ENVY,MEDIUM,"foreign accesses=14, own accesses=1"
src/main/java/org/openrewrite/mainframe/controlcard/sort/SortVisitor.java,org.openrewrite.mainframe.controlcard.sort.SortVisitor,visitOperand,FEATURE_ENVY,MEDIUM,"foreign accesses=14, own accesses=1"
src/main/java/org/openrewrite/mainframe/controlcard/sort/SortVisitor.java,org.openrewrite.mainframe.controlcard.sort.SortVisitor,visitWord,FEATURE_ENVY,LOW,"foreign accesses=7, own accesses=1"
src/main/java/org/openrewrite/mainframe/controlcard/sort/internal/SortParserVisitor.java,org.openrewrite.mainframe.controlcard.sort.internal.SortParserVisitor,,GOD_CLASS,MEDIUM,"WMC=57, TCC=0.05, ATFD=19"
src/main/java/org/openrewrite/mainframe/controlcard/sort/internal/SortParserVisitor.java,org.openrewrite.mainframe.controlcard.sort.internal.SortParserVisitor,beginsStatement,FEATURE_ENVY,LOW,"foreign accesses=6, own accesses=1"
src/main/java/org/openrewrite/mainframe/controlcard/sort/internal/SortParserVisitor.java,org.openrewrite.mainframe.controlcard.sort.internal.SortParserVisitor,flush,FEATURE_ENVY,HIGH,"foreign accesses=18, own accesses=4"
src/main/java/org/openrewrite/mainframe/controlcard/sort/internal/SortParserVisitor.java,org.openrewrite.mainframe.controlcard.sort.internal.SortParserVisitor,operand,FEATURE_ENVY,CRITICAL,"foreign accesses=34, own accesses=2"
src/main/java/org/openrewrite/mainframe/controlcard/sort/internal/SortParserVisitor.java,org.openrewrite.mainframe.controlcard.sort.internal.SortParserVisitor,part,FEATURE_ENVY,LOW,"foreign accesses=5, own accesses=0"
src/main/java/org/openrewrite/mainframe/controlcard/sort/internal/SortParserVisitor.java,org.openrewrite.mainframe.controlcard.sort.internal.SortParserVisitor,separated,FEATURE_ENVY,MEDIUM,"foreign accesses=12, own accesses=3"
src/main/java/org/openrewrite/mainframe/controlcard/sort/internal/SortParserVisitor.java,org.openrewrite.mainframe.controlcard.sort.internal.SortParserVisitor,visitTerminal,FEATURE_ENVY,LOW,"foreign accesses=5, own accesses=1"
src/main/java/org/openrewrite/mainframe/controlcard/sort/internal/SortPrinter.java,org.openrewrite.mainframe.controlcard.sort.internal.SortPrinter,afterSyntax,FEATURE_ENVY,LOW,"foreign accesses=7, own accesses=1"
src/main/java/org/openrewrite/mainframe/controlcard/sort/internal/SortPrinter.java,org.openrewrite.mainframe.controlcard.sort.internal.SortPrinter,beforeSyntax,FEATURE_ENVY,HIGH,"foreign accesses=15, own accesses=3"
src/main/java/org/openrewrite/mainframe/controlcard/sort/internal/SortPrinter.java,org.openrewrite.mainframe.controlcard.sort.internal.SortPrinter,visitCompilationUnit,FEATURE_ENVY,LOW,"foreign accesses=7, own accesses=3"
src/main/java/org/openrewrite/mainframe/controlcard/sort/internal/SortPrinter.java,org.openrewrite.mainframe.controlcard.sort.internal.SortPrinter,visitControlStatement,FEATURE_ENVY,LOW,"foreign accesses=6, own accesses=2"
src/main/java/org/openrewrite/mainframe/controlcard/sort/internal/SortPrinter.java,org.openrewrite.mainframe.controlcard.sort.internal.SortPrinter,visitOperand,FEATURE_ENVY,LOW,"foreign accesses=6, own accesses=2"
src/main/java/org/openrewrite/mainframe/controlcard/sort/internal/grammar/SortCardParser.java,org.openrewrite.mainframe.controlcard.sort.internal.grammar.SortCardParser,compilationUnit,FEATURE_ENVY,HIGH,"foreign accesses=25, own accesses=8"
src/main/java/org/openrewrite/mainframe/controlcard/sort/internal/grammar/SortCardParser.java,org.openrewrite.mainframe.controlcard.sort.internal.grammar.SortCardParser,word,FEATURE_ENVY,HIGH,"foreign accesses=24, own accesses=7"
src/main/java/org/openrewrite/mainframe/controlcard/sort/trait/SortStatement.java,org.openrewrite.mainframe.controlcard.sort.trait.SortStatement,fields,FEATURE_ENVY,HIGH,"foreign accesses=20, own accesses=5"
src/main/java/org/openrewrite/mainframe/controlcard/sort/trait/SortStatement.java,org.openrewrite.mainframe.controlcard.sort.trait.SortStatement,getLine,FEATURE_ENVY,LOW,"foreign accesses=7, own accesses=2"
src/main/java/org/openrewrite/mainframe/controlcard/sort/trait/SortStatement.java,org.openrewrite.mainframe.controlcard.sort.trait.SortStatement,getOperator,FEATURE_ENVY,LOW,"foreign accesses=6, own accesses=0"
src/main/java/org/openrewrite/mainframe/controlcard/sort/trait/SortStatement.java,org.openrewrite.mainframe.controlcard.sort.trait.SortStatement,isNumber,FEATURE_ENVY,LOW,"foreign accesses=5, own accesses=0"
src/main/java/org/openrewrite/mainframe/controlcard/sort/trait/SortStatement.java,org.openrewrite.mainframe.controlcard.sort.trait.SortStatement,unwrap,FEATURE_ENVY,LOW,"foreign accesses=9, own accesses=0"
src/main/java/org/openrewrite/mainframe/controlcard/utility/Assertions.java,org.openrewrite.mainframe.controlcard.utility.Assertions,utilityCard,FEATURE_ENVY,LOW,"foreign accesses=6, own accesses=1"
src/main/java/org/openrewrite/mainframe/controlcard/utility/Assertions.java,org.openrewrite.mainframe.controlcard.utility.Assertions,utilityCard,FEATURE_ENVY,LOW,"foreign accesses=5, own accesses=1"
src/main/java/org/openrewrite/mainframe/controlcard/utility/InStreamUnloadDeck.java,org.openrewrite.mainframe.controlcard.utility.InStreamUnloadDeck,of,FEATURE_ENVY,LOW,"foreign accesses=7, own accesses=0"
src/main/java/org/openrewrite/mainframe/controlcard/utility/Keywords.java,org.openrewrite.mainframe.controlcard.utility.Keywords,isOperandOf,FEATURE_ENVY,LOW,"foreign accesses=8, own accesses=1"
src/main/java/org/openrewrite/mainframe/controlcard/utility/Keywords.java,org.openrewrite.mainframe.controlcard.utility.Keywords,opensBlockIn,FEATURE_ENVY,LOW,"foreign accesses=8, own accesses=1"
src/main/java/org/openrewrite/mainframe/controlcard/utility/Keywords.java,org.openrewrite.mainframe.controlcard.utility.Keywords,upper,FEATURE_ENVY,LOW,"foreign accesses=6, own accesses=0"
src/main/java/org/openrewrite/mainframe/controlcard/utility/UtilityLineReader.java,org.openrewrite.mainframe.controlcard.utility.UtilityLineReader,opensDeck,FEATURE_ENVY,MEDIUM,"foreign accesses=12, own accesses=3"
src/main/java/org/openrewrite/mainframe/controlcard/utility/UtilityLineReader.java,org.openrewrite.mainframe.controlcard.utility.UtilityLineReader,readLines,FEATURE_ENVY,LOW,"foreign accesses=9, own accesses=1"
src/main/java/org/openrewrite/mainframe/controlcard/utility/UtilityParser.java,org.openrewrite.mainframe.controlcard.utility.UtilityParser,parse,FEATURE_ENVY,LOW,"foreign accesses=8, own accesses=0"
src/main/java/org/openrewrite/mainframe/controlcard/utility/UtilityParser.java,org.openrewrite.mainframe.controlcard.utility.UtilityParser,parseInputs,FEATURE_ENVY,CRITICAL,"foreign accesses=31, own accesses=2"
src/main/java/org/openrewrite/mainframe/controlcard/utility/UtilityVisitor.java,org.openrewrite.mainframe.controlcard.utility.UtilityVisitor,visitBlock,FEATURE_ENVY,HIGH,"foreign accesses=18, own accesses=1"
src/main/java/org/openrewrite/mainframe/controlcard/utility/UtilityVisitor.java,org.openrewrite.mainframe.controlcard.utility.UtilityVisitor,visitCompilationUnit,FEATURE_ENVY,HIGH,"foreign accesses=15, own accesses=2"
src/main/java/org/openrewrite/mainframe/controlcard/utility/UtilityVisitor.java,org.openrewrite.mainframe.controlcard.utility.UtilityVisitor,visitOperand,FEATURE_ENVY,MEDIUM,"foreign accesses=14, own accesses=1"
src/main/java/org/openrewrite/mainframe/controlcard/utility/UtilityVisitor.java,org.openrewrite.mainframe.controlcard.utility.UtilityVisitor,visitWord,FEATURE_ENVY,LOW,"foreign accesses=7, own accesses=1"
src/main/java/org/openrewrite/mainframe/controlcard/utility/internal/UtilityParserVisitor.java,org.openrewrite.mainframe.controlcard.utility.internal.UtilityParserVisitor,closeTo,FEATURE_ENVY,MEDIUM,"foreign accesses=11, own accesses=0"
src/main/java/org/openrewrite/mainframe/controlcard/utility/internal/UtilityParserVisitor.java,org.openrewrite.mainframe.controlcard.utility.internal.UtilityParserVisitor,place,FEATURE_ENVY,HIGH,"foreign accesses=24, own accesses=3"
src/main/java/org/openrewrite/mainframe/controlcard/utility/internal/UtilityParserVisitor.java,org.openrewrite.mainframe.controlcard.utility.internal.UtilityParserVisitor,visitTerminal,FEATURE_ENVY,LOW,"foreign accesses=5, own accesses=1"
src/main/java/org/openrewrite/mainframe/controlcard/utility/internal/UtilityParserVisitor.java,org.openrewrite.mainframe.controlcard.utility.internal.UtilityParserVisitor,word,FEATURE_ENVY,LOW,"foreign accesses=6, own accesses=0"
src/main/java/org/openrewrite/mainframe/controlcard/utility/internal/UtilityPrinter.java,org.openrewrite.mainframe.controlcard.utility.internal.UtilityPrinter,afterSyntax,FEATURE_ENVY,LOW,"foreign accesses=7, own accesses=1"
src/main/java/org/openrewrite/mainframe/controlcard/utility/internal/UtilityPrinter.java,org.openrewrite.mainframe.controlcard.utility.internal.UtilityPrinter,beforeSyntax,FEATURE_ENVY,HIGH,"foreign accesses=15, own accesses=3"
src/main/java/org/openrewrite/mainframe/controlcard/utility/internal/UtilityPrinter.java,org.openrewrite.mainframe.controlcard.utility.internal.UtilityPrinter,visitBlock,FEATURE_ENVY,LOW,"foreign accesses=8, own accesses=2"
src/main/java/org/openrewrite/mainframe/controlcard/utility/internal/UtilityPrinter.java,org.openrewrite.mainframe.controlcard.utility.internal.UtilityPrinter,visitCompilationUnit,FEATURE_ENVY,LOW,"foreign accesses=7, own accesses=3"
src/main/java/org/openrewrite/mainframe/controlcard/utility/internal/UtilityPrinter.java,org.openrewrite.mainframe.controlcard.utility.internal.UtilityPrinter,visitOperand,FEATURE_ENVY,LOW,"foreign accesses=6, own accesses=2"
src/main/java/org/openrewrite/mainframe/controlcard/utility/internal/grammar/UtilityCardParser.java,org.openrewrite.mainframe.controlcard.utility.internal.grammar.UtilityCardParser,compilationUnit,FEATURE_ENVY,HIGH,"foreign accesses=25, own accesses=6"
src/main/java/org/openrewrite/mainframe/controlcard/utility/internal/grammar/UtilityCardParser.java,org.openrewrite.mainframe.controlcard.utility.internal.grammar.UtilityCardParser,word,FEATURE_ENVY,HIGH,"foreign accesses=24, own accesses=5"
src/main/java/org/openrewrite/mainframe/controlcard/utility/marker/Dialect.java,org.openrewrite.mainframe.controlcard.utility.marker.Dialect,of,FEATURE_ENVY,HIGH,"foreign accesses=16, own accesses=4"
src/main/java/org/openrewrite/mainframe/controlcard/utility/trait/Operands.java,org.openrewrite.mainframe.controlcard.utility.trait.Operands,dialectOf,FEATURE_ENVY,LOW,"foreign accesses=5, own accesses=0"
src/main/java/org/openrewrite/mainframe/controlcard/utility/trait/Operands.java,org.openrewrite.mainframe.controlcard.utility.trait.Operands,lineOf,FEATURE_ENVY,LOW,"foreign accesses=6, own accesses=1"
src/main/java/org/openrewrite/mainframe/controlcard/utility/trait/Operands.java,org.openrewrite.mainframe.controlcard.utility.trait.Operands,namesOf,FEATURE_ENVY,LOW,"foreign accesses=6, own accesses=1"
src/main/java/org/openrewrite/mainframe/controlcard/utility/trait/Operands.java,org.openrewrite.mainframe.controlcard.utility.trait.Operands,unwrapped,FEATURE_ENVY,LOW,"foreign accesses=9, own accesses=0"
src/main/java/org/openrewrite/mainframe/controlcard/utility/trait/Template.java,org.openrewrite.mainframe.controlcard.utility.trait.Template,collectDeclared,FEATURE_ENVY,MEDIUM,"foreign accesses=12, own accesses=1"
src/main/java/org/openrewrite/mainframe/controlcard/utility/trait/Template.java,org.openrewrite.mainframe.controlcard.utility.trait.Template,references,FEATURE_ENVY,MEDIUM,"foreign accesses=13, own accesses=1"
src/main/java/org/openrewrite/mainframe/controlcard/utility/trait/UnloadCommand.java,org.openrewrite.mainframe.controlcard.utility.trait.UnloadCommand,,GOD_CLASS,LOW,"WMC=54, TCC=0.02, ATFD=8"
src/main/java/org/openrewrite/mainframe/controlcard/utility/trait/UnloadCommand.java,org.openrewrite.mainframe.controlcard.utility.trait.UnloadCommand,getFormats,FEATURE_ENVY,LOW,"foreign accesses=6, own accesses=1"
src/main/java/org/openrewrite/mainframe/controlcard/utility/trait/UnloadCommand.java,org.openrewrite.mainframe.controlcard.utility.trait.UnloadCommand,getLoadDdNames,FEATURE_ENVY,LOW,"foreign accesses=7, own accesses=1"
src/main/java/org/openrewrite/mainframe/controlcard/utility/trait/UnloadCommand.java,org.openrewrite.mainframe.controlcard.utility.trait.UnloadCommand,getTables,FEATURE_ENVY,MEDIUM,"foreign accesses=12, own accesses=0"
src/main/java/org/openrewrite/mainframe/controlcard/utility/trait/UnloadCommand.java,org.openrewrite.mainframe.controlcard.utility.trait.UnloadCommand,globals,FEATURE_ENVY,LOW,"foreign accesses=7, own accesses=1"
src/main/java/org/openrewrite/mainframe/controlcard/utility/trait/UtilityStatement.java,org.openrewrite.mainframe.controlcard.utility.trait.UtilityStatement,getKeywords,FEATURE_ENVY,LOW,"foreign accesses=8, own accesses=0"
src/main/java/org/openrewrite/mainframe/controlcard/utility/trait/UtilityStatement.java,org.openrewrite.mainframe.controlcard.utility.trait.UtilityStatement,getObject,FEATURE_ENVY,LOW,"foreign accesses=9, own accesses=0"
src/main/java/org/openrewrite/mainframe/controlcard/utility/trait/UtilityStatement.java,org.openrewrite.mainframe.controlcard.utility.trait.UtilityStatement,getVerb,FEATURE_ENVY,LOW,"foreign accesses=6, own accesses=0"
src/main/java/org/openrewrite/mainframe/controlcard/utility/tree/Words.java,org.openrewrite.mainframe.controlcard.utility.tree.Words,textOf,FEATURE_ENVY,LOW,"foreign accesses=8, own accesses=0"
src/main/java/org/openrewrite/mainframe/controlm/Assertions.java,org.openrewrite.mainframe.controlm.Assertions,controlM,FEATURE_ENVY,LOW,"foreign accesses=5, own accesses=1"
src/main/java/org/openrewrite/mainframe/controlm/ControlMLineReader.java,org.openrewrite.mainframe.controlm.ControlMLineReader,readLines,FEATURE_ENVY,CRITICAL,"foreign accesses=71, own accesses=1"
src/main/java/org/openrewrite/mainframe/controlm/ControlMParser.java,org.openrewrite.mainframe.controlm.ControlMParser,parseInputs,FEATURE_ENVY,CRITICAL,"foreign accesses=38, own accesses=1"
src/main/java/org/openrewrite/mainframe/controlm/ControlMVisitor.java,org.openrewrite.mainframe.controlm.ControlMVisitor,visitApplicationFormSection,FEATURE_ENVY,MEDIUM,"foreign accesses=11, own accesses=1"
src/main/java/org/openrewrite/mainframe/controlm/ControlMVisitor.java,org.openrewrite.mainframe.controlm.ControlMVisitor,visitAttribute,FEATURE_ENVY,MEDIUM,"foreign accesses=14, own accesses=2"
src/main/java/org/openrewrite/mainframe/controlm/ControlMVisitor.java,org.openrewrite.mainframe.controlm.ControlMVisitor,visitCompilationUnit,FEATURE_ENVY,HIGH,"foreign accesses=15, own accesses=2"
src/main/java/org/openrewrite/mainframe/controlm/ControlMVisitor.java,org.openrewrite.mainframe.controlm.ControlMVisitor,visitDefinitionSection,FEATURE_ENVY,MEDIUM,"foreign accesses=11, own accesses=1"
src/main/java/org/openrewrite/mainframe/controlm/ControlMVisitor.java,org.openrewrite.mainframe.controlm.ControlMVisitor,visitDescription,FEATURE_ENVY,MEDIUM,"foreign accesses=11, own accesses=1"
src/main/java/org/openrewrite/mainframe/controlm/ControlMVisitor.java,org.openrewrite.mainframe.controlm.ControlMVisitor,visitDirective,FEATURE_ENVY,LOW,"foreign accesses=7, own accesses=1"
src/main/java/org/openrewrite/mainframe/controlm/ControlMVisitor.java,org.openrewrite.mainframe.controlm.ControlMVisitor,visitElement,FEATURE_ENVY,HIGH,"foreign accesses=24, own accesses=3"
src/main/java/org/openrewrite/mainframe/controlm/ControlMVisitor.java,org.openrewrite.mainframe.controlm.ControlMVisitor,visitInput,FEATURE_ENVY,MEDIUM,"foreign accesses=14, own accesses=1"
src/main/java/org/openrewrite/mainframe/controlm/ControlMVisitor.java,org.openrewrite.mainframe.controlm.ControlMVisitor,visitInputNameParameter,FEATURE_ENVY,MEDIUM,"foreign accesses=13, own accesses=1"
src/main/java/org/openrewrite/mainframe/controlm/ControlMVisitor.java,org.openrewrite.mainframe.controlm.ControlMVisitor,visitInputSection,FEATURE_ENVY,HIGH,"foreign accesses=15, own accesses=1"
src/main/java/org/openrewrite/mainframe/controlm/ControlMVisitor.java,org.openrewrite.mainframe.controlm.ControlMVisitor,visitLeftPadded,FEATURE_ENVY,HIGH,"foreign accesses=15, own accesses=1"
src/main/java/org/openrewrite/mainframe/controlm/ControlMVisitor.java,org.openrewrite.mainframe.controlm.ControlMVisitor,visitLine,FEATURE_ENVY,MEDIUM,"foreign accesses=11, own accesses=1"
src/main/java/org/openrewrite/mainframe/controlm/ControlMVisitor.java,org.openrewrite.mainframe.controlm.ControlMVisitor,visitOutput,FEATURE_ENVY,MEDIUM,"foreign accesses=14, own accesses=1"
src/main/java/org/openrewrite/mainframe/controlm/ControlMVisitor.java,org.openrewrite.mainframe.controlm.ControlMVisitor,visitOutputNameParameter,FEATURE_ENVY,MEDIUM,"foreign accesses=13, own accesses=1"
src/main/java/org/openrewrite/mainframe/controlm/ControlMVisitor.java,org.openrewrite.mainframe.controlm.ControlMVisitor,visitOutputSection,FEATURE_ENVY,HIGH,"foreign accesses=15, own accesses=1"
src/main/java/org/openrewrite/mainframe/controlm/ControlMVisitor.java,org.openrewrite.mainframe.controlm.ControlMVisitor,visitParameter,FEATURE_ENVY,MEDIUM,"foreign accesses=10, own accesses=1"
src/main/java/org/openrewrite/mainframe/controlm/ControlMVisitor.java,org.openrewrite.mainframe.controlm.ControlMVisitor,visitScheduleSection,FEATURE_ENVY,MEDIUM,"foreign accesses=11, own accesses=1"
src/main/java/org/openrewrite/mainframe/controlm/ControlMVisitor.java,org.openrewrite.mainframe.controlm.ControlMVisitor,visitSetVar,FEATURE_ENVY,HIGH,"foreign accesses=16, own accesses=2"
src/main/java/org/openrewrite/mainframe/controlm/ControlMVisitor.java,org.openrewrite.mainframe.controlm.ControlMVisitor,visitWord,FEATURE_ENVY,LOW,"foreign accesses=7, own accesses=1"
src/main/java/org/openrewrite/mainframe/controlm/internal/ControlMParserVisitor.java,org.openrewrite.mainframe.controlm.internal.ControlMParserVisitor,,GOD_CLASS,HIGH,"WMC=75, TCC=0.00, ATFD=154"
src/main/java/org/openrewrite/mainframe/controlm/internal/ControlMParserVisitor.java,org.openrewrite.mainframe.controlm.internal.ControlMParserVisitor,convertAll,FEATURE_ENVY,LOW,"foreign accesses=5, own accesses=0"
src/main/java/org/openrewrite/mainframe/controlm/internal/ControlMParserVisitor.java,org.openrewrite.mainframe.controlm.internal.ControlMParserVisitor,visitAppl,FEATURE_ENVY,LOW,"foreign accesses=8, own accesses=2"
src/main/java/org/openrewrite/mainframe/controlm/internal/ControlMParserVisitor.java,org.openrewrite.mainframe.controlm.internal.ControlMParserVisitor,visitApplLine,FEATURE_ENVY,MEDIUM,"foreign accesses=12, own accesses=4"
src/main/java/org/openrewrite/mainframe/controlm/internal/ControlMParserVisitor.java,org.openrewrite.mainframe.controlm.internal.ControlMParserVisitor,visitApplicationFormLine,FEATURE_ENVY,MEDIUM,"foreign accesses=10, own accesses=4"
src/main/java/org/openrewrite/mainframe/controlm/internal/ControlMParserVisitor.java,org.openrewrite.mainframe.controlm.internal.ControlMParserVisitor,visitCtbSetLine,FEATURE_ENVY,MEDIUM,"foreign accesses=14, own accesses=4"
src/main/java/org/openrewrite/mainframe/controlm/internal/ControlMParserVisitor.java,org.openrewrite.mainframe.controlm.internal.ControlMParserVisitor,visitDate,FEATURE_ENVY,MEDIUM,"foreign accesses=13, own accesses=1"
src/main/java/org/openrewrite/mainframe/controlm/internal/ControlMParserVisitor.java,org.openrewrite.mainframe.controlm.internal.ControlMParserVisitor,visitDefinitionLine,FEATURE_ENVY,CRITICAL,"foreign accesses=37, own accesses=3"
src/main/java/org/openrewrite/mainframe/controlm/internal/ControlMParserVisitor.java,org.openrewrite.mainframe.controlm.internal.ControlMParserVisitor,visitDescLine,FEATURE_ENVY,HIGH,"foreign accesses=18, own accesses=5"
src/main/java/org/openrewrite/mainframe/controlm/internal/ControlMParserVisitor.java,org.openrewrite.mainframe.controlm.internal.ControlMParserVisitor,visitDflt,FEATURE_ENVY,LOW,"foreign accesses=8, own accesses=2"
src/main/java/org/openrewrite/mainframe/controlm/internal/ControlMParserVisitor.java,org.openrewrite.mainframe.controlm.internal.ControlMParserVisitor,visitDocLib,FEATURE_ENVY,LOW,"foreign accesses=8, own accesses=2"
src/main/java/org/openrewrite/mainframe/controlm/internal/ControlMParserVisitor.java,org.openrewrite.mainframe.controlm.internal.ControlMParserVisitor,visitDocLine,FEATURE_ENVY,MEDIUM,"foreign accesses=12, own accesses=4"
src/main/java/org/openrewrite/mainframe/controlm/internal/ControlMParserVisitor.java,org.openrewrite.mainframe.controlm.internal.ControlMParserVisitor,visitDocMem,FEATURE_ENVY,LOW,"foreign accesses=8, own accesses=2"
src/main/java/org/openrewrite/mainframe/controlm/internal/ControlMParserVisitor.java,org.openrewrite.mainframe.controlm.internal.ControlMParserVisitor,visitGroup,FEATURE_ENVY,LOW,"foreign accesses=8, own accesses=2"
src/main/java/org/openrewrite/mainframe/controlm/internal/ControlMParserVisitor.java,org.openrewrite.mainframe.controlm.internal.ControlMParserVisitor,visitInput,FEATURE_ENVY,LOW,"foreign accesses=6, own accesses=2"
src/main/java/org/openrewrite/mainframe/controlm/internal/ControlMParserVisitor.java,org.openrewrite.mainframe.controlm.internal.ControlMParserVisitor,visitInputLine,FEATURE_ENVY,MEDIUM,"foreign accesses=10, own accesses=4"
src/main/java/org/openrewrite/mainframe/controlm/internal/ControlMParserVisitor.java,org.openrewrite.mainframe.controlm.internal.ControlMParserVisitor,visitInputNamesLine,FEATURE_ENVY,MEDIUM,"foreign accesses=11, own accesses=5"
src/main/java/org/openrewrite/mainframe/controlm/internal/ControlMParserVisitor.java,org.openrewrite.mainframe.controlm.internal.ControlMParserVisitor,visitMemLib,FEATURE_ENVY,LOW,"foreign accesses=8, own accesses=2"
src/main/java/org/openrewrite/mainframe/controlm/internal/ControlMParserVisitor.java,org.openrewrite.mainframe.controlm.internal.ControlMParserVisitor,visitMemLine,FEATURE_ENVY,MEDIUM,"foreign accesses=12, own accesses=4"
src/main/java/org/openrewrite/mainframe/controlm/internal/ControlMParserVisitor.java,org.openrewrite.mainframe.controlm.internal.ControlMParserVisitor,visitMemName,FEATURE_ENVY,LOW,"foreign accesses=8, own accesses=2"
src/main/java/org/openrewrite/mainframe/controlm/internal/ControlMParserVisitor.java,org.openrewrite.mainframe.controlm.internal.ControlMParserVisitor,visitNjeNode,FEATURE_ENVY,LOW,"foreign accesses=8, own accesses=2"
src/main/java/org/openrewrite/mainframe/controlm/internal/ControlMParserVisitor.java,org.openrewrite.mainframe.controlm.internal.ControlMParserVisitor,visitOutput,FEATURE_ENVY,LOW,"foreign accesses=6, own accesses=2"
src/main/java/org/openrewrite/mainframe/controlm/internal/ControlMParserVisitor.java,org.openrewrite.mainframe.controlm.internal.ControlMParserVisitor,visitOutputLine,FEATURE_ENVY,MEDIUM,"foreign accesses=10, own accesses=4"
src/main/java/org/openrewrite/mainframe/controlm/internal/ControlMParserVisitor.java,org.openrewrite.mainframe.controlm.internal.ControlMParserVisitor,visitOutputNamesLine,FEATURE_ENVY,MEDIUM,"foreign accesses=11, own accesses=5"
src/main/java/org/openrewrite/mainframe/controlm/internal/ControlMParserVisitor.java,org.openrewrite.mainframe.controlm.internal.ControlMParserVisitor,visitOverlib,FEATURE_ENVY,LOW,"foreign accesses=8, own accesses=2"
src/main/java/org/openrewrite/mainframe/controlm/internal/ControlMParserVisitor.java,org.openrewrite.mainframe.controlm.internal.ControlMParserVisitor,visitOverlibLine,FEATURE_ENVY,MEDIUM,"foreign accesses=12, own accesses=4"
src/main/java/org/openrewrite/mainframe/controlm/internal/ControlMParserVisitor.java,org.openrewrite.mainframe.controlm.internal.ControlMParserVisitor,visitOwner,FEATURE_ENVY,LOW,"foreign accesses=8, own accesses=2"
src/main/java/org/openrewrite/mainframe/controlm/internal/ControlMParserVisitor.java,org.openrewrite.mainframe.controlm.internal.ControlMParserVisitor,visitOwnerLine,FEATURE_ENVY,MEDIUM,"foreign accesses=14, own accesses=4"
src/main/java/org/openrewrite/mainframe/controlm/internal/ControlMParserVisitor.java,org.openrewrite.mainframe.controlm.internal.ControlMParserVisitor,visitPreventNc2,FEATURE_ENVY,LOW,"foreign accesses=8, own accesses=2"
src/main/java/org/openrewrite/mainframe/controlm/internal/ControlMParserVisitor.java,org.openrewrite.mainframe.controlm.internal.ControlMParserVisitor,visitScheduleLine,FEATURE_ENVY,MEDIUM,"foreign accesses=10, own accesses=4"
src/main/java/org/openrewrite/mainframe/controlm/internal/ControlMParserVisitor.java,org.openrewrite.mainframe.controlm.internal.ControlMParserVisitor,visitSchenv,FEATURE_ENVY,LOW,"foreign accesses=8, own accesses=2"
src/main/java/org/openrewrite/mainframe/controlm/internal/ControlMParserVisitor.java,org.openrewrite.mainframe.controlm.internal.ControlMParserVisitor,visitSchenvLine,FEATURE_ENVY,MEDIUM,"foreign accesses=13, own accesses=4"
src/main/java/org/openrewrite/mainframe/controlm/internal/ControlMParserVisitor.java,org.openrewrite.mainframe.controlm.internal.ControlMParserVisitor,visitSetVarLine,FEATURE_ENVY,CRITICAL,"foreign accesses=35, own accesses=7"
src/main/java/org/openrewrite/mainframe/controlm/internal/ControlMParserVisitor.java,org.openrewrite.mainframe.controlm.internal.ControlMParserVisitor,visitStatCal,FEATURE_ENVY,LOW,"foreign accesses=8, own accesses=2"
src/main/java/org/openrewrite/mainframe/controlm/internal/ControlMParserVisitor.java,org.openrewrite.mainframe.controlm.internal.ControlMParserVisitor,visitSystemId,FEATURE_ENVY,LOW,"foreign accesses=8, own accesses=2"
src/main/java/org/openrewrite/mainframe/controlm/internal/ControlMParserVisitor.java,org.openrewrite.mainframe.controlm.internal.ControlMParserVisitor,visitTaskType,FEATURE_ENVY,LOW,"foreign accesses=8, own accesses=2"
src/main/java/org/openrewrite/mainframe/controlm/internal/ControlMParserVisitor.java,org.openrewrite.mainframe.controlm.internal.ControlMParserVisitor,visitTerminal,FEATURE_ENVY,LOW,"foreign accesses=7, own accesses=1"
src/main/java/org/openrewrite/mainframe/controlm/internal/ControlMPrinter.java,org.openrewrite.mainframe.controlm.internal.ControlMPrinter,afterSyntax,FEATURE_ENVY,HIGH,"foreign accesses=16, own accesses=2"
src/main/java/org/openrewrite/mainframe/controlm/internal/ControlMPrinter.java,org.openrewrite.mainframe.controlm.internal.ControlMPrinter,beforeSyntax,FEATURE_ENVY,HIGH,"foreign accesses=24, own accesses=4"
src/main/java/org/openrewrite/mainframe/controlm/internal/ControlMPrinter.java,org.openrewrite.mainframe.controlm.internal.ControlMPrinter,visitApplicationFormSection,FEATURE_ENVY,LOW,"foreign accesses=5, own accesses=2"
src/main/java/org/openrewrite/mainframe/controlm/internal/ControlMPrinter.java,org.openrewrite.mainframe.controlm.internal.ControlMPrinter,visitAttribute,FEATURE_ENVY,MEDIUM,"foreign accesses=10, own accesses=3"
src/main/java/org/openrewrite/mainframe/controlm/internal/ControlMPrinter.java,org.openrewrite.mainframe.controlm.internal.ControlMPrinter,visitCompilationUnit,FEATURE_ENVY,LOW,"foreign accesses=7, own accesses=3"
src/main/java/org/openrewrite/mainframe/controlm/internal/ControlMPrinter.java,org.openrewrite.mainframe.controlm.internal.ControlMPrinter,visitDefinitionSection,FEATURE_ENVY,LOW,"foreign accesses=5, own accesses=2"
src/main/java/org/openrewrite/mainframe/controlm/internal/ControlMPrinter.java,org.openrewrite.mainframe.controlm.internal.ControlMPrinter,visitDescription,FEATURE_ENVY,LOW,"foreign accesses=6, own accesses=2"
src/main/java/org/openrewrite/mainframe/controlm/internal/ControlMPrinter.java,org.openrewrite.mainframe.controlm.internal.ControlMPrinter,visitElement,FEATURE_ENVY,HIGH,"foreign accesses=22, own accesses=4"
src/main/java/org/openrewrite/mainframe/controlm/internal/ControlMPrinter.java,org.openrewrite.mainframe.controlm.internal.ControlMPrinter,visitInput,FEATURE_ENVY,LOW,"foreign accesses=6, own accesses=2"
src/main/java/org/openrewrite/mainframe/controlm/internal/ControlMPrinter.java,org.openrewrite.mainframe.controlm.internal.ControlMPrinter,visitInputNameParameter,FEATURE_ENVY,LOW,"foreign accesses=6, own accesses=2"
src/main/java/org/openrewrite/mainframe/controlm/internal/ControlMPrinter.java,org.openrewrite.mainframe.controlm.internal.ControlMPrinter,visitInputSection,FEATURE_ENVY,LOW,"foreign accesses=7, own accesses=2"
src/main/java/org/openrewrite/mainframe/controlm/internal/ControlMPrinter.java,org.openrewrite.mainframe.controlm.internal.ControlMPrinter,visitLeftPadded,FEATURE_ENVY,LOW,"foreign accesses=7, own accesses=2"
src/main/java/org/openrewrite/mainframe/controlm/internal/ControlMPrinter.java,org.openrewrite.mainframe.controlm.internal.ControlMPrinter,visitOutput,FEATURE_ENVY,LOW,"foreign accesses=6, own accesses=2"
src/main/java/org/openrewrite/mainframe/controlm/internal/ControlMPrinter.java,org.openrewrite.mainframe.controlm.internal.ControlMPrinter,visitOutputNameParameter,FEATURE_ENVY,LOW,"foreign accesses=6, own accesses=2"
src/main/java/org/openrewrite/mainframe/controlm/internal/ControlMPrinter.java,org.openrewrite.mainframe.controlm.internal.ControlMPrinter,visitOutputSection,FEATURE_ENVY,LOW,"foreign accesses=7, own accesses=2"
src/main/java/org/openrewrite/mainframe/controlm/internal/ControlMPrinter.java,org.openrewrite.mainframe.controlm.internal.ControlMPrinter,visitParameter,FEATURE_ENVY,LOW,"foreign accesses=6, own accesses=2"
src/main/java/org/openrewrite/mainframe/controlm/internal/ControlMPrinter.java,org.openrewrite.mainframe.controlm.internal.ControlMPrinter,visitScheduleSection,FEATURE_ENVY,LOW,"foreign accesses=5, own accesses=2"
src/main/java/org/openrewrite/mainframe/controlm/internal/ControlMPrinter.java,org.openrewrite.mainframe.controlm.internal.ControlMPrinter,visitSetVar,FEATURE_ENVY,MEDIUM,"foreign accesses=10, own accesses=3"
src/main/java/org/openrewrite/mainframe/controlm/internal/grammar/ControlMParser.java,org.openrewrite.mainframe.controlm.internal.grammar.ControlMParser,,GOD_CLASS,HIGH,"WMC=176, TCC=0.01, ATFD=339"
src/main/java/org/openrewrite/mainframe/controlm/internal/grammar/ControlMParser.java,org.openrewrite.mainframe.controlm.internal.grammar.ControlMParser,appl,FEATURE_ENVY,HIGH,"foreign accesses=19, own accesses=6"
src/main/java/org/openrewrite/mainframe/controlm/internal/grammar/ControlMParser.java,org.openrewrite.mainframe.controlm.internal.grammar.ControlMParser,applLine,FEATURE_ENVY,MEDIUM,"foreign accesses=13, own accesses=5"
src/main/java/org/openrewrite/mainframe/controlm/internal/grammar/ControlMParser.java,org.openrewrite.mainframe.controlm.internal.grammar.ControlMParser,applicationFormLine,FEATURE_ENVY,HIGH,"foreign accesses=26, own accesses=8"
src/main/java/org/openrewrite/mainframe/controlm/internal/grammar/ControlMParser.java,org.openrewrite.mainframe.controlm.internal.grammar.ControlMParser,applicationFormSection,FEATURE_ENVY,HIGH,"foreign accesses=24, own accesses=8"
src/main/java/org/openrewrite/mainframe/controlm/internal/grammar/ControlMParser.java,org.openrewrite.mainframe.controlm.internal.grammar.ControlMParser,compilationUnit,FEATURE_ENVY,HIGH,"foreign accesses=24, own accesses=10"
src/main/java/org/openrewrite/mainframe/controlm/internal/grammar/ControlMParser.java,org.openrewrite.mainframe.controlm.internal.grammar.ControlMParser,ctbSetLine,FEATURE_ENVY,HIGH,"foreign accesses=18, own accesses=7"
src/main/java/org/openrewrite/mainframe/controlm/internal/grammar/ControlMParser.java,org.openrewrite.mainframe.controlm.internal.grammar.ControlMParser,date,FEATURE_ENVY,CRITICAL,"foreign accesses=32, own accesses=9"
src/main/java/org/openrewrite/mainframe/controlm/internal/grammar/ControlMParser.java,org.openrewrite.mainframe.controlm.internal.grammar.ControlMParser,dateParam,FEATURE_ENVY,HIGH,"foreign accesses=24, own accesses=5"
src/main/java/org/openrewrite/mainframe/controlm/internal/grammar/ControlMParser.java,org.openrewrite.mainframe.controlm.internal.grammar.ControlMParser,definitionSection,FEATURE_ENVY,HIGH,"foreign accesses=24, own accesses=8"
src/main/java/org/openrewrite/mainframe/controlm/internal/grammar/ControlMParser.java,org.openrewrite.mainframe.controlm.internal.grammar.ControlMParser,descLine,FEATURE_ENVY,HIGH,"foreign accesses=25, own accesses=8"
src/main/java/org/openrewrite/mainframe/controlm/internal/grammar/ControlMParser.java,org.openrewrite.mainframe.controlm.internal.grammar.ControlMParser,dflt,FEATURE_ENVY,HIGH,"foreign accesses=19, own accesses=6"
src/main/java/org/openrewrite/mainframe/controlm/internal/grammar/ControlMParser.java,org.openrewrite.mainframe.controlm.internal.grammar.ControlMParser,docLib,FEATURE_ENVY,HIGH,"foreign accesses=19, own accesses=6"
src/main/java/org/openrewrite/mainframe/controlm/internal/grammar/ControlMParser.java,org.openrewrite.mainframe.controlm.internal.grammar.ControlMParser,docLine,FEATURE_ENVY,MEDIUM,"foreign accesses=13, own accesses=5"
src/main/java/org/openrewrite/mainframe/controlm/internal/grammar/ControlMParser.java,org.openrewrite.mainframe.controlm.internal.grammar.ControlMParser,docMem,FEATURE_ENVY,HIGH,"foreign accesses=19, own accesses=6"
src/main/java/org/openrewrite/mainframe/controlm/internal/grammar/ControlMParser.java,org.openrewrite.mainframe.controlm.internal.grammar.ControlMParser,group,FEATURE_ENVY,HIGH,"foreign accesses=19, own accesses=6"
src/main/java/org/openrewrite/mainframe/controlm/internal/grammar/ControlMParser.java,org.openrewrite.mainframe.controlm.internal.grammar.ControlMParser,input,FEATURE_ENVY,HIGH,"foreign accesses=18, own accesses=6"
src/main/java/org/openrewrite/mainframe/controlm/internal/grammar/ControlMParser.java,org.openrewrite.mainframe.controlm.internal.grammar.ControlMParser,inputLine,FEATURE_ENVY,HIGH,"foreign accesses=26, own accesses=8"
src/main/java/org/openrewrite/mainframe/controlm/internal/grammar/ControlMParser.java,org.openrewrite.mainframe.controlm.internal.grammar.ControlMParser,inputNamesLine,FEATURE_ENVY,CRITICAL,"foreign accesses=33, own accesses=11"
src/main/java/org/openrewrite/mainframe/controlm/internal/grammar/ControlMParser.java,org.openrewrite.mainframe.controlm.internal.grammar.ControlMParser,inputSection,FEATURE_ENVY,CRITICAL,"foreign accesses=35, own accesses=12"
src/main/java/org/openrewrite/mainframe/controlm/internal/grammar/ControlMParser.java,org.openrewrite.mainframe.controlm.internal.grammar.ControlMParser,memLib,FEATURE_ENVY,HIGH,"foreign accesses=19, own accesses=6"
src/main/java/org/openrewrite/mainframe/controlm/internal/grammar/ControlMParser.java,org.openrewrite.mainframe.controlm.internal.grammar.ControlMParser,memLine,FEATURE_ENVY,MEDIUM,"foreign accesses=13, own accesses=5"
src/main/java/org/openrewrite/mainframe/controlm/internal/grammar/ControlMParser.java,org.openrewrite.mainframe.controlm.internal.grammar.ControlMParser,memName,FEATURE_ENVY,HIGH,"foreign accesses=19, own accesses=6"
src/main/java/org/openrewrite/mainframe/controlm/internal/grammar/ControlMParser.java,org.openrewrite.mainframe.controlm.internal.grammar.ControlMParser,name,FEATURE_ENVY,HIGH,"foreign accesses=24, own accesses=5"
src/main/java/org/openrewrite/mainframe/controlm/internal/grammar/ControlMParser.java,org.openrewrite.mainframe.controlm.internal.grammar.ControlMParser,njeNode,FEATURE_ENVY,HIGH,"foreign accesses=19, own accesses=6"
src/main/java/org/openrewrite/mainframe/controlm/internal/grammar/ControlMParser.java,org.openrewrite.mainframe.controlm.internal.grammar.ControlMParser,output,FEATURE_ENVY,HIGH,"foreign accesses=18, own accesses=6"
src/main/java/org/openrewrite/mainframe/controlm/internal/grammar/ControlMParser.java,org.openrewrite.mainframe.controlm.internal.grammar.ControlMParser,outputLine,FEATURE_ENVY,HIGH,"foreign accesses=26, own accesses=8"
src/main/java/org/openrewrite/mainframe/controlm/internal/grammar/ControlMParser.java,org.openrewrite.mainframe.controlm.internal.grammar.ControlMParser,outputNamesLine,FEATURE_ENVY,CRITICAL,"foreign accesses=33, own accesses=11"
src/main/java/org/openrewrite/mainframe/controlm/internal/grammar/ControlMParser.java,org.openrewrite.mainframe.controlm.internal.grammar.ControlMParser,outputSection,FEATURE_ENVY,CRITICAL,"foreign accesses=35, own accesses=12"
src/main/java/org/openrewrite/mainframe/controlm/internal/grammar/ControlMParser.java,org.openrewrite.mainframe.controlm.internal.grammar.ControlMParser,overlib,FEATURE_ENVY,HIGH,"foreign accesses=19, own accesses=6"
src/main/java/org/openrewrite/mainframe/controlm/internal/grammar/ControlMParser.java,org.openrewrite.mainframe.controlm.internal.grammar.ControlMParser,overlibLine,FEATURE_ENVY,MEDIUM,"foreign accesses=13, own accesses=5"
src/main/java/org/openrewrite/mainframe/controlm/internal/grammar/ControlMParser.java,org.openrewrite.mainframe.controlm.internal.grammar.ControlMParser,owner,FEATURE_ENVY,HIGH,"foreign accesses=19, own accesses=6"
src/main/java/org/openrewrite/mainframe/controlm/internal/grammar/ControlMParser.java,org.openrewrite.mainframe.controlm.internal.grammar.ControlMParser,ownerLine,FEATURE_ENVY,HIGH,"foreign accesses=15, own accesses=7"
src/main/java/org/openrewrite/mainframe/controlm/internal/grammar/ControlMParser.java,org.openrewrite.mainframe.controlm.internal.grammar.ControlMParser,preventNc2,FEATURE_ENVY,HIGH,"foreign accesses=19, own accesses=6"
src/main/java/org/openrewrite/mainframe/controlm/internal/grammar/ControlMParser.java,org.openrewrite.mainframe.controlm.internal.grammar.ControlMParser,scheduleLine,FEATURE_ENVY,HIGH,"foreign accesses=26, own accesses=8"
src/main/java/org/openrewrite/mainframe/controlm/internal/grammar/ControlMParser.java,org.openrewrite.mainframe.controlm.internal.grammar.ControlMParser,scheduleSection,FEATURE_ENVY,HIGH,"foreign accesses=24, own accesses=8"
src/main/java/org/openrewrite/mainframe/controlm/internal/grammar/ControlMParser.java,org.openrewrite.mainframe.controlm.internal.grammar.ControlMParser,schenv,FEATURE_ENVY,HIGH,"foreign accesses=19, own accesses=6"
src/main/java/org/openrewrite/mainframe/controlm/internal/grammar/ControlMParser.java,org.openrewrite.mainframe.controlm.internal.grammar.ControlMParser,schenvLine,FEATURE_ENVY,MEDIUM,"foreign accesses=14, own accesses=6"
src/main/java/org/openrewrite/mainframe/controlm/internal/grammar/ControlMParser.java,org.openrewrite.mainframe.controlm.internal.grammar.ControlMParser,setVarLine,FEATURE_ENVY,CRITICAL,"foreign accesses=33, own accesses=11"
src/main/java/org/openrewrite/mainframe/controlm/internal/grammar/ControlMParser.java,org.openrewrite.mainframe.controlm.internal.grammar.ControlMParser,statCal,FEATURE_ENVY,HIGH,"foreign accesses=19, own accesses=6"
src/main/java/org/openrewrite/mainframe/controlm/internal/grammar/ControlMParser.java,org.openrewrite.mainframe.controlm.internal.grammar.ControlMParser,systemId,FEATURE_ENVY,HIGH,"foreign accesses=19, own accesses=6"
src/main/java/org/openrewrite/mainframe/controlm/internal/grammar/ControlMParser.java,org.openrewrite.mainframe.controlm.internal.grammar.ControlMParser,taskType,FEATURE_ENVY,HIGH,"foreign accesses=19, own accesses=6"
src/main/java/org/openrewrite/mainframe/controlm/trait/Calendar.java,org.openrewrite.mainframe.controlm.trait.Calendar,getDays,FEATURE_ENVY,MEDIUM,"foreign accesses=11, own accesses=3"
src/main/java/org/openrewrite/mainframe/controlm/trait/CalendarReference.java,org.openrewrite.mainframe.controlm.trait.CalendarReference,kindOf,FEATURE_ENVY,LOW,"foreign accesses=9, own accesses=0"
src/main/java/org/openrewrite/mainframe/controlm/trait/CalendarReference.java,org.openrewrite.mainframe.controlm.trait.CalendarReference,valueAfter,FEATURE_ENVY,MEDIUM,"foreign accesses=14, own accesses=0"
src/main/java/org/openrewrite/mainframe/controlm/trait/OutCondition.java,org.openrewrite.mainframe.controlm.trait.OutCondition,getSign,FEATURE_ENVY,LOW,"foreign accesses=5, own accesses=1"
src/main/java/org/openrewrite/mainframe/controlm/trait/OutCondition.java,org.openrewrite.mainframe.controlm.trait.OutCondition,sign,FEATURE_ENVY,LOW,"foreign accesses=6, own accesses=2"
src/main/java/org/openrewrite/mainframe/controlm/trait/ScheduledJob.java,org.openrewrite.mainframe.controlm.trait.ScheduledJob,,GOD_CLASS,LOW,"WMC=49, TCC=0.14, ATFD=6"
src/main/java/org/openrewrite/mainframe/controlm/trait/ScheduledJob.java,org.openrewrite.mainframe.controlm.trait.ScheduledJob,getCalendarReferences,FEATURE_ENVY,MEDIUM,"foreign accesses=11, own accesses=4"
src/main/java/org/openrewrite/mainframe/controlm/trait/ScheduledJob.java,org.openrewrite.mainframe.controlm.trait.ScheduledJob,getGroup,FEATURE_ENVY,LOW,"foreign accesses=7, own accesses=3"
src/main/java/org/openrewrite/mainframe/controlm/trait/ScheduledJob.java,org.openrewrite.mainframe.controlm.trait.ScheduledJob,getInConditions,FEATURE_ENVY,MEDIUM,"foreign accesses=10, own accesses=4"
src/main/java/org/openrewrite/mainframe/controlm/trait/ScheduledJob.java,org.openrewrite.mainframe.controlm.trait.ScheduledJob,getOutConditions,FEATURE_ENVY,MEDIUM,"foreign accesses=10, own accesses=4"
src/main/java/org/openrewrite/mainframe/controlm/trait/Schedules.java,org.openrewrite.mainframe.controlm.trait.Schedules,panelDescription,FEATURE_ENVY,LOW,"foreign accesses=9, own accesses=0"
src/main/java/org/openrewrite/mainframe/controlm/trait/Schedules.java,org.openrewrite.mainframe.controlm.trait.Schedules,panelValue,FEATURE_ENVY,LOW,"foreign accesses=6, own accesses=0"
src/main/java/org/openrewrite/mainframe/controlm/trait/Schedules.java,org.openrewrite.mainframe.controlm.trait.Schedules,sectionOf,FEATURE_ENVY,LOW,"foreign accesses=5, own accesses=0"
src/main/java/org/openrewrite/mainframe/controlm/trait/Schedules.java,org.openrewrite.mainframe.controlm.trait.Schedules,triggersAmong,FEATURE_ENVY,MEDIUM,"foreign accesses=14, own accesses=0"
src/main/java/org/openrewrite/mainframe/db2/Assertions.java,org.openrewrite.mainframe.db2.Assertions,db2,FEATURE_ENVY,LOW,"foreign accesses=6, own accesses=1"
src/main/java/org/openrewrite/mainframe/db2/Assertions.java,org.openrewrite.mainframe.db2.Assertions,db2,FEATURE_ENVY,LOW,"foreign accesses=5, own accesses=1"
src/main/java/org/openrewrite/mainframe/db2/Db2Parser.java,org.openrewrite.mainframe.db2.Db2Parser,parse,FEATURE_ENVY,LOW,"foreign accesses=7, own accesses=0"
src/main/java/org/openrewrite/mainframe/db2/Db2Parser.java,org.openrewrite.mainframe.db2.Db2Parser,parseInputs,FEATURE_ENVY,HIGH,"foreign accesses=26, own accesses=2"
src/main/java/org/openrewrite/mainframe/db2/Db2Visitor.java,org.openrewrite.mainframe.db2.Db2Visitor,,GOD_CLASS,HIGH,"WMC=96, TCC=0.00, ATFD=132"
src/main/java/org/openrewrite/mainframe/db2/Db2Visitor.java,org.openrewrite.mainframe.db2.Db2Visitor,visitAlterDatabase,FEATURE_ENVY,HIGH,"foreign accesses=18, own accesses=1"
src/main/java/org/openrewrite/mainframe/db2/Db2Visitor.java,org.openrewrite.mainframe.db2.Db2Visitor,visitAlterFunction,FEATURE_ENVY,HIGH,"foreign accesses=24, own accesses=2"
src/main/java/org/openrewrite/mainframe/db2/Db2Visitor.java,org.openrewrite.mainframe.db2.Db2Visitor,visitAlterIndex,FEATURE_ENVY,HIGH,"foreign accesses=18, own accesses=1"
src/main/java/org/openrewrite/mainframe/db2/Db2Visitor.java,org.openrewrite.mainframe.db2.Db2Visitor,visitAlterMask,FEATURE_ENVY,HIGH,"foreign accesses=18, own accesses=1"
src/main/java/org/openrewrite/mainframe/db2/Db2Visitor.java,org.openrewrite.mainframe.db2.Db2Visitor,visitAlterPermission,FEATURE_ENVY,HIGH,"foreign accesses=18, own accesses=1"
src/main/java/org/openrewrite/mainframe/db2/Db2Visitor.java,org.openrewrite.mainframe.db2.Db2Visitor,visitAlterProcedure,FEATURE_ENVY,HIGH,"foreign accesses=24, own accesses=2"
src/main/java/org/openrewrite/mainframe/db2/Db2Visitor.java,org.openrewrite.mainframe.db2.Db2Visitor,visitAlterSequence,FEATURE_ENVY,HIGH,"foreign accesses=18, own accesses=1"
src/main/java/org/openrewrite/mainframe/db2/Db2Visitor.java,org.openrewrite.mainframe.db2.Db2Visitor,visitAlterStogroup,FEATURE_ENVY,HIGH,"foreign accesses=18, own accesses=1"
src/main/java/org/openrewrite/mainframe/db2/Db2Visitor.java,org.openrewrite.mainframe.db2.Db2Visitor,visitAlterTable,FEATURE_ENVY,HIGH,"foreign accesses=18, own accesses=1"
src/main/java/org/openrewrite/mainframe/db2/Db2Visitor.java,org.openrewrite.mainframe.db2.Db2Visitor,visitAlterTablespace,FEATURE_ENVY,HIGH,"foreign accesses=26, own accesses=1"
src/main/java/org/openrewrite/mainframe/db2/Db2Visitor.java,org.openrewrite.mainframe.db2.Db2Visitor,visitAlterTrigger,FEATURE_ENVY,HIGH,"foreign accesses=18, own accesses=1"
src/main/java/org/openrewrite/mainframe/db2/Db2Visitor.java,org.openrewrite.mainframe.db2.Db2Visitor,visitAlterTrustedContext,FEATURE_ENVY,HIGH,"foreign accesses=18, own accesses=1"
src/main/java/org/openrewrite/mainframe/db2/Db2Visitor.java,org.openrewrite.mainframe.db2.Db2Visitor,visitAlterView,FEATURE_ENVY,HIGH,"foreign accesses=18, own accesses=1"
src/main/java/org/openrewrite/mainframe/db2/Db2Visitor.java,org.openrewrite.mainframe.db2.Db2Visitor,visitBlock,FEATURE_ENVY,HIGH,"foreign accesses=23, own accesses=1"
src/main/java/org/openrewrite/mainframe/db2/Db2Visitor.java,org.openrewrite.mainframe.db2.Db2Visitor,visitColumnDefinition,FEATURE_ENVY,HIGH,"foreign accesses=17, own accesses=1"
src/main/java/org/openrewrite/mainframe/db2/Db2Visitor.java,org.openrewrite.mainframe.db2.Db2Visitor,visitComment,FEATURE_ENVY,HIGH,"foreign accesses=16, own accesses=2"
src/main/java/org/openrewrite/mainframe/db2/Db2Visitor.java,org.openrewrite.mainframe.db2.Db2Visitor,visitCommit,FEATURE_ENVY,MEDIUM,"foreign accesses=11, own accesses=1"
src/main/java/org/openrewrite/mainframe/db2/Db2Visitor.java,org.openrewrite.mainframe.db2.Db2Visitor,visitConstraint,FEATURE_ENVY,CRITICAL,"foreign accesses=41, own accesses=3"
src/main/java/org/openrewrite/mainframe/db2/Db2Visitor.java,org.openrewrite.mainframe.db2.Db2Visitor,visitContainer,FEATURE_ENVY,MEDIUM,"foreign accesses=12, own accesses=2"
src/main/java/org/openrewrite/mainframe/db2/Db2Visitor.java,org.openrewrite.mainframe.db2.Db2Visitor,visitCreateAlias,FEATURE_ENVY,HIGH,"foreign accesses=16, own accesses=2"
src/main/java/org/openrewrite/mainframe/db2/Db2Visitor.java,org.openrewrite.mainframe.db2.Db2Visitor,visitCreateAuxiliaryTable,FEATURE_ENVY,HIGH,"foreign accesses=18, own accesses=1"
src/main/java/org/openrewrite/mainframe/db2/Db2Visitor.java,org.openrewrite.mainframe.db2.Db2Visitor,visitCreateDatabase,FEATURE_ENVY,HIGH,"foreign accesses=18, own accesses=1"
src/main/java/org/openrewrite/mainframe/db2/Db2Visitor.java,org.openrewrite.mainframe.db2.Db2Visitor,visitCreateFunction,FEATURE_ENVY,HIGH,"foreign accesses=24, own accesses=2"
src/main/java/org/openrewrite/mainframe/db2/Db2Visitor.java,org.openrewrite.mainframe.db2.Db2Visitor,visitCreateIndex,FEATURE_ENVY,HIGH,"foreign accesses=26, own accesses=2"
src/main/java/org/openrewrite/mainframe/db2/Db2Visitor.java,org.openrewrite.mainframe.db2.Db2Visitor,visitCreateMask,FEATURE_ENVY,HIGH,"foreign accesses=21, own accesses=1"
src/main/java/org/openrewrite/mainframe/db2/Db2Visitor.java,org.openrewrite.mainframe.db2.Db2Visitor,visitCreatePermission,FEATURE_ENVY,HIGH,"foreign accesses=21, own accesses=1"
src/main/java/org/openrewrite/mainframe/db2/Db2Visitor.java,org.openrewrite.mainframe.db2.Db2Visitor,visitCreateProcedure,FEATURE_ENVY,HIGH,"foreign accesses=24, own accesses=2"
src/main/java/org/openrewrite/mainframe/db2/Db2Visitor.java,org.openrewrite.mainframe.db2.Db2Visitor,visitCreateRole,FEATURE_ENVY,MEDIUM,"foreign accesses=14, own accesses=1"
src/main/java/org/openrewrite/mainframe/db2/Db2Visitor.java,org.openrewrite.mainframe.db2.Db2Visitor,visitCreateSequence,FEATURE_ENVY,HIGH,"foreign accesses=21, own accesses=2"
src/main/java/org/openrewrite/mainframe/db2/Db2Visitor.java,org.openrewrite.mainframe.db2.Db2Visitor,visitCreateStogroup,FEATURE_ENVY,HIGH,"foreign accesses=18, own accesses=1"
src/main/java/org/openrewrite/mainframe/db2/Db2Visitor.java,org.openrewrite.mainframe.db2.Db2Visitor,visitCreateSynonym,FEATURE_ENVY,HIGH,"foreign accesses=16, own accesses=2"
src/main/java/org/openrewrite/mainframe/db2/Db2Visitor.java,org.openrewrite.mainframe.db2.Db2Visitor,visitCreateTable,FEATURE_ENVY,HIGH,"foreign accesses=21, own accesses=1"
src/main/java/org/openrewrite/mainframe/db2/Db2Visitor.java,org.openrewrite.mainframe.db2.Db2Visitor,visitCreateTablespace,FEATURE_ENVY,HIGH,"foreign accesses=26, own accesses=1"
src/main/java/org/openrewrite/mainframe/db2/Db2Visitor.java,org.openrewrite.mainframe.db2.Db2Visitor,visitCreateTrigger,FEATURE_ENVY,HIGH,"foreign accesses=29, own accesses=1"
src/main/java/org/openrewrite/mainframe/db2/Db2Visitor.java,org.openrewrite.mainframe.db2.Db2Visitor,visitCreateTrustedContext,FEATURE_ENVY,HIGH,"foreign accesses=18, own accesses=1"
src/main/java/org/openrewrite/mainframe/db2/Db2Visitor.java,org.openrewrite.mainframe.db2.Db2Visitor,visitCreateType,FEATURE_ENVY,HIGH,"foreign accesses=20, own accesses=2"
src/main/java/org/openrewrite/mainframe/db2/Db2Visitor.java,org.openrewrite.mainframe.db2.Db2Visitor,visitCreateVariable,FEATURE_ENVY,HIGH,"foreign accesses=21, own accesses=1"
src/main/java/org/openrewrite/mainframe/db2/Db2Visitor.java,org.openrewrite.mainframe.db2.Db2Visitor,visitCreateView,FEATURE_ENVY,HIGH,"foreign accesses=23, own accesses=3"
src/main/java/org/openrewrite/mainframe/db2/Db2Visitor.java,org.openrewrite.mainframe.db2.Db2Visitor,visitDataType,FEATURE_ENVY,HIGH,"foreign accesses=17, own accesses=2"
src/main/java/org/openrewrite/mainframe/db2/Db2Visitor.java,org.openrewrite.mainframe.db2.Db2Visitor,visitDdl,FEATURE_ENVY,HIGH,"foreign accesses=16, own accesses=3"
src/main/java/org/openrewrite/mainframe/db2/Db2Visitor.java,org.openrewrite.mainframe.db2.Db2Visitor,visitDeclareGlobalTemporaryTable,FEATURE_ENVY,HIGH,"foreign accesses=21, own accesses=1"
src/main/java/org/openrewrite/mainframe/db2/Db2Visitor.java,org.openrewrite.mainframe.db2.Db2Visitor,visitDrop,FEATURE_ENVY,HIGH,"foreign accesses=18, own accesses=1"
src/main/java/org/openrewrite/mainframe/db2/Db2Visitor.java,org.openrewrite.mainframe.db2.Db2Visitor,visitEmpty,FEATURE_ENVY,LOW,"foreign accesses=7, own accesses=1"
src/main/java/org/openrewrite/mainframe/db2/Db2Visitor.java,org.openrewrite.mainframe.db2.Db2Visitor,visitGrant,FEATURE_ENVY,HIGH,"foreign accesses=29, own accesses=4"
src/main/java/org/openrewrite/mainframe/db2/Db2Visitor.java,org.openrewrite.mainframe.db2.Db2Visitor,visitIndexKey,FEATURE_ENVY,MEDIUM,"foreign accesses=14, own accesses=1"
src/main/java/org/openrewrite/mainframe/db2/Db2Visitor.java,org.openrewrite.mainframe.db2.Db2Visitor,visitInsert,FEATURE_ENVY,HIGH,"foreign accesses=19, own accesses=3"
src/main/java/org/openrewrite/mainframe/db2/Db2Visitor.java,org.openrewrite.mainframe.db2.Db2Visitor,visitKeyword,FEATURE_ENVY,LOW,"foreign accesses=7, own accesses=1"
src/main/java/org/openrewrite/mainframe/db2/Db2Visitor.java,org.openrewrite.mainframe.db2.Db2Visitor,visitLabel,FEATURE_ENVY,HIGH,"foreign accesses=16, own accesses=2"
src/main/java/org/openrewrite/mainframe/db2/Db2Visitor.java,org.openrewrite.mainframe.db2.Db2Visitor,visitLeftPadded,FEATURE_ENVY,MEDIUM,"foreign accesses=11, own accesses=1"
src/main/java/org/openrewrite/mainframe/db2/Db2Visitor.java,org.openrewrite.mainframe.db2.Db2Visitor,visitLockTable,FEATURE_ENVY,MEDIUM,"foreign accesses=14, own accesses=1"
src/main/java/org/openrewrite/mainframe/db2/Db2Visitor.java,org.openrewrite.mainframe.db2.Db2Visitor,visitName,FEATURE_ENVY,MEDIUM,"foreign accesses=11, own accesses=1"
src/main/java/org/openrewrite/mainframe/db2/Db2Visitor.java,org.openrewrite.mainframe.db2.Db2Visitor,visitOption,FEATURE_ENVY,HIGH,"foreign accesses=15, own accesses=1"
src/main/java/org/openrewrite/mainframe/db2/Db2Visitor.java,org.openrewrite.mainframe.db2.Db2Visitor,visitParameter,FEATURE_ENVY,HIGH,"foreign accesses=18, own accesses=1"
src/main/java/org/openrewrite/mainframe/db2/Db2Visitor.java,org.openrewrite.mainframe.db2.Db2Visitor,visitQuery,FEATURE_ENVY,MEDIUM,"foreign accesses=11, own accesses=1"
src/main/java/org/openrewrite/mainframe/db2/Db2Visitor.java,org.openrewrite.mainframe.db2.Db2Visitor,visitReleaseSavepoint,FEATURE_ENVY,MEDIUM,"foreign accesses=14, own accesses=1"
src/main/java/org/openrewrite/mainframe/db2/Db2Visitor.java,org.openrewrite.mainframe.db2.Db2Visitor,visitRename,FEATURE_ENVY,HIGH,"foreign accesses=16, own accesses=2"
src/main/java/org/openrewrite/mainframe/db2/Db2Visitor.java,org.openrewrite.mainframe.db2.Db2Visitor,visitRevoke,FEATURE_ENVY,HIGH,"foreign accesses=29, own accesses=4"
src/main/java/org/openrewrite/mainframe/db2/Db2Visitor.java,org.openrewrite.mainframe.db2.Db2Visitor,visitRightPadded,FEATURE_ENVY,MEDIUM,"foreign accesses=11, own accesses=1"
src/main/java/org/openrewrite/mainframe/db2/Db2Visitor.java,org.openrewrite.mainframe.db2.Db2Visitor,visitRollback,FEATURE_ENVY,MEDIUM,"foreign accesses=14, own accesses=2"
src/main/java/org/openrewrite/mainframe/db2/Db2Visitor.java,org.openrewrite.mainframe.db2.Db2Visitor,visitSavepoint,FEATURE_ENVY,HIGH,"foreign accesses=18, own accesses=1"
src/main/java/org/openrewrite/mainframe/db2/Db2Visitor.java,org.openrewrite.mainframe.db2.Db2Visitor,visitSet,FEATURE_ENVY,MEDIUM,"foreign accesses=13, own accesses=2"
src/main/java/org/openrewrite/mainframe/db2/Db2Visitor.java,org.openrewrite.mainframe.db2.Db2Visitor,visitTableAsQuery,FEATURE_ENVY,HIGH,"foreign accesses=17, own accesses=2"
src/main/java/org/openrewrite/mainframe/db2/Db2Visitor.java,org.openrewrite.mainframe.db2.Db2Visitor,visitTableElements,FEATURE_ENVY,LOW,"foreign accesses=9, own accesses=2"
src/main/java/org/openrewrite/mainframe/db2/Db2Visitor.java,org.openrewrite.mainframe.db2.Db2Visitor,visitTableLike,FEATURE_ENVY,HIGH,"foreign accesses=18, own accesses=1"
src/main/java/org/openrewrite/mainframe/db2/Db2Visitor.java,org.openrewrite.mainframe.db2.Db2Visitor,visitWord,FEATURE_ENVY,LOW,"foreign accesses=7, own accesses=1"
src/main/java/org/openrewrite/mainframe/db2/bind/Assertions.java,org.openrewrite.mainframe.db2.bind.Assertions,bind,FEATURE_ENVY,LOW,"foreign accesses=6, own accesses=1"
src/main/java/org/openrewrite/mainframe/db2/bind/Assertions.java,org.openrewrite.mainframe.db2.bind.Assertions,bind,FEATURE_ENVY,LOW,"foreign accesses=5, own accesses=1"
src/main/java/org/openrewrite/mainframe/db2/bind/BindLineReader.java,org.openrewrite.mainframe.db2.bind.BindLineReader,isBindDeck,FEATURE_ENVY,MEDIUM,"foreign accesses=10, own accesses=1"
src/main/java/org/openrewrite/mainframe/db2/bind/BindLineReader.java,org.openrewrite.mainframe.db2.bind.BindLineReader,readLines,FEATURE_ENVY,LOW,"foreign accesses=9, own accesses=1"
src/main/java/org/openrewrite/mainframe/db2/bind/BindParser.java,org.openrewrite.mainframe.db2.bind.BindParser,accept,FEATURE_ENVY,LOW,"foreign accesses=8, own accesses=1"
src/main/java/org/openrewrite/mainframe/db2/bind/BindParser.java,org.openrewrite.mainframe.db2.bind.BindParser,parse,FEATURE_ENVY,LOW,"foreign accesses=6, own accesses=0"
src/main/java/org/openrewrite/mainframe/db2/bind/BindParser.java,org.openrewrite.mainframe.db2.bind.BindParser,parseInputs,FEATURE_ENVY,CRITICAL,"foreign accesses=31, own accesses=2"
src/main/java/org/openrewrite/mainframe/db2/bind/BindVisitor.java,org.openrewrite.mainframe.db2.bind.BindVisitor,visitCommand,FEATURE_ENVY,MEDIUM,"foreign accesses=14, own accesses=1"
src/main/java/org/openrewrite/mainframe/db2/bind/BindVisitor.java,org.openrewrite.mainframe.db2.bind.BindVisitor,visitCompilationUnit,FEATURE_ENVY,HIGH,"foreign accesses=15, own accesses=2"
src/main/java/org/openrewrite/mainframe/db2/bind/BindVisitor.java,org.openrewrite.mainframe.db2.bind.BindVisitor,visitOperand,FEATURE_ENVY,MEDIUM,"foreign accesses=14, own accesses=1"
src/main/java/org/openrewrite/mainframe/db2/bind/BindVisitor.java,org.openrewrite.mainframe.db2.bind.BindVisitor,visitWord,FEATURE_ENVY,LOW,"foreign accesses=7, own accesses=1"
src/main/java/org/openrewrite/mainframe/db2/bind/InStreamBindDeck.java,org.openrewrite.mainframe.db2.bind.InStreamBindDeck,of,FEATURE_ENVY,MEDIUM,"foreign accesses=11, own accesses=0"
src/main/java/org/openrewrite/mainframe/db2/bind/internal/BindParserVisitor.java,org.openrewrite.mainframe.db2.bind.internal.BindParserVisitor,beginsCommand,FEATURE_ENVY,LOW,"foreign accesses=6, own accesses=1"
src/main/java/org/openrewrite/mainframe/db2/bind/internal/BindParserVisitor.java,org.openrewrite.mainframe.db2.bind.internal.BindParserVisitor,flush,FEATURE_ENVY,HIGH,"foreign accesses=16, own accesses=3"
src/main/java/org/openrewrite/mainframe/db2/bind/internal/BindParserVisitor.java,org.openrewrite.mainframe.db2.bind.internal.BindParserVisitor,operand,FEATURE_ENVY,CRITICAL,"foreign accesses=31, own accesses=2"
src/main/java/org/openrewrite/mainframe/db2/bind/internal/BindParserVisitor.java,org.openrewrite.mainframe.db2.bind.internal.BindParserVisitor,visitTerminal,FEATURE_ENVY,LOW,"foreign accesses=5, own accesses=1"
src/main/java/org/openrewrite/mainframe/db2/bind/internal/BindPrinter.java,org.openrewrite.mainframe.db2.bind.internal.BindPrinter,afterSyntax,FEATURE_ENVY,LOW,"foreign accesses=7, own accesses=1"
src/main/java/org/openrewrite/mainframe/db2/bind/internal/BindPrinter.java,org.openrewrite.mainframe.db2.bind.internal.BindPrinter,beforeSyntax,FEATURE_ENVY,HIGH,"foreign accesses=15, own accesses=3"
src/main/java/org/openrewrite/mainframe/db2/bind/internal/BindPrinter.java,org.openrewrite.mainframe.db2.bind.internal.BindPrinter,visitCommand,FEATURE_ENVY,LOW,"foreign accesses=6, own accesses=2"
src/main/java/org/openrewrite/mainframe/db2/bind/internal/BindPrinter.java,org.openrewrite.mainframe.db2.bind.internal.BindPrinter,visitCompilationUnit,FEATURE_ENVY,LOW,"foreign accesses=7, own accesses=3"
src/main/java/org/openrewrite/mainframe/db2/bind/internal/BindPrinter.java,org.openrewrite.mainframe.db2.bind.internal.BindPrinter,visitOperand,FEATURE_ENVY,LOW,"foreign accesses=6, own accesses=2"
src/main/java/org/openrewrite/mainframe/db2/bind/internal/grammar/BindParser.java,org.openrewrite.mainframe.db2.bind.internal.grammar.BindParser,compilationUnit,FEATURE_ENVY,HIGH,"foreign accesses=25, own accesses=8"
src/main/java/org/openrewrite/mainframe/db2/bind/internal/grammar/BindParser.java,org.openrewrite.mainframe.db2.bind.internal.grammar.BindParser,word,FEATURE_ENVY,HIGH,"foreign accesses=24, own accesses=7"
src/main/java/org/openrewrite/mainframe/db2/bind/trait/BindCommand.java,org.openrewrite.mainframe.db2.bind.trait.BindCommand,getCollection,FEATURE_ENVY,MEDIUM,"foreign accesses=11, own accesses=1"
src/main/java/org/openrewrite/mainframe/db2/bind/trait/BindCommand.java,org.openrewrite.mainframe.db2.bind.trait.BindCommand,getKind,FEATURE_ENVY,LOW,"foreign accesses=6, own accesses=0"
src/main/java/org/openrewrite/mainframe/db2/bind/trait/BindCommand.java,org.openrewrite.mainframe.db2.bind.trait.BindCommand,getLine,FEATURE_ENVY,LOW,"foreign accesses=7, own accesses=2"
src/main/java/org/openrewrite/mainframe/db2/bind/trait/Operands.java,org.openrewrite.mainframe.db2.bind.trait.Operands,listOf,FEATURE_ENVY,LOW,"foreign accesses=6, own accesses=1"
src/main/java/org/openrewrite/mainframe/db2/bind/trait/Operands.java,org.openrewrite.mainframe.db2.bind.trait.Operands,unwrap,FEATURE_ENVY,MEDIUM,"foreign accesses=12, own accesses=0"
src/main/java/org/openrewrite/mainframe/db2/internal/Db2ParserVisitor.java,org.openrewrite.mainframe.db2.internal.Db2ParserVisitor,,GOD_CLASS,CRITICAL,"WMC=207, TCC=0.01, ATFD=271"
src/main/java/org/openrewrite/mainframe/db2/internal/Db2ParserVisitor.java,org.openrewrite.mainframe.db2.internal.Db2ParserVisitor,block,FEATURE_ENVY,MEDIUM,"foreign accesses=13, own accesses=6"
src/main/java/org/openrewrite/mainframe/db2/internal/Db2ParserVisitor.java,org.openrewrite.mainframe.db2.internal.Db2ParserVisitor,container,FEATURE_ENVY,MEDIUM,"foreign accesses=11, own accesses=5"
src/main/java/org/openrewrite/mainframe/db2/internal/Db2ParserVisitor.java,org.openrewrite.mainframe.db2.internal.Db2ParserVisitor,grant,FEATURE_ENVY,CRITICAL,"foreign accesses=43, own accesses=15"
src/main/java/org/openrewrite/mainframe/db2/internal/Db2ParserVisitor.java,org.openrewrite.mainframe.db2.internal.Db2ParserVisitor,keywordTypes,FEATURE_ENVY,HIGH,"foreign accesses=15, own accesses=0"
src/main/java/org/openrewrite/mainframe/db2/internal/Db2ParserVisitor.java,org.openrewrite.mainframe.db2.internal.Db2ParserVisitor,leftPadded,FEATURE_ENVY,MEDIUM,"foreign accesses=11, own accesses=3"
src/main/java/org/openrewrite/mainframe/db2/internal/Db2ParserVisitor.java,org.openrewrite.mainframe.db2.internal.Db2ParserVisitor,name,FEATURE_ENVY,LOW,"foreign accesses=5, own accesses=2"
src/main/java/org/openrewrite/mainframe/db2/internal/Db2ParserVisitor.java,org.openrewrite.mainframe.db2.internal.Db2ParserVisitor,routine,FEATURE_ENVY,CRITICAL,"foreign accesses=39, own accesses=11"
src/main/java/org/openrewrite/mainframe/db2/internal/Db2ParserVisitor.java,org.openrewrite.mainframe.db2.internal.Db2ParserVisitor,tableContents,FEATURE_ENVY,HIGH,"foreign accesses=27, own accesses=11"
src/main/java/org/openrewrite/mainframe/db2/internal/Db2ParserVisitor.java,org.openrewrite.mainframe.db2.internal.Db2ParserVisitor,typeName,FEATURE_ENVY,LOW,"foreign accesses=8, own accesses=3"
src/main/java/org/openrewrite/mainframe/db2/internal/Db2ParserVisitor.java,org.openrewrite.mainframe.db2.internal.Db2ParserVisitor,visitAlterDatabase,FEATURE_ENVY,LOW,"foreign accesses=9, own accesses=0"
src/main/java/org/openrewrite/mainframe/db2/internal/Db2ParserVisitor.java,org.openrewrite.mainframe.db2.internal.Db2ParserVisitor,visitAlterIndex,FEATURE_ENVY,LOW,"foreign accesses=9, own accesses=0"
src/main/java/org/openrewrite/mainframe/db2/internal/Db2ParserVisitor.java,org.openrewrite.mainframe.db2.internal.Db2ParserVisitor,visitAlterMask,FEATURE_ENVY,LOW,"foreign accesses=9, own accesses=0"
src/main/java/org/openrewrite/mainframe/db2/internal/Db2ParserVisitor.java,org.openrewrite.mainframe.db2.internal.Db2ParserVisitor,visitAlterPermission,FEATURE_ENVY,LOW,"foreign accesses=9, own accesses=0"
src/main/java/org/openrewrite/mainframe/db2/internal/Db2ParserVisitor.java,org.openrewrite.mainframe.db2.internal.Db2ParserVisitor,visitAlterSequence,FEATURE_ENVY,LOW,"foreign accesses=9, own accesses=0"
src/main/java/org/openrewrite/mainframe/db2/internal/Db2ParserVisitor.java,org.openrewrite.mainframe.db2.internal.Db2ParserVisitor,visitAlterStogroup,FEATURE_ENVY,LOW,"foreign accesses=9, own accesses=0"
src/main/java/org/openrewrite/mainframe/db2/internal/Db2ParserVisitor.java,org.openrewrite.mainframe.db2.internal.Db2ParserVisitor,visitAlterTable,FEATURE_ENVY,HIGH,"foreign accesses=15, own accesses=6"
src/main/java/org/openrewrite/mainframe/db2/internal/Db2ParserVisitor.java,org.openrewrite.mainframe.db2.internal.Db2ParserVisitor,visitAlterTablespace,FEATURE_ENVY,LOW,"foreign accesses=9, own accesses=4"
src/main/java/org/openrewrite/mainframe/db2/internal/Db2ParserVisitor.java,org.openrewrite.mainframe.db2.internal.Db2ParserVisitor,visitAlterTrigger,FEATURE_ENVY,LOW,"foreign accesses=9, own accesses=0"
src/main/java/org/openrewrite/mainframe/db2/internal/Db2ParserVisitor.java,org.openrewrite.mainframe.db2.internal.Db2ParserVisitor,visitAlterTrustedContext,FEATURE_ENVY,LOW,"foreign accesses=9, own accesses=0"
src/main/java/org/openrewrite/mainframe/db2/internal/Db2ParserVisitor.java,org.openrewrite.mainframe.db2.internal.Db2ParserVisitor,visitAlterView,FEATURE_ENVY,LOW,"foreign accesses=9, own accesses=0"
src/main/java/org/openrewrite/mainframe/db2/internal/Db2ParserVisitor.java,org.openrewrite.mainframe.db2.internal.Db2ParserVisitor,visitCommitStatement,FEATURE_ENVY,LOW,"foreign accesses=7, own accesses=0"
src/main/java/org/openrewrite/mainframe/db2/internal/Db2ParserVisitor.java,org.openrewrite.mainframe.db2.internal.Db2ParserVisitor,visitCreateAlias,FEATURE_ENVY,MEDIUM,"foreign accesses=13, own accesses=5"
src/main/java/org/openrewrite/mainframe/db2/internal/Db2ParserVisitor.java,org.openrewrite.mainframe.db2.internal.Db2ParserVisitor,visitCreateAuxiliaryTable,FEATURE_ENVY,LOW,"foreign accesses=9, own accesses=0"
src/main/java/org/openrewrite/mainframe/db2/internal/Db2ParserVisitor.java,org.openrewrite.mainframe.db2.internal.Db2ParserVisitor,visitCreateDatabase,FEATURE_ENVY,LOW,"foreign accesses=9, own accesses=0"
src/main/java/org/openrewrite/mainframe/db2/internal/Db2ParserVisitor.java,org.openrewrite.mainframe.db2.internal.Db2ParserVisitor,visitCreateMask,FEATURE_ENVY,MEDIUM,"foreign accesses=10, own accesses=0"
src/main/java/org/openrewrite/mainframe/db2/internal/Db2ParserVisitor.java,org.openrewrite.mainframe.db2.internal.Db2ParserVisitor,visitCreatePermission,FEATURE_ENVY,MEDIUM,"foreign accesses=10, own accesses=0"
src/main/java/org/openrewrite/mainframe/db2/internal/Db2ParserVisitor.java,org.openrewrite.mainframe.db2.internal.Db2ParserVisitor,visitCreateRole,FEATURE_ENVY,LOW,"foreign accesses=8, own accesses=0"
src/main/java/org/openrewrite/mainframe/db2/internal/Db2ParserVisitor.java,org.openrewrite.mainframe.db2.internal.Db2ParserVisitor,visitCreateStogroup,FEATURE_ENVY,LOW,"foreign accesses=9, own accesses=0"
src/main/java/org/openrewrite/mainframe/db2/internal/Db2ParserVisitor.java,org.openrewrite.mainframe.db2.internal.Db2ParserVisitor,visitCreateTablespace,FEATURE_ENVY,MEDIUM,"foreign accesses=13, own accesses=6"
src/main/java/org/openrewrite/mainframe/db2/internal/Db2ParserVisitor.java,org.openrewrite.mainframe.db2.internal.Db2ParserVisitor,visitCreateTrustedContext,FEATURE_ENVY,LOW,"foreign accesses=9, own accesses=0"
src/main/java/org/openrewrite/mainframe/db2/internal/Db2ParserVisitor.java,org.openrewrite.mainframe.db2.internal.Db2ParserVisitor,visitDropStatement,FEATURE_ENVY,LOW,"foreign accesses=9, own accesses=0"
src/main/java/org/openrewrite/mainframe/db2/internal/Db2ParserVisitor.java,org.openrewrite.mainframe.db2.internal.Db2ParserVisitor,visitInsertStatement,FEATURE_ENVY,HIGH,"foreign accesses=20, own accesses=9"
src/main/java/org/openrewrite/mainframe/db2/internal/Db2ParserVisitor.java,org.openrewrite.mainframe.db2.internal.Db2ParserVisitor,visitLockStatement,FEATURE_ENVY,LOW,"foreign accesses=8, own accesses=0"
src/main/java/org/openrewrite/mainframe/db2/internal/Db2ParserVisitor.java,org.openrewrite.mainframe.db2.internal.Db2ParserVisitor,visitReleaseSavepointStatement,FEATURE_ENVY,LOW,"foreign accesses=8, own accesses=0"
src/main/java/org/openrewrite/mainframe/db2/internal/Db2ParserVisitor.java,org.openrewrite.mainframe.db2.internal.Db2ParserVisitor,visitRenameStatement,FEATURE_ENVY,MEDIUM,"foreign accesses=11, own accesses=5"
src/main/java/org/openrewrite/mainframe/db2/internal/Db2ParserVisitor.java,org.openrewrite.mainframe.db2.internal.Db2ParserVisitor,visitRollbackStatement,FEATURE_ENVY,MEDIUM,"foreign accesses=10, own accesses=3"
src/main/java/org/openrewrite/mainframe/db2/internal/Db2ParserVisitor.java,org.openrewrite.mainframe.db2.internal.Db2ParserVisitor,visitSavepointStatement,FEATURE_ENVY,LOW,"foreign accesses=9, own accesses=0"
src/main/java/org/openrewrite/mainframe/db2/internal/Db2ParserVisitor.java,org.openrewrite.mainframe.db2.internal.Db2ParserVisitor,word,FEATURE_ENVY,LOW,"foreign accesses=8, own accesses=3"
src/main/java/org/openrewrite/mainframe/db2/internal/Db2Printer.java,org.openrewrite.mainframe.db2.internal.Db2Printer,,GOD_CLASS,HIGH,"WMC=79, TCC=0.00, ATFD=140"
src/main/java/org/openrewrite/mainframe/db2/internal/Db2Printer.java,org.openrewrite.mainframe.db2.internal.Db2Printer,afterSyntax,FEATURE_ENVY,LOW,"foreign accesses=8, own accesses=1"
src/main/java/org/openrewrite/mainframe/db2/internal/Db2Printer.java,org.openrewrite.mainframe.db2.internal.Db2Printer,beforeSyntax,FEATURE_ENVY,HIGH,"foreign accesses=19, own accesses=3"
src/main/java/org/openrewrite/mainframe/db2/internal/Db2Printer.java,org.openrewrite.mainframe.db2.internal.Db2Printer,printContainer,FEATURE_ENVY,LOW,"foreign accesses=7, own accesses=2"
src/main/java/org/openrewrite/mainframe/db2/internal/Db2Printer.java,org.openrewrite.mainframe.db2.internal.Db2Printer,printLeftPadded,FEATURE_ENVY,LOW,"foreign accesses=6, own accesses=1"
src/main/java/org/openrewrite/mainframe/db2/internal/Db2Printer.java,org.openrewrite.mainframe.db2.internal.Db2Printer,printRightPadded,FEATURE_ENVY,MEDIUM,"foreign accesses=11, own accesses=1"
src/main/java/org/openrewrite/mainframe/db2/internal/Db2Printer.java,org.openrewrite.mainframe.db2.internal.Db2Printer,printRightPadded,FEATURE_ENVY,LOW,"foreign accesses=7, own accesses=1"
src/main/java/org/openrewrite/mainframe/db2/internal/Db2Printer.java,org.openrewrite.mainframe.db2.internal.Db2Printer,visitAlterDatabase,FEATURE_ENVY,LOW,"foreign accesses=8, own accesses=2"
src/main/java/org/openrewrite/mainframe/db2/internal/Db2Printer.java,org.openrewrite.mainframe.db2.internal.Db2Printer,visitAlterFunction,FEATURE_ENVY,MEDIUM,"foreign accesses=11, own accesses=3"
src/main/java/org/openrewrite/mainframe/db2/internal/Db2Printer.java,org.openrewrite.mainframe.db2.internal.Db2Printer,visitAlterIndex,FEATURE_ENVY,LOW,"foreign accesses=8, own accesses=2"
src/main/java/org/openrewrite/mainframe/db2/internal/Db2Printer.java,org.openrewrite.mainframe.db2.internal.Db2Printer,visitAlterMask,FEATURE_ENVY,LOW,"foreign accesses=8, own accesses=2"
src/main/java/org/openrewrite/mainframe/db2/internal/Db2Printer.java,org.openrewrite.mainframe.db2.internal.Db2Printer,visitAlterPermission,FEATURE_ENVY,LOW,"foreign accesses=8, own accesses=2"
src/main/java/org/openrewrite/mainframe/db2/internal/Db2Printer.java,org.openrewrite.mainframe.db2.internal.Db2Printer,visitAlterProcedure,FEATURE_ENVY,MEDIUM,"foreign accesses=11, own accesses=3"
src/main/java/org/openrewrite/mainframe/db2/internal/Db2Printer.java,org.openrewrite.mainframe.db2.internal.Db2Printer,visitAlterSequence,FEATURE_ENVY,LOW,"foreign accesses=8, own accesses=2"
src/main/java/org/openrewrite/mainframe/db2/internal/Db2Printer.java,org.openrewrite.mainframe.db2.internal.Db2Printer,visitAlterStogroup,FEATURE_ENVY,LOW,"foreign accesses=8, own accesses=2"
src/main/java/org/openrewrite/mainframe/db2/internal/Db2Printer.java,org.openrewrite.mainframe.db2.internal.Db2Printer,visitAlterTable,FEATURE_ENVY,LOW,"foreign accesses=8, own accesses=2"
src/main/java/org/openrewrite/mainframe/db2/internal/Db2Printer.java,org.openrewrite.mainframe.db2.internal.Db2Printer,visitAlterTablespace,FEATURE_ENVY,MEDIUM,"foreign accesses=12, own accesses=2"
src/main/java/org/openrewrite/mainframe/db2/internal/Db2Printer.java,org.openrewrite.mainframe.db2.internal.Db2Printer,visitAlterTrigger,FEATURE_ENVY,LOW,"foreign accesses=8, own accesses=2"
src/main/java/org/openrewrite/mainframe/db2/internal/Db2Printer.java,org.openrewrite.mainframe.db2.internal.Db2Printer,visitAlterTrustedContext,FEATURE_ENVY,LOW,"foreign accesses=8, own accesses=2"
src/main/java/org/openrewrite/mainframe/db2/internal/Db2Printer.java,org.openrewrite.mainframe.db2.internal.Db2Printer,visitAlterView,FEATURE_ENVY,LOW,"foreign accesses=8, own accesses=2"
src/main/java/org/openrewrite/mainframe/db2/internal/Db2Printer.java,org.openrewrite.mainframe.db2.internal.Db2Printer,visitBlock,FEATURE_ENVY,MEDIUM,"foreign accesses=10, own accesses=2"
src/main/java/org/openrewrite/mainframe/db2/internal/Db2Printer.java,org.openrewrite.mainframe.db2.internal.Db2Printer,visitColumnDefinition,FEATURE_ENVY,LOW,"foreign accesses=8, own accesses=2"
src/main/java/org/openrewrite/mainframe/db2/internal/Db2Printer.java,org.openrewrite.mainframe.db2.internal.Db2Printer,visitComment,FEATURE_ENVY,LOW,"foreign accesses=7, own accesses=3"
src/main/java/org/openrewrite/mainframe/db2/internal/Db2Printer.java,org.openrewrite.mainframe.db2.internal.Db2Printer,visitConstraint,FEATURE_ENVY,HIGH,"foreign accesses=18, own accesses=4"
src/main/java/org/openrewrite/mainframe/db2/internal/Db2Printer.java,org.openrewrite.mainframe.db2.internal.Db2Printer,visitCreateAlias,FEATURE_ENVY,LOW,"foreign accesses=7, own accesses=3"
src/main/java/org/openrewrite/mainframe/db2/internal/Db2Printer.java,org.openrewrite.mainframe.db2.internal.Db2Printer,visitCreateAuxiliaryTable,FEATURE_ENVY,LOW,"foreign accesses=8, own accesses=2"
src/main/java/org/openrewrite/mainframe/db2/internal/Db2Printer.java,org.openrewrite.mainframe.db2.internal.Db2Printer,visitCreateDatabase,FEATURE_ENVY,LOW,"foreign accesses=8, own accesses=2"
src/main/java/org/openrewrite/mainframe/db2/internal/Db2Printer.java,org.openrewrite.mainframe.db2.internal.Db2Printer,visitCreateFunction,FEATURE_ENVY,MEDIUM,"foreign accesses=11, own accesses=3"
src/main/java/org/openrewrite/mainframe/db2/internal/Db2Printer.java,org.openrewrite.mainframe.db2.internal.Db2Printer,visitCreateIndex,FEATURE_ENVY,MEDIUM,"foreign accesses=13, own accesses=3"
src/main/java/org/openrewrite/mainframe/db2/internal/Db2Printer.java,org.openrewrite.mainframe.db2.internal.Db2Printer,visitCreateMask,FEATURE_ENVY,MEDIUM,"foreign accesses=10, own accesses=2"
src/main/java/org/openrewrite/mainframe/db2/internal/Db2Printer.java,org.openrewrite.mainframe.db2.internal.Db2Printer,visitCreatePermission,FEATURE_ENVY,MEDIUM,"foreign accesses=10, own accesses=2"
src/main/java/org/openrewrite/mainframe/db2/internal/Db2Printer.java,org.openrewrite.mainframe.db2.internal.Db2Printer,visitCreateProcedure,FEATURE_ENVY,MEDIUM,"foreign accesses=11, own accesses=3"
src/main/java/org/openrewrite/mainframe/db2/internal/Db2Printer.java,org.openrewrite.mainframe.db2.internal.Db2Printer,visitCreateRole,FEATURE_ENVY,LOW,"foreign accesses=6, own accesses=2"
src/main/java/org/openrewrite/mainframe/db2/internal/Db2Printer.java,org.openrewrite.mainframe.db2.internal.Db2Printer,visitCreateSequence,FEATURE_ENVY,LOW,"foreign accesses=9, own accesses=3"
src/main/java/org/openrewrite/mainframe/db2/internal/Db2Printer.java,org.openrewrite.mainframe.db2.internal.Db2Printer,visitCreateStogroup,FEATURE_ENVY,LOW,"foreign accesses=8, own accesses=2"
src/main/java/org/openrewrite/mainframe/db2/internal/Db2Printer.java,org.openrewrite.mainframe.db2.internal.Db2Printer,visitCreateSynonym,FEATURE_ENVY,LOW,"foreign accesses=7, own accesses=3"
src/main/java/org/openrewrite/mainframe/db2/internal/Db2Printer.java,org.openrewrite.mainframe.db2.internal.Db2Printer,visitCreateTable,FEATURE_ENVY,MEDIUM,"foreign accesses=10, own accesses=2"
src/main/java/org/openrewrite/mainframe/db2/internal/Db2Printer.java,org.openrewrite.mainframe.db2.internal.Db2Printer,visitCreateTablespace,FEATURE_ENVY,MEDIUM,"foreign accesses=12, own accesses=2"
src/main/java/org/openrewrite/mainframe/db2/internal/Db2Printer.java,org.openrewrite.mainframe.db2.internal.Db2Printer,visitCreateTrigger,FEATURE_ENVY,MEDIUM,"foreign accesses=14, own accesses=2"
src/main/java/org/openrewrite/mainframe/db2/internal/Db2Printer.java,org.openrewrite.mainframe.db2.internal.Db2Printer,visitCreateTrustedContext,FEATURE_ENVY,LOW,"foreign accesses=8, own accesses=2"
src/main/java/org/openrewrite/mainframe/db2/internal/Db2Printer.java,org.openrewrite.mainframe.db2.internal.Db2Printer,visitCreateType,FEATURE_ENVY,LOW,"foreign accesses=9, own accesses=3"
src/main/java/org/openrewrite/mainframe/db2/internal/Db2Printer.java,org.openrewrite.mainframe.db2.internal.Db2Printer,visitCreateVariable,FEATURE_ENVY,MEDIUM,"foreign accesses=10, own accesses=2"
src/main/java/org/openrewrite/mainframe/db2/internal/Db2Printer.java,org.openrewrite.mainframe.db2.internal.Db2Printer,visitCreateView,FEATURE_ENVY,MEDIUM,"foreign accesses=10, own accesses=4"
src/main/java/org/openrewrite/mainframe/db2/internal/Db2Printer.java,org.openrewrite.mainframe.db2.internal.Db2Printer,visitDataType,FEATURE_ENVY,LOW,"foreign accesses=7, own accesses=3"
src/main/java/org/openrewrite/mainframe/db2/internal/Db2Printer.java,org.openrewrite.mainframe.db2.internal.Db2Printer,visitDeclareGlobalTemporaryTable,FEATURE_ENVY,MEDIUM,"foreign accesses=10, own accesses=2"
src/main/java/org/openrewrite/mainframe/db2/internal/Db2Printer.java,org.openrewrite.mainframe.db2.internal.Db2Printer,visitDrop,FEATURE_ENVY,LOW,"foreign accesses=8, own accesses=2"
src/main/java/org/openrewrite/mainframe/db2/internal/Db2Printer.java,org.openrewrite.mainframe.db2.internal.Db2Printer,visitGrant,FEATURE_ENVY,MEDIUM,"foreign accesses=13, own accesses=5"
src/main/java/org/openrewrite/mainframe/db2/internal/Db2Printer.java,org.openrewrite.mainframe.db2.internal.Db2Printer,visitIndexKey,FEATURE_ENVY,LOW,"foreign accesses=6, own accesses=2"
src/main/java/org/openrewrite/mainframe/db2/internal/Db2Printer.java,org.openrewrite.mainframe.db2.internal.Db2Printer,visitLabel,FEATURE_ENVY,LOW,"foreign accesses=7, own accesses=3"
src/main/java/org/openrewrite/mainframe/db2/internal/Db2Printer.java,org.openrewrite.mainframe.db2.internal.Db2Printer,visitLockTable,FEATURE_ENVY,LOW,"foreign accesses=6, own accesses=2"
src/main/java/org/openrewrite/mainframe/db2/internal/Db2Printer.java,org.openrewrite.mainframe.db2.internal.Db2Printer,visitOption,FEATURE_ENVY,LOW,"foreign accesses=6, own accesses=2"
src/main/java/org/openrewrite/mainframe/db2/internal/Db2Printer.java,org.openrewrite.mainframe.db2.internal.Db2Printer,visitParameter,FEATURE_ENVY,LOW,"foreign accesses=8, own accesses=2"
src/main/java/org/openrewrite/mainframe/db2/internal/Db2Printer.java,org.openrewrite.mainframe.db2.internal.Db2Printer,visitReleaseSavepoint,FEATURE_ENVY,LOW,"foreign accesses=6, own accesses=2"
src/main/java/org/openrewrite/mainframe/db2/internal/Db2Printer.java,org.openrewrite.mainframe.db2.internal.Db2Printer,visitRename,FEATURE_ENVY,LOW,"foreign accesses=7, own accesses=3"
src/main/java/org/openrewrite/mainframe/db2/internal/Db2Printer.java,org.openrewrite.mainframe.db2.internal.Db2Printer,visitRevoke,FEATURE_ENVY,MEDIUM,"foreign accesses=13, own accesses=5"
src/main/java/org/openrewrite/mainframe/db2/internal/Db2Printer.java,org.openrewrite.mainframe.db2.internal.Db2Printer,visitSavepoint,FEATURE_ENVY,LOW,"foreign accesses=8, own accesses=2"
src/main/java/org/openrewrite/mainframe/db2/internal/Db2Printer.java,org.openrewrite.mainframe.db2.internal.Db2Printer,visitTableAsQuery,FEATURE_ENVY,LOW,"foreign accesses=7, own accesses=3"
src/main/java/org/openrewrite/mainframe/db2/internal/Db2Printer.java,org.openrewrite.mainframe.db2.internal.Db2Printer,visitTableLike,FEATURE_ENVY,LOW,"foreign accesses=8, own accesses=2"
src/main/java/org/openrewrite/mainframe/db2/internal/grammar/DB2Parser.java,org.openrewrite.mainframe.db2.internal.grammar.DB2Parser,,GOD_CLASS,CRITICAL,"WMC=4708, TCC=0.24, ATFD=2298"
src/main/java/org/openrewrite/mainframe/db2/internal/grammar/DB2Parser.java,org.openrewrite.mainframe.db2.internal.grammar.DB2Parser,alterColumnAction,FEATURE_ENVY,CRITICAL,"foreign accesses=112, own accesses=44"
src/main/java/org/openrewrite/mainframe/db2/internal/grammar/DB2Parser.java,org.openrewrite.mainframe.db2.internal.grammar.DB2Parser,alterDatabase,FEATURE_ENVY,HIGH,"foreign accesses=28, own accesses=10"
src/main/java/org/openrewrite/mainframe/db2/internal/grammar/DB2Parser.java,org.openrewrite.mainframe.db2.internal.grammar.DB2Parser,alterFunction,FEATURE_ENVY,CRITICAL,"foreign accesses=70, own accesses=23"
src/main/java/org/openrewrite/mainframe/db2/internal/grammar/DB2Parser.java,org.openrewrite.mainframe.db2.internal.grammar.DB2Parser,alterIndex,FEATURE_ENVY,CRITICAL,"foreign accesses=37, own accesses=12"
src/main/java/org/openrewrite/mainframe/db2/internal/grammar/DB2Parser.java,org.openrewrite.mainframe.db2.internal.grammar.DB2Parser,alterMask,FEATURE_ENVY,HIGH,"foreign accesses=30, own accesses=11"
src/main/java/org/openrewrite/mainframe/db2/internal/grammar/DB2Parser.java,org.openrewrite.mainframe.db2.internal.grammar.DB2Parser,alterPermission,FEATURE_ENVY,HIGH,"foreign accesses=30, own accesses=11"
src/main/java/org/openrewrite/mainframe/db2/internal/grammar/DB2Parser.java,org.openrewrite.mainframe.db2.internal.grammar.DB2Parser,alterProcedure,FEATURE_ENVY,CRITICAL,"foreign accesses=70, own accesses=23"
src/main/java/org/openrewrite/mainframe/db2/internal/grammar/DB2Parser.java,org.openrewrite.mainframe.db2.internal.grammar.DB2Parser,alterSequence,FEATURE_ENVY,CRITICAL,"foreign accesses=45, own accesses=16"
src/main/java/org/openrewrite/mainframe/db2/internal/grammar/DB2Parser.java,org.openrewrite.mainframe.db2.internal.grammar.DB2Parser,alterStogroup,FEATURE_ENVY,HIGH,"foreign accesses=28, own accesses=10"
src/main/java/org/openrewrite/mainframe/db2/internal/grammar/DB2Parser.java,org.openrewrite.mainframe.db2.internal.grammar.DB2Parser,alterTable,FEATURE_ENVY,HIGH,"foreign accesses=30, own accesses=11"
src/main/java/org/openrewrite/mainframe/db2/internal/grammar/DB2Parser.java,org.openrewrite.mainframe.db2.internal.grammar.DB2Parser,alterTableAction,FEATURE_ENVY,CRITICAL,"foreign accesses=209, own accesses=91"
src/main/java/org/openrewrite/mainframe/db2/internal/grammar/DB2Parser.java,org.openrewrite.mainframe.db2.internal.grammar.DB2Parser,alterTablespace,FEATURE_ENVY,CRITICAL,"foreign accesses=55, own accesses=21"
src/main/java/org/openrewrite/mainframe/db2/internal/grammar/DB2Parser.java,org.openrewrite.mainframe.db2.internal.grammar.DB2Parser,alterTrigger,FEATURE_ENVY,HIGH,"foreign accesses=26, own accesses=11"
src/main/java/org/openrewrite/mainframe/db2/internal/grammar/DB2Parser.java,org.openrewrite.mainframe.db2.internal.grammar.DB2Parser,alterTrustedContext,FEATURE_ENVY,HIGH,"foreign accesses=30, own accesses=11"
src/main/java/org/openrewrite/mainframe/db2/internal/grammar/DB2Parser.java,org.openrewrite.mainframe.db2.internal.grammar.DB2Parser,alterView,FEATURE_ENVY,HIGH,"foreign accesses=19, own accesses=8"
src/main/java/org/openrewrite/mainframe/db2/internal/grammar/DB2Parser.java,org.openrewrite.mainframe.db2.internal.grammar.DB2Parser,caseExpression,FEATURE_ENVY,CRITICAL,"foreign accesses=43, own accesses=15"
src/main/java/org/openrewrite/mainframe/db2/internal/grammar/DB2Parser.java,org.openrewrite.mainframe.db2.internal.grammar.DB2Parser,caseWhen,FEATURE_ENVY,CRITICAL,"foreign accesses=31, own accesses=12"
src/main/java/org/openrewrite/mainframe/db2/internal/grammar/DB2Parser.java,org.openrewrite.mainframe.db2.internal.grammar.DB2Parser,columnAttribute,FEATURE_ENVY,CRITICAL,"foreign accesses=222, own accesses=81"
src/main/java/org/openrewrite/mainframe/db2/internal/grammar/DB2Parser.java,org.openrewrite.mainframe.db2.internal.grammar.DB2Parser,columnDefinition,FEATURE_ENVY,HIGH,"foreign accesses=30, own accesses=8"
src/main/java/org/openrewrite/mainframe/db2/internal/grammar/DB2Parser.java,org.openrewrite.mainframe.db2.internal.grammar.DB2Parser,columnList,FEATURE_ENVY,HIGH,"foreign accesses=29, own accesses=11"
src/main/java/org/openrewrite/mainframe/db2/internal/grammar/DB2Parser.java,org.openrewrite.mainframe.db2.internal.grammar.DB2Parser,commentStatement,FEATURE_ENVY,HIGH,"foreign accesses=21, own accesses=9"
src/main/java/org/openrewrite/mainframe/db2/internal/grammar/DB2Parser.java,org.openrewrite.mainframe.db2.internal.grammar.DB2Parser,commentTarget,FEATURE_ENVY,CRITICAL,"foreign accesses=70, own accesses=28"
src/main/java/org/openrewrite/mainframe/db2/internal/grammar/DB2Parser.java,org.openrewrite.mainframe.db2.internal.grammar.DB2Parser,commitStatement,FEATURE_ENVY,HIGH,"foreign accesses=21, own accesses=8"
src/main/java/org/openrewrite/mainframe/db2/internal/grammar/DB2Parser.java,org.openrewrite.mainframe.db2.internal.grammar.DB2Parser,comparisonOperator,FEATURE_ENVY,HIGH,"foreign accesses=24, own accesses=5"
src/main/java/org/openrewrite/mainframe/db2/internal/grammar/DB2Parser.java,org.openrewrite.mainframe.db2.internal.grammar.DB2Parser,compilationUnit,FEATURE_ENVY,HIGH,"foreign accesses=25, own accesses=8"
src/main/java/org/openrewrite/mainframe/db2/internal/grammar/DB2Parser.java,org.openrewrite.mainframe.db2.internal.grammar.DB2Parser,compoundStatement,FEATURE_ENVY,CRITICAL,"foreign accesses=49, own accesses=12"
src/main/java/org/openrewrite/mainframe/db2/internal/grammar/DB2Parser.java,org.openrewrite.mainframe.db2.internal.grammar.DB2Parser,constraintBody,FEATURE_ENVY,CRITICAL,"foreign accesses=152, own accesses=47"
src/main/java/org/openrewrite/mainframe/db2/internal/grammar/DB2Parser.java,org.openrewrite.mainframe.db2.internal.grammar.DB2Parser,constraintOption,FEATURE_ENVY,CRITICAL,"foreign accesses=32, own accesses=15"
src/main/java/org/openrewrite/mainframe/db2/internal/grammar/DB2Parser.java,org.openrewrite.mainframe.db2.internal.grammar.DB2Parser,copyOption,FEATURE_ENVY,CRITICAL,"foreign accesses=70, own accesses=21"
src/main/java/org/openrewrite/mainframe/db2/internal/grammar/DB2Parser.java,org.openrewrite.mainframe.db2.internal.grammar.DB2Parser,createAlias,FEATURE_ENVY,CRITICAL,"foreign accesses=45, own accesses=19"
src/main/java/org/openrewrite/mainframe/db2/internal/grammar/DB2Parser.java,org.openrewrite.mainframe.db2.internal.grammar.DB2Parser,createAuxiliaryTable,FEATURE_ENVY,CRITICAL,"foreign accesses=78, own accesses=32"
src/main/java/org/openrewrite/mainframe/db2/internal/grammar/DB2Parser.java,org.openrewrite.mainframe.db2.internal.grammar.DB2Parser,createDatabase,FEATURE_ENVY,HIGH,"foreign accesses=28, own accesses=10"
src/main/java/org/openrewrite/mainframe/db2/internal/grammar/DB2Parser.java,org.openrewrite.mainframe.db2.internal.grammar.DB2Parser,createFunction,FEATURE_ENVY,CRITICAL,"foreign accesses=72, own accesses=26"
src/main/java/org/openrewrite/mainframe/db2/internal/grammar/DB2Parser.java,org.openrewrite.mainframe.db2.internal.grammar.DB2Parser,createIndex,FEATURE_ENVY,CRITICAL,"foreign accesses=69, own accesses=31"
src/main/java/org/openrewrite/mainframe/db2/internal/grammar/DB2Parser.java,org.openrewrite.mainframe.db2.internal.grammar.DB2Parser,createMask,FEATURE_ENVY,CRITICAL,"foreign accesses=54, own accesses=25"
src/main/java/org/openrewrite/mainframe/db2/internal/grammar/DB2Parser.java,org.openrewrite.mainframe.db2.internal.grammar.DB2Parser,createPermission,FEATURE_ENVY,CRITICAL,"foreign accesses=86, own accesses=39"
src/main/java/org/openrewrite/mainframe/db2/internal/grammar/DB2Parser.java,org.openrewrite.mainframe.db2.internal.grammar.DB2Parser,createProcedure,FEATURE_ENVY,CRITICAL,"foreign accesses=79, own accesses=27"
src/main/java/org/openrewrite/mainframe/db2/internal/grammar/DB2Parser.java,org.openrewrite.mainframe.db2.internal.grammar.DB2Parser,createRole,FEATURE_ENVY,HIGH,"foreign accesses=17, own accesses=7"
src/main/java/org/openrewrite/mainframe/db2/internal/grammar/DB2Parser.java,org.openrewrite.mainframe.db2.internal.grammar.DB2Parser,createSequence,FEATURE_ENVY,CRITICAL,"foreign accesses=36, own accesses=14"
src/main/java/org/openrewrite/mainframe/db2/internal/grammar/DB2Parser.java,org.openrewrite.mainframe.db2.internal.grammar.DB2Parser,createStogroup,FEATURE_ENVY,HIGH,"foreign accesses=28, own accesses=10"
src/main/java/org/openrewrite/mainframe/db2/internal/grammar/DB2Parser.java,org.openrewrite.mainframe.db2.internal.grammar.DB2Parser,createSynonym,FEATURE_ENVY,HIGH,"foreign accesses=20, own accesses=9"
src/main/java/org/openrewrite/mainframe/db2/internal/grammar/DB2Parser.java,org.openrewrite.mainframe.db2.internal.grammar.DB2Parser,createTable,FEATURE_ENVY,HIGH,"foreign accesses=29, own accesses=11"
src/main/java/org/openrewrite/mainframe/db2/internal/grammar/DB2Parser.java,org.openrewrite.mainframe.db2.internal.grammar.DB2Parser,createTablespace,FEATURE_ENVY,CRITICAL,"foreign accesses=54, own accesses=21"
src/main/java/org/openrewrite/mainframe/db2/internal/grammar/DB2Parser.java,org.openrewrite.mainframe.db2.internal.grammar.DB2Parser,createTrigger,FEATURE_ENVY,CRITICAL,"foreign accesses=90, own accesses=36"
src/main/java/org/openrewrite/mainframe/db2/internal/grammar/DB2Parser.java,org.openrewrite.mainframe.db2.internal.grammar.DB2Parser,createTrustedContext,FEATURE_ENVY,CRITICAL,"foreign accesses=43, own accesses=18"
src/main/java/org/openrewrite/mainframe/db2/internal/grammar/DB2Parser.java,org.openrewrite.mainframe.db2.internal.grammar.DB2Parser,createType,FEATURE_ENVY,CRITICAL,"foreign accesses=36, own accesses=16"
src/main/java/org/openrewrite/mainframe/db2/internal/grammar/DB2Parser.java,org.openrewrite.mainframe.db2.internal.grammar.DB2Parser,createVariable,FEATURE_ENVY,HIGH,"foreign accesses=26, own accesses=12"
src/main/java/org/openrewrite/mainframe/db2/internal/grammar/DB2Parser.java,org.openrewrite.mainframe.db2.internal.grammar.DB2Parser,createView,FEATURE_ENVY,CRITICAL,"foreign accesses=37, own accesses=16"
src/main/java/org/openrewrite/mainframe/db2/internal/grammar/DB2Parser.java,org.openrewrite.mainframe.db2.internal.grammar.DB2Parser,dataType,FEATURE_ENVY,CRITICAL,"foreign accesses=51, own accesses=15"
src/main/java/org/openrewrite/mainframe/db2/internal/grammar/DB2Parser.java,org.openrewrite.mainframe.db2.internal.grammar.DB2Parser,databaseOption,FEATURE_ENVY,CRITICAL,"foreign accesses=48, own accesses=19"
src/main/java/org/openrewrite/mainframe/db2/internal/grammar/DB2Parser.java,org.openrewrite.mainframe.db2.internal.grammar.DB2Parser,declareGlobalTemporaryTable,FEATURE_ENVY,CRITICAL,"foreign accesses=33, own accesses=13"
src/main/java/org/openrewrite/mainframe/db2/internal/grammar/DB2Parser.java,org.openrewrite.mainframe.db2.internal.grammar.DB2Parser,defaultValue,FEATURE_ENVY,CRITICAL,"foreign accesses=55, own accesses=19"
src/main/java/org/openrewrite/mainframe/db2/internal/grammar/DB2Parser.java,org.openrewrite.mainframe.db2.internal.grammar.DB2Parser,dropStatement,FEATURE_ENVY,CRITICAL,"foreign accesses=33, own accesses=13"
src/main/java/org/openrewrite/mainframe/db2/internal/grammar/DB2Parser.java,org.openrewrite.mainframe.db2.internal.grammar.DB2Parser,end,FEATURE_ENVY,HIGH,"foreign accesses=20, own accesses=5"
src/main/java/org/openrewrite/mainframe/db2/internal/grammar/DB2Parser.java,org.openrewrite.mainframe.db2.internal.grammar.DB2Parser,expression_sempred,FEATURE_ENVY,LOW,"foreign accesses=8, own accesses=0"
src/main/java/org/openrewrite/mainframe/db2/internal/grammar/DB2Parser.java,org.openrewrite.mainframe.db2.internal.grammar.DB2Parser,generatedAs,FEATURE_ENVY,CRITICAL,"foreign accesses=87, own accesses=35"
src/main/java/org/openrewrite/mainframe/db2/internal/grammar/DB2Parser.java,org.openrewrite.mainframe.db2.internal.grammar.DB2Parser,grantStatement,FEATURE_ENVY,CRITICAL,"foreign accesses=155, own accesses=64"
src/main/java/org/openrewrite/mainframe/db2/internal/grammar/DB2Parser.java,org.openrewrite.mainframe.db2.internal.grammar.DB2Parser,hashSpace,FEATURE_ENVY,HIGH,"foreign accesses=25, own accesses=8"
src/main/java/org/openrewrite/mainframe/db2/internal/grammar/DB2Parser.java,org.openrewrite.mainframe.db2.internal.grammar.DB2Parser,indexKey,FEATURE_ENVY,CRITICAL,"foreign accesses=38, own accesses=15"
src/main/java/org/openrewrite/mainframe/db2/internal/grammar/DB2Parser.java,org.openrewrite.mainframe.db2.internal.grammar.DB2Parser,indexModifier,FEATURE_ENVY,CRITICAL,"foreign accesses=34, own accesses=15"
src/main/java/org/openrewrite/mainframe/db2/internal/grammar/DB2Parser.java,org.openrewrite.mainframe.db2.internal.grammar.DB2Parser,indexOption,FEATURE_ENVY,CRITICAL,"foreign accesses=234, own accesses=75"
src/main/java/org/openrewrite/mainframe/db2/internal/grammar/DB2Parser.java,org.openrewrite.mainframe.db2.internal.grammar.DB2Parser,insertStatement,FEATURE_ENVY,CRITICAL,"foreign accesses=47, own accesses=22"
src/main/java/org/openrewrite/mainframe/db2/internal/grammar/DB2Parser.java,org.openrewrite.mainframe.db2.internal.grammar.DB2Parser,joinType,FEATURE_ENVY,CRITICAL,"foreign accesses=39, own accesses=18"
src/main/java/org/openrewrite/mainframe/db2/internal/grammar/DB2Parser.java,org.openrewrite.mainframe.db2.internal.grammar.DB2Parser,labelStatement,FEATURE_ENVY,HIGH,"foreign accesses=21, own accesses=9"
src/main/java/org/openrewrite/mainframe/db2/internal/grammar/DB2Parser.java,org.openrewrite.mainframe.db2.internal.grammar.DB2Parser,lockStatement,FEATURE_ENVY,CRITICAL,"foreign accesses=43, own accesses=17"
src/main/java/org/openrewrite/mainframe/db2/internal/grammar/DB2Parser.java,org.openrewrite.mainframe.db2.internal.grammar.DB2Parser,nonReserved,FEATURE_ENVY,HIGH,"foreign accesses=24, own accesses=5"
src/main/java/org/openrewrite/mainframe/db2/internal/grammar/DB2Parser.java,org.openrewrite.mainframe.db2.internal.grammar.DB2Parser,partitionClause,FEATURE_ENVY,CRITICAL,"foreign accesses=39, own accesses=17"
src/main/java/org/openrewrite/mainframe/db2/internal/grammar/DB2Parser.java,org.openrewrite.mainframe.db2.internal.grammar.DB2Parser,partitionKey,FEATURE_ENVY,HIGH,"foreign accesses=30, own accesses=11"
src/main/java/org/openrewrite/mainframe/db2/internal/grammar/DB2Parser.java,org.openrewrite.mainframe.db2.internal.grammar.DB2Parser,partitionSpec,FEATURE_ENVY,CRITICAL,"foreign accesses=71, own accesses=25"
src/main/java/org/openrewrite/mainframe/db2/internal/grammar/DB2Parser.java,org.openrewrite.mainframe.db2.internal.grammar.DB2Parser,periodDefinition,FEATURE_ENVY,CRITICAL,"foreign accesses=43, own accesses=19"
src/main/java/org/openrewrite/mainframe/db2/internal/grammar/DB2Parser.java,org.openrewrite.mainframe.db2.internal.grammar.DB2Parser,predicate,FEATURE_ENVY,CRITICAL,"foreign accesses=118, own accesses=50"
src/main/java/org/openrewrite/mainframe/db2/internal/grammar/DB2Parser.java,org.openrewrite.mainframe.db2.internal.grammar.DB2Parser,privilege,FEATURE_ENVY,CRITICAL,"foreign accesses=88, own accesses=31"
src/main/java/org/openrewrite/mainframe/db2/internal/grammar/DB2Parser.java,org.openrewrite.mainframe.db2.internal.grammar.DB2Parser,qualifiedName,FEATURE_ENVY,CRITICAL,"foreign accesses=31, own accesses=8"
src/main/java/org/openrewrite/mainframe/db2/internal/grammar/DB2Parser.java,org.openrewrite.mainframe.db2.internal.grammar.DB2Parser,qualifiedNameList,FEATURE_ENVY,HIGH,"foreign accesses=25, own accesses=9"
src/main/java/org/openrewrite/mainframe/db2/internal/grammar/DB2Parser.java,org.openrewrite.mainframe.db2.internal.grammar.DB2Parser,queryExpression,FEATURE_ENVY,HIGH,"foreign accesses=24, own accesses=11"
src/main/java/org/openrewrite/mainframe/db2/internal/grammar/DB2Parser.java,org.openrewrite.mainframe.db2.internal.grammar.DB2Parser,querySpecification,FEATURE_ENVY,CRITICAL,"foreign accesses=152, own accesses=66"
src/main/java/org/openrewrite/mainframe/db2/internal/grammar/DB2Parser.java,org.openrewrite.mainframe.db2.internal.grammar.DB2Parser,queryStatement,FEATURE_ENVY,MEDIUM,"foreign accesses=13, own accesses=5"
src/main/java/org/openrewrite/mainframe/db2/internal/grammar/DB2Parser.java,org.openrewrite.mainframe.db2.internal.grammar.DB2Parser,referentialAction,FEATURE_ENVY,CRITICAL,"foreign accesses=72, own accesses=34"
src/main/java/org/openrewrite/mainframe/db2/internal/grammar/DB2Parser.java,org.openrewrite.mainframe.db2.internal.grammar.DB2Parser,releaseSavepointStatement,FEATURE_ENVY,HIGH,"foreign accesses=24, own accesses=10"
src/main/java/org/openrewrite/mainframe/db2/internal/grammar/DB2Parser.java,org.openrewrite.mainframe.db2.internal.grammar.DB2Parser,renameStatement,FEATURE_ENVY,CRITICAL,"foreign accesses=42, own accesses=18"
src/main/java/org/openrewrite/mainframe/db2/internal/grammar/DB2Parser.java,org.openrewrite.mainframe.db2.internal.grammar.DB2Parser,revokeStatement,FEATURE_ENVY,CRITICAL,"foreign accesses=169, own accesses=69"
src/main/java/org/openrewrite/mainframe/db2/internal/grammar/DB2Parser.java,org.openrewrite.mainframe.db2.internal.grammar.DB2Parser,rollbackStatement,FEATURE_ENVY,CRITICAL,"foreign accesses=36, own accesses=14"
src/main/java/org/openrewrite/mainframe/db2/internal/grammar/DB2Parser.java,org.openrewrite.mainframe.db2.internal.grammar.DB2Parser,routineParameter,FEATURE_ENVY,CRITICAL,"foreign accesses=38, own accesses=9"
src/main/java/org/openrewrite/mainframe/db2/internal/grammar/DB2Parser.java,org.openrewrite.mainframe.db2.internal.grammar.DB2Parser,savepointStatement,FEATURE_ENVY,HIGH,"foreign accesses=28, own accesses=12"
src/main/java/org/openrewrite/mainframe/db2/internal/grammar/DB2Parser.java,org.openrewrite.mainframe.db2.internal.grammar.DB2Parser,searchCondition,FEATURE_ENVY,CRITICAL,"foreign accesses=69, own accesses=19"
src/main/java/org/openrewrite/mainframe/db2/internal/grammar/DB2Parser.java,org.openrewrite.mainframe.db2.internal.grammar.DB2Parser,selectItem,FEATURE_ENVY,CRITICAL,"foreign accesses=38, own accesses=13"
src/main/java/org/openrewrite/mainframe/db2/internal/grammar/DB2Parser.java,org.openrewrite.mainframe.db2.internal.grammar.DB2Parser,setOperator,FEATURE_ENVY,CRITICAL,"foreign accesses=31, own accesses=11"
src/main/java/org/openrewrite/mainframe/db2/internal/grammar/DB2Parser.java,org.openrewrite.mainframe.db2.internal.grammar.DB2Parser,setStatement,FEATURE_ENVY,HIGH,"foreign accesses=23, own accesses=10"
src/main/java/org/openrewrite/mainframe/db2/internal/grammar/DB2Parser.java,org.openrewrite.mainframe.db2.internal.grammar.DB2Parser,signedNumber,FEATURE_ENVY,CRITICAL,"foreign accesses=31, own accesses=11"
src/main/java/org/openrewrite/mainframe/db2/internal/grammar/DB2Parser.java,org.openrewrite.mainframe.db2.internal.grammar.DB2Parser,sortKey,FEATURE_ENVY,HIGH,"foreign accesses=30, own accesses=11"
src/main/java/org/openrewrite/mainframe/db2/internal/grammar/DB2Parser.java,org.openrewrite.mainframe.db2.internal.grammar.DB2Parser,specialRegister,FEATURE_ENVY,CRITICAL,"foreign accesses=59, own accesses=19"
src/main/java/org/openrewrite/mainframe/db2/internal/grammar/DB2Parser.java,org.openrewrite.mainframe.db2.internal.grammar.DB2Parser,specialValue,FEATURE_ENVY,CRITICAL,"foreign accesses=37, own accesses=15"
src/main/java/org/openrewrite/mainframe/db2/internal/grammar/DB2Parser.java,org.openrewrite.mainframe.db2.internal.grammar.DB2Parser,statement,FEATURE_ENVY,CRITICAL,"foreign accesses=113, own accesses=52"
src/main/java/org/openrewrite/mainframe/db2/internal/grammar/DB2Parser.java,org.openrewrite.mainframe.db2.internal.grammar.DB2Parser,tableConstraint,FEATURE_ENVY,HIGH,"foreign accesses=20, own accesses=8"
src/main/java/org/openrewrite/mainframe/db2/internal/grammar/DB2Parser.java,org.openrewrite.mainframe.db2.internal.grammar.DB2Parser,tableContents,FEATURE_ENVY,CRITICAL,"foreign accesses=80, own accesses=28"
src/main/java/org/openrewrite/mainframe/db2/internal/grammar/DB2Parser.java,org.openrewrite.mainframe.db2.internal.grammar.DB2Parser,tableElement,FEATURE_ENVY,HIGH,"foreign accesses=23, own accesses=7"
src/main/java/org/openrewrite/mainframe/db2/internal/grammar/DB2Parser.java,org.openrewrite.mainframe.db2.internal.grammar.DB2Parser,tableOption,FEATURE_ENVY,CRITICAL,"foreign accesses=266, own accesses=96"
src/main/java/org/openrewrite/mainframe/db2/internal/grammar/DB2Parser.java,org.openrewrite.mainframe.db2.internal.grammar.DB2Parser,tablespaceOption,FEATURE_ENVY,CRITICAL,"foreign accesses=218, own accesses=75"
src/main/java/org/openrewrite/mainframe/db2/internal/grammar/DB2Parser.java,org.openrewrite.mainframe.db2.internal.grammar.DB2Parser,terminator,FEATURE_ENVY,MEDIUM,"foreign accesses=13, own accesses=4"
src/main/java/org/openrewrite/mainframe/db2/internal/grammar/DB2Parser.java,org.openrewrite.mainframe.db2.internal.grammar.DB2Parser,triggerCorrelation,FEATURE_ENVY,CRITICAL,"foreign accesses=41, own accesses=14"
src/main/java/org/openrewrite/mainframe/db2/internal/grammar/DB2Parser.java,org.openrewrite.mainframe.db2.internal.grammar.DB2Parser,triggerEvent,FEATURE_ENVY,CRITICAL,"foreign accesses=45, own accesses=20"
src/main/java/org/openrewrite/mainframe/db2/internal/grammar/DB2Parser.java,org.openrewrite.mainframe.db2.internal.grammar.DB2Parser,triggerGranularity,FEATURE_ENVY,CRITICAL,"foreign accesses=39, own accesses=12"
src/main/java/org/openrewrite/mainframe/db2/internal/grammar/DB2Parser.java,org.openrewrite.mainframe.db2.internal.grammar.DB2Parser,triggeredStatement,FEATURE_ENVY,HIGH,"foreign accesses=24, own accesses=7"
src/main/java/org/openrewrite/mainframe/db2/internal/grammar/DB2Parser.java,org.openrewrite.mainframe.db2.internal.grammar.DB2Parser,trustedAttribute,FEATURE_ENVY,HIGH,"foreign accesses=21, own accesses=10"
src/main/java/org/openrewrite/mainframe/db2/internal/grammar/DB2Parser.java,org.openrewrite.mainframe.db2.internal.grammar.DB2Parser,trustedContextOption,FEATURE_ENVY,CRITICAL,"foreign accesses=95, own accesses=34"
src/main/java/org/openrewrite/mainframe/db2/internal/grammar/DB2Parser.java,org.openrewrite.mainframe.db2.internal.grammar.DB2Parser,typeAttribute,FEATURE_ENVY,CRITICAL,"foreign accesses=51, own accesses=24"
src/main/java/org/openrewrite/mainframe/db2/internal/grammar/DB2Parser.java,org.openrewrite.mainframe.db2.internal.grammar.DB2Parser,valuesRow,FEATURE_ENVY,CRITICAL,"foreign accesses=38, own accesses=13"
src/main/java/org/openrewrite/mainframe/db2/internal/grammar/DB2Parser.java,org.openrewrite.mainframe.db2.internal.grammar.DB2Parser,viewOption,FEATURE_ENVY,CRITICAL,"foreign accesses=35, own accesses=13"
src/main/java/org/openrewrite/mainframe/db2/trait/Column.java,org.openrewrite.mainframe.db2.trait.Column,argument,FEATURE_ENVY,MEDIUM,"foreign accesses=12, own accesses=0"
src/main/java/org/openrewrite/mainframe/db2/trait/Column.java,org.openrewrite.mainframe.db2.trait.Column,getOrdinal,FEATURE_ENVY,LOW,"foreign accesses=8, own accesses=1"
src/main/java/org/openrewrite/mainframe/db2/trait/Column.java,org.openrewrite.mainframe.db2.trait.Column,getTypeName,FEATURE_ENVY,LOW,"foreign accesses=7, own accesses=0"
src/main/java/org/openrewrite/mainframe/db2/trait/Column.java,org.openrewrite.mainframe.db2.trait.Column,isNotNull,FEATURE_ENVY,MEDIUM,"foreign accesses=10, own accesses=0"
src/main/java/org/openrewrite/mainframe/db2/trait/Constraints.java,org.openrewrite.mainframe.db2.trait.Constraints,columnNames,FEATURE_ENVY,LOW,"foreign accesses=5, own accesses=0"
src/main/java/org/openrewrite/mainframe/db2/trait/Constraints.java,org.openrewrite.mainframe.db2.trait.Constraints,constrainedTable,FEATURE_ENVY,LOW,"foreign accesses=5, own accesses=0"
src/main/java/org/openrewrite/mainframe/db2/trait/Constraints.java,org.openrewrite.mainframe.db2.trait.Constraints,elementsOf,FEATURE_ENVY,LOW,"foreign accesses=5, own accesses=0"
src/main/java/org/openrewrite/mainframe/db2/trait/ForeignKey.java,org.openrewrite.mainframe.db2.trait.ForeignKey,getDeleteRule,FEATURE_ENVY,HIGH,"foreign accesses=15, own accesses=0"
src/main/java/org/openrewrite/mainframe/db2/trait/Index.java,org.openrewrite.mainframe.db2.trait.Index,getKeys,FEATURE_ENVY,MEDIUM,"foreign accesses=10, own accesses=0"
src/main/java/org/openrewrite/mainframe/db2/trait/Index.java,org.openrewrite.mainframe.db2.trait.Index,isUnique,FEATURE_ENVY,LOW,"foreign accesses=5, own accesses=0"
src/main/java/org/openrewrite/mainframe/db2/trait/InstreamDdl.java,org.openrewrite.mainframe.db2.trait.InstreamDdl,getText,FEATURE_ENVY,LOW,"foreign accesses=8, own accesses=1"
src/main/java/org/openrewrite/mainframe/db2/trait/InstreamDdl.java,org.openrewrite.mainframe.db2.trait.InstreamDdl,sourcePath,FEATURE_ENVY,LOW,"foreign accesses=5, own accesses=2"
src/main/java/org/openrewrite/mainframe/db2/trait/Table.java,org.openrewrite.mainframe.db2.trait.Table,constraints,FEATURE_ENVY,LOW,"foreign accesses=5, own accesses=0"
src/main/java/org/openrewrite/mainframe/db2/trait/Table.java,org.openrewrite.mainframe.db2.trait.Table,getColumns,FEATURE_ENVY,LOW,"foreign accesses=7, own accesses=1"
src/main/java/org/openrewrite/mainframe/db2/trait/Table.java,org.openrewrite.mainframe.db2.trait.Table,getForeignKeys,FEATURE_ENVY,LOW,"foreign accesses=5, own accesses=2"
src/main/java/org/openrewrite/mainframe/db2/trait/Table.java,org.openrewrite.mainframe.db2.trait.Table,getPrimaryKey,FEATURE_ENVY,LOW,"foreign accesses=7, own accesses=1"
src/main/java/org/openrewrite/mainframe/db2/trait/Table.java,org.openrewrite.mainframe.db2.trait.Table,getTablespace,FEATURE_ENVY,LOW,"foreign accesses=6, own accesses=0"
src/main/java/org/openrewrite/mainframe/db2/tree/Db2RightPadded.java,org.openrewrite.mainframe.db2.tree.Db2RightPadded,withElements,FEATURE_ENVY,MEDIUM,"foreign accesses=12, own accesses=3"
src/main/java/org/openrewrite/mainframe/ims/Assertions.java,org.openrewrite.mainframe.ims.Assertions,ims,FEATURE_ENVY,LOW,"foreign accesses=6, own accesses=1"
src/main/java/org/openrewrite/mainframe/ims/Assertions.java,org.openrewrite.mainframe.ims.Assertions,ims,FEATURE_ENVY,LOW,"foreign accesses=5, own accesses=1"
src/main/java/org/openrewrite/mainframe/ims/ImsLineReader.java,org.openrewrite.mainframe.ims.ImsLineReader,firstOperation,FEATURE_ENVY,MEDIUM,"foreign accesses=14, own accesses=1"
src/main/java/org/openrewrite/mainframe/ims/ImsParser.java,org.openrewrite.mainframe.ims.ImsParser,isGenSource,FEATURE_ENVY,LOW,"foreign accesses=8, own accesses=2"
src/main/java/org/openrewrite/mainframe/ims/ImsParser.java,org.openrewrite.mainframe.ims.ImsParser,parseInputs,FEATURE_ENVY,CRITICAL,"foreign accesses=38, own accesses=2"
src/main/java/org/openrewrite/mainframe/ims/ImsVisitor.java,org.openrewrite.mainframe.ims.ImsVisitor,visitComment,FEATURE_ENVY,MEDIUM,"foreign accesses=10, own accesses=1"
src/main/java/org/openrewrite/mainframe/ims/ImsVisitor.java,org.openrewrite.mainframe.ims.ImsVisitor,visitCompilationUnit,FEATURE_ENVY,HIGH,"foreign accesses=15, own accesses=2"
src/main/java/org/openrewrite/mainframe/ims/ImsVisitor.java,org.openrewrite.mainframe.ims.ImsVisitor,visitKeywordOperand,FEATURE_ENVY,MEDIUM,"foreign accesses=14, own accesses=1"
src/main/java/org/openrewrite/mainframe/ims/ImsVisitor.java,org.openrewrite.mainframe.ims.ImsVisitor,visitMacroStatement,FEATURE_ENVY,HIGH,"foreign accesses=18, own accesses=1"
src/main/java/org/openrewrite/mainframe/ims/ImsVisitor.java,org.openrewrite.mainframe.ims.ImsVisitor,visitPositionalOperand,FEATURE_ENVY,MEDIUM,"foreign accesses=11, own accesses=1"
src/main/java/org/openrewrite/mainframe/ims/ImsVisitor.java,org.openrewrite.mainframe.ims.ImsVisitor,visitUnknown,FEATURE_ENVY,MEDIUM,"foreign accesses=10, own accesses=1"
src/main/java/org/openrewrite/mainframe/ims/ImsVisitor.java,org.openrewrite.mainframe.ims.ImsVisitor,visitWord,FEATURE_ENVY,LOW,"foreign accesses=7, own accesses=1"
src/main/java/org/openrewrite/mainframe/ims/internal/ImsParserVisitor.java,org.openrewrite.mainframe.ims.internal.ImsParserVisitor,,GOD_CLASS,HIGH,"WMC=70, TCC=0.02, ATFD=43"
src/main/java/org/openrewrite/mainframe/ims/internal/ImsParserVisitor.java,org.openrewrite.mainframe.ims.internal.ImsParserVisitor,flush,FEATURE_ENVY,CRITICAL,"foreign accesses=44, own accesses=5"
src/main/java/org/openrewrite/mainframe/ims/internal/ImsParserVisitor.java,org.openrewrite.mainframe.ims.internal.ImsParserVisitor,lineMarker,FEATURE_ENVY,MEDIUM,"foreign accesses=13, own accesses=1"
src/main/java/org/openrewrite/mainframe/ims/internal/ImsParserVisitor.java,org.openrewrite.mainframe.ims.internal.ImsParserVisitor,operands,FEATURE_ENVY,HIGH,"foreign accesses=26, own accesses=2"
src/main/java/org/openrewrite/mainframe/ims/internal/ImsParserVisitor.java,org.openrewrite.mainframe.ims.internal.ImsParserVisitor,splitOnTopLevelCommas,FEATURE_ENVY,LOW,"foreign accesses=7, own accesses=0"
src/main/java/org/openrewrite/mainframe/ims/internal/ImsParserVisitor.java,org.openrewrite.mainframe.ims.internal.ImsParserVisitor,visitCommentWord,FEATURE_ENVY,LOW,"foreign accesses=8, own accesses=2"
src/main/java/org/openrewrite/mainframe/ims/internal/ImsParserVisitor.java,org.openrewrite.mainframe.ims.internal.ImsParserVisitor,visitTerminal,FEATURE_ENVY,LOW,"foreign accesses=5, own accesses=1"
src/main/java/org/openrewrite/mainframe/ims/internal/ImsParserVisitor.java,org.openrewrite.mainframe.ims.internal.ImsParserVisitor,visitUnknownWord,FEATURE_ENVY,MEDIUM,"foreign accesses=14, own accesses=3"
src/main/java/org/openrewrite/mainframe/ims/internal/ImsParserVisitor.java,org.openrewrite.mainframe.ims.internal.ImsParserVisitor,word,FEATURE_ENVY,LOW,"foreign accesses=8, own accesses=2"
src/main/java/org/openrewrite/mainframe/ims/internal/ImsPrinter.java,org.openrewrite.mainframe.ims.internal.ImsPrinter,afterSyntax,FEATURE_ENVY,MEDIUM,"foreign accesses=12, own accesses=2"
src/main/java/org/openrewrite/mainframe/ims/internal/ImsPrinter.java,org.openrewrite.mainframe.ims.internal.ImsPrinter,beforeSyntax,FEATURE_ENVY,HIGH,"foreign accesses=15, own accesses=3"
src/main/java/org/openrewrite/mainframe/ims/internal/ImsPrinter.java,org.openrewrite.mainframe.ims.internal.ImsPrinter,visitCompilationUnit,FEATURE_ENVY,LOW,"foreign accesses=7, own accesses=3"
src/main/java/org/openrewrite/mainframe/ims/internal/ImsPrinter.java,org.openrewrite.mainframe.ims.internal.ImsPrinter,visitKeywordOperand,FEATURE_ENVY,LOW,"foreign accesses=6, own accesses=2"
src/main/java/org/openrewrite/mainframe/ims/internal/ImsPrinter.java,org.openrewrite.mainframe.ims.internal.ImsPrinter,visitMacroStatement,FEATURE_ENVY,LOW,"foreign accesses=8, own accesses=2"
src/main/java/org/openrewrite/mainframe/ims/internal/grammar/IMSParser.java,org.openrewrite.mainframe.ims.internal.grammar.IMSParser,,GOD_CLASS,HIGH,"WMC=60, TCC=0.07, ATFD=102"
src/main/java/org/openrewrite/mainframe/ims/internal/grammar/IMSParser.java,org.openrewrite.mainframe.ims.internal.grammar.IMSParser,comment,FEATURE_ENVY,MEDIUM,"foreign accesses=12, own accesses=4"
src/main/java/org/openrewrite/mainframe/ims/internal/grammar/IMSParser.java,org.openrewrite.mainframe.ims.internal.grammar.IMSParser,commentSequenceArea,FEATURE_ENVY,HIGH,"foreign accesses=15, own accesses=5"
src/main/java/org/openrewrite/mainframe/ims/internal/grammar/IMSParser.java,org.openrewrite.mainframe.ims.internal.grammar.IMSParser,commentWord,FEATURE_ENVY,HIGH,"foreign accesses=21, own accesses=6"
src/main/java/org/openrewrite/mainframe/ims/internal/grammar/IMSParser.java,org.openrewrite.mainframe.ims.internal.grammar.IMSParser,compilationUnit,FEATURE_ENVY,HIGH,"foreign accesses=25, own accesses=6"
src/main/java/org/openrewrite/mainframe/ims/internal/grammar/IMSParser.java,org.openrewrite.mainframe.ims.internal.grammar.IMSParser,ims,FEATURE_ENVY,MEDIUM,"foreign accesses=12, own accesses=4"
src/main/java/org/openrewrite/mainframe/ims/internal/grammar/IMSParser.java,org.openrewrite.mainframe.ims.internal.grammar.IMSParser,imsSequenceArea,FEATURE_ENVY,HIGH,"foreign accesses=26, own accesses=8"
src/main/java/org/openrewrite/mainframe/ims/internal/grammar/IMSParser.java,org.openrewrite.mainframe.ims.internal.grammar.IMSParser,imsWord,FEATURE_ENVY,CRITICAL,"foreign accesses=32, own accesses=9"
src/main/java/org/openrewrite/mainframe/ims/internal/grammar/IMSParser.java,org.openrewrite.mainframe.ims.internal.grammar.IMSParser,unknown,FEATURE_ENVY,MEDIUM,"foreign accesses=12, own accesses=4"
src/main/java/org/openrewrite/mainframe/ims/internal/grammar/IMSParser.java,org.openrewrite.mainframe.ims.internal.grammar.IMSParser,unknownSequenceArea,FEATURE_ENVY,HIGH,"foreign accesses=26, own accesses=8"
src/main/java/org/openrewrite/mainframe/ims/internal/grammar/IMSParser.java,org.openrewrite.mainframe.ims.internal.grammar.IMSParser,unknownWord,FEATURE_ENVY,CRITICAL,"foreign accesses=39, own accesses=15"
src/main/java/org/openrewrite/mainframe/ims/trait/Database.java,org.openrewrite.mainframe.ims.trait.Database,getReferences,FEATURE_ENVY,HIGH,"foreign accesses=22, own accesses=4"
src/main/java/org/openrewrite/mainframe/ims/trait/Definitions.java,org.openrewrite.mainframe.ims.trait.Definitions,following,FEATURE_ENVY,LOW,"foreign accesses=6, own accesses=2"
src/main/java/org/openrewrite/mainframe/ims/trait/Definitions.java,org.openrewrite.mainframe.ims.trait.Definitions,lineOf,FEATURE_ENVY,LOW,"foreign accesses=5, own accesses=1"
src/main/java/org/openrewrite/mainframe/ims/trait/Definitions.java,org.openrewrite.mainframe.ims.trait.Definitions,preceding,FEATURE_ENVY,LOW,"foreign accesses=5, own accesses=2"
src/main/java/org/openrewrite/mainframe/ims/trait/Definitions.java,org.openrewrite.mainframe.ims.trait.Definitions,statementsOf,FEATURE_ENVY,LOW,"foreign accesses=5, own accesses=0"
src/main/java/org/openrewrite/mainframe/ims/trait/Device.java,org.openrewrite.mainframe.ims.trait.Device,getFunctionKeys,FEATURE_ENVY,LOW,"foreign accesses=8, own accesses=0"
src/main/java/org/openrewrite/mainframe/ims/trait/Device.java,org.openrewrite.mainframe.ims.trait.Device,getModel,FEATURE_ENVY,LOW,"foreign accesses=5, own accesses=0"
src/main/java/org/openrewrite/mainframe/ims/trait/Field.java,org.openrewrite.mainframe.ims.trait.Field,isSequence,FEATURE_ENVY,LOW,"foreign accesses=5, own accesses=0"
src/main/java/org/openrewrite/mainframe/ims/trait/Field.java,org.openrewrite.mainframe.ims.trait.Field,isUnique,FEATURE_ENVY,LOW,"foreign accesses=5, own accesses=1"
src/main/java/org/openrewrite/mainframe/ims/trait/MessageField.java,org.openrewrite.mainframe.ims.trait.MessageField,getDeviceFieldName,FEATURE_ENVY,LOW,"foreign accesses=7, own accesses=0"
src/main/java/org/openrewrite/mainframe/ims/trait/MessageField.java,org.openrewrite.mainframe.ims.trait.MessageField,getLiteral,FEATURE_ENVY,MEDIUM,"foreign accesses=10, own accesses=0"
src/main/java/org/openrewrite/mainframe/ims/trait/MessageField.java,org.openrewrite.mainframe.ims.trait.MessageField,getOffset,FEATURE_ENVY,LOW,"foreign accesses=6, own accesses=2"
src/main/java/org/openrewrite/mainframe/ims/trait/Operands.java,org.openrewrite.mainframe.ims.trait.Operands,isQuoted,FEATURE_ENVY,LOW,"foreign accesses=5, own accesses=0"
src/main/java/org/openrewrite/mainframe/ims/trait/Operands.java,org.openrewrite.mainframe.ims.trait.Operands,membersOf,FEATURE_ENVY,LOW,"foreign accesses=7, own accesses=3"
src/main/java/org/openrewrite/mainframe/ims/trait/Operands.java,org.openrewrite.mainframe.ims.trait.Operands,unwrap,FEATURE_ENVY,LOW,"foreign accesses=6, own accesses=0"
src/main/java/org/openrewrite/mainframe/ims/trait/Pcb.java,org.openrewrite.mainframe.ims.trait.Pcb,getName,FEATURE_ENVY,LOW,"foreign accesses=5, own accesses=0"
src/main/java/org/openrewrite/mainframe/ims/trait/Position.java,org.openrewrite.mainframe.ims.trait.Position,of,FEATURE_ENVY,LOW,"foreign accesses=9, own accesses=0"
src/main/java/org/openrewrite/mainframe/ims/trait/Segment.java,org.openrewrite.mainframe.ims.trait.Segment,getLogicalParent,FEATURE_ENVY,LOW,"foreign accesses=9, own accesses=0"
src/main/java/org/openrewrite/mainframe/ims/trait/Segment.java,org.openrewrite.mainframe.ims.trait.Segment,physicalParent,FEATURE_ENVY,LOW,"foreign accesses=7, own accesses=0"
src/main/java/org/openrewrite/mainframe/jcl/Assertions.java,org.openrewrite.mainframe.jcl.Assertions,jcl,FEATURE_ENVY,LOW,"foreign accesses=6, own accesses=1"
src/main/java/org/openrewrite/mainframe/jcl/Assertions.java,org.openrewrite.mainframe.jcl.Assertions,jcl,FEATURE_ENVY,LOW,"foreign accesses=5, own accesses=1"
src/main/java/org/openrewrite/mainframe/jcl/ExpandExternalSysinVisitor.java,org.openrewrite.mainframe.jcl.ExpandExternalSysinVisitor,<constructor>,FEATURE_ENVY,LOW,"foreign accesses=5, own accesses=2"
src/main/java/org/openrewrite/mainframe/jcl/ExpandExternalSysinVisitor.java,org.openrewrite.mainframe.jcl.ExpandExternalSysinVisitor,buildStreamNodes,FEATURE_ENVY,HIGH,"foreign accesses=19, own accesses=0"
src/main/java/org/openrewrite/mainframe/jcl/ExpandExternalSysinVisitor.java,org.openrewrite.mainframe.jcl.ExpandExternalSysinVisitor,evaluate,FEATURE_ENVY,HIGH,"foreign accesses=17, own accesses=5"
src/main/java/org/openrewrite/mainframe/jcl/ExpandExternalSysinVisitor.java,org.openrewrite.mainframe.jcl.ExpandExternalSysinVisitor,expand,FEATURE_ENVY,HIGH,"foreign accesses=27, own accesses=4"
src/main/java/org/openrewrite/mainframe/jcl/ExpandExternalSysinVisitor.java,org.openrewrite.mainframe.jcl.ExpandExternalSysinVisitor,isInputDisposition,FEATURE_ENVY,MEDIUM,"foreign accesses=13, own accesses=0"
src/main/java/org/openrewrite/mainframe/jcl/ExpandExternalSysinVisitor.java,org.openrewrite.mainframe.jcl.ExpandExternalSysinVisitor,resolved,FEATURE_ENVY,LOW,"foreign accesses=6, own accesses=0"
src/main/java/org/openrewrite/mainframe/jcl/ExpandExternalSysinVisitor.java,org.openrewrite.mainframe.jcl.ExpandExternalSysinVisitor,tokenize,FEATURE_ENVY,HIGH,"foreign accesses=19, own accesses=0"
src/main/java/org/openrewrite/mainframe/jcl/ExpandJobVisitor.java,org.openrewrite.mainframe.jcl.ExpandJobVisitor,,GOD_CLASS,HIGH,"WMC=179, TCC=0.01, ATFD=111"
src/main/java/org/openrewrite/mainframe/jcl/ExpandJobVisitor.java,org.openrewrite.mainframe.jcl.ExpandJobVisitor,addTo,FEATURE_ENVY,HIGH,"foreign accesses=17, own accesses=3"
src/main/java/org/openrewrite/mainframe/jcl/ExpandJobVisitor.java,org.openrewrite.mainframe.jcl.ExpandJobVisitor,applyOverrides,FEATURE_ENVY,HIGH,"foreign accesses=23, own accesses=9"
src/main/java/org/openrewrite/mainframe/jcl/ExpandJobVisitor.java,org.openrewrite.mainframe.jcl.ExpandJobVisitor,assignedValue,FEATURE_ENVY,LOW,"foreign accesses=7, own accesses=1"
src/main/java/org/openrewrite/mainframe/jcl/ExpandJobVisitor.java,org.openrewrite.mainframe.jcl.ExpandJobVisitor,catalogued,FEATURE_ENVY,HIGH,"foreign accesses=16, own accesses=4"
src/main/java/org/openrewrite/mainframe/jcl/ExpandJobVisitor.java,org.openrewrite.mainframe.jcl.ExpandJobVisitor,defaultsOf,FEATURE_ENVY,LOW,"foreign accesses=7, own accesses=1"
src/main/java/org/openrewrite/mainframe/jcl/ExpandJobVisitor.java,org.openrewrite.mainframe.jcl.ExpandJobVisitor,exec,FEATURE_ENVY,CRITICAL,"foreign accesses=55, own accesses=16"
src/main/java/org/openrewrite/mainframe/jcl/ExpandJobVisitor.java,org.openrewrite.mainframe.jcl.ExpandJobVisitor,expand,FEATURE_ENVY,HIGH,"foreign accesses=15, own accesses=7"
src/main/java/org/openrewrite/mainframe/jcl/ExpandJobVisitor.java,org.openrewrite.mainframe.jcl.ExpandJobVisitor,export,FEATURE_ENVY,MEDIUM,"foreign accesses=11, own accesses=1"
src/main/java/org/openrewrite/mainframe/jcl/ExpandJobVisitor.java,org.openrewrite.mainframe.jcl.ExpandJobVisitor,inStreamProcedures,FEATURE_ENVY,MEDIUM,"foreign accesses=14, own accesses=2"
src/main/java/org/openrewrite/mainframe/jcl/ExpandJobVisitor.java,org.openrewrite.mainframe.jcl.ExpandJobVisitor,include,FEATURE_ENVY,HIGH,"foreign accesses=27, own accesses=8"
src/main/java/org/openrewrite/mainframe/jcl/ExpandJobVisitor.java,org.openrewrite.mainframe.jcl.ExpandJobVisitor,isSystemSymbol,FEATURE_ENVY,LOW,"foreign accesses=5, own accesses=1"
src/main/java/org/openrewrite/mainframe/jcl/ExpandJobVisitor.java,org.openrewrite.mainframe.jcl.ExpandJobVisitor,merge,FEATURE_ENVY,CRITICAL,"foreign accesses=48, own accesses=4"
src/main/java/org/openrewrite/mainframe/jcl/ExpandJobVisitor.java,org.openrewrite.mainframe.jcl.ExpandJobVisitor,onNewLine,FEATURE_ENVY,LOW,"foreign accesses=8, own accesses=0"
src/main/java/org/openrewrite/mainframe/jcl/ExpandJobVisitor.java,org.openrewrite.mainframe.jcl.ExpandJobVisitor,overridesFollowing,FEATURE_ENVY,HIGH,"foreign accesses=15, own accesses=4"
src/main/java/org/openrewrite/mainframe/jcl/ExpandJobVisitor.java,org.openrewrite.mainframe.jcl.ExpandJobVisitor,overridesOf,FEATURE_ENVY,MEDIUM,"foreign accesses=11, own accesses=2"
src/main/java/org/openrewrite/mainframe/jcl/ExpandJobVisitor.java,org.openrewrite.mainframe.jcl.ExpandJobVisitor,resolve,FEATURE_ENVY,CRITICAL,"foreign accesses=32, own accesses=2"
src/main/java/org/openrewrite/mainframe/jcl/ExpandJobVisitor.java,org.openrewrite.mainframe.jcl.ExpandJobVisitor,resolveParameters,FEATURE_ENVY,MEDIUM,"foreign accesses=11, own accesses=2"
src/main/java/org/openrewrite/mainframe/jcl/ExpandJobVisitor.java,org.openrewrite.mainframe.jcl.ExpandJobVisitor,resolveStream,FEATURE_ENVY,LOW,"foreign accesses=5, own accesses=1"
src/main/java/org/openrewrite/mainframe/jcl/ExpandJobVisitor.java,org.openrewrite.mainframe.jcl.ExpandJobVisitor,set,FEATURE_ENVY,MEDIUM,"foreign accesses=11, own accesses=1"
src/main/java/org/openrewrite/mainframe/jcl/ExpandJobVisitor.java,org.openrewrite.mainframe.jcl.ExpandJobVisitor,visitCompilationUnit,FEATURE_ENVY,MEDIUM,"foreign accesses=11, own accesses=1"
src/main/java/org/openrewrite/mainframe/jcl/ExpandJobVisitor.java,org.openrewrite.mainframe.jcl.ExpandJobVisitor,word,FEATURE_ENVY,LOW,"foreign accesses=5, own accesses=0"
src/main/java/org/openrewrite/mainframe/jcl/ExpandedPrinter.java,org.openrewrite.mainframe.jcl.ExpandedPrinter,afterSyntax,FEATURE_ENVY,LOW,"foreign accesses=7, own accesses=0"
src/main/java/org/openrewrite/mainframe/jcl/ExpandedPrinter.java,org.openrewrite.mainframe.jcl.ExpandedPrinter,visitDataDefinitionStream,FEATURE_ENVY,HIGH,"foreign accesses=17, own accesses=1"
src/main/java/org/openrewrite/mainframe/jcl/ExpandedPrinter.java,org.openrewrite.mainframe.jcl.ExpandedPrinter,visitExpansion,FEATURE_ENVY,LOW,"foreign accesses=9, own accesses=0"
src/main/java/org/openrewrite/mainframe/jcl/ExpandedPrinter.java,org.openrewrite.mainframe.jcl.ExpandedPrinter,visitJobControlStatement,FEATURE_ENVY,MEDIUM,"foreign accesses=12, own accesses=1"
src/main/java/org/openrewrite/mainframe/jcl/ExpandedPrinter.java,org.openrewrite.mainframe.jcl.ExpandedPrinter,visitKeywordParameter,FEATURE_ENVY,HIGH,"foreign accesses=15, own accesses=2"
src/main/java/org/openrewrite/mainframe/jcl/ExpandedPrinter.java,org.openrewrite.mainframe.jcl.ExpandedPrinter,visitPositionalParameter,FEATURE_ENVY,MEDIUM,"foreign accesses=13, own accesses=2"
src/main/java/org/openrewrite/mainframe/jcl/JclLineReader.java,org.openrewrite.mainframe.jcl.JclLineReader,,GOD_CLASS,HIGH,"WMC=123, TCC=0.03, ATFD=76"
src/main/java/org/openrewrite/mainframe/jcl/JclLineReader.java,org.openrewrite.mainframe.jcl.JclLineReader,beginsInStreamData,FEATURE_ENVY,LOW,"foreign accesses=5, own accesses=1"
src/main/java/org/openrewrite/mainframe/jcl/JclLineReader.java,org.openrewrite.mainframe.jcl.JclLineReader,getLineContext,FEATURE_ENVY,LOW,"foreign accesses=7, own accesses=2"
src/main/java/org/openrewrite/mainframe/jcl/JclLineReader.java,org.openrewrite.mainframe.jcl.JclLineReader,getLineType,FEATURE_ENVY,HIGH,"foreign accesses=23, own accesses=3"
src/main/java/org/openrewrite/mainframe/jcl/JclLineReader.java,org.openrewrite.mainframe.jcl.JclLineReader,isDataDefinition,FEATURE_ENVY,LOW,"foreign accesses=7, own accesses=3"
src/main/java/org/openrewrite/mainframe/jcl/JclLineReader.java,org.openrewrite.mainframe.jcl.JclLineReader,isJcl,FEATURE_ENVY,MEDIUM,"foreign accesses=11, own accesses=2"
src/main/java/org/openrewrite/mainframe/jcl/JclLineReader.java,org.openrewrite.mainframe.jcl.JclLineReader,parameters,FEATURE_ENVY,LOW,"foreign accesses=7, own accesses=0"
src/main/java/org/openrewrite/mainframe/jcl/JclLineReader.java,org.openrewrite.mainframe.jcl.JclLineReader,readLines,FEATURE_ENVY,CRITICAL,"foreign accesses=103, own accesses=17"
src/main/java/org/openrewrite/mainframe/jcl/JclLineReader.java,org.openrewrite.mainframe.jcl.JclLineReader,streamDelimiter,FEATURE_ENVY,MEDIUM,"foreign accesses=11, own accesses=1"
src/main/java/org/openrewrite/mainframe/jcl/JclParser.java,org.openrewrite.mainframe.jcl.JclParser,accept,FEATURE_ENVY,MEDIUM,"foreign accesses=11, own accesses=2"
src/main/java/org/openrewrite/mainframe/jcl/JclParser.java,org.openrewrite.mainframe.jcl.JclParser,memberName,FEATURE_ENVY,LOW,"foreign accesses=7, own accesses=0"
src/main/java/org/openrewrite/mainframe/jcl/JclParser.java,org.openrewrite.mainframe.jcl.JclParser,parseInputs,FEATURE_ENVY,HIGH,"foreign accesses=30, own accesses=9"
src/main/java/org/openrewrite/mainframe/jcl/JclParser.java,org.openrewrite.mainframe.jcl.JclParser,read,FEATURE_ENVY,HIGH,"foreign accesses=16, own accesses=0"
src/main/java/org/openrewrite/mainframe/jcl/JclParser.java,org.openrewrite.mainframe.jcl.JclParser,readParmMembers,FEATURE_ENVY,LOW,"foreign accesses=5, own accesses=1"
src/main/java/org/openrewrite/mainframe/jcl/JclParser.java,org.openrewrite.mainframe.jcl.JclParser,readProcedureLibrary,FEATURE_ENVY,LOW,"foreign accesses=7, own accesses=2"
src/main/java/org/openrewrite/mainframe/jcl/JclVisitor.java,org.openrewrite.mainframe.jcl.JclVisitor,visitComment,FEATURE_ENVY,MEDIUM,"foreign accesses=10, own accesses=1"
src/main/java/org/openrewrite/mainframe/jcl/JclVisitor.java,org.openrewrite.mainframe.jcl.JclVisitor,visitCompilationUnit,FEATURE_ENVY,HIGH,"foreign accesses=15, own accesses=2"
src/main/java/org/openrewrite/mainframe/jcl/JclVisitor.java,org.openrewrite.mainframe.jcl.JclVisitor,visitControlM,FEATURE_ENVY,MEDIUM,"foreign accesses=10, own accesses=1"
src/main/java/org/openrewrite/mainframe/jcl/JclVisitor.java,org.openrewrite.mainframe.jcl.JclVisitor,visitDataDefinitionStream,FEATURE_ENVY,MEDIUM,"foreign accesses=10, own accesses=1"
src/main/java/org/openrewrite/mainframe/jcl/JclVisitor.java,org.openrewrite.mainframe.jcl.JclVisitor,visitDelimiter,FEATURE_ENVY,MEDIUM,"foreign accesses=14, own accesses=1"
src/main/java/org/openrewrite/mainframe/jcl/JclVisitor.java,org.openrewrite.mainframe.jcl.JclVisitor,visitExpansion,FEATURE_ENVY,MEDIUM,"foreign accesses=11, own accesses=1"
src/main/java/org/openrewrite/mainframe/jcl/JclVisitor.java,org.openrewrite.mainframe.jcl.JclVisitor,visitJes2,FEATURE_ENVY,MEDIUM,"foreign accesses=10, own accesses=1"
src/main/java/org/openrewrite/mainframe/jcl/JclVisitor.java,org.openrewrite.mainframe.jcl.JclVisitor,visitJes3,FEATURE_ENVY,MEDIUM,"foreign accesses=10, own accesses=1"
src/main/java/org/openrewrite/mainframe/jcl/JclVisitor.java,org.openrewrite.mainframe.jcl.JclVisitor,visitJobControlStatement,FEATURE_ENVY,HIGH,"foreign accesses=18, own accesses=1"
src/main/java/org/openrewrite/mainframe/jcl/JclVisitor.java,org.openrewrite.mainframe.jcl.JclVisitor,visitKeywordParameter,FEATURE_ENVY,MEDIUM,"foreign accesses=14, own accesses=1"
src/main/java/org/openrewrite/mainframe/jcl/JclVisitor.java,org.openrewrite.mainframe.jcl.JclVisitor,visitNullStatement,FEATURE_ENVY,MEDIUM,"foreign accesses=10, own accesses=1"
src/main/java/org/openrewrite/mainframe/jcl/JclVisitor.java,org.openrewrite.mainframe.jcl.JclVisitor,visitPositionalParameter,FEATURE_ENVY,MEDIUM,"foreign accesses=11, own accesses=1"
src/main/java/org/openrewrite/mainframe/jcl/JclVisitor.java,org.openrewrite.mainframe.jcl.JclVisitor,visitUnknown,FEATURE_ENVY,MEDIUM,"foreign accesses=10, own accesses=1"
src/main/java/org/openrewrite/mainframe/jcl/JclVisitor.java,org.openrewrite.mainframe.jcl.JclVisitor,visitWord,FEATURE_ENVY,LOW,"foreign accesses=7, own accesses=1"
src/main/java/org/openrewrite/mainframe/jcl/Operands.java,org.openrewrite.mainframe.jcl.Operands,list,FEATURE_ENVY,MEDIUM,"foreign accesses=14, own accesses=0"
src/main/java/org/openrewrite/mainframe/jcl/Operands.java,org.openrewrite.mainframe.jcl.Operands,positions,FEATURE_ENVY,MEDIUM,"foreign accesses=10, own accesses=1"
src/main/java/org/openrewrite/mainframe/jcl/Operands.java,org.openrewrite.mainframe.jcl.Operands,unquoted,FEATURE_ENVY,LOW,"foreign accesses=5, own accesses=0"
src/main/java/org/openrewrite/mainframe/jcl/SourcePositions.java,org.openrewrite.mainframe.jcl.SourcePositions,,GOD_CLASS,MEDIUM,"WMC=47, TCC=0.08, ATFD=20"
src/main/java/org/openrewrite/mainframe/jcl/SourcePositions.java,org.openrewrite.mainframe.jcl.SourcePositions,lineStartsOf,FEATURE_ENVY,LOW,"foreign accesses=8, own accesses=0"
src/main/java/org/openrewrite/mainframe/jcl/SourcePositions.java,org.openrewrite.mainframe.jcl.SourcePositions,memberOf,FEATURE_ENVY,HIGH,"foreign accesses=18, own accesses=2"
src/main/java/org/openrewrite/mainframe/jcl/SourcePositions.java,org.openrewrite.mainframe.jcl.SourcePositions,of,FEATURE_ENVY,LOW,"foreign accesses=9, own accesses=1"
src/main/java/org/openrewrite/mainframe/jcl/SourcePositions.java,org.openrewrite.mainframe.jcl.SourcePositions,textOf,FEATURE_ENVY,LOW,"foreign accesses=5, own accesses=1"
src/main/java/org/openrewrite/mainframe/jcl/internal/JclParserVisitor.java,org.openrewrite.mainframe.jcl.internal.JclParserVisitor,,GOD_CLASS,HIGH,"WMC=95, TCC=0.01, ATFD=57"
src/main/java/org/openrewrite/mainframe/jcl/internal/JclParserVisitor.java,org.openrewrite.mainframe.jcl.internal.JclParserVisitor,continuesAfterComments,FEATURE_ENVY,LOW,"foreign accesses=9, own accesses=1"
src/main/java/org/openrewrite/mainframe/jcl/internal/JclParserVisitor.java,org.openrewrite.mainframe.jcl.internal.JclParserVisitor,flush,FEATURE_ENVY,CRITICAL,"foreign accesses=68, own accesses=5"
src/main/java/org/openrewrite/mainframe/jcl/internal/JclParserVisitor.java,org.openrewrite.mainframe.jcl.internal.JclParserVisitor,lineMarker,FEATURE_ENVY,MEDIUM,"foreign accesses=13, own accesses=1"
src/main/java/org/openrewrite/mainframe/jcl/internal/JclParserVisitor.java,org.openrewrite.mainframe.jcl.internal.JclParserVisitor,mapCommentArea,FEATURE_ENVY,LOW,"foreign accesses=5, own accesses=2"
src/main/java/org/openrewrite/mainframe/jcl/internal/JclParserVisitor.java,org.openrewrite.mainframe.jcl.internal.JclParserVisitor,mapTrailingComment,FEATURE_ENVY,LOW,"foreign accesses=7, own accesses=2"
src/main/java/org/openrewrite/mainframe/jcl/internal/JclParserVisitor.java,org.openrewrite.mainframe.jcl.internal.JclParserVisitor,parameters,FEATURE_ENVY,HIGH,"foreign accesses=25, own accesses=3"
src/main/java/org/openrewrite/mainframe/jcl/internal/JclParserVisitor.java,org.openrewrite.mainframe.jcl.internal.JclParserVisitor,splitOnTopLevelCommas,FEATURE_ENVY,LOW,"foreign accesses=7, own accesses=0"
src/main/java/org/openrewrite/mainframe/jcl/internal/JclParserVisitor.java,org.openrewrite.mainframe.jcl.internal.JclParserVisitor,visitCommentWord,FEATURE_ENVY,LOW,"foreign accesses=8, own accesses=3"
src/main/java/org/openrewrite/mainframe/jcl/internal/JclParserVisitor.java,org.openrewrite.mainframe.jcl.internal.JclParserVisitor,visitControlMWord,FEATURE_ENVY,LOW,"foreign accesses=8, own accesses=3"
src/main/java/org/openrewrite/mainframe/jcl/internal/JclParserVisitor.java,org.openrewrite.mainframe.jcl.internal.JclParserVisitor,visitJes2Word,FEATURE_ENVY,LOW,"foreign accesses=8, own accesses=3"
src/main/java/org/openrewrite/mainframe/jcl/internal/JclParserVisitor.java,org.openrewrite.mainframe.jcl.internal.JclParserVisitor,visitJes3Word,FEATURE_ENVY,LOW,"foreign accesses=8, own accesses=3"
src/main/java/org/openrewrite/mainframe/jcl/internal/JclParserVisitor.java,org.openrewrite.mainframe.jcl.internal.JclParserVisitor,visitStreamWord,FEATURE_ENVY,LOW,"foreign accesses=8, own accesses=3"
src/main/java/org/openrewrite/mainframe/jcl/internal/JclParserVisitor.java,org.openrewrite.mainframe.jcl.internal.JclParserVisitor,visitTerminal,FEATURE_ENVY,LOW,"foreign accesses=5, own accesses=1"
src/main/java/org/openrewrite/mainframe/jcl/internal/JclParserVisitor.java,org.openrewrite.mainframe.jcl.internal.JclParserVisitor,visitUnknownWord,FEATURE_ENVY,MEDIUM,"foreign accesses=14, own accesses=3"
src/main/java/org/openrewrite/mainframe/jcl/internal/JclParserVisitor.java,org.openrewrite.mainframe.jcl.internal.JclParserVisitor,word,FEATURE_ENVY,HIGH,"foreign accesses=15, own accesses=4"
src/main/java/org/openrewrite/mainframe/jcl/internal/JclParserVisitor.java,org.openrewrite.mainframe.jcl.internal.JclParserVisitor,word,FEATURE_ENVY,LOW,"foreign accesses=7, own accesses=2"
src/main/java/org/openrewrite/mainframe/jcl/internal/JclPrinter.java,org.openrewrite.mainframe.jcl.internal.JclPrinter,afterSyntax,FEATURE_ENVY,HIGH,"foreign accesses=17, own accesses=3"
src/main/java/org/openrewrite/mainframe/jcl/internal/JclPrinter.java,org.openrewrite.mainframe.jcl.internal.JclPrinter,beforeSyntax,FEATURE_ENVY,HIGH,"foreign accesses=15, own accesses=3"
src/main/java/org/openrewrite/mainframe/jcl/internal/JclPrinter.java,org.openrewrite.mainframe.jcl.internal.JclPrinter,visitCompilationUnit,FEATURE_ENVY,LOW,"foreign accesses=7, own accesses=3"
src/main/java/org/openrewrite/mainframe/jcl/internal/JclPrinter.java,org.openrewrite.mainframe.jcl.internal.JclPrinter,visitDataDefinitionStream,FEATURE_ENVY,LOW,"foreign accesses=9, own accesses=2"
src/main/java/org/openrewrite/mainframe/jcl/internal/JclPrinter.java,org.openrewrite.mainframe.jcl.internal.JclPrinter,visitDelimiter,FEATURE_ENVY,LOW,"foreign accesses=6, own accesses=2"
src/main/java/org/openrewrite/mainframe/jcl/internal/JclPrinter.java,org.openrewrite.mainframe.jcl.internal.JclPrinter,visitJobControlStatement,FEATURE_ENVY,LOW,"foreign accesses=8, own accesses=2"
src/main/java/org/openrewrite/mainframe/jcl/internal/JclPrinter.java,org.openrewrite.mainframe.jcl.internal.JclPrinter,visitKeywordParameter,FEATURE_ENVY,LOW,"foreign accesses=6, own accesses=2"
src/main/java/org/openrewrite/mainframe/jcl/internal/JclPrinter.java,org.openrewrite.mainframe.jcl.internal.JclPrinter,visitWord,FEATURE_ENVY,MEDIUM,"foreign accesses=10, own accesses=3"
src/main/java/org/openrewrite/mainframe/jcl/internal/grammar/JCLParser.java,org.openrewrite.mainframe.jcl.internal.grammar.JCLParser,,GOD_CLASS,HIGH,"WMC=101, TCC=0.03, ATFD=180"
src/main/java/org/openrewrite/mainframe/jcl/internal/grammar/JCLParser.java,org.openrewrite.mainframe.jcl.internal.grammar.JCLParser,comment,FEATURE_ENVY,MEDIUM,"foreign accesses=12, own accesses=4"
src/main/java/org/openrewrite/mainframe/jcl/internal/grammar/JCLParser.java,org.openrewrite.mainframe.jcl.internal.grammar.JCLParser,commentArea,FEATURE_ENVY,MEDIUM,"foreign accesses=13, own accesses=4"
src/main/java/org/openrewrite/mainframe/jcl/internal/grammar/JCLParser.java,org.openrewrite.mainframe.jcl.internal.grammar.JCLParser,commentWord,FEATURE_ENVY,CRITICAL,"foreign accesses=32, own accesses=9"
src/main/java/org/openrewrite/mainframe/jcl/internal/grammar/JCLParser.java,org.openrewrite.mainframe.jcl.internal.grammar.JCLParser,compilationUnit,FEATURE_ENVY,HIGH,"foreign accesses=25, own accesses=6"
src/main/java/org/openrewrite/mainframe/jcl/internal/grammar/JCLParser.java,org.openrewrite.mainframe.jcl.internal.grammar.JCLParser,controlM,FEATURE_ENVY,MEDIUM,"foreign accesses=12, own accesses=4"
src/main/java/org/openrewrite/mainframe/jcl/internal/grammar/JCLParser.java,org.openrewrite.mainframe.jcl.internal.grammar.JCLParser,controlMWord,FEATURE_ENVY,CRITICAL,"foreign accesses=32, own accesses=9"
src/main/java/org/openrewrite/mainframe/jcl/internal/grammar/JCLParser.java,org.openrewrite.mainframe.jcl.internal.grammar.JCLParser,jcl,FEATURE_ENVY,HIGH,"foreign accesses=21, own accesses=6"
src/main/java/org/openrewrite/mainframe/jcl/internal/grammar/JCLParser.java,org.openrewrite.mainframe.jcl.internal.grammar.JCLParser,jclTrailingComment,FEATURE_ENVY,CRITICAL,"foreign accesses=35, own accesses=13"
src/main/java/org/openrewrite/mainframe/jcl/internal/grammar/JCLParser.java,org.openrewrite.mainframe.jcl.internal.grammar.JCLParser,jclWord,FEATURE_ENVY,CRITICAL,"foreign accesses=32, own accesses=9"
src/main/java/org/openrewrite/mainframe/jcl/internal/grammar/JCLParser.java,org.openrewrite.mainframe.jcl.internal.grammar.JCLParser,jes2,FEATURE_ENVY,MEDIUM,"foreign accesses=12, own accesses=4"
src/main/java/org/openrewrite/mainframe/jcl/internal/grammar/JCLParser.java,org.openrewrite.mainframe.jcl.internal.grammar.JCLParser,jes2Word,FEATURE_ENVY,CRITICAL,"foreign accesses=32, own accesses=9"
src/main/java/org/openrewrite/mainframe/jcl/internal/grammar/JCLParser.java,org.openrewrite.mainframe.jcl.internal.grammar.JCLParser,jes3,FEATURE_ENVY,MEDIUM,"foreign accesses=12, own accesses=4"
src/main/java/org/openrewrite/mainframe/jcl/internal/grammar/JCLParser.java,org.openrewrite.mainframe.jcl.internal.grammar.JCLParser,jes3Word,FEATURE_ENVY,CRITICAL,"foreign accesses=32, own accesses=9"
src/main/java/org/openrewrite/mainframe/jcl/internal/grammar/JCLParser.java,org.openrewrite.mainframe.jcl.internal.grammar.JCLParser,stream,FEATURE_ENVY,MEDIUM,"foreign accesses=12, own accesses=4"
src/main/java/org/openrewrite/mainframe/jcl/internal/grammar/JCLParser.java,org.openrewrite.mainframe.jcl.internal.grammar.JCLParser,streamWord,FEATURE_ENVY,CRITICAL,"foreign accesses=32, own accesses=9"
src/main/java/org/openrewrite/mainframe/jcl/internal/grammar/JCLParser.java,org.openrewrite.mainframe.jcl.internal.grammar.JCLParser,unknown,FEATURE_ENVY,MEDIUM,"foreign accesses=12, own accesses=4"
src/main/java/org/openrewrite/mainframe/jcl/internal/grammar/JCLParser.java,org.openrewrite.mainframe.jcl.internal.grammar.JCLParser,unknownWord,FEATURE_ENVY,CRITICAL,"foreign accesses=39, own accesses=15"
src/main/java/org/openrewrite/mainframe/jcl/search/FindWord.java,org.openrewrite.mainframe.jcl.search.FindWord,getVisitor,FEATURE_ENVY,LOW,"foreign accesses=5, own accesses=2"
src/main/java/org/openrewrite/mainframe/jcl/search/FindWord.java,org.openrewrite.mainframe.jcl.search.FindWord,visitWord,FEATURE_ENVY,MEDIUM,"foreign accesses=13, own accesses=1"
src/main/java/org/openrewrite/mainframe/jcl/trait/DataDefinition.java,org.openrewrite.mainframe.jcl.trait.DataDefinition,dataSetOf,FEATURE_ENVY,LOW,"foreign accesses=9, own accesses=1"
src/main/java/org/openrewrite/mainframe/jcl/trait/DataDefinition.java,org.openrewrite.mainframe.jcl.trait.DataDefinition,overrides,FEATURE_ENVY,LOW,"foreign accesses=8, own accesses=0"
src/main/java/org/openrewrite/mainframe/jcl/trait/Disposition.java,org.openrewrite.mainframe.jcl.trait.Disposition,parse,FEATURE_ENVY,HIGH,"foreign accesses=24, own accesses=1"
src/main/java/org/openrewrite/mainframe/jcl/trait/Disposition.java,org.openrewrite.mainframe.jcl.trait.Disposition,statusOf,FEATURE_ENVY,MEDIUM,"foreign accesses=13, own accesses=0"
src/main/java/org/openrewrite/mainframe/jcl/trait/ExecutionPath.java,org.openrewrite.mainframe.jcl.trait.ExecutionPath,cards,FEATURE_ENVY,HIGH,"foreign accesses=18, own accesses=1"
src/main/java/org/openrewrite/mainframe/jcl/trait/ExecutionPath.java,org.openrewrite.mainframe.jcl.trait.ExecutionPath,collect,FEATURE_ENVY,HIGH,"foreign accesses=21, own accesses=4"
src/main/java/org/openrewrite/mainframe/jcl/trait/ExecutionPath.java,org.openrewrite.mainframe.jcl.trait.ExecutionPath,decksOf,FEATURE_ENVY,LOW,"foreign accesses=5, own accesses=1"
src/main/java/org/openrewrite/mainframe/jcl/trait/ExecutionPath.java,org.openrewrite.mainframe.jcl.trait.ExecutionPath,read,FEATURE_ENVY,LOW,"foreign accesses=9, own accesses=0"
src/main/java/org/openrewrite/mainframe/jcl/trait/ExecutionPath.java,org.openrewrite.mainframe.jcl.trait.ExecutionPath,verdictOf,FEATURE_ENVY,LOW,"foreign accesses=7, own accesses=0"
src/main/java/org/openrewrite/mainframe/jcl/trait/ExecutionPath.java,org.openrewrite.mainframe.jcl.trait.ExecutionPath,visitMarkers,FEATURE_ENVY,HIGH,"foreign accesses=26, own accesses=0"
src/main/java/org/openrewrite/mainframe/jcl/trait/Job.java,org.openrewrite.mainframe.jcl.trait.Job,getProcedureLibraries,FEATURE_ENVY,LOW,"foreign accesses=9, own accesses=1"
src/main/java/org/openrewrite/mainframe/jcl/trait/Step.java,org.openrewrite.mainframe.jcl.trait.Step,getCallingStep,FEATURE_ENVY,LOW,"foreign accesses=5, own accesses=2"
src/main/java/org/openrewrite/mainframe/jcl/trait/Step.java,org.openrewrite.mainframe.jcl.trait.Step,getProcedure,FEATURE_ENVY,LOW,"foreign accesses=6, own accesses=0"
src/main/java/org/openrewrite/mainframe/jcl/trait/Step.java,org.openrewrite.mainframe.jcl.trait.Step,getProcedureSteps,FEATURE_ENVY,LOW,"foreign accesses=5, own accesses=2"
src/main/java/org/openrewrite/mainframe/jcl/trait/Step.java,org.openrewrite.mainframe.jcl.trait.Step,getSymbolics,FEATURE_ENVY,LOW,"foreign accesses=8, own accesses=0"
src/main/java/org/openrewrite/mainframe/jcl/trait/Step.java,org.openrewrite.mainframe.jcl.trait.Step,isProcedureMissing,FEATURE_ENVY,MEDIUM,"foreign accesses=10, own accesses=0"
src/main/java/org/openrewrite/mainframe/jcl/trait/Steps.java,org.openrewrite.mainframe.jcl.trait.Steps,enclosing,FEATURE_ENVY,LOW,"foreign accesses=9, own accesses=0"
src/main/java/org/openrewrite/mainframe/jcl/trait/Steps.java,org.openrewrite.mainframe.jcl.trait.Steps,following,FEATURE_ENVY,LOW,"foreign accesses=7, own accesses=2"
src/main/java/org/openrewrite/mainframe/jcl/trait/Steps.java,org.openrewrite.mainframe.jcl.trait.Steps,resolved,FEATURE_ENVY,LOW,"foreign accesses=8, own accesses=0"
src/main/java/org/openrewrite/mainframe/linkedit/Assertions.java,org.openrewrite.mainframe.linkedit.Assertions,linkEdit,FEATURE_ENVY,LOW,"foreign accesses=6, own accesses=1"
src/main/java/org/openrewrite/mainframe/linkedit/Assertions.java,org.openrewrite.mainframe.linkedit.Assertions,linkEdit,FEATURE_ENVY,LOW,"foreign accesses=5, own accesses=1"
src/main/java/org/openrewrite/mainframe/linkedit/InStreamLinkEditDeck.java,org.openrewrite.mainframe.linkedit.InStreamLinkEditDeck,of,FEATURE_ENVY,MEDIUM,"foreign accesses=13, own accesses=0"
src/main/java/org/openrewrite/mainframe/linkedit/LinkEditLineReader.java,org.openrewrite.mainframe.linkedit.LinkEditLineReader,namesADdName,FEATURE_ENVY,MEDIUM,"foreign accesses=11, own accesses=1"
src/main/java/org/openrewrite/mainframe/linkedit/LinkEditLineReader.java,org.openrewrite.mainframe.linkedit.LinkEditLineReader,readLines,FEATURE_ENVY,MEDIUM,"foreign accesses=10, own accesses=3"
src/main/java/org/openrewrite/mainframe/linkedit/LinkEditParser.java,org.openrewrite.mainframe.linkedit.LinkEditParser,accept,FEATURE_ENVY,LOW,"foreign accesses=8, own accesses=1"
src/main/java/org/openrewrite/mainframe/linkedit/LinkEditParser.java,org.openrewrite.mainframe.linkedit.LinkEditParser,parse,FEATURE_ENVY,LOW,"foreign accesses=6, own accesses=0"
src/main/java/org/openrewrite/mainframe/linkedit/LinkEditParser.java,org.openrewrite.mainframe.linkedit.LinkEditParser,parseInputs,FEATURE_ENVY,CRITICAL,"foreign accesses=31, own accesses=2"
src/main/java/org/openrewrite/mainframe/linkedit/LinkEditVisitor.java,org.openrewrite.mainframe.linkedit.LinkEditVisitor,visitCompilationUnit,FEATURE_ENVY,HIGH,"foreign accesses=15, own accesses=2"
src/main/java/org/openrewrite/mainframe/linkedit/LinkEditVisitor.java,org.openrewrite.mainframe.linkedit.LinkEditVisitor,visitControlStatement,FEATURE_ENVY,MEDIUM,"foreign accesses=14, own accesses=1"
src/main/java/org/openrewrite/mainframe/linkedit/LinkEditVisitor.java,org.openrewrite.mainframe.linkedit.LinkEditVisitor,visitOperand,FEATURE_ENVY,MEDIUM,"foreign accesses=14, own accesses=1"
src/main/java/org/openrewrite/mainframe/linkedit/LinkEditVisitor.java,org.openrewrite.mainframe.linkedit.LinkEditVisitor,visitWord,FEATURE_ENVY,LOW,"foreign accesses=7, own accesses=1"
src/main/java/org/openrewrite/mainframe/linkedit/internal/LinkEditParserVisitor.java,org.openrewrite.mainframe.linkedit.internal.LinkEditParserVisitor,,GOD_CLASS,MEDIUM,"WMC=53, TCC=0.05, ATFD=20"
src/main/java/org/openrewrite/mainframe/linkedit/internal/LinkEditParserVisitor.java,org.openrewrite.mainframe.linkedit.internal.LinkEditParserVisitor,beginsStatement,FEATURE_ENVY,LOW,"foreign accesses=6, own accesses=1"
src/main/java/org/openrewrite/mainframe/linkedit/internal/LinkEditParserVisitor.java,org.openrewrite.mainframe.linkedit.internal.LinkEditParserVisitor,flush,FEATURE_ENVY,HIGH,"foreign accesses=16, own accesses=4"
src/main/java/org/openrewrite/mainframe/linkedit/internal/LinkEditParserVisitor.java,org.openrewrite.mainframe.linkedit.internal.LinkEditParserVisitor,operand,FEATURE_ENVY,CRITICAL,"foreign accesses=31, own accesses=2"
src/main/java/org/openrewrite/mainframe/linkedit/internal/LinkEditParserVisitor.java,org.openrewrite.mainframe.linkedit.internal.LinkEditParserVisitor,part,FEATURE_ENVY,LOW,"foreign accesses=5, own accesses=0"
src/main/java/org/openrewrite/mainframe/linkedit/internal/LinkEditParserVisitor.java,org.openrewrite.mainframe.linkedit.internal.LinkEditParserVisitor,separated,FEATURE_ENVY,MEDIUM,"foreign accesses=12, own accesses=3"
src/main/java/org/openrewrite/mainframe/linkedit/internal/LinkEditParserVisitor.java,org.openrewrite.mainframe.linkedit.internal.LinkEditParserVisitor,visitTerminal,FEATURE_ENVY,LOW,"foreign accesses=5, own accesses=1"
src/main/java/org/openrewrite/mainframe/linkedit/internal/LinkEditPrinter.java,org.openrewrite.mainframe.linkedit.internal.LinkEditPrinter,afterSyntax,FEATURE_ENVY,LOW,"foreign accesses=7, own accesses=1"
src/main/java/org/openrewrite/mainframe/linkedit/internal/LinkEditPrinter.java,org.openrewrite.mainframe.linkedit.internal.LinkEditPrinter,beforeSyntax,FEATURE_ENVY,HIGH,"foreign accesses=15, own accesses=3"
src/main/java/org/openrewrite/mainframe/linkedit/internal/LinkEditPrinter.java,org.openrewrite.mainframe.linkedit.internal.LinkEditPrinter,visitCompilationUnit,FEATURE_ENVY,LOW,"foreign accesses=7, own accesses=3"
src/main/java/org/openrewrite/mainframe/linkedit/internal/LinkEditPrinter.java,org.openrewrite.mainframe.linkedit.internal.LinkEditPrinter,visitControlStatement,FEATURE_ENVY,LOW,"foreign accesses=6, own accesses=2"
src/main/java/org/openrewrite/mainframe/linkedit/internal/LinkEditPrinter.java,org.openrewrite.mainframe.linkedit.internal.LinkEditPrinter,visitOperand,FEATURE_ENVY,LOW,"foreign accesses=6, own accesses=2"
src/main/java/org/openrewrite/mainframe/linkedit/internal/grammar/LinkEditParser.java,org.openrewrite.mainframe.linkedit.internal.grammar.LinkEditParser,compilationUnit,FEATURE_ENVY,HIGH,"foreign accesses=25, own accesses=8"
src/main/java/org/openrewrite/mainframe/linkedit/internal/grammar/LinkEditParser.java,org.openrewrite.mainframe.linkedit.internal.grammar.LinkEditParser,word,FEATURE_ENVY,HIGH,"foreign accesses=24, own accesses=7"
src/main/java/org/openrewrite/mainframe/linkedit/trait/LinkEditDeck.java,org.openrewrite.mainframe.linkedit.trait.LinkEditDeck,lineOf,FEATURE_ENVY,LOW,"foreign accesses=6, own accesses=2"
src/main/java/org/openrewrite/mainframe/linkedit/trait/LinkEditDeck.java,org.openrewrite.mainframe.linkedit.trait.LinkEditDeck,unwrap,FEATURE_ENVY,LOW,"foreign accesses=7, own accesses=0"
src/main/java/org/openrewrite/mainframe/listload/trait/ModuleListing.java,org.openrewrite.mainframe.listload.trait.ModuleListing,,GOD_CLASS,HIGH,"WMC=124, TCC=0.00, ATFD=98"
src/main/java/org/openrewrite/mainframe/listload/trait/ModuleListing.java,org.openrewrite.mainframe.listload.trait.ModuleListing,add,FEATURE_ENVY,CRITICAL,"foreign accesses=32, own accesses=1"
src/main/java/org/openrewrite/mainframe/listload/trait/ModuleListing.java,org.openrewrite.mainframe.listload.trait.ModuleListing,echoedCard,FEATURE_ENVY,LOW,"foreign accesses=5, own accesses=0"
src/main/java/org/openrewrite/mainframe/listload/trait/ModuleListing.java,org.openrewrite.mainframe.listload.trait.ModuleListing,entryAt,FEATURE_ENVY,LOW,"foreign accesses=7, own accesses=0"
src/main/java/org/openrewrite/mainframe/listload/trait/ModuleListing.java,org.openrewrite.mainframe.listload.trait.ModuleListing,getRequests,FEATURE_ENVY,HIGH,"foreign accesses=26, own accesses=1"
src/main/java/org/openrewrite/mainframe/listload/trait/ModuleListing.java,org.openrewrite.mainframe.listload.trait.ModuleListing,isHex,FEATURE_ENVY,LOW,"foreign accesses=5, own accesses=0"
src/main/java/org/openrewrite/mainframe/listload/trait/ModuleListing.java,org.openrewrite.mainframe.listload.trait.ModuleListing,languageOf,FEATURE_ENVY,HIGH,"foreign accesses=15, own accesses=3"
src/main/java/org/openrewrite/mainframe/listload/trait/ModuleListing.java,org.openrewrite.mainframe.listload.trait.ModuleListing,lastCsect,FEATURE_ENVY,LOW,"foreign accesses=6, own accesses=0"
src/main/java/org/openrewrite/mainframe/listload/trait/ModuleListing.java,org.openrewrite.mainframe.listload.trait.ModuleListing,lines,FEATURE_ENVY,MEDIUM,"foreign accesses=12, own accesses=1"
src/main/java/org/openrewrite/mainframe/listload/trait/ModuleListing.java,org.openrewrite.mainframe.listload.trait.ModuleListing,offsetOf,FEATURE_ENVY,LOW,"foreign accesses=7, own accesses=0"
src/main/java/org/openrewrite/mainframe/listload/trait/ModuleListing.java,org.openrewrite.mainframe.listload.trait.ModuleListing,readBinderListing,FEATURE_ENVY,HIGH,"foreign accesses=25, own accesses=6"
src/main/java/org/openrewrite/mainframe/listload/trait/ModuleListing.java,org.openrewrite.mainframe.listload.trait.ModuleListing,readControlSection,FEATURE_ENVY,HIGH,"foreign accesses=28, own accesses=11"
src/main/java/org/openrewrite/mainframe/listload/trait/ModuleListing.java,org.openrewrite.mainframe.listload.trait.ModuleListing,readMapRow,FEATURE_ENVY,HIGH,"foreign accesses=20, own accesses=6"
src/main/java/org/openrewrite/mainframe/listload/trait/ModuleListing.java,org.openrewrite.mainframe.listload.trait.ModuleListing,readSummaries,FEATURE_ENVY,HIGH,"foreign accesses=15, own accesses=6"
src/main/java/org/openrewrite/mainframe/listload/trait/ModuleListing.java,org.openrewrite.mainframe.listload.trait.ModuleListing,readSummaryLine,FEATURE_ENVY,HIGH,"foreign accesses=23, own accesses=6"
src/main/java/org/openrewrite/mainframe/listload/trait/ModuleListing.java,org.openrewrite.mainframe.listload.trait.ModuleListing,readTranslators,FEATURE_ENVY,HIGH,"foreign accesses=18, own accesses=3"
src/main/java/org/openrewrite/mainframe/listload/trait/ModuleListing.java,org.openrewrite.mainframe.listload.trait.ModuleListing,wordAfter,FEATURE_ENVY,LOW,"foreign accesses=5, own accesses=0"
src/main/java/org/openrewrite/mainframe/sas/trait/FileReference.java,org.openrewrite.mainframe.sas.trait.FileReference,getReferences,FEATURE_ENVY,MEDIUM,"foreign accesses=11, own accesses=0"
src/main/java/org/openrewrite/mainframe/sas/trait/Include.java,org.openrewrite.mainframe.sas.trait.Include,getReferences,FEATURE_ENVY,LOW,"foreign accesses=7, own accesses=1"
src/main/java/org/openrewrite/mainframe/sas/trait/InputLayout.java,org.openrewrite.mainframe.sas.trait.InputLayout,bytesOf,FEATURE_ENVY,LOW,"foreign accesses=5, own accesses=0"
src/main/java/org/openrewrite/mainframe/sas/trait/InputLayout.java,org.openrewrite.mainframe.sas.trait.InputLayout,getLayouts,FEATURE_ENVY,MEDIUM,"foreign accesses=11, own accesses=1"
src/main/java/org/openrewrite/mainframe/sas/trait/InstreamSas.java,org.openrewrite.mainframe.sas.trait.InstreamSas,firstCard,FEATURE_ENVY,LOW,"foreign accesses=6, own accesses=2"
src/main/java/org/openrewrite/mainframe/sas/trait/InstreamSas.java,org.openrewrite.mainframe.sas.trait.InstreamSas,getText,FEATURE_ENVY,MEDIUM,"foreign accesses=12, own accesses=2"
src/main/java/org/openrewrite/mainframe/sas/trait/InstreamSas.java,org.openrewrite.mainframe.sas.trait.InstreamSas,sourcePath,FEATURE_ENVY,MEDIUM,"foreign accesses=11, own accesses=3"
src/main/java/org/openrewrite/mainframe/sas/trait/Library.java,org.openrewrite.mainframe.sas.trait.Library,getReferences,FEATURE_ENVY,HIGH,"foreign accesses=20, own accesses=1"
src/main/java/org/openrewrite/mainframe/sas/trait/Library.java,org.openrewrite.mainframe.sas.trait.Library,kindOf,FEATURE_ENVY,LOW,"foreign accesses=5, own accesses=0"
src/main/java/org/openrewrite/mainframe/sas/trait/Library.java,org.openrewrite.mainframe.sas.trait.Library,optionsOf,FEATURE_ENVY,HIGH,"foreign accesses=17, own accesses=0"
src/main/java/org/openrewrite/mainframe/sas/trait/Library.java,org.openrewrite.mainframe.sas.trait.Library,read,FEATURE_ENVY,HIGH,"foreign accesses=21, own accesses=2"
src/main/java/org/openrewrite/mainframe/sas/trait/MacroCall.java,org.openrewrite.mainframe.sas.trait.MacroCall,getReferences,FEATURE_ENVY,HIGH,"foreign accesses=16, own accesses=1"
src/main/java/org/openrewrite/mainframe/sas/trait/MacroDefinition.java,org.openrewrite.mainframe.sas.trait.MacroDefinition,getMacros,FEATURE_ENVY,LOW,"foreign accesses=9, own accesses=0"
src/main/java/org/openrewrite/mainframe/sas/trait/SqlQuery.java,org.openrewrite.mainframe.sas.trait.SqlQuery,bare,FEATURE_ENVY,LOW,"foreign accesses=5, own accesses=0"
src/main/java/org/openrewrite/mainframe/sas/trait/SqlQuery.java,org.openrewrite.mainframe.sas.trait.SqlQuery,getQueries,FEATURE_ENVY,MEDIUM,"foreign accesses=10, own accesses=2"
src/main/java/org/openrewrite/mainframe/sas/trait/SqlQuery.java,org.openrewrite.mainframe.sas.trait.SqlQuery,tables,FEATURE_ENVY,HIGH,"foreign accesses=24, own accesses=4"
src/main/java/org/openrewrite/mainframe/sas/trait/Statements.java,org.openrewrite.mainframe.sas.trait.Statements,argumentsOf,FEATURE_ENVY,LOW,"foreign accesses=8, own accesses=0"
src/main/java/org/openrewrite/mainframe/sas/trait/Statements.java,org.openrewrite.mainframe.sas.trait.Statements,isProgram,FEATURE_ENVY,LOW,"foreign accesses=5, own accesses=0"
src/main/java/org/openrewrite/mainframe/sas/trait/Statements.java,org.openrewrite.mainframe.sas.trait.Statements,literalIn,FEATURE_ENVY,MEDIUM,"foreign accesses=12, own accesses=0"
src/main/java/org/openrewrite/mainframe/sas/trait/Statements.java,org.openrewrite.mainframe.sas.trait.Statements,stepOf,FEATURE_ENVY,LOW,"foreign accesses=5, own accesses=0"
src/main/java/org/openrewrite/mainframe/trait/Mention.java,org.openrewrite.mainframe.trait.Mention,in,FEATURE_ENVY,LOW,"foreign accesses=6, own accesses=1"
src/main/java/org/openrewrite/mainframe/trait/RunBook.java,org.openrewrite.mainframe.trait.RunBook,,GOD_CLASS,MEDIUM,"WMC=48, TCC=0.00, ATFD=12"
src/main/java/org/openrewrite/mainframe/trait/RunBook.java,org.openrewrite.mainframe.trait.RunBook,continuesField,FEATURE_ENVY,LOW,"foreign accesses=5, own accesses=0"
src/main/java/org/openrewrite/mainframe/trait/RunBook.java,org.openrewrite.mainframe.trait.RunBook,firstWord,FEATURE_ENVY,LOW,"foreign accesses=9, own accesses=0"
src/main/java/org/openrewrite/mainframe/trait/RunBook.java,org.openrewrite.mainframe.trait.RunBook,gapIn,FEATURE_ENVY,LOW,"foreign accesses=6, own accesses=0"
src/main/java/org/openrewrite/mainframe/trait/RunBook.java,org.openrewrite.mainframe.trait.RunBook,getFields,FEATURE_ENVY,HIGH,"foreign accesses=23, own accesses=10"
src/main/java/org/openrewrite/mainframe/trait/RunBook.java,org.openrewrite.mainframe.trait.RunBook,getName,FEATURE_ENVY,LOW,"foreign accesses=7, own accesses=0"
src/main/java/org/openrewrite/mainframe/trait/RunBook.java,org.openrewrite.mainframe.trait.RunBook,getShape,FEATURE_ENVY,HIGH,"foreign accesses=18, own accesses=1"
src/main/java/org/openrewrite/mainframe/trait/RunBook.java,org.openrewrite.mainframe.trait.RunBook,getSubject,FEATURE_ENVY,LOW,"foreign accesses=8, own accesses=3"
src/main/java/org/openrewrite/mainframe/trait/RunBook.java,org.openrewrite.mainframe.trait.RunBook,headerName,FEATURE_ENVY,MEDIUM,"foreign accesses=10, own accesses=0"
src/main/java/org/openrewrite/mainframe/trait/Script.java,org.openrewrite.mainframe.trait.Script,,GOD_CLASS,HIGH,"WMC=76, TCC=0.00, ATFD=28"
src/main/java/org/openrewrite/mainframe/trait/Script.java,org.openrewrite.mainframe.trait.Script,add,FEATURE_ENVY,HIGH,"foreign accesses=20, own accesses=1"
src/main/java/org/openrewrite/mainframe/trait/Script.java,org.openrewrite.mainframe.trait.Script,continues,FEATURE_ENVY,LOW,"foreign accesses=6, own accesses=1"
src/main/java/org/openrewrite/mainframe/trait/Script.java,org.openrewrite.mainframe.trait.Script,getAssignments,FEATURE_ENVY,HIGH,"foreign accesses=15, own accesses=1"
src/main/java/org/openrewrite/mainframe/trait/Script.java,org.openrewrite.mainframe.trait.Script,getInvocations,FEATURE_ENVY,LOW,"foreign accesses=8, own accesses=2"
src/main/java/org/openrewrite/mainframe/trait/Script.java,org.openrewrite.mainframe.trait.Script,getParameters,FEATURE_ENVY,HIGH,"foreign accesses=18, own accesses=2"
src/main/java/org/openrewrite/mainframe/trait/Script.java,org.openrewrite.mainframe.trait.Script,getReferences,FEATURE_ENVY,MEDIUM,"foreign accesses=11, own accesses=1"
src/main/java/org/openrewrite/mainframe/trait/Script.java,org.openrewrite.mainframe.trait.Script,read,FEATURE_ENVY,CRITICAL,"foreign accesses=46, own accesses=9"
src/main/java/org/openrewrite/mainframe/trait/Script.java,org.openrewrite.mainframe.trait.Script,statements,FEATURE_ENVY,HIGH,"foreign accesses=21, own accesses=3"
src/test/java/org/openrewrite/mainframe/PlainTextCorpusTest.java,org.openrewrite.mainframe.PlainTextCorpusTest,,GOD_CLASS,HIGH,"WMC=48, TCC=0.00, ATFD=24"
src/test/java/org/openrewrite/mainframe/PlainTextCorpusTest.java,org.openrewrite.mainframe.PlainTextCorpusTest,findsEveryNameTheFixtureScriptsWriteDown,FEATURE_ENVY,CRITICAL,"foreign accesses=40, own accesses=1"
src/test/java/org/openrewrite/mainframe/PlainTextCorpusTest.java,org.openrewrite.mainframe.PlainTextCorpusTest,findsTheNamesEachRunBookMentions,FEATURE_ENVY,HIGH,"foreign accesses=26, own accesses=1"
src/test/java/org/openrewrite/mainframe/PlainTextCorpusTest.java,org.openrewrite.mainframe.PlainTextCorpusTest,fixture,FEATURE_ENVY,LOW,"foreign accesses=7, own accesses=0"
src/test/java/org/openrewrite/mainframe/PlainTextCorpusTest.java,org.openrewrite.mainframe.PlainTextCorpusTest,memberName,FEATURE_ENVY,LOW,"foreign accesses=5, own accesses=0"
src/test/java/org/openrewrite/mainframe/PlainTextCorpusTest.java,org.openrewrite.mainframe.PlainTextCorpusTest,parse,FEATURE_ENVY,MEDIUM,"foreign accesses=12, own accesses=0"
src/test/java/org/openrewrite/mainframe/PlainTextCorpusTest.java,org.openrewrite.mainframe.PlainTextCorpusTest,readsRealScriptsAndRunBooks,FEATURE_ENVY,CRITICAL,"foreign accesses=51, own accesses=1"
src/test/java/org/openrewrite/mainframe/PlainTextCorpusTest.java,org.openrewrite.mainframe.PlainTextCorpusTest,readsTheCAndPliOfTheEstate,FEATURE_ENVY,CRITICAL,"foreign accesses=42, own accesses=1"
src/test/java/org/openrewrite/mainframe/PlainTextCorpusTest.java,org.openrewrite.mainframe.PlainTextCorpusTest,readsTheLabelledFieldsOfTheFixtureRunBooks,FEATURE_ENVY,CRITICAL,"foreign accesses=67, own accesses=1"
src/test/java/org/openrewrite/mainframe/PlainTextCorpusTest.java,org.openrewrite.mainframe.PlainTextCorpusTest,readsTheLibraryAndDdNameOfEachStatement,FEATURE_ENVY,HIGH,"foreign accesses=23, own accesses=1"
src/test/java/org/openrewrite/mainframe/PlainTextCorpusTest.java,org.openrewrite.mainframe.PlainTextCorpusTest,readsWhatEachRunBookOfTheFixtureDocuments,FEATURE_ENVY,LOW,"foreign accesses=8, own accesses=1"
src/test/java/org/openrewrite/mainframe/PlainTextCorpusTest.java,org.openrewrite.mainframe.PlainTextCorpusTest,readsWhatTheFixtureClistsSetCallAndDeclare,FEATURE_ENVY,CRITICAL,"foreign accesses=36, own accesses=1"
src/test/java/org/openrewrite/mainframe/PlainTextCorpusTest.java,org.openrewrite.mainframe.PlainTextCorpusTest,references,FEATURE_ENVY,LOW,"foreign accesses=7, own accesses=1"
src/test/java/org/openrewrite/mainframe/assembler/AssemblerParserTest.java,org.openrewrite.mainframe.assembler.AssemblerParserTest,carriesOneOperandOverTheLineBreakItWasSplitBy,FEATURE_ENVY,LOW,"foreign accesses=8, own accesses=1"
src/test/java/org/openrewrite/mainframe/assembler/AssemblerParserTest.java,org.openrewrite.mainframe.assembler.AssemblerParserTest,carriesRemarksOverALineBreakToo,FEATURE_ENVY,HIGH,"foreign accesses=16, own accesses=1"
src/test/java/org/openrewrite/mainframe/assembler/AssemblerParserTest.java,org.openrewrite.mainframe.assembler.AssemblerParserTest,declinesAnImsGenMemberKeptAsAssembler,FEATURE_ENVY,CRITICAL,"foreign accesses=32, own accesses=0"
src/test/java/org/openrewrite/mainframe/assembler/AssemblerParserTest.java,org.openrewrite.mainframe.assembler.AssemblerParserTest,doesNotSplitAtACommaInsideQuotesOrParentheses,FEATURE_ENVY,LOW,"foreign accesses=8, own accesses=1"
src/test/java/org/openrewrite/mainframe/assembler/AssemblerParserTest.java,org.openrewrite.mainframe.assembler.AssemblerParserTest,honoursTheColumnsIctlMovesThemTo,FEATURE_ENVY,LOW,"foreign accesses=8, own accesses=1"
src/test/java/org/openrewrite/mainframe/assembler/AssemblerParserTest.java,org.openrewrite.mainframe.assembler.AssemblerParserTest,instructions,FEATURE_ENVY,MEDIUM,"foreign accesses=10, own accesses=0"
src/test/java/org/openrewrite/mainframe/assembler/AssemblerParserTest.java,org.openrewrite.mainframe.assembler.AssemblerParserTest,joinsTheOperandsOfAContinuedStatement,FEATURE_ENVY,HIGH,"foreign accesses=16, own accesses=1"
src/test/java/org/openrewrite/mainframe/assembler/AssemblerParserTest.java,org.openrewrite.mainframe.assembler.AssemblerParserTest,keepsColumns73To80OutOfTheStatement,FEATURE_ENVY,HIGH,"foreign accesses=18, own accesses=1"
src/test/java/org/openrewrite/mainframe/assembler/AssemblerParserTest.java,org.openrewrite.mainframe.assembler.AssemblerParserTest,keepsTheRemarksAfterTheOperandField,FEATURE_ENVY,HIGH,"foreign accesses=16, own accesses=1"
src/test/java/org/openrewrite/mainframe/assembler/AssemblerParserTest.java,org.openrewrite.mainframe.assembler.AssemblerParserTest,keepsWhatAContinuationLineWritesBeforeColumn16,FEATURE_ENVY,LOW,"foreign accesses=8, own accesses=1"
src/test/java/org/openrewrite/mainframe/assembler/AssemblerParserTest.java,org.openrewrite.mainframe.assembler.AssemblerParserTest,readsACommentStatementAndTheLinesItCarriesOnTo,FEATURE_ENVY,HIGH,"foreign accesses=18, own accesses=1"
src/test/java/org/openrewrite/mainframe/assembler/AssemblerParserTest.java,org.openrewrite.mainframe.assembler.AssemblerParserTest,readsAConditionalAssemblyExpressionWhole,FEATURE_ENVY,LOW,"foreign accesses=8, own accesses=1"
src/test/java/org/openrewrite/mainframe/assembler/AssemblerParserTest.java,org.openrewrite.mainframe.assembler.AssemblerParserTest,readsALabelAnOperationAndItsOperands,FEATURE_ENVY,HIGH,"foreign accesses=18, own accesses=1"
src/test/java/org/openrewrite/mainframe/assembler/AssemblerParserTest.java,org.openrewrite.mainframe.assembler.AssemblerParserTest,readsALengthAttributeRatherThanAQuote,FEATURE_ENVY,LOW,"foreign accesses=8, own accesses=1"
src/test/java/org/openrewrite/mainframe/assembler/AssemblerParserTest.java,org.openrewrite.mainframe.assembler.AssemblerParserTest,readsAMacroCommentAsAComment,FEATURE_ENVY,HIGH,"foreign accesses=22, own accesses=1"
src/test/java/org/openrewrite/mainframe/assembler/trait/AssemblerCorpusTest.java,org.openrewrite.mainframe.assembler.trait.AssemblerCorpusTest,,GOD_CLASS,HIGH,"WMC=63, TCC=0.00, ATFD=26"
src/test/java/org/openrewrite/mainframe/assembler/trait/AssemblerCorpusTest.java,org.openrewrite.mainframe.assembler.trait.AssemblerCorpusTest,fixture,FEATURE_ENVY,LOW,"foreign accesses=8, own accesses=0"
src/test/java/org/openrewrite/mainframe/assembler/trait/AssemblerCorpusTest.java,org.openrewrite.mainframe.assembler.trait.AssemblerCorpusTest,instructionsIn,FEATURE_ENVY,MEDIUM,"foreign accesses=10, own accesses=0"
src/test/java/org/openrewrite/mainframe/assembler/trait/AssemblerCorpusTest.java,org.openrewrite.mainframe.assembler.trait.AssemblerCorpusTest,memberName,FEATURE_ENVY,LOW,"foreign accesses=5, own accesses=0"
src/test/java/org/openrewrite/mainframe/assembler/trait/AssemblerCorpusTest.java,org.openrewrite.mainframe.assembler.trait.AssemblerCorpusTest,operationCounts,FEATURE_ENVY,HIGH,"foreign accesses=19, own accesses=0"
src/test/java/org/openrewrite/mainframe/assembler/trait/AssemblerCorpusTest.java,org.openrewrite.mainframe.assembler.trait.AssemblerCorpusTest,parse,FEATURE_ENVY,MEDIUM,"foreign accesses=13, own accesses=0"
src/test/java/org/openrewrite/mainframe/assembler/trait/AssemblerCorpusTest.java,org.openrewrite.mainframe.assembler.trait.AssemblerCorpusTest,readsEveryCallTheFixtureWritesInAssembler,FEATURE_ENVY,MEDIUM,"foreign accesses=11, own accesses=1"
src/test/java/org/openrewrite/mainframe/assembler/trait/AssemblerCorpusTest.java,org.openrewrite.mainframe.assembler.trait.AssemblerCorpusTest,readsRealAssembler,FEATURE_ENVY,CRITICAL,"foreign accesses=97, own accesses=4"
src/test/java/org/openrewrite/mainframe/assembler/trait/AssemblerCorpusTest.java,org.openrewrite.mainframe.assembler.trait.AssemblerCorpusTest,readsTheFixtureDliCallsAndDdNames,FEATURE_ENVY,CRITICAL,"foreign accesses=32, own accesses=2"
src/test/java/org/openrewrite/mainframe/assembler/trait/AssemblerCorpusTest.java,org.openrewrite.mainframe.assembler.trait.AssemblerCorpusTest,readsTheFixtureLayoutsAsItsOwnDocumentationDescribesThem,FEATURE_ENVY,CRITICAL,"foreign accesses=71, own accesses=3"
src/test/java/org/openrewrite/mainframe/assembler/trait/AssemblerCorpusTest.java,org.openrewrite.mainframe.assembler.trait.AssemblerCorpusTest,readsTheNameEachFixtureProgramOffersItsCallers,FEATURE_ENVY,MEDIUM,"foreign accesses=11, own accesses=1"
src/test/java/org/openrewrite/mainframe/assembler/trait/AssemblerCorpusTest.java,org.openrewrite.mainframe.assembler.trait.AssemblerCorpusTest,readsWhatTheFixtureReachesInItsMacroLibrary,FEATURE_ENVY,CRITICAL,"foreign accesses=45, own accesses=5"
src/test/java/org/openrewrite/mainframe/assembler/trait/AssemblerCorpusTest.java,org.openrewrite.mainframe.assembler.trait.AssemblerCorpusTest,visitSpace,FEATURE_ENVY,LOW,"foreign accesses=6, own accesses=0"
src/test/java/org/openrewrite/mainframe/assembler/trait/CallTest.java,org.openrewrite.mainframe.assembler.trait.CallTest,followsALoadThroughTheVConTheSymbolNames,FEATURE_ENVY,MEDIUM,"foreign accesses=10, own accesses=0"
src/test/java/org/openrewrite/mainframe/assembler/trait/CallTest.java,org.openrewrite.mainframe.assembler.trait.CallTest,readsADliCallThroughTheConstantsItsArgumentsName,FEATURE_ENVY,HIGH,"foreign accesses=19, own accesses=0"
src/test/java/org/openrewrite/mainframe/assembler/trait/CallTest.java,org.openrewrite.mainframe.assembler.trait.CallTest,readsAVConLoadedIntoRegister15AndBranchedTo,FEATURE_ENVY,HIGH,"foreign accesses=17, own accesses=0"
src/test/java/org/openrewrite/mainframe/assembler/trait/CallTest.java,org.openrewrite.mainframe.assembler.trait.CallTest,readsTheArgumentsOfAVariableLengthCall,FEATURE_ENVY,HIGH,"foreign accesses=18, own accesses=0"
src/test/java/org/openrewrite/mainframe/assembler/trait/CallTest.java,org.openrewrite.mainframe.assembler.trait.CallTest,readsTheCallMacroAndItsParameterList,FEATURE_ENVY,HIGH,"foreign accesses=23, own accesses=0"
src/test/java/org/openrewrite/mainframe/assembler/trait/ControlSectionTest.java,org.openrewrite.mainframe.assembler.trait.ControlSectionTest,countsEveryValueAConstantHolds,FEATURE_ENVY,HIGH,"foreign accesses=19, own accesses=0"
src/test/java/org/openrewrite/mainframe/assembler/trait/ControlSectionTest.java,org.openrewrite.mainframe.assembler.trait.ControlSectionTest,movesToTheBoundaryATypeIsAlignedOn,FEATURE_ENVY,HIGH,"foreign accesses=20, own accesses=0"
src/test/java/org/openrewrite/mainframe/assembler/trait/ControlSectionTest.java,org.openrewrite.mainframe.assembler.trait.ControlSectionTest,readsADummySectionAsTheLayoutOfSomebodyElsesRecord,FEATURE_ENVY,CRITICAL,"foreign accesses=38, own accesses=0"
src/test/java/org/openrewrite/mainframe/assembler/trait/ControlSectionTest.java,org.openrewrite.mainframe.assembler.trait.ControlSectionTest,saysItDoesNotKnowAnOffsetItCannotWork,FEATURE_ENVY,HIGH,"foreign accesses=19, own accesses=0"
src/test/java/org/openrewrite/mainframe/assembler/trait/ReferencesTest.java,org.openrewrite.mainframe.assembler.trait.ReferencesTest,readsABranchAsAnInstructionRatherThanAMacro,FEATURE_ENVY,LOW,"foreign accesses=9, own accesses=0"
src/test/java/org/openrewrite/mainframe/assembler/trait/ReferencesTest.java,org.openrewrite.mainframe.assembler.trait.ReferencesTest,readsNoMacroDefinitionInACopyMember,FEATURE_ENVY,LOW,"foreign accesses=8, own accesses=0"
src/test/java/org/openrewrite/mainframe/assembler/trait/ReferencesTest.java,org.openrewrite.mainframe.assembler.trait.ReferencesTest,readsTheDdNameADcbAssigns,FEATURE_ENVY,MEDIUM,"foreign accesses=11, own accesses=0"
src/test/java/org/openrewrite/mainframe/assembler/trait/ReferencesTest.java,org.openrewrite.mainframe.assembler.trait.ReferencesTest,readsTheNamesAMemberOffersAndTheOnesItNeeds,FEATURE_ENVY,CRITICAL,"foreign accesses=31, own accesses=0"
src/test/java/org/openrewrite/mainframe/assembler/trait/ReferencesTest.java,org.openrewrite.mainframe.assembler.trait.ReferencesTest,readsThePrototypeOfAMacroRatherThanAnInvocationOfIt,FEATURE_ENVY,HIGH,"foreign accesses=30, own accesses=0"
src/test/java/org/openrewrite/mainframe/assembler/trait/ReferencesTest.java,org.openrewrite.mainframe.assembler.trait.ReferencesTest,tellsAMemberThatIsCopiedFromOneThatIsInvoked,FEATURE_ENVY,CRITICAL,"foreign accesses=34, own accesses=0"
src/test/java/org/openrewrite/mainframe/bms/BmsParserTest.java,org.openrewrite.mainframe.bms.BmsParserTest,aFileThatIsNotAMapSetIsSaidSo,FEATURE_ENVY,HIGH,"foreign accesses=28, own accesses=0"
src/test/java/org/openrewrite/mainframe/bms/BmsParserTest.java,org.openrewrite.mainframe.bms.BmsParserTest,acceptsAMapSetByExtension,FEATURE_ENVY,LOW,"foreign accesses=6, own accesses=0"
src/test/java/org/openrewrite/mainframe/bms/BmsParserTest.java,org.openrewrite.mainframe.bms.BmsParserTest,anApostropheInAComment,FEATURE_ENVY,HIGH,"foreign accesses=18, own accesses=1"
src/test/java/org/openrewrite/mainframe/bms/BmsParserTest.java,org.openrewrite.mainframe.bms.BmsParserTest,anEmptyLineBetweenStatements,FEATURE_ENVY,LOW,"foreign accesses=6, own accesses=1"
src/test/java/org/openrewrite/mainframe/bms/BmsParserTest.java,org.openrewrite.mainframe.bms.BmsParserTest,blankColumnsAreNotASequenceArea,FEATURE_ENVY,LOW,"foreign accesses=6, own accesses=2"
src/test/java/org/openrewrite/mainframe/bms/BmsParserTest.java,org.openrewrite.mainframe.bms.BmsParserTest,noTrailingNewline,FEATURE_ENVY,LOW,"foreign accesses=6, own accesses=1"
src/test/java/org/openrewrite/mainframe/bms/BmsParserTest.java,org.openrewrite.mainframe.bms.BmsParserTest,parse,FEATURE_ENVY,MEDIUM,"foreign accesses=13, own accesses=0"
src/test/java/org/openrewrite/mainframe/bms/BmsParserTest.java,org.openrewrite.mainframe.bms.BmsParserTest,rejectsOtherExtensions,FEATURE_ENVY,LOW,"foreign accesses=6, own accesses=0"
src/test/java/org/openrewrite/mainframe/bms/BmsParserTest.java,org.openrewrite.mainframe.bms.BmsParserTest,visitWord,FEATURE_ENVY,LOW,"foreign accesses=9, own accesses=0"
src/test/java/org/openrewrite/mainframe/bms/BmsParserTest.java,org.openrewrite.mainframe.bms.BmsParserTest,windowsLineEndings,FEATURE_ENVY,LOW,"foreign accesses=6, own accesses=1"
src/test/java/org/openrewrite/mainframe/bms/trait/BmsCorpusTest.java,org.openrewrite.mainframe.bms.trait.BmsCorpusTest,countMacro,FEATURE_ENVY,LOW,"foreign accesses=9, own accesses=0"
src/test/java/org/openrewrite/mainframe/bms/trait/BmsCorpusTest.java,org.openrewrite.mainframe.bms.trait.BmsCorpusTest,isScalarPosition,FEATURE_ENVY,LOW,"foreign accesses=5, own accesses=0"
src/test/java/org/openrewrite/mainframe/bms/trait/BmsCorpusTest.java,org.openrewrite.mainframe.bms.trait.BmsCorpusTest,readsRealMapsets,FEATURE_ENVY,CRITICAL,"foreign accesses=93, own accesses=6"
src/test/java/org/openrewrite/mainframe/bms/trait/BmsCorpusTest.java,org.openrewrite.mainframe.bms.trait.BmsCorpusTest,statementsIn,FEATURE_ENVY,MEDIUM,"foreign accesses=10, own accesses=0"
src/test/java/org/openrewrite/mainframe/bms/trait/FieldTest.java,org.openrewrite.mainframe.bms.trait.FieldTest,aFieldWritingALiteralHasNoNameAndGeneratesNothing,FEATURE_ENVY,HIGH,"foreign accesses=18, own accesses=0"
src/test/java/org/openrewrite/mainframe/bms/trait/FieldTest.java,org.openrewrite.mainframe.bms.trait.FieldTest,aLiteralContinuedOntoASecondCard,FEATURE_ENVY,MEDIUM,"foreign accesses=12, own accesses=0"
src/test/java/org/openrewrite/mainframe/bms/trait/FieldTest.java,org.openrewrite.mainframe.bms.trait.FieldTest,aLiteralWritingADoubledAmpersand,FEATURE_ENVY,LOW,"foreign accesses=9, own accesses=0"
src/test/java/org/openrewrite/mainframe/bms/trait/FieldTest.java,org.openrewrite.mainframe.bms.trait.FieldTest,aMapWithoutASizeIsAPageOfTheMapsetsDevice,FEATURE_ENVY,LOW,"foreign accesses=9, own accesses=0"
src/test/java/org/openrewrite/mainframe/bms/trait/FieldTest.java,org.openrewrite.mainframe.bms.trait.FieldTest,aNameIsOnlyASubfieldOfTheFieldItIsExactlyOneLetterLongerThan,FEATURE_ENVY,HIGH,"foreign accesses=16, own accesses=0"
src/test/java/org/openrewrite/mainframe/bms/trait/FieldTest.java,org.openrewrite.mainframe.bms.trait.FieldTest,aScalarPosIsAnOffsetIntoTheMap,FEATURE_ENVY,LOW,"foreign accesses=9, own accesses=0"
src/test/java/org/openrewrite/mainframe/bms/trait/FieldTest.java,org.openrewrite.mainframe.bms.trait.FieldTest,darkFieldsAreHidden,FEATURE_ENVY,MEDIUM,"foreign accesses=12, own accesses=0"
src/test/java/org/openrewrite/mainframe/bms/trait/FieldTest.java,org.openrewrite.mainframe.bms.trait.FieldTest,generatesTheSymbolicMapNamesAProgramActuallyUses,FEATURE_ENVY,HIGH,"foreign accesses=30, own accesses=0"
src/test/java/org/openrewrite/mainframe/bms/trait/FieldTest.java,org.openrewrite.mainframe.bms.trait.FieldTest,onlyUnprotectedFieldsAreInputs,FEATURE_ENVY,MEDIUM,"foreign accesses=14, own accesses=0"
src/test/java/org/openrewrite/mainframe/bms/trait/FieldTest.java,org.openrewrite.mainframe.bms.trait.FieldTest,operandsWrittenAfterAContinuedLiteralCloses,FEATURE_ENVY,HIGH,"foreign accesses=19, own accesses=0"
src/test/java/org/openrewrite/mainframe/bms/trait/FieldTest.java,org.openrewrite.mainframe.bms.trait.FieldTest,picturesAndOccurs,FEATURE_ENVY,HIGH,"foreign accesses=18, own accesses=0"
src/test/java/org/openrewrite/mainframe/bms/trait/FieldTest.java,org.openrewrite.mainframe.bms.trait.FieldTest,tellsTheValueSubfieldsFromTheOnesThatOnlySayHowAFieldIsDrawn,FEATURE_ENVY,CRITICAL,"foreign accesses=52, own accesses=0"
src/test/java/org/openrewrite/mainframe/bms/trait/FieldTest.java,org.openrewrite.mainframe.bms.trait.FieldTest,theSameOffsetOnANarrowerMapIsADifferentPlace,FEATURE_ENVY,LOW,"foreign accesses=9, own accesses=0"
src/test/java/org/openrewrite/mainframe/bms/trait/FieldTest.java,org.openrewrite.mainframe.bms.trait.FieldTest,whatAFieldSaysAboutItself,FEATURE_ENVY,CRITICAL,"foreign accesses=39, own accesses=0"
src/test/java/org/openrewrite/mainframe/bms/trait/MapsetTest.java,org.openrewrite.mainframe.bms.trait.MapsetTest,aMapIsRecoverableFromTheSymbolicMapRecordAProgramSendsFrom,FEATURE_ENVY,HIGH,"foreign accesses=24, own accesses=0"
src/test/java/org/openrewrite/mainframe/bms/trait/MapsetTest.java,org.openrewrite.mainframe.bms.trait.MapsetTest,aMapsetHoldsItsMapsAndTheirFields,FEATURE_ENVY,CRITICAL,"foreign accesses=49, own accesses=0"
src/test/java/org/openrewrite/mainframe/bms/trait/MapsetTest.java,org.openrewrite.mainframe.bms.trait.MapsetTest,severalMapsInOneMapset,FEATURE_ENVY,HIGH,"foreign accesses=29, own accesses=0"
src/test/java/org/openrewrite/mainframe/bms/trait/MapsetTest.java,org.openrewrite.mainframe.bms.trait.MapsetTest,typeFinalIsNotAMapset,FEATURE_ENVY,MEDIUM,"foreign accesses=13, own accesses=0"
src/test/java/org/openrewrite/mainframe/bms/tree/MacroStatementTest.java,org.openrewrite.mainframe.bms.tree.MacroStatementTest,aStatementIsOneNode,FEATURE_ENVY,CRITICAL,"foreign accesses=35, own accesses=1"
src/test/java/org/openrewrite/mainframe/bms/tree/MacroStatementTest.java,org.openrewrite.mainframe.bms.tree.MacroStatementTest,aStatementWithNoNameField,FEATURE_ENVY,HIGH,"foreign accesses=18, own accesses=1"
src/test/java/org/openrewrite/mainframe/bms/tree/MacroStatementTest.java,org.openrewrite.mainframe.bms.tree.MacroStatementTest,anyContinuationCharacter,FEATURE_ENVY,LOW,"foreign accesses=5, own accesses=1"
src/test/java/org/openrewrite/mainframe/bms/tree/MacroStatementTest.java,org.openrewrite.mainframe.bms.tree.MacroStatementTest,commentLines,FEATURE_ENVY,MEDIUM,"foreign accesses=12, own accesses=1"
src/test/java/org/openrewrite/mainframe/bms/tree/MacroStatementTest.java,org.openrewrite.mainframe.bms.tree.MacroStatementTest,continuationGathersOneStatement,FEATURE_ENVY,HIGH,"foreign accesses=25, own accesses=1"
src/test/java/org/openrewrite/mainframe/bms/tree/MacroStatementTest.java,org.openrewrite.mainframe.bms.tree.MacroStatementTest,quotedValueHoldingCommasAndBlanks,FEATURE_ENVY,MEDIUM,"foreign accesses=11, own accesses=1"
src/test/java/org/openrewrite/mainframe/bms/tree/MacroStatementTest.java,org.openrewrite.mainframe.bms.tree.MacroStatementTest,statementsIn,FEATURE_ENVY,MEDIUM,"foreign accesses=10, own accesses=0"
src/test/java/org/openrewrite/mainframe/cobol/CobolParserTest.java,org.openrewrite.mainframe.cobol.CobolParserTest,aCharacterWithNoTokenIsNotConsoleOutput,FEATURE_ENVY,HIGH,"foreign accesses=15, own accesses=1"
src/test/java/org/openrewrite/mainframe/cobol/CobolParserTest.java,org.openrewrite.mainframe.cobol.CobolParserTest,aFileThatIsNotAProgramIsSaidSo,FEATURE_ENVY,HIGH,"foreign accesses=18, own accesses=1"
src/test/java/org/openrewrite/mainframe/cobol/CobolParserTest.java,org.openrewrite.mainframe.cobol.CobolParserTest,aGrammarGapIsAParsingException,FEATURE_ENVY,HIGH,"foreign accesses=15, own accesses=1"
src/test/java/org/openrewrite/mainframe/cobol/CobolParserTest.java,org.openrewrite.mainframe.cobol.CobolParserTest,aStringIsNeverTheWrongLanguage,FEATURE_ENVY,HIGH,"foreign accesses=15, own accesses=1"
src/test/java/org/openrewrite/mainframe/cobol/CobolParserTest.java,org.openrewrite.mainframe.cobol.CobolParserTest,parse,FEATURE_ENVY,LOW,"foreign accesses=8, own accesses=1"
src/test/java/org/openrewrite/mainframe/cobol/CobolTest.java,org.openrewrite.mainframe.cobol.CobolTest,getNistResource,FEATURE_ENVY,MEDIUM,"foreign accesses=13, own accesses=1"
src/test/java/org/openrewrite/mainframe/cobol/CobolTest.java,org.openrewrite.mainframe.cobol.CobolTest,visitSpace,FEATURE_ENVY,LOW,"foreign accesses=7, own accesses=0"
src/test/java/org/openrewrite/mainframe/cobol/CopiedWordTest.java,org.openrewrite.mainframe.cobol.CopiedWordTest,visitWord,FEATURE_ENVY,MEDIUM,"foreign accesses=12, own accesses=0"
src/test/java/org/openrewrite/mainframe/cobol/Corpus.java,org.openrewrite.mainframe.cobol.Corpus,files,FEATURE_ENVY,LOW,"foreign accesses=8, own accesses=1"
src/test/java/org/openrewrite/mainframe/cobol/Corpus.java,org.openrewrite.mainframe.cobol.Corpus,inputs,FEATURE_ENVY,LOW,"foreign accesses=5, own accesses=0"
src/test/java/org/openrewrite/mainframe/cobol/Corpus.java,org.openrewrite.mainframe.cobol.Corpus,members,FEATURE_ENVY,MEDIUM,"foreign accesses=12, own accesses=1"
src/test/java/org/openrewrite/mainframe/cobol/Corpus.java,org.openrewrite.mainframe.cobol.Corpus,repositories,FEATURE_ENVY,LOW,"foreign accesses=9, own accesses=0"
src/test/java/org/openrewrite/mainframe/cobol/CorpusCoverageTest.java,org.openrewrite.mainframe.cobol.CorpusCoverageTest,cause,FEATURE_ENVY,LOW,"foreign accesses=6, own accesses=0"
src/test/java/org/openrewrite/mainframe/cobol/CorpusCoverageTest.java,org.openrewrite.mainframe.cobol.CorpusCoverageTest,measure,FEATURE_ENVY,CRITICAL,"foreign accesses=144, own accesses=11"
src/test/java/org/openrewrite/mainframe/cobol/CorpusCoverageTest.java,org.openrewrite.mainframe.cobol.CorpusCoverageTest,missingACopybook,FEATURE_ENVY,LOW,"foreign accesses=6, own accesses=0"
src/test/java/org/openrewrite/mainframe/cobol/CorpusCoverageTest.java,org.openrewrite.mainframe.cobol.CorpusCoverageTest,normalize,FEATURE_ENVY,LOW,"foreign accesses=5, own accesses=0"
src/test/java/org/openrewrite/mainframe/cobol/CorpusCoverageTest.java,org.openrewrite.mainframe.cobol.CorpusCoverageTest,writtenByACopybook,FEATURE_ENVY,LOW,"foreign accesses=7, own accesses=1"
src/test/java/org/openrewrite/mainframe/cobol/ExecStatementTest.java,org.openrewrite.mainframe.cobol.ExecStatementTest,consecutiveExecs,FEATURE_ENVY,LOW,"foreign accesses=9, own accesses=2"
src/test/java/org/openrewrite/mainframe/cobol/ExecStatementTest.java,org.openrewrite.mainframe.cobol.ExecStatementTest,execCicsAsTheOnlyBodyOfAnIf,FEATURE_ENVY,LOW,"foreign accesses=9, own accesses=3"
src/test/java/org/openrewrite/mainframe/cobol/ExecStatementTest.java,org.openrewrite.mainframe.cobol.ExecStatementTest,execCicsAsTheOnlyBodyOfAnIfWithEndIf,FEATURE_ENVY,MEDIUM,"foreign accesses=11, own accesses=3"
src/test/java/org/openrewrite/mainframe/cobol/ExecStatementTest.java,org.openrewrite.mainframe.cobol.ExecStatementTest,execCicsAsTheOnlyStatementInAParagraph,FEATURE_ENVY,MEDIUM,"foreign accesses=11, own accesses=3"
src/test/java/org/openrewrite/mainframe/cobol/ExecStatementTest.java,org.openrewrite.mainframe.cobol.ExecStatementTest,execDli,FEATURE_ENVY,LOW,"foreign accesses=9, own accesses=2"
src/test/java/org/openrewrite/mainframe/cobol/ExecStatementTest.java,org.openrewrite.mainframe.cobol.ExecStatementTest,execSql,FEATURE_ENVY,LOW,"foreign accesses=7, own accesses=1"
src/test/java/org/openrewrite/mainframe/cobol/ExecStatementTest.java,org.openrewrite.mainframe.cobol.ExecStatementTest,execSqlInWorkingStorageStaysElided,FEATURE_ENVY,LOW,"foreign accesses=9, own accesses=2"
src/test/java/org/openrewrite/mainframe/cobol/ExecStatementTest.java,org.openrewrite.mainframe.cobol.ExecStatementTest,visitParagraph,FEATURE_ENVY,LOW,"foreign accesses=5, own accesses=0"
src/test/java/org/openrewrite/mainframe/cobol/ExecStatementTest.java,org.openrewrite.mainframe.cobol.ExecStatementTest,visitWord,FEATURE_ENVY,LOW,"foreign accesses=9, own accesses=0"
src/test/java/org/openrewrite/mainframe/cobol/FixtureCoverageTest.java,org.openrewrite.mainframe.cobol.FixtureCoverageTest,everyMemberIsReadByOneReaderOrNone,FEATURE_ENVY,CRITICAL,"foreign accesses=102, own accesses=3"
src/test/java/org/openrewrite/mainframe/cobol/FixtureCoverageTest.java,org.openrewrite.mainframe.cobol.FixtureCoverageTest,members,FEATURE_ENVY,LOW,"foreign accesses=8, own accesses=0"
src/test/java/org/openrewrite/mainframe/cobol/FixtureCoverageTest.java,org.openrewrite.mainframe.cobol.FixtureCoverageTest,readBack,FEATURE_ENVY,MEDIUM,"foreign accesses=12, own accesses=0"
src/test/java/org/openrewrite/mainframe/cobol/SourcePositionsTest.java,org.openrewrite.mainframe.cobol.SourcePositionsTest,leavesACopiedStatementWithoutAPosition,FEATURE_ENVY,HIGH,"foreign accesses=20, own accesses=1"
src/test/java/org/openrewrite/mainframe/cobol/SourcePositionsTest.java,org.openrewrite.mainframe.cobol.SourcePositionsTest,placesACopyStatementWhereItWasWritten,FEATURE_ENVY,HIGH,"foreign accesses=19, own accesses=1"
src/test/java/org/openrewrite/mainframe/cobol/SourcePositionsTest.java,org.openrewrite.mainframe.cobol.SourcePositionsTest,placesAnExecBlockAtItsOwnText,FEATURE_ENVY,HIGH,"foreign accesses=23, own accesses=1"
src/test/java/org/openrewrite/mainframe/cobol/SourcePositionsTest.java,org.openrewrite.mainframe.cobol.SourcePositionsTest,placesEachLineOfAContinuedLiteralAndTheCommentsAroundIt,FEATURE_ENVY,CRITICAL,"foreign accesses=43, own accesses=3"
src/test/java/org/openrewrite/mainframe/cobol/SourcePositionsTest.java,org.openrewrite.mainframe.cobol.SourcePositionsTest,placesEachStatementAtItsOwnWords,FEATURE_ENVY,HIGH,"foreign accesses=23, own accesses=3"
src/test/java/org/openrewrite/mainframe/cobol/SourcePositionsTest.java,org.openrewrite.mainframe.cobol.SourcePositionsTest,placesTheStatementsOfACopybook,FEATURE_ENVY,HIGH,"foreign accesses=19, own accesses=1"
src/test/java/org/openrewrite/mainframe/cobol/search/FindCopybookTest.java,org.openrewrite.mainframe.cobol.search.FindCopybookTest,findMissingCopybookInCopySource,FEATURE_ENVY,HIGH,"foreign accesses=15, own accesses=0"
src/test/java/org/openrewrite/mainframe/cobol/search/FindCopybookTest.java,org.openrewrite.mainframe.cobol.search.FindCopybookTest,isUsedInCopyStatement,FEATURE_ENVY,MEDIUM,"foreign accesses=13, own accesses=0"
src/test/java/org/openrewrite/mainframe/cobol/search/FindCopybookTest.java,org.openrewrite.mainframe.cobol.search.FindCopybookTest,isUsedInIncludeStatement,FEATURE_ENVY,MEDIUM,"foreign accesses=13, own accesses=0"
src/test/java/org/openrewrite/mainframe/cobol/search/FindCopybookTest.java,org.openrewrite.mainframe.cobol.search.FindCopybookTest,onlyFindMissingCopybooks,FEATURE_ENVY,HIGH,"foreign accesses=15, own accesses=0"
src/test/java/org/openrewrite/mainframe/cobol/search/FindCopybookTest.java,org.openrewrite.mainframe.cobol.search.FindCopybookTest,sm206a,FEATURE_ENVY,HIGH,"foreign accesses=17, own accesses=0"
src/test/java/org/openrewrite/mainframe/cobol/search/FindIndicatorsTest.java,org.openrewrite.mainframe.cobol.search.FindIndicatorsTest,sm206a,FEATURE_ENVY,HIGH,"foreign accesses=16, own accesses=1"
src/test/java/org/openrewrite/mainframe/cobol/search/FindRelationshipsTest.java,org.openrewrite.mainframe.cobol.search.FindRelationshipsTest,IC201A,FEATURE_ENVY,CRITICAL,"foreign accesses=85, own accesses=3"
src/test/java/org/openrewrite/mainframe/cobol/search/FindRelationshipsTest.java,org.openrewrite.mainframe.cobol.search.FindRelationshipsTest,SM206A,FEATURE_ENVY,HIGH,"foreign accesses=28, own accesses=0"
src/test/java/org/openrewrite/mainframe/cobol/search/FindRelationshipsTest.java,org.openrewrite.mainframe.cobol.search.FindRelationshipsTest,aClistSubmitsJobsAndCallsPrograms,FEATURE_ENVY,HIGH,"foreign accesses=21, own accesses=0"
src/test/java/org/openrewrite/mainframe/cobol/search/FindRelationshipsTest.java,org.openrewrite.mainframe.cobol.search.FindRelationshipsTest,aCobolProgramCallingAssembler,FEATURE_ENVY,HIGH,"foreign accesses=19, own accesses=0"
src/test/java/org/openrewrite/mainframe/cobol/search/FindRelationshipsTest.java,org.openrewrite.mainframe.cobol.search.FindRelationshipsTest,aControlSectionIsAnchoredWhereItWasWrittenDown,FEATURE_ENVY,CRITICAL,"foreign accesses=42, own accesses=2"
src/test/java/org/openrewrite/mainframe/cobol/search/FindRelationshipsTest.java,org.openrewrite.mainframe.cobol.search.FindRelationshipsTest,aCopyInACopy,FEATURE_ENVY,CRITICAL,"foreign accesses=49, own accesses=1"
src/test/java/org/openrewrite/mainframe/cobol/search/FindRelationshipsTest.java,org.openrewrite.mainframe.cobol.search.FindRelationshipsTest,aDeckNamesObjectsOfMoreThanOneLanguage,FEATURE_ENVY,CRITICAL,"foreign accesses=38, own accesses=0"
src/test/java/org/openrewrite/mainframe/cobol/search/FindRelationshipsTest.java,org.openrewrite.mainframe.cobol.search.FindRelationshipsTest,aDeckNamesTheLoadModuleAndWhatIsBoundIntoIt,FEATURE_ENVY,CRITICAL,"foreign accesses=37, own accesses=1"
src/test/java/org/openrewrite/mainframe/cobol/search/FindRelationshipsTest.java,org.openrewrite.mainframe.cobol.search.FindRelationshipsTest,aListingEntersADliModuleAtItsLabel,FEATURE_ENVY,HIGH,"foreign accesses=25, own accesses=0"
src/test/java/org/openrewrite/mainframe/cobol/search/FindRelationshipsTest.java,org.openrewrite.mainframe.cobol.search.FindRelationshipsTest,aListingNamesTheSectionsAModuleHolds,FEATURE_ENVY,CRITICAL,"foreign accesses=34, own accesses=1"
src/test/java/org/openrewrite/mainframe/cobol/search/FindRelationshipsTest.java,org.openrewrite.mainframe.cobol.search.FindRelationshipsTest,aRexxExecSubmitsAJob,FEATURE_ENVY,HIGH,"foreign accesses=17, own accesses=0"
src/test/java/org/openrewrite/mainframe/cobol/search/FindRelationshipsTest.java,org.openrewrite.mainframe.cobol.search.FindRelationshipsTest,aRunBookDocumentsAComponent,FEATURE_ENVY,HIGH,"foreign accesses=19, own accesses=0"
src/test/java/org/openrewrite/mainframe/cobol/search/FindRelationshipsTest.java,org.openrewrite.mainframe.cobol.search.FindRelationshipsTest,aSasMemberIncludesItsMacroLibraryAndReadsADb2View,FEATURE_ENVY,HIGH,"foreign accesses=30, own accesses=1"
src/test/java/org/openrewrite/mainframe/cobol/search/FindRelationshipsTest.java,org.openrewrite.mainframe.cobol.search.FindRelationshipsTest,aSasProgramWrittenInAJob,FEATURE_ENVY,CRITICAL,"foreign accesses=32, own accesses=1"
src/test/java/org/openrewrite/mainframe/cobol/search/FindRelationshipsTest.java,org.openrewrite.mainframe.cobol.search.FindRelationshipsTest,anAssemblerDliCall,FEATURE_ENVY,HIGH,"foreign accesses=18, own accesses=0"
src/test/java/org/openrewrite/mainframe/cobol/search/FindRelationshipsTest.java,org.openrewrite.mainframe.cobol.search.FindRelationshipsTest,anAssemblerMemberReachesItsMacroLibraryAndItsSubroutine,FEATURE_ENVY,CRITICAL,"foreign accesses=55, own accesses=1"
src/test/java/org/openrewrite/mainframe/cobol/search/FindRelationshipsTest.java,org.openrewrite.mainframe.cobol.search.FindRelationshipsTest,anExternalNameIsWhatTheBinderResolves,FEATURE_ENVY,HIGH,"foreign accesses=27, own accesses=1"
src/test/java/org/openrewrite/mainframe/cobol/search/FindRelationshipsTest.java,org.openrewrite.mainframe.cobol.search.FindRelationshipsTest,anchorsPointAtTheStatement,FEATURE_ENVY,CRITICAL,"foreign accesses=113, own accesses=7"
src/test/java/org/openrewrite/mainframe/cobol/search/FindRelationshipsTest.java,org.openrewrite.mainframe.cobol.search.FindRelationshipsTest,bindDeckWrittenInAJob,FEATURE_ENVY,CRITICAL,"foreign accesses=40, own accesses=0"
src/test/java/org/openrewrite/mainframe/cobol/search/FindRelationshipsTest.java,org.openrewrite.mainframe.cobol.search.FindRelationshipsTest,controlMScheduleToJcl,FEATURE_ENVY,CRITICAL,"foreign accesses=56, own accesses=2"
src/test/java/org/openrewrite/mainframe/cobol/search/FindRelationshipsTest.java,org.openrewrite.mainframe.cobol.search.FindRelationshipsTest,databaseDefinition,FEATURE_ENVY,CRITICAL,"foreign accesses=39, own accesses=1"
src/test/java/org/openrewrite/mainframe/cobol/search/FindRelationshipsTest.java,org.openrewrite.mainframe.cobol.search.FindRelationshipsTest,execSqlCreateCursor,FEATURE_ENVY,CRITICAL,"foreign accesses=34, own accesses=0"
src/test/java/org/openrewrite/mainframe/cobol/search/FindRelationshipsTest.java,org.openrewrite.mainframe.cobol.search.FindRelationshipsTest,execSqlCreateTable,FEATURE_ENVY,CRITICAL,"foreign accesses=34, own accesses=0"
src/test/java/org/openrewrite/mainframe/cobol/search/FindRelationshipsTest.java,org.openrewrite.mainframe.cobol.search.FindRelationshipsTest,execSqlDeleteTable,FEATURE_ENVY,CRITICAL,"foreign accesses=34, own accesses=0"
src/test/java/org/openrewrite/mainframe/cobol/search/FindRelationshipsTest.java,org.openrewrite.mainframe.cobol.search.FindRelationshipsTest,execSqlReadCursor,FEATURE_ENVY,CRITICAL,"foreign accesses=34, own accesses=0"
src/test/java/org/openrewrite/mainframe/cobol/search/FindRelationshipsTest.java,org.openrewrite.mainframe.cobol.search.FindRelationshipsTest,execSqlReadTable,FEATURE_ENVY,CRITICAL,"foreign accesses=37, own accesses=0"
src/test/java/org/openrewrite/mainframe/cobol/search/FindRelationshipsTest.java,org.openrewrite.mainframe.cobol.search.FindRelationshipsTest,execSqlUpdateTable,FEATURE_ENVY,CRITICAL,"foreign accesses=34, own accesses=0"
src/test/java/org/openrewrite/mainframe/cobol/search/FindRelationshipsTest.java,org.openrewrite.mainframe.cobol.search.FindRelationshipsTest,formatSet,FEATURE_ENVY,CRITICAL,"foreign accesses=42, own accesses=1"
src/test/java/org/openrewrite/mainframe/cobol/search/FindRelationshipsTest.java,org.openrewrite.mainframe.cobol.search.FindRelationshipsTest,idcamsDeckWrittenInAJob,FEATURE_ENVY,HIGH,"foreign accesses=28, own accesses=0"
src/test/java/org/openrewrite/mainframe/cobol/search/FindRelationshipsTest.java,org.openrewrite.mainframe.cobol.search.FindRelationshipsTest,idcamsDefineNamesTheDataSetItMakes,FEATURE_ENVY,CRITICAL,"foreign accesses=36, own accesses=1"
src/test/java/org/openrewrite/mainframe/cobol/search/FindRelationshipsTest.java,org.openrewrite.mainframe.cobol.search.FindRelationshipsTest,includeCopybookWithCopyAndInclude,FEATURE_ENVY,HIGH,"foreign accesses=30, own accesses=0"
src/test/java/org/openrewrite/mainframe/cobol/search/FindRelationshipsTest.java,org.openrewrite.mainframe.cobol.search.FindRelationshipsTest,linkEditDeckWrittenInAJob,FEATURE_ENVY,CRITICAL,"foreign accesses=38, own accesses=0"
src/test/java/org/openrewrite/mainframe/cobol/search/FindRelationshipsTest.java,org.openrewrite.mainframe.cobol.search.FindRelationshipsTest,messageOutputDescriptor,FEATURE_ENVY,HIGH,"foreign accesses=23, own accesses=1"
src/test/java/org/openrewrite/mainframe/cobol/search/FindRelationshipsTest.java,org.openrewrite.mainframe.cobol.search.FindRelationshipsTest,multipleBindsOnOneCard,FEATURE_ENVY,HIGH,"foreign accesses=26, own accesses=0"
src/test/java/org/openrewrite/mainframe/cobol/search/FindRelationshipsTest.java,org.openrewrite.mainframe.cobol.search.FindRelationshipsTest,programSpecificationBlock,FEATURE_ENVY,CRITICAL,"foreign accesses=50, own accesses=1"
src/test/java/org/openrewrite/mainframe/cobol/search/FindRelationshipsTest.java,org.openrewrite.mainframe.cobol.search.FindRelationshipsTest,systemDefinition,FEATURE_ENVY,CRITICAL,"foreign accesses=38, own accesses=1"
src/test/java/org/openrewrite/mainframe/cobol/search/FindRelationshipsTest.java,org.openrewrite.mainframe.cobol.search.FindRelationshipsTest,theLoadModuleHalvesRunOnTheirOwn,FEATURE_ENVY,HIGH,"foreign accesses=25, own accesses=0"
src/test/java/org/openrewrite/mainframe/cobol/search/FindWordTest.java,org.openrewrite.mainframe.cobol.search.FindWordTest,cm102mExactMatch,FEATURE_ENVY,MEDIUM,"foreign accesses=13, own accesses=1"
src/test/java/org/openrewrite/mainframe/cobol/search/FindWordTest.java,org.openrewrite.mainframe.cobol.search.FindWordTest,cm102mPartialMatch,FEATURE_ENVY,MEDIUM,"foreign accesses=12, own accesses=1"
src/test/java/org/openrewrite/mainframe/cobol/search/FindWordTest.java,org.openrewrite.mainframe.cobol.search.FindWordTest,sm101A,FEATURE_ENVY,HIGH,"foreign accesses=15, own accesses=2"
src/test/java/org/openrewrite/mainframe/cobol/trait/CicsCommandTest.java,org.openrewrite.mainframe.cobol.trait.CicsCommandTest,classifiesFileAccess,FEATURE_ENVY,CRITICAL,"foreign accesses=57, own accesses=1"
src/test/java/org/openrewrite/mainframe/cobol/trait/CicsCommandTest.java,org.openrewrite.mainframe.cobol.trait.CicsCommandTest,decomposesAFileRead,FEATURE_ENVY,HIGH,"foreign accesses=21, own accesses=1"
src/test/java/org/openrewrite/mainframe/cobol/trait/CicsCommandTest.java,org.openrewrite.mainframe.cobol.trait.CicsCommandTest,isAnchoredOnTheStandInWord,FEATURE_ENVY,HIGH,"foreign accesses=17, own accesses=1"
src/test/java/org/openrewrite/mainframe/cobol/trait/CicsCommandTest.java,org.openrewrite.mainframe.cobol.trait.CicsCommandTest,keepsOnlyTheBlanksThatWereWritten,FEATURE_ENVY,MEDIUM,"foreign accesses=10, own accesses=1"
src/test/java/org/openrewrite/mainframe/cobol/trait/CicsCommandTest.java,org.openrewrite.mainframe.cobol.trait.CicsCommandTest,keepsTheBlanksInsideAnOperand,FEATURE_ENVY,MEDIUM,"foreign accesses=14, own accesses=1"
src/test/java/org/openrewrite/mainframe/cobol/trait/CicsCommandTest.java,org.openrewrite.mainframe.cobol.trait.CicsCommandTest,marksDynamicResourceNames,FEATURE_ENVY,MEDIUM,"foreign accesses=11, own accesses=1"
src/test/java/org/openrewrite/mainframe/cobol/trait/CicsCommandTest.java,org.openrewrite.mainframe.cobol.trait.CicsCommandTest,parse,FEATURE_ENVY,LOW,"foreign accesses=7, own accesses=0"
src/test/java/org/openrewrite/mainframe/cobol/trait/CicsCommandTest.java,org.openrewrite.mainframe.cobol.trait.CicsCommandTest,readsAQualifierThatIsAlsoAnOption,FEATURE_ENVY,HIGH,"foreign accesses=25, own accesses=1"
src/test/java/org/openrewrite/mainframe/cobol/trait/CicsCommandTest.java,org.openrewrite.mainframe.cobol.trait.CicsCommandTest,readsMultiLineCommands,FEATURE_ENVY,MEDIUM,"foreign accesses=14, own accesses=1"
src/test/java/org/openrewrite/mainframe/cobol/trait/CicsCommandTest.java,org.openrewrite.mainframe.cobol.trait.CicsCommandTest,readsOptionsWithoutOperands,FEATURE_ENVY,MEDIUM,"foreign accesses=10, own accesses=1"
src/test/java/org/openrewrite/mainframe/cobol/trait/CicsCommandTest.java,org.openrewrite.mainframe.cobol.trait.CicsCommandTest,readsQualifiersThatChangeMeaning,FEATURE_ENVY,CRITICAL,"foreign accesses=34, own accesses=1"
src/test/java/org/openrewrite/mainframe/cobol/trait/CicsCommandTest.java,org.openrewrite.mainframe.cobol.trait.CicsCommandTest,readsSubscriptedOperands,FEATURE_ENVY,LOW,"foreign accesses=6, own accesses=1"
src/test/java/org/openrewrite/mainframe/cobol/trait/CopybookReferenceTest.java,org.openrewrite.mainframe.cobol.trait.CopybookReferenceTest,knowsTheWordItHangsOff,FEATURE_ENVY,LOW,"foreign accesses=6, own accesses=1"
src/test/java/org/openrewrite/mainframe/cobol/trait/CopybookReferenceTest.java,org.openrewrite.mainframe.cobol.trait.CopybookReferenceTest,parse,FEATURE_ENVY,LOW,"foreign accesses=7, own accesses=0"
src/test/java/org/openrewrite/mainframe/cobol/trait/CopybookReferenceTest.java,org.openrewrite.mainframe.cobol.trait.CopybookReferenceTest,readsEitherWayOfWritingIt,FEATURE_ENVY,MEDIUM,"foreign accesses=13, own accesses=1"
src/test/java/org/openrewrite/mainframe/cobol/trait/CopybookReferenceTest.java,org.openrewrite.mainframe.cobol.trait.CopybookReferenceTest,reportsACopybookNothingResolvedTo,FEATURE_ENVY,MEDIUM,"foreign accesses=12, own accesses=1"
src/test/java/org/openrewrite/mainframe/cobol/trait/DataNameTest.java,org.openrewrite.mainframe.cobol.trait.DataNameTest,attributesACopiedDefinitionToItsCopybook,FEATURE_ENVY,CRITICAL,"foreign accesses=39, own accesses=6"
src/test/java/org/openrewrite/mainframe/cobol/trait/DataNameTest.java,org.openrewrite.mainframe.cobol.trait.DataNameTest,countsASetOfAConditionNameAsAUsageOfItsConditionalVariable,FEATURE_ENVY,CRITICAL,"foreign accesses=44, own accesses=9"
src/test/java/org/openrewrite/mainframe/cobol/trait/DataNameTest.java,org.openrewrite.mainframe.cobol.trait.DataNameTest,definitionOf,FEATURE_ENVY,LOW,"foreign accesses=7, own accesses=0"
src/test/java/org/openrewrite/mainframe/cobol/trait/DataNameTest.java,org.openrewrite.mainframe.cobol.trait.DataNameTest,keepsANestedProgramsNamesApart,FEATURE_ENVY,HIGH,"foreign accesses=27, own accesses=2"
src/test/java/org/openrewrite/mainframe/cobol/trait/DataNameTest.java,org.openrewrite.mainframe.cobol.trait.DataNameTest,names,FEATURE_ENVY,LOW,"foreign accesses=7, own accesses=0"
src/test/java/org/openrewrite/mainframe/cobol/trait/DataNameTest.java,org.openrewrite.mainframe.cobol.trait.DataNameTest,qualifiesANameDeclaredTwice,FEATURE_ENVY,CRITICAL,"foreign accesses=48, own accesses=4"
src/test/java/org/openrewrite/mainframe/cobol/trait/DataNameTest.java,org.openrewrite.mainframe.cobol.trait.DataNameTest,readsAHostVariableAndAnOptionOperandInAnExecBlock,FEATURE_ENVY,HIGH,"foreign accesses=21, own accesses=4"
src/test/java/org/openrewrite/mainframe/cobol/trait/DataNameTest.java,org.openrewrite.mainframe.cobol.trait.DataNameTest,readsRealPrograms,FEATURE_ENVY,CRITICAL,"foreign accesses=129, own accesses=6"
src/test/java/org/openrewrite/mainframe/cobol/trait/DataNameTest.java,org.openrewrite.mainframe.cobol.trait.DataNameTest,resolvesASubscriptedOrReferenceModifiedOccurrenceToTheItem,FEATURE_ENVY,CRITICAL,"foreign accesses=46, own accesses=8"
src/test/java/org/openrewrite/mainframe/cobol/trait/DataNameTest.java,org.openrewrite.mainframe.cobol.trait.DataNameTest,tellsADefinitionFromAUsage,FEATURE_ENVY,CRITICAL,"foreign accesses=37, own accesses=7"
src/test/java/org/openrewrite/mainframe/cobol/trait/DataNameTest.java,org.openrewrite.mainframe.cobol.trait.DataNameTest,usagesOf,FEATURE_ENVY,LOW,"foreign accesses=7, own accesses=0"
src/test/java/org/openrewrite/mainframe/cobol/trait/DliCallTest.java,org.openrewrite.mainframe.cobol.trait.DliCallTest,distinguishesMessageCallsFromDatabaseCalls,FEATURE_ENVY,MEDIUM,"foreign accesses=10, own accesses=1"
src/test/java/org/openrewrite/mainframe/cobol/trait/DliCallTest.java,org.openrewrite.mainframe.cobol.trait.DliCallTest,leavesTheFunctionUnresolvedWhenSeveralLiteralsReachIt,FEATURE_ENVY,MEDIUM,"foreign accesses=12, own accesses=1"
src/test/java/org/openrewrite/mainframe/cobol/trait/DliCallTest.java,org.openrewrite.mainframe.cobol.trait.DliCallTest,parse,FEATURE_ENVY,LOW,"foreign accesses=7, own accesses=0"
src/test/java/org/openrewrite/mainframe/cobol/trait/DliCallTest.java,org.openrewrite.mainframe.cobol.trait.DliCallTest,recognisesTheCommandLevelInterface,FEATURE_ENVY,HIGH,"foreign accesses=20, own accesses=1"
src/test/java/org/openrewrite/mainframe/cobol/trait/DliCallTest.java,org.openrewrite.mainframe.cobol.trait.DliCallTest,recoversPcbOrderFromTheEntryPoint,FEATURE_ENVY,HIGH,"foreign accesses=22, own accesses=1"
src/test/java/org/openrewrite/mainframe/cobol/trait/DliCallTest.java,org.openrewrite.mainframe.cobol.trait.DliCallTest,resolvesFunctionCodeFromValueClause,FEATURE_ENVY,HIGH,"foreign accesses=23, own accesses=1"
src/test/java/org/openrewrite/mainframe/cobol/trait/DliCallTest.java,org.openrewrite.mainframe.cobol.trait.DliCallTest,resolvesFunctionCodeMovedIntoAField,FEATURE_ENVY,MEDIUM,"foreign accesses=12, own accesses=1"
src/test/java/org/openrewrite/mainframe/cobol/trait/DliCallTest.java,org.openrewrite.mainframe.cobol.trait.DliCallTest,resolvesSegmentNamesFromSsas,FEATURE_ENVY,MEDIUM,"foreign accesses=10, own accesses=1"
src/test/java/org/openrewrite/mainframe/cobol/trait/DliCallTest.java,org.openrewrite.mainframe.cobol.trait.DliCallTest,resolvesTheModAnIsrtNames,FEATURE_ENVY,HIGH,"foreign accesses=17, own accesses=1"
src/test/java/org/openrewrite/mainframe/cobol/trait/ProcedureTest.java,org.openrewrite.mainframe.cobol.trait.ProcedureTest,readsTheProgramOfTheFileItself,FEATURE_ENVY,LOW,"foreign accesses=6, own accesses=0"
src/test/java/org/openrewrite/mainframe/cobol/trait/ProcedureTest.java,org.openrewrite.mainframe.cobol.trait.ProcedureTest,visitCompilationUnit,FEATURE_ENVY,LOW,"foreign accesses=5, own accesses=0"
src/test/java/org/openrewrite/mainframe/cobol/trait/ProcedureTest.java,org.openrewrite.mainframe.cobol.trait.ProcedureTest,visitDisplay,FEATURE_ENVY,LOW,"foreign accesses=7, own accesses=0"
src/test/java/org/openrewrite/mainframe/cobol/trait/SearchableTextTest.java,org.openrewrite.mainframe.cobol.trait.SearchableTextTest,endsATokenAtAHyphenPeriodOrUnderscore,FEATURE_ENVY,HIGH,"foreign accesses=16, own accesses=0"
src/test/java/org/openrewrite/mainframe/cobol/trait/SearchableTextTest.java,org.openrewrite.mainframe.cobol.trait.SearchableTextTest,joinsALiteralContinuedAcrossLinesAndPlacesEachPiece,FEATURE_ENVY,CRITICAL,"foreign accesses=31, own accesses=2"
src/test/java/org/openrewrite/mainframe/cobol/trait/SearchableTextTest.java,org.openrewrite.mainframe.cobol.trait.SearchableTextTest,leavesACopybooksTextToTheCopybook,FEATURE_ENVY,LOW,"foreign accesses=6, own accesses=1"
src/test/java/org/openrewrite/mainframe/cobol/trait/SearchableTextTest.java,org.openrewrite.mainframe.cobol.trait.SearchableTextTest,leavesTheSequenceAndIdentificationAreasOut,FEATURE_ENVY,HIGH,"foreign accesses=17, own accesses=2"
src/test/java/org/openrewrite/mainframe/cobol/trait/SearchableTextTest.java,org.openrewrite.mainframe.cobol.trait.SearchableTextTest,parse,FEATURE_ENVY,HIGH,"foreign accesses=18, own accesses=0"
src/test/java/org/openrewrite/mainframe/cobol/trait/SearchableTextTest.java,org.openrewrite.mainframe.cobol.trait.SearchableTextTest,placesTheWordsOfAnExecBlock,FEATURE_ENVY,MEDIUM,"foreign accesses=11, own accesses=2"
src/test/java/org/openrewrite/mainframe/cobol/trait/SearchableTextTest.java,org.openrewrite.mainframe.cobol.trait.SearchableTextTest,readsACommentEntryAsAComment,FEATURE_ENVY,HIGH,"foreign accesses=16, own accesses=2"
src/test/java/org/openrewrite/mainframe/cobol/trait/SearchableTextTest.java,org.openrewrite.mainframe.cobol.trait.SearchableTextTest,readsAFloatingCommentOnItsOwnLineOrAfterCode,FEATURE_ENVY,MEDIUM,"foreign accesses=12, own accesses=2"
src/test/java/org/openrewrite/mainframe/cobol/trait/SearchableTextTest.java,org.openrewrite.mainframe.cobol.trait.SearchableTextTest,readsRealPrograms,FEATURE_ENVY,CRITICAL,"foreign accesses=111, own accesses=0"
src/test/java/org/openrewrite/mainframe/cobol/trait/SearchableTextTest.java,org.openrewrite.mainframe.cobol.trait.SearchableTextTest,stripsTheBordersOffABoxedComment,FEATURE_ENVY,HIGH,"foreign accesses=17, own accesses=2"
src/test/java/org/openrewrite/mainframe/cobol/trait/SearchableTextTest.java,org.openrewrite.mainframe.cobol.trait.SearchableTextTest,tellsTheLayersApart,FEATURE_ENVY,LOW,"foreign accesses=7, own accesses=2"
src/test/java/org/openrewrite/mainframe/cobol/tree/cobol/CobolParserAnsi85DivisionTest.java,org.openrewrite.mainframe.cobol.tree.cobol.CobolParserAnsi85DivisionTest,,GOD_CLASS,MEDIUM,"WMC=96, TCC=0.00, ATFD=7"
src/test/java/org/openrewrite/mainframe/cobol/tree/cobol/CobolParserAnsi85DivisionTest.java,org.openrewrite.mainframe.cobol.tree.cobol.CobolParserAnsi85DivisionTest,commaDelimiters,FEATURE_ENVY,LOW,"foreign accesses=9, own accesses=0"
src/test/java/org/openrewrite/mainframe/cobol/tree/cobol/CobolParserAnsi85DivisionTest.java,org.openrewrite.mainframe.cobol.tree.cobol.CobolParserAnsi85DivisionTest,exitParagraphIsAParagraph,FEATURE_ENVY,LOW,"foreign accesses=8, own accesses=0"
src/test/java/org/openrewrite/mainframe/cobol/tree/cobol/CobolParserAnsi85DivisionTest.java,org.openrewrite.mainframe.cobol.tree.cobol.CobolParserAnsi85DivisionTest,referenceModifierBesideAPlaceholder,FEATURE_ENVY,LOW,"foreign accesses=7, own accesses=0"
src/test/java/org/openrewrite/mainframe/cobol/tree/cobol/CobolParserAnsi85DivisionTest.java,org.openrewrite.mainframe.cobol.tree.cobol.CobolParserAnsi85DivisionTest,repositoryParagraph,FEATURE_ENVY,LOW,"foreign accesses=6, own accesses=0"
src/test/java/org/openrewrite/mainframe/cobol/tree/cobol/CobolParserAnsi85DivisionTest.java,org.openrewrite.mainframe.cobol.tree.cobol.CobolParserAnsi85DivisionTest,visitDataDescriptionEntry,FEATURE_ENVY,LOW,"foreign accesses=9, own accesses=0"
src/test/java/org/openrewrite/mainframe/cobol/tree/cobol/CobolParserAnsi85DivisionTest.java,org.openrewrite.mainframe.cobol.tree.cobol.CobolParserAnsi85DivisionTest,visitExit,FEATURE_ENVY,MEDIUM,"foreign accesses=11, own accesses=0"
src/test/java/org/openrewrite/mainframe/cobol/tree/cobol/CobolParserAnsi85DivisionTest.java,org.openrewrite.mainframe.cobol.tree.cobol.CobolParserAnsi85DivisionTest,visitRepository,FEATURE_ENVY,CRITICAL,"foreign accesses=85, own accesses=13"
src/test/java/org/openrewrite/mainframe/cobol/tree/cobol/CobolParserAnsi85DivisionTest.java,org.openrewrite.mainframe.cobol.tree.cobol.CobolParserAnsi85DivisionTest,visitTableCall,FEATURE_ENVY,LOW,"foreign accesses=5, own accesses=0"
src/test/java/org/openrewrite/mainframe/cobol/tree/cobol/CobolParserAnsi85DivisionTest.java,org.openrewrite.mainframe.cobol.tree.cobol.CobolParserAnsi85DivisionTest,visitWord,FEATURE_ENVY,LOW,"foreign accesses=5, own accesses=0"
src/test/java/org/openrewrite/mainframe/cobol/tree/cobol/CobolParserAnsi85DivisionTest.java,org.openrewrite.mainframe.cobol.tree.cobol.CobolParserAnsi85DivisionTest,words,FEATURE_ENVY,LOW,"foreign accesses=5, own accesses=0"
src/test/java/org/openrewrite/mainframe/cobol/tree/cobol/CompilationUnitIdentityTest.java,org.openrewrite.mainframe.cobol.tree.cobol.CompilationUnitIdentityTest,theIdSurvivesARename,FEATURE_ENVY,MEDIUM,"foreign accesses=10, own accesses=0"
src/test/java/org/openrewrite/mainframe/cobol/tree/cobol/CompilationUnitIdentityTest.java,org.openrewrite.mainframe.cobol.tree.cobol.CompilationUnitIdentityTest,twoProgramsAreTwoSourceFiles,FEATURE_ENVY,MEDIUM,"foreign accesses=13, own accesses=0"
src/test/java/org/openrewrite/mainframe/cobol/tree/cobol/DataDescriptionEntryTest.java,org.openrewrite.mainframe.cobol.tree.cobol.DataDescriptionEntryTest,visitDataDescriptionEntry,FEATURE_ENVY,LOW,"foreign accesses=6, own accesses=0"
src/test/java/org/openrewrite/mainframe/cobol/tree/cobol/FloatingCommentTest.java,org.openrewrite.mainframe.cobol.tree.cobol.FloatingCommentTest,visitDataDescriptionEntry,FEATURE_ENVY,LOW,"foreign accesses=6, own accesses=0"
src/test/java/org/openrewrite/mainframe/cobol/tree/cobol/FloatingCommentTest.java,org.openrewrite.mainframe.cobol.tree.cobol.FloatingCommentTest,visitPicture,FEATURE_ENVY,MEDIUM,"foreign accesses=10, own accesses=0"
src/test/java/org/openrewrite/mainframe/cobol/tree/cobol/FloatingCommentTest.java,org.openrewrite.mainframe.cobol.tree.cobol.FloatingCommentTest,visitWord,FEATURE_ENVY,LOW,"foreign accesses=6, own accesses=0"
src/test/java/org/openrewrite/mainframe/cobol/tree/preprocessor/CobolPreprocessorCopyTest.java,org.openrewrite.mainframe.cobol.tree.preprocessor.CobolPreprocessorCopyTest,getSource,FEATURE_ENVY,MEDIUM,"foreign accesses=11, own accesses=0"
src/test/java/org/openrewrite/mainframe/cobol/tree/preprocessor/CobolPreprocessorCopyTest.java,org.openrewrite.mainframe.cobol.tree.preprocessor.CobolPreprocessorCopyTest,visitCopyStatement,FEATURE_ENVY,HIGH,"foreign accesses=17, own accesses=1"
src/test/java/org/openrewrite/mainframe/cobol/tree/preprocessor/CobolPreprocessorCopyTest.java,org.openrewrite.mainframe.cobol.tree.preprocessor.CobolPreprocessorCopyTest,visitSpace,FEATURE_ENVY,LOW,"foreign accesses=7, own accesses=1"
src/test/java/org/openrewrite/mainframe/cobol/tree/preprocessor/CobolPreprocessorCopybookTest.java,org.openrewrite.mainframe.cobol.tree.preprocessor.CobolPreprocessorCopybookTest,,GOD_CLASS,LOW,"WMC=53, TCC=0.00, ATFD=8"
src/test/java/org/openrewrite/mainframe/cobol/tree/preprocessor/CobolPreprocessorCopybookTest.java,org.openrewrite.mainframe.cobol.tree.preprocessor.CobolPreprocessorCopybookTest,syntaxErrorProducesParseErrorWithoutStoppingStream,FEATURE_ENVY,HIGH,"foreign accesses=30, own accesses=0"
src/test/java/org/openrewrite/mainframe/cobol/tree/preprocessor/CobolPreprocessorReplaceTest.java,org.openrewrite.mainframe.cobol.tree.preprocessor.CobolPreprocessorReplaceTest,copyAtStartOfContentArea,FEATURE_ENVY,HIGH,"foreign accesses=21, own accesses=1"
src/test/java/org/openrewrite/mainframe/cobol/tree/preprocessor/CobolPreprocessorReplaceTest.java,org.openrewrite.mainframe.cobol.tree.preprocessor.CobolPreprocessorReplaceTest,sm201A,FEATURE_ENVY,CRITICAL,"foreign accesses=71, own accesses=8"
src/test/java/org/openrewrite/mainframe/cobol/tree/preprocessor/CobolPreprocessorReplaceTest.java,org.openrewrite.mainframe.cobol.tree.preprocessor.CobolPreprocessorReplaceTest,sm202A,FEATURE_ENVY,CRITICAL,"foreign accesses=36, own accesses=3"
src/test/java/org/openrewrite/mainframe/cobol/tree/preprocessor/CobolPreprocessorReplaceTest.java,org.openrewrite.mainframe.cobol.tree.preprocessor.CobolPreprocessorReplaceTest,sm203A,FEATURE_ENVY,CRITICAL,"foreign accesses=36, own accesses=3"
src/test/java/org/openrewrite/mainframe/cobol/tree/preprocessor/CobolPreprocessorReplaceTest.java,org.openrewrite.mainframe.cobol.tree.preprocessor.CobolPreprocessorReplaceTest,sm205A,FEATURE_ENVY,HIGH,"foreign accesses=29, own accesses=2"
src/test/java/org/openrewrite/mainframe/cobol/tree/preprocessor/CobolPreprocessorReplaceTest.java,org.openrewrite.mainframe.cobol.tree.preprocessor.CobolPreprocessorReplaceTest,sm206A,FEATURE_ENVY,CRITICAL,"foreign accesses=78, own accesses=9"
src/test/java/org/openrewrite/mainframe/cobol/tree/preprocessor/CobolPreprocessorReplaceTest.java,org.openrewrite.mainframe.cobol.tree.preprocessor.CobolPreprocessorReplaceTest,sm208A,FEATURE_ENVY,LOW,"foreign accesses=9, own accesses=0"
src/test/java/org/openrewrite/mainframe/controlcard/ControlCardCorpusTest.java,org.openrewrite.mainframe.controlcard.ControlCardCorpusTest,,GOD_CLASS,MEDIUM,"WMC=58, TCC=0.00, ATFD=18"
src/test/java/org/openrewrite/mainframe/controlcard/ControlCardCorpusTest.java,org.openrewrite.mainframe.controlcard.ControlCardCorpusTest,countIdcamsCommands,FEATURE_ENVY,LOW,"foreign accesses=8, own accesses=1"
src/test/java/org/openrewrite/mainframe/controlcard/ControlCardCorpusTest.java,org.openrewrite.mainframe.controlcard.ControlCardCorpusTest,countSortStatements,FEATURE_ENVY,HIGH,"foreign accesses=19, own accesses=2"
src/test/java/org/openrewrite/mainframe/controlcard/ControlCardCorpusTest.java,org.openrewrite.mainframe.controlcard.ControlCardCorpusTest,names,FEATURE_ENVY,LOW,"foreign accesses=5, own accesses=0"
src/test/java/org/openrewrite/mainframe/controlcard/ControlCardCorpusTest.java,org.openrewrite.mainframe.controlcard.ControlCardCorpusTest,parse,FEATURE_ENVY,LOW,"foreign accesses=7, own accesses=0"
src/test/java/org/openrewrite/mainframe/controlcard/ControlCardCorpusTest.java,org.openrewrite.mainframe.controlcard.ControlCardCorpusTest,readsRealControlCardMembers,FEATURE_ENVY,CRITICAL,"foreign accesses=104, own accesses=11"
src/test/java/org/openrewrite/mainframe/controlcard/ControlCardCorpusTest.java,org.openrewrite.mainframe.controlcard.ControlCardCorpusTest,readsTheFixtureCardsNameByName,FEATURE_ENVY,CRITICAL,"foreign accesses=45, own accesses=2"
src/test/java/org/openrewrite/mainframe/controlcard/ControlCardCorpusTest.java,org.openrewrite.mainframe.controlcard.ControlCardCorpusTest,typesTheFixtureMembersByWhatTheySay,FEATURE_ENVY,HIGH,"foreign accesses=19, own accesses=3"
src/test/java/org/openrewrite/mainframe/controlcard/InStreamCardsTest.java,org.openrewrite.mainframe.controlcard.InStreamCardsTest,cardsOfTheMemberADdNamed,FEATURE_ENVY,HIGH,"foreign accesses=21, own accesses=0"
src/test/java/org/openrewrite/mainframe/controlcard/InStreamCardsTest.java,org.openrewrite.mainframe.controlcard.InStreamCardsTest,cardsWrittenInACatalogedProcedure,FEATURE_ENVY,HIGH,"foreign accesses=16, own accesses=1"
src/test/java/org/openrewrite/mainframe/controlcard/InStreamCardsTest.java,org.openrewrite.mainframe.controlcard.InStreamCardsTest,cardsWrittenInTheJob,FEATURE_ENVY,HIGH,"foreign accesses=16, own accesses=0"
src/test/java/org/openrewrite/mainframe/controlcard/InStreamCardsTest.java,org.openrewrite.mainframe.controlcard.InStreamCardsTest,countsAnOverriddenDeckOnce,FEATURE_ENVY,HIGH,"foreign accesses=16, own accesses=1"
src/test/java/org/openrewrite/mainframe/controlcard/InStreamCardsTest.java,org.openrewrite.mainframe.controlcard.InStreamCardsTest,overridingOneStepsDeckLeavesTheOthers,FEATURE_ENVY,LOW,"foreign accesses=9, own accesses=0"
src/test/java/org/openrewrite/mainframe/controlcard/idcams/IdcamsParserTest.java,org.openrewrite.mainframe.controlcard.idcams.IdcamsParserTest,commandContinuedBeforeItsEntryName,FEATURE_ENVY,HIGH,"foreign accesses=15, own accesses=0"
src/test/java/org/openrewrite/mainframe/controlcard/idcams/IdcamsParserTest.java,org.openrewrite.mainframe.controlcard.idcams.IdcamsParserTest,commentCardsBetweenAndWithinCommands,FEATURE_ENVY,MEDIUM,"foreign accesses=11, own accesses=0"
src/test/java/org/openrewrite/mainframe/controlcard/idcams/IdcamsParserTest.java,org.openrewrite.mainframe.controlcard.idcams.IdcamsParserTest,defineClusterWithItsComponents,FEATURE_ENVY,HIGH,"foreign accesses=30, own accesses=0"
src/test/java/org/openrewrite/mainframe/controlcard/idcams/IdcamsParserTest.java,org.openrewrite.mainframe.controlcard.idcams.IdcamsParserTest,quotedNamesAreLexedOnTheirOwn,FEATURE_ENVY,HIGH,"foreign accesses=16, own accesses=0"
src/test/java/org/openrewrite/mainframe/controlcard/idcams/IdcamsParserTest.java,org.openrewrite.mainframe.controlcard.idcams.IdcamsParserTest,refusesAMemberThatIsNotAnIdcamsDeck,FEATURE_ENVY,HIGH,"foreign accesses=29, own accesses=0"
src/test/java/org/openrewrite/mainframe/controlcard/idcams/IdcamsParserTest.java,org.openrewrite.mainframe.controlcard.idcams.IdcamsParserTest,verifyIsIdcamsOnlyWhenItNamesADataSet,FEATURE_ENVY,LOW,"foreign accesses=6, own accesses=0"
src/test/java/org/openrewrite/mainframe/controlcard/idcams/trait/IdcamsCommandTest.java,org.openrewrite.mainframe.controlcard.idcams.trait.IdcamsCommandTest,alterNamesTheEntryItRenames,FEATURE_ENVY,HIGH,"foreign accesses=18, own accesses=0"
src/test/java/org/openrewrite/mainframe/controlcard/idcams/trait/IdcamsCommandTest.java,org.openrewrite.mainframe.controlcard.idcams.trait.IdcamsCommandTest,defineClusterMakesTheDataSetAndItsComponents,FEATURE_ENVY,CRITICAL,"foreign accesses=40, own accesses=0"
src/test/java/org/openrewrite/mainframe/controlcard/idcams/trait/IdcamsCommandTest.java,org.openrewrite.mainframe.controlcard.idcams.trait.IdcamsCommandTest,defineGdgIsADataSetAndDefineAliasIsNot,FEATURE_ENVY,HIGH,"foreign accesses=29, own accesses=0"
src/test/java/org/openrewrite/mainframe/controlcard/idcams/trait/IdcamsCommandTest.java,org.openrewrite.mainframe.controlcard.idcams.trait.IdcamsCommandTest,groupOpenedOnTheCardAfterTheObjectType,FEATURE_ENVY,HIGH,"foreign accesses=23, own accesses=0"
src/test/java/org/openrewrite/mainframe/controlcard/idcams/trait/IdcamsCommandTest.java,org.openrewrite.mainframe.controlcard.idcams.trait.IdcamsCommandTest,reproNamesDdsRatherThanDataSets,FEATURE_ENVY,HIGH,"foreign accesses=22, own accesses=0"
src/test/java/org/openrewrite/mainframe/controlcard/sort/SortParserTest.java,org.openrewrite.mainframe.controlcard.sort.SortParserTest,blankAndCommentCardsBetweenStatements,FEATURE_ENVY,LOW,"foreign accesses=6, own accesses=0"
src/test/java/org/openrewrite/mainframe/controlcard/sort/SortParserTest.java,org.openrewrite.mainframe.controlcard.sort.SortParserTest,copyReformatsWithoutOrdering,FEATURE_ENVY,LOW,"foreign accesses=9, own accesses=0"
src/test/java/org/openrewrite/mainframe/controlcard/sort/SortParserTest.java,org.openrewrite.mainframe.controlcard.sort.SortParserTest,icetoolWritesItsOperandsInParentheses,FEATURE_ENVY,HIGH,"foreign accesses=21, own accesses=0"
src/test/java/org/openrewrite/mainframe/controlcard/sort/SortParserTest.java,org.openrewrite.mainframe.controlcard.sort.SortParserTest,includeIsASortStatementOnlyWithItsOwnOperand,FEATURE_ENVY,LOW,"foreign accesses=6, own accesses=0"
src/test/java/org/openrewrite/mainframe/controlcard/sort/SortParserTest.java,org.openrewrite.mainframe.controlcard.sort.SortParserTest,operandsSeparatedByCommas,FEATURE_ENVY,HIGH,"foreign accesses=21, own accesses=0"
src/test/java/org/openrewrite/mainframe/controlcard/sort/SortParserTest.java,org.openrewrite.mainframe.controlcard.sort.SortParserTest,refusesAMemberThatIsNotASortDeck,FEATURE_ENVY,HIGH,"foreign accesses=29, own accesses=0"
src/test/java/org/openrewrite/mainframe/controlcard/sort/SortParserTest.java,org.openrewrite.mainframe.controlcard.sort.SortParserTest,sortIncludeAndOption,FEATURE_ENVY,HIGH,"foreign accesses=28, own accesses=0"
src/test/java/org/openrewrite/mainframe/controlcard/sort/SortParserTest.java,org.openrewrite.mainframe.controlcard.sort.SortParserTest,statementContinuedByATrailingComma,FEATURE_ENVY,HIGH,"foreign accesses=16, own accesses=0"
src/test/java/org/openrewrite/mainframe/controlcard/sort/trait/SortStatementTest.java,org.openrewrite.mainframe.controlcard.sort.trait.SortStatementTest,copyOrdersNothing,FEATURE_ENVY,MEDIUM,"foreign accesses=13, own accesses=0"
src/test/java/org/openrewrite/mainframe/controlcard/sort/trait/SortStatementTest.java,org.openrewrite.mainframe.controlcard.sort.trait.SortStatementTest,formatWrittenOnceForEveryField,FEATURE_ENVY,MEDIUM,"foreign accesses=13, own accesses=0"
src/test/java/org/openrewrite/mainframe/controlcard/sort/trait/SortStatementTest.java,org.openrewrite.mainframe.controlcard.sort.trait.SortStatementTest,readsTheControlFieldsAndTheCondition,FEATURE_ENVY,CRITICAL,"foreign accesses=35, own accesses=0"
src/test/java/org/openrewrite/mainframe/controlcard/sort/trait/SortStatementTest.java,org.openrewrite.mainframe.controlcard.sort.trait.SortStatementTest,sumFieldsHaveNoOrder,FEATURE_ENVY,MEDIUM,"foreign accesses=10, own accesses=0"
src/test/java/org/openrewrite/mainframe/controlcard/utility/InStreamUnloadDeckTest.java,org.openrewrite.mainframe.controlcard.utility.InStreamUnloadDeckTest,deckReachedThroughAProcedure,FEATURE_ENVY,HIGH,"foreign accesses=26, own accesses=0"
src/test/java/org/openrewrite/mainframe/controlcard/utility/InStreamUnloadDeckTest.java,org.openrewrite.mainframe.controlcard.utility.InStreamUnloadDeckTest,deckWrittenInAJob,FEATURE_ENVY,HIGH,"foreign accesses=28, own accesses=1"
src/test/java/org/openrewrite/mainframe/controlcard/utility/InStreamUnloadDeckTest.java,org.openrewrite.mainframe.controlcard.utility.InStreamUnloadDeckTest,jclSymbolsAndTemplateVariablesInOneDeck,FEATURE_ENVY,HIGH,"foreign accesses=18, own accesses=0"
src/test/java/org/openrewrite/mainframe/controlcard/utility/InStreamUnloadDeckTest.java,org.openrewrite.mainframe.controlcard.utility.InStreamUnloadDeckTest,refusesADeckReadBeforeAnEarlierWrite,FEATURE_ENVY,MEDIUM,"foreign accesses=11, own accesses=1"
src/test/java/org/openrewrite/mainframe/controlcard/utility/InStreamUnloadDeckTest.java,org.openrewrite.mainframe.controlcard.utility.InStreamUnloadDeckTest,visitOperand,FEATURE_ENVY,MEDIUM,"foreign accesses=12, own accesses=0"
src/test/java/org/openrewrite/mainframe/controlcard/utility/InStreamUnloadDeckTest.java,org.openrewrite.mainframe.controlcard.utility.InStreamUnloadDeckTest,writesAnEditedDeckBackIntoTheJob,FEATURE_ENVY,HIGH,"foreign accesses=22, own accesses=2"
src/test/java/org/openrewrite/mainframe/controlcard/utility/InStreamUnloadDeckTest.java,org.openrewrite.mainframe.controlcard.utility.InStreamUnloadDeckTest,writesAnUneditedDeckBackAsItWas,FEATURE_ENVY,MEDIUM,"foreign accesses=10, own accesses=1"
src/test/java/org/openrewrite/mainframe/controlcard/utility/UtilityParserTest.java,org.openrewrite.mainframe.controlcard.utility.UtilityParserTest,aMemberThatRunsNoUtilityIsNotADeck,FEATURE_ENVY,MEDIUM,"foreign accesses=10, own accesses=0"
src/test/java/org/openrewrite/mainframe/controlcard/utility/UtilityParserTest.java,org.openrewrite.mainframe.controlcard.utility.UtilityParserTest,aSortDeckIsNotADeck,FEATURE_ENVY,MEDIUM,"foreign accesses=10, own accesses=0"
src/test/java/org/openrewrite/mainframe/controlcard/utility/UtilityParserTest.java,org.openrewrite.mainframe.controlcard.utility.UtilityParserTest,baseUtilityUnload,FEATURE_ENVY,HIGH,"foreign accesses=25, own accesses=0"
src/test/java/org/openrewrite/mainframe/controlcard/utility/UtilityParserTest.java,org.openrewrite.mainframe.controlcard.utility.UtilityParserTest,commentCards,FEATURE_ENVY,MEDIUM,"foreign accesses=13, own accesses=0"
src/test/java/org/openrewrite/mainframe/controlcard/utility/UtilityParserTest.java,org.openrewrite.mainframe.controlcard.utility.UtilityParserTest,dialectIsReadOffTheDeck,FEATURE_ENVY,HIGH,"foreign accesses=18, own accesses=0"
src/test/java/org/openrewrite/mainframe/controlcard/utility/UtilityParserTest.java,org.openrewrite.mainframe.controlcard.utility.UtilityParserTest,printsBackACarriageReturnedDeck,FEATURE_ENVY,HIGH,"foreign accesses=17, own accesses=0"
src/test/java/org/openrewrite/mainframe/controlcard/utility/UtilityParserTest.java,org.openrewrite.mainframe.controlcard.utility.UtilityParserTest,runstatsWritesItsValueAgainstItsKeyword,FEATURE_ENVY,HIGH,"foreign accesses=20, own accesses=0"
src/test/java/org/openrewrite/mainframe/controlcard/utility/UtilityParserTest.java,org.openrewrite.mainframe.controlcard.utility.UtilityParserTest,semicolonInsideASelect,FEATURE_ENVY,HIGH,"foreign accesses=22, own accesses=0"
src/test/java/org/openrewrite/mainframe/controlcard/utility/UtilityParserTest.java,org.openrewrite.mainframe.controlcard.utility.UtilityParserTest,severalSelectsInOneUnload,FEATURE_ENVY,CRITICAL,"foreign accesses=36, own accesses=0"
src/test/java/org/openrewrite/mainframe/controlcard/utility/UtilityParserTest.java,org.openrewrite.mainframe.controlcard.utility.UtilityParserTest,templateWithBothKindsOfVariable,FEATURE_ENVY,HIGH,"foreign accesses=20, own accesses=0"
src/test/java/org/openrewrite/mainframe/controlcard/utility/UtilityParserTest.java,org.openrewrite.mainframe.controlcard.utility.UtilityParserTest,unloadWithOneSelect,FEATURE_ENVY,CRITICAL,"foreign accesses=51, own accesses=0"
src/test/java/org/openrewrite/mainframe/controlcard/utility/trait/UnloadCommandTest.java,org.openrewrite.mainframe.controlcard.utility.trait.UnloadCommandTest,baseUtilityUnloadReadsTheSameQuestions,FEATURE_ENVY,HIGH,"foreign accesses=26, own accesses=0"
src/test/java/org/openrewrite/mainframe/controlcard/utility/trait/UnloadCommandTest.java,org.openrewrite.mainframe.controlcard.utility.trait.UnloadCommandTest,everyStatementOfADeck,FEATURE_ENVY,LOW,"foreign accesses=9, own accesses=0"
src/test/java/org/openrewrite/mainframe/controlcard/utility/trait/UnloadCommandTest.java,org.openrewrite.mainframe.controlcard.utility.trait.UnloadCommandTest,runstatsIsAStatementToo,FEATURE_ENVY,HIGH,"foreign accesses=27, own accesses=0"
src/test/java/org/openrewrite/mainframe/controlcard/utility/trait/UnloadCommandTest.java,org.openrewrite.mainframe.controlcard.utility.trait.UnloadCommandTest,severalSelectsFanOutToSeveralFiles,FEATURE_ENVY,HIGH,"foreign accesses=18, own accesses=0"
src/test/java/org/openrewrite/mainframe/controlcard/utility/trait/UnloadCommandTest.java,org.openrewrite.mainframe.controlcard.utility.trait.UnloadCommandTest,unloadFromAnImageCopy,FEATURE_ENVY,HIGH,"foreign accesses=18, own accesses=0"
src/test/java/org/openrewrite/mainframe/controlcard/utility/trait/UnloadCommandTest.java,org.openrewrite.mainframe.controlcard.utility.trait.UnloadCommandTest,unloadOfAnImageCopyAskedForThroughDb2,FEATURE_ENVY,HIGH,"foreign accesses=15, own accesses=0"
src/test/java/org/openrewrite/mainframe/controlcard/utility/trait/UnloadCommandTest.java,org.openrewrite.mainframe.controlcard.utility.trait.UnloadCommandTest,whatAnUnloadReadsAndWhereItPutsIt,FEATURE_ENVY,CRITICAL,"foreign accesses=35, own accesses=0"
src/test/java/org/openrewrite/mainframe/controlcard/utility/trait/UnloadCommandTest.java,org.openrewrite.mainframe.controlcard.utility.trait.UnloadCommandTest,whatIsCodedAndWhatComesFromTheSite,FEATURE_ENVY,CRITICAL,"foreign accesses=52, own accesses=0"
src/test/java/org/openrewrite/mainframe/controlcard/utility/trait/UnloadCorpusTest.java,org.openrewrite.mainframe.controlcard.utility.trait.UnloadCorpusTest,countStatements,FEATURE_ENVY,HIGH,"foreign accesses=17, own accesses=3"
src/test/java/org/openrewrite/mainframe/controlcard/utility/trait/UnloadCorpusTest.java,org.openrewrite.mainframe.controlcard.utility.trait.UnloadCorpusTest,parse,FEATURE_ENVY,MEDIUM,"foreign accesses=10, own accesses=0"
src/test/java/org/openrewrite/mainframe/controlcard/utility/trait/UnloadCorpusTest.java,org.openrewrite.mainframe.controlcard.utility.trait.UnloadCorpusTest,parseJob,FEATURE_ENVY,MEDIUM,"foreign accesses=10, own accesses=0"
src/test/java/org/openrewrite/mainframe/controlcard/utility/trait/UnloadCorpusTest.java,org.openrewrite.mainframe.controlcard.utility.trait.UnloadCorpusTest,readsRealUtilityDecks,FEATURE_ENVY,CRITICAL,"foreign accesses=71, own accesses=4"
src/test/java/org/openrewrite/mainframe/controlcard/utility/trait/UnloadCorpusTest.java,org.openrewrite.mainframe.controlcard.utility.trait.UnloadCorpusTest,readsTheFixtureDecksDeckByDeck,FEATURE_ENVY,CRITICAL,"foreign accesses=108, own accesses=2"
src/test/java/org/openrewrite/mainframe/controlcard/utility/trait/UnloadCorpusTest.java,org.openrewrite.mainframe.controlcard.utility.trait.UnloadCorpusTest,readsWhatEachFixtureDeckLeavesToTheSite,FEATURE_ENVY,CRITICAL,"foreign accesses=47, own accesses=4"
src/test/java/org/openrewrite/mainframe/controlcard/utility/trait/UnloadCorpusTest.java,org.openrewrite.mainframe.controlcard.utility.trait.UnloadCorpusTest,unloadOf,FEATURE_ENVY,LOW,"foreign accesses=7, own accesses=1"
src/test/java/org/openrewrite/mainframe/controlm/ExportScaleTest.java,org.openrewrite.mainframe.controlm.ExportScaleTest,export,FEATURE_ENVY,CRITICAL,"foreign accesses=48, own accesses=2"
src/test/java/org/openrewrite/mainframe/controlm/ExportScaleTest.java,org.openrewrite.mainframe.controlm.ExportScaleTest,readsAWholePortfolioAtOnce,FEATURE_ENVY,CRITICAL,"foreign accesses=38, own accesses=2"
src/test/java/org/openrewrite/mainframe/controlm/trait/CalendarTest.java,org.openrewrite.mainframe.controlm.trait.CalendarTest,ignoresAPositionPastTheEndOfAMonth,FEATURE_ENVY,MEDIUM,"foreign accesses=11, own accesses=2"
src/test/java/org/openrewrite/mainframe/controlm/trait/CalendarTest.java,org.openrewrite.mainframe.controlm.trait.CalendarTest,readsTheDaysOfAYear,FEATURE_ENVY,CRITICAL,"foreign accesses=35, own accesses=1"
src/test/java/org/openrewrite/mainframe/controlm/trait/ControlMCorpusTest.java,org.openrewrite.mainframe.controlm.trait.ControlMCorpusTest,across,FEATURE_ENVY,LOW,"foreign accesses=5, own accesses=0"
src/test/java/org/openrewrite/mainframe/controlm/trait/ControlMCorpusTest.java,org.openrewrite.mainframe.controlm.trait.ControlMCorpusTest,assertCardDemo,FEATURE_ENVY,HIGH,"foreign accesses=24, own accesses=7"
src/test/java/org/openrewrite/mainframe/controlm/trait/ControlMCorpusTest.java,org.openrewrite.mainframe.controlm.trait.ControlMCorpusTest,assertFixture,FEATURE_ENVY,CRITICAL,"foreign accesses=70, own accesses=16"
src/test/java/org/openrewrite/mainframe/controlm/trait/ControlMCorpusTest.java,org.openrewrite.mainframe.controlm.trait.ControlMCorpusTest,conditionNames,FEATURE_ENVY,LOW,"foreign accesses=6, own accesses=0"
src/test/java/org/openrewrite/mainframe/controlm/trait/ControlMCorpusTest.java,org.openrewrite.mainframe.controlm.trait.ControlMCorpusTest,readsRealSchedules,FEATURE_ENVY,CRITICAL,"foreign accesses=80, own accesses=4"
src/test/java/org/openrewrite/mainframe/controlm/trait/ScheduledJobTest.java,org.openrewrite.mainframe.controlm.trait.ScheduledJobTest,onlyASmartTableContains,FEATURE_ENVY,HIGH,"foreign accesses=19, own accesses=1"
src/test/java/org/openrewrite/mainframe/controlm/trait/ScheduledJobTest.java,org.openrewrite.mainframe.controlm.trait.ScheduledJobTest,readsCalendarsFromTheExport,FEATURE_ENVY,HIGH,"foreign accesses=22, own accesses=2"
src/test/java/org/openrewrite/mainframe/controlm/trait/ScheduledJobTest.java,org.openrewrite.mainframe.controlm.trait.ScheduledJobTest,readsOnlyTheCalendarsNamed,FEATURE_ENVY,HIGH,"foreign accesses=16, own accesses=2"
src/test/java/org/openrewrite/mainframe/controlm/trait/ScheduledJobTest.java,org.openrewrite.mainframe.controlm.trait.ScheduledJobTest,readsTheExport,FEATURE_ENVY,CRITICAL,"foreign accesses=68, own accesses=2"
src/test/java/org/openrewrite/mainframe/controlm/trait/ScheduledJobTest.java,org.openrewrite.mainframe.controlm.trait.ScheduledJobTest,readsThePanel,FEATURE_ENVY,CRITICAL,"foreign accesses=57, own accesses=2"
src/test/java/org/openrewrite/mainframe/controlm/trait/ScheduledJobTest.java,org.openrewrite.mainframe.controlm.trait.ScheduledJobTest,triggersAcrossFiles,FEATURE_ENVY,HIGH,"foreign accesses=26, own accesses=3"
src/test/java/org/openrewrite/mainframe/controlm/tree/ExportTest.java,org.openrewrite.mainframe.controlm.tree.ExportTest,deftable,FEATURE_ENVY,CRITICAL,"foreign accesses=33, own accesses=0"
src/test/java/org/openrewrite/mainframe/controlm/tree/ExportTest.java,org.openrewrite.mainframe.controlm.tree.ExportTest,doctypeAndComments,FEATURE_ENVY,HIGH,"foreign accesses=20, own accesses=0"
src/test/java/org/openrewrite/mainframe/controlm/tree/ExportTest.java,org.openrewrite.mainframe.controlm.tree.ExportTest,emptyBodyIsNotAClosedTag,FEATURE_ENVY,HIGH,"foreign accesses=17, own accesses=0"
src/test/java/org/openrewrite/mainframe/controlm/tree/ExportTest.java,org.openrewrite.mainframe.controlm.tree.ExportTest,entitiesInAValue,FEATURE_ENVY,HIGH,"foreign accesses=15, own accesses=0"
src/test/java/org/openrewrite/mainframe/controlm/tree/ExportTest.java,org.openrewrite.mainframe.controlm.tree.ExportTest,singleQuotedValues,FEATURE_ENVY,MEDIUM,"foreign accesses=13, own accesses=0"
src/test/java/org/openrewrite/mainframe/controlm/tree/ParserAssertions.java,org.openrewrite.mainframe.controlm.tree.ParserAssertions,controlM,FEATURE_ENVY,LOW,"foreign accesses=5, own accesses=1"
src/test/java/org/openrewrite/mainframe/controlm/tree/ParserAssertions.java,org.openrewrite.mainframe.controlm.tree.ParserAssertions,visitSpace,FEATURE_ENVY,LOW,"foreign accesses=6, own accesses=0"
src/test/java/org/openrewrite/mainframe/db2/Db2ParserTest.java,org.openrewrite.mainframe.db2.Db2ParserTest,aCharacterWithNoTokenIsAnErrorAndNotConsoleOutput,FEATURE_ENVY,HIGH,"foreign accesses=15, own accesses=1"
src/test/java/org/openrewrite/mainframe/db2/Db2ParserTest.java,org.openrewrite.mainframe.db2.Db2ParserTest,aCheckConstraintIsKeptWhole,FEATURE_ENVY,HIGH,"foreign accesses=28, own accesses=4"
src/test/java/org/openrewrite/mainframe/db2/Db2ParserTest.java,org.openrewrite.mainframe.db2.Db2ParserTest,aColumnWithoutNotNullIsNullable,FEATURE_ENVY,HIGH,"foreign accesses=23, own accesses=6"
src/test/java/org/openrewrite/mainframe/db2/Db2ParserTest.java,org.openrewrite.mainframe.db2.Db2ParserTest,aDelimitedName,FEATURE_ENVY,HIGH,"foreign accesses=15, own accesses=2"
src/test/java/org/openrewrite/mainframe/db2/Db2ParserTest.java,org.openrewrite.mainframe.db2.Db2ParserTest,aForeignKeyPointsAtAnotherTable,FEATURE_ENVY,CRITICAL,"foreign accesses=31, own accesses=5"
src/test/java/org/openrewrite/mainframe/db2/Db2ParserTest.java,org.openrewrite.mainframe.db2.Db2ParserTest,aJclSymbolicIsAlsoAName,FEATURE_ENVY,MEDIUM,"foreign accesses=10, own accesses=1"
src/test/java/org/openrewrite/mainframe/db2/Db2ParserTest.java,org.openrewrite.mainframe.db2.Db2ParserTest,aKeywordKeepsTheCaseTheFileWroteIt,FEATURE_ENVY,HIGH,"foreign accesses=20, own accesses=2"
src/test/java/org/openrewrite/mainframe/db2/Db2ParserTest.java,org.openrewrite.mainframe.db2.Db2ParserTest,aMissingSemicolonDoesNotRunTwoStatementsTogether,FEATURE_ENVY,HIGH,"foreign accesses=15, own accesses=1"
src/test/java/org/openrewrite/mainframe/db2/Db2ParserTest.java,org.openrewrite.mainframe.db2.Db2ParserTest,aQueryIsAStatementOfItsOwn,FEATURE_ENVY,LOW,"foreign accesses=9, own accesses=1"
src/test/java/org/openrewrite/mainframe/db2/Db2ParserTest.java,org.openrewrite.mainframe.db2.Db2ParserTest,aTableIsColumnsAndAPrimaryKey,FEATURE_ENVY,CRITICAL,"foreign accesses=43, own accesses=7"
src/test/java/org/openrewrite/mainframe/db2/Db2ParserTest.java,org.openrewrite.mainframe.db2.Db2ParserTest,aTableNeedNotListItsColumns,FEATURE_ENVY,MEDIUM,"foreign accesses=14, own accesses=2"
src/test/java/org/openrewrite/mainframe/db2/Db2ParserTest.java,org.openrewrite.mainframe.db2.Db2ParserTest,aTemplatedSchemaIsStillAName,FEATURE_ENVY,HIGH,"foreign accesses=23, own accesses=3"
src/test/java/org/openrewrite/mainframe/db2/Db2ParserTest.java,org.openrewrite.mainframe.db2.Db2ParserTest,anAlterTableCarriesAForeignKey,FEATURE_ENVY,HIGH,"foreign accesses=21, own accesses=1"
src/test/java/org/openrewrite/mainframe/db2/Db2ParserTest.java,org.openrewrite.mainframe.db2.Db2ParserTest,anIndexNamesItsTableAndItsKeys,FEATURE_ENVY,CRITICAL,"foreign accesses=35, own accesses=1"
src/test/java/org/openrewrite/mainframe/db2/Db2ParserTest.java,org.openrewrite.mainframe.db2.Db2ParserTest,anIndexNeedNotBeUniqueOrDirected,FEATURE_ENVY,MEDIUM,"foreign accesses=13, own accesses=1"
src/test/java/org/openrewrite/mainframe/db2/Db2ParserTest.java,org.openrewrite.mainframe.db2.Db2ParserTest,commentsRideInTheWhitespace,FEATURE_ENVY,LOW,"foreign accesses=6, own accesses=1"
src/test/java/org/openrewrite/mainframe/db2/Db2ParserTest.java,org.openrewrite.mainframe.db2.Db2ParserTest,createTablespaceIsNotCreateTable,FEATURE_ENVY,LOW,"foreign accesses=6, own accesses=1"
src/test/java/org/openrewrite/mainframe/db2/Db2ParserTest.java,org.openrewrite.mainframe.db2.Db2ParserTest,errorsIn,FEATURE_ENVY,LOW,"foreign accesses=7, own accesses=0"
src/test/java/org/openrewrite/mainframe/db2/Db2ParserTest.java,org.openrewrite.mainframe.db2.Db2ParserTest,everyStatementIsItsOwnNode,FEATURE_ENVY,HIGH,"foreign accesses=29, own accesses=1"
src/test/java/org/openrewrite/mainframe/db2/Db2ParserTest.java,org.openrewrite.mainframe.db2.Db2ParserTest,isNotNull,FEATURE_ENVY,MEDIUM,"foreign accesses=12, own accesses=0"
src/test/java/org/openrewrite/mainframe/db2/Db2ParserTest.java,org.openrewrite.mainframe.db2.Db2ParserTest,names,FEATURE_ENVY,LOW,"foreign accesses=7, own accesses=0"
src/test/java/org/openrewrite/mainframe/db2/Db2ParserTest.java,org.openrewrite.mainframe.db2.Db2ParserTest,parse,FEATURE_ENVY,HIGH,"foreign accesses=17, own accesses=0"
src/test/java/org/openrewrite/mainframe/db2/Db2ParserTest.java,org.openrewrite.mainframe.db2.Db2ParserTest,theFourWordUniqueIndex,FEATURE_ENVY,MEDIUM,"foreign accesses=12, own accesses=1"
src/test/java/org/openrewrite/mainframe/db2/Db2ParserTest.java,org.openrewrite.mainframe.db2.Db2ParserTest,theSemicolonIsAMarkerNotANode,FEATURE_ENVY,HIGH,"foreign accesses=18, own accesses=2"
src/test/java/org/openrewrite/mainframe/db2/Db2ParserTest.java,org.openrewrite.mainframe.db2.Db2ParserTest,theTablespaceATableIsCreatedIn,FEATURE_ENVY,HIGH,"foreign accesses=21, own accesses=1"
src/test/java/org/openrewrite/mainframe/db2/bind/BindParserTest.java,org.openrewrite.mainframe.db2.bind.BindParserTest,aBlankLineEndsACommand,FEATURE_ENVY,LOW,"foreign accesses=6, own accesses=0"
src/test/java/org/openrewrite/mainframe/db2/bind/BindParserTest.java,org.openrewrite.mainframe.db2.bind.BindParserTest,aMemberThatBindsNothingIsSaidSo,FEATURE_ENVY,HIGH,"foreign accesses=28, own accesses=0"
src/test/java/org/openrewrite/mainframe/db2/bind/BindParserTest.java,org.openrewrite.mainframe.db2.bind.BindParserTest,acceptsADeckByExtension,FEATURE_ENVY,LOW,"foreign accesses=6, own accesses=0"
src/test/java/org/openrewrite/mainframe/db2/bind/BindParserTest.java,org.openrewrite.mainframe.db2.bind.BindParserTest,acceptsAnExtensionlessMemberThatBinds,FEATURE_ENVY,MEDIUM,"foreign accesses=11, own accesses=3"
src/test/java/org/openrewrite/mainframe/db2/bind/BindParserTest.java,org.openrewrite.mainframe.db2.bind.BindParserTest,keywordSeparatedFromItsValueByABlank,FEATURE_ENVY,HIGH,"foreign accesses=19, own accesses=0"
src/test/java/org/openrewrite/mainframe/db2/bind/BindParserTest.java,org.openrewrite.mainframe.db2.bind.BindParserTest,listContinuedInsideItsOwnParentheses,FEATURE_ENVY,LOW,"foreign accesses=9, own accesses=0"
src/test/java/org/openrewrite/mainframe/db2/bind/BindParserTest.java,org.openrewrite.mainframe.db2.bind.BindParserTest,packageBind,FEATURE_ENVY,HIGH,"foreign accesses=20, own accesses=0"
src/test/java/org/openrewrite/mainframe/db2/bind/BindParserTest.java,org.openrewrite.mainframe.db2.bind.BindParserTest,verbOnALineOfItsOwn,FEATURE_ENVY,HIGH,"foreign accesses=16, own accesses=0"
src/test/java/org/openrewrite/mainframe/db2/bind/BindParserTest.java,org.openrewrite.mainframe.db2.bind.BindParserTest,write,FEATURE_ENVY,LOW,"foreign accesses=5, own accesses=0"
src/test/java/org/openrewrite/mainframe/db2/bind/InStreamBindDeckTest.java,org.openrewrite.mainframe.db2.bind.InStreamBindDeckTest,ddOverriddenOnAProcedureStep,FEATURE_ENVY,HIGH,"foreign accesses=21, own accesses=0"
src/test/java/org/openrewrite/mainframe/db2/bind/InStreamBindDeckTest.java,org.openrewrite.mainframe.db2.bind.InStreamBindDeckTest,deckWrittenInAJob,FEATURE_ENVY,CRITICAL,"foreign accesses=33, own accesses=0"
src/test/java/org/openrewrite/mainframe/db2/bind/InStreamBindDeckTest.java,org.openrewrite.mainframe.db2.bind.InStreamBindDeckTest,severalStepsBindInOneJob,FEATURE_ENVY,HIGH,"foreign accesses=22, own accesses=0"
src/test/java/org/openrewrite/mainframe/db2/bind/InStreamBindDeckTest.java,org.openrewrite.mainframe.db2.bind.InStreamBindDeckTest,streamThatBindsNothingIsNotADeck,FEATURE_ENVY,LOW,"foreign accesses=6, own accesses=0"
src/test/java/org/openrewrite/mainframe/db2/bind/trait/BindCommandTest.java,org.openrewrite.mainframe.db2.bind.trait.BindCommandTest,abbreviatedKeywords,FEATURE_ENVY,HIGH,"foreign accesses=18, own accesses=0"
src/test/java/org/openrewrite/mainframe/db2/bind/trait/BindCommandTest.java,org.openrewrite.mainframe.db2.bind.trait.BindCommandTest,packageBind,FEATURE_ENVY,CRITICAL,"foreign accesses=50, own accesses=0"
src/test/java/org/openrewrite/mainframe/db2/bind/trait/BindCommandTest.java,org.openrewrite.mainframe.db2.bind.trait.BindCommandTest,packageListWrittenOnePackageToALine,FEATURE_ENVY,MEDIUM,"foreign accesses=12, own accesses=0"
src/test/java/org/openrewrite/mainframe/db2/bind/trait/BindCommandTest.java,org.openrewrite.mainframe.db2.bind.trait.BindCommandTest,packageQualifiedByItsLocation,FEATURE_ENVY,HIGH,"foreign accesses=18, own accesses=0"
src/test/java/org/openrewrite/mainframe/db2/bind/trait/BindCommandTest.java,org.openrewrite.mainframe.db2.bind.trait.BindCommandTest,planBind,FEATURE_ENVY,CRITICAL,"foreign accesses=36, own accesses=0"
src/test/java/org/openrewrite/mainframe/db2/bind/trait/BindCommandTest.java,org.openrewrite.mainframe.db2.bind.trait.BindCommandTest,rebind,FEATURE_ENVY,HIGH,"foreign accesses=27, own accesses=0"
src/test/java/org/openrewrite/mainframe/db2/bind/trait/BindCorpusTest.java,org.openrewrite.mainframe.db2.bind.trait.BindCorpusTest,countCommands,FEATURE_ENVY,LOW,"foreign accesses=8, own accesses=0"
src/test/java/org/openrewrite/mainframe/db2/bind/trait/BindCorpusTest.java,org.openrewrite.mainframe.db2.bind.trait.BindCorpusTest,parse,FEATURE_ENVY,MEDIUM,"foreign accesses=10, own accesses=0"
src/test/java/org/openrewrite/mainframe/db2/bind/trait/BindCorpusTest.java,org.openrewrite.mainframe.db2.bind.trait.BindCorpusTest,parseJob,FEATURE_ENVY,MEDIUM,"foreign accesses=10, own accesses=0"
src/test/java/org/openrewrite/mainframe/db2/bind/trait/BindCorpusTest.java,org.openrewrite.mainframe.db2.bind.trait.BindCorpusTest,readsRealBindDecks,FEATURE_ENVY,CRITICAL,"foreign accesses=71, own accesses=4"
src/test/java/org/openrewrite/mainframe/db2/bind/trait/BindCorpusTest.java,org.openrewrite.mainframe.db2.bind.trait.BindCorpusTest,readsTheFixtureDecksNameByName,FEATURE_ENVY,CRITICAL,"foreign accesses=40, own accesses=5"
src/test/java/org/openrewrite/mainframe/db2/trait/Db2CorpusTest.java,org.openrewrite.mainframe.db2.trait.Db2CorpusTest,,GOD_CLASS,HIGH,"WMC=58, TCC=0.00, ATFD=64"
src/test/java/org/openrewrite/mainframe/db2/trait/Db2CorpusTest.java,org.openrewrite.mainframe.db2.trait.Db2CorpusTest,describe,FEATURE_ENVY,MEDIUM,"foreign accesses=14, own accesses=0"
src/test/java/org/openrewrite/mainframe/db2/trait/Db2CorpusTest.java,org.openrewrite.mainframe.db2.trait.Db2CorpusTest,measure,FEATURE_ENVY,CRITICAL,"foreign accesses=53, own accesses=8"
src/test/java/org/openrewrite/mainframe/db2/trait/Db2CorpusTest.java,org.openrewrite.mainframe.db2.trait.Db2CorpusTest,members,FEATURE_ENVY,MEDIUM,"foreign accesses=11, own accesses=0"
src/test/java/org/openrewrite/mainframe/db2/trait/Db2CorpusTest.java,org.openrewrite.mainframe.db2.trait.Db2CorpusTest,outOfScope,FEATURE_ENVY,MEDIUM,"foreign accesses=12, own accesses=0"
src/test/java/org/openrewrite/mainframe/db2/trait/Db2CorpusTest.java,org.openrewrite.mainframe.db2.trait.Db2CorpusTest,parse,FEATURE_ENVY,HIGH,"foreign accesses=17, own accesses=0"
src/test/java/org/openrewrite/mainframe/db2/trait/Db2CorpusTest.java,org.openrewrite.mainframe.db2.trait.Db2CorpusTest,parseJob,FEATURE_ENVY,MEDIUM,"foreign accesses=10, own accesses=0"
src/test/java/org/openrewrite/mainframe/db2/trait/Db2CorpusTest.java,org.openrewrite.mainframe.db2.trait.Db2CorpusTest,readsRealSchemas,FEATURE_ENVY,CRITICAL,"foreign accesses=105, own accesses=7"
src/test/java/org/openrewrite/mainframe/db2/trait/Db2CorpusTest.java,org.openrewrite.mainframe.db2.trait.Db2CorpusTest,readsTheFixtureSchemaObjectByObject,FEATURE_ENVY,CRITICAL,"foreign accesses=64, own accesses=7"
src/test/java/org/openrewrite/mainframe/db2/trait/InstreamDdlTest.java,org.openrewrite.mainframe.db2.trait.InstreamDdlTest,aStreamThatIsNotDdlIsNotRead,FEATURE_ENVY,LOW,"foreign accesses=8, own accesses=0"
src/test/java/org/openrewrite/mainframe/db2/trait/InstreamDdlTest.java,org.openrewrite.mainframe.db2.trait.InstreamDdlTest,theTablesAJobCreates,FEATURE_ENVY,CRITICAL,"foreign accesses=54, own accesses=0"
src/test/java/org/openrewrite/mainframe/db2/trait/TableTest.java,org.openrewrite.mainframe.db2.trait.TableTest,aForeignKeyAddedByAnAlter,FEATURE_ENVY,CRITICAL,"foreign accesses=33, own accesses=0"
src/test/java/org/openrewrite/mainframe/db2/trait/TableTest.java,org.openrewrite.mainframe.db2.trait.TableTest,aPrimaryKeyColumnIsNotNullable,FEATURE_ENVY,HIGH,"foreign accesses=17, own accesses=0"
src/test/java/org/openrewrite/mainframe/db2/trait/TableTest.java,org.openrewrite.mainframe.db2.trait.TableTest,theTwoWordDeleteRule,FEATURE_ENVY,LOW,"foreign accesses=9, own accesses=0"
src/test/java/org/openrewrite/mainframe/db2/trait/TableTest.java,org.openrewrite.mainframe.db2.trait.TableTest,whatAColumnHolds,FEATURE_ENVY,CRITICAL,"foreign accesses=54, own accesses=0"
src/test/java/org/openrewrite/mainframe/db2/trait/TableTest.java,org.openrewrite.mainframe.db2.trait.TableTest,whatAnIndexCovers,FEATURE_ENVY,HIGH,"foreign accesses=22, own accesses=0"
src/test/java/org/openrewrite/mainframe/ims/ImsLineReaderTest.java,org.openrewrite.mainframe.ims.ImsLineReaderTest,continuationComesFromColumnSeventyTwo,FEATURE_ENVY,LOW,"foreign accesses=6, own accesses=2"
src/test/java/org/openrewrite/mainframe/ims/ImsLineReaderTest.java,org.openrewrite.mainframe.ims.ImsLineReaderTest,theFirstOperationLooksPastTheListingControls,FEATURE_ENVY,LOW,"foreign accesses=9, own accesses=0"
src/test/java/org/openrewrite/mainframe/ims/ImsParserTest.java,org.openrewrite.mainframe.ims.ImsParserTest,aContinuationOneColumnShortIsNotAContinuation,FEATURE_ENVY,MEDIUM,"foreign accesses=12, own accesses=2"
src/test/java/org/openrewrite/mainframe/ims/ImsParserTest.java,org.openrewrite.mainframe.ims.ImsParserTest,aMemberThatGensNothing,FEATURE_ENVY,HIGH,"foreign accesses=25, own accesses=1"
src/test/java/org/openrewrite/mainframe/ims/ImsParserTest.java,org.openrewrite.mainframe.ims.ImsParserTest,aNameFieldLabelsADataSetGroup,FEATURE_ENVY,MEDIUM,"foreign accesses=13, own accesses=1"
src/test/java/org/openrewrite/mainframe/ims/ImsParserTest.java,org.openrewrite.mainframe.ims.ImsParserTest,aPsbWithAContinuedPcb,FEATURE_ENVY,MEDIUM,"foreign accesses=11, own accesses=2"
src/test/java/org/openrewrite/mainframe/ims/ImsParserTest.java,org.openrewrite.mainframe.ims.ImsParserTest,aQuotedOperandHoldingBlanks,FEATURE_ENVY,MEDIUM,"foreign accesses=12, own accesses=2"
src/test/java/org/openrewrite/mainframe/ims/ImsParserTest.java,org.openrewrite.mainframe.ims.ImsParserTest,aStage1Deck,FEATURE_ENVY,LOW,"foreign accesses=6, own accesses=2"
src/test/java/org/openrewrite/mainframe/ims/ImsParserTest.java,org.openrewrite.mainframe.ims.ImsParserTest,aStatementWrittenOverThreeLines,FEATURE_ENVY,HIGH,"foreign accesses=21, own accesses=3"
src/test/java/org/openrewrite/mainframe/ims/ImsParserTest.java,org.openrewrite.mainframe.ims.ImsParserTest,anAssemblerMemberIsClaimedOnlyWhenItGens,FEATURE_ENVY,HIGH,"foreign accesses=15, own accesses=3"
src/test/java/org/openrewrite/mainframe/ims/ImsParserTest.java,org.openrewrite.mainframe.ims.ImsParserTest,blankLinesBetweenStatements,FEATURE_ENVY,MEDIUM,"foreign accesses=10, own accesses=1"
src/test/java/org/openrewrite/mainframe/ims/ImsParserTest.java,org.openrewrite.mainframe.ims.ImsParserTest,noTrailingNewline,FEATURE_ENVY,LOW,"foreign accesses=6, own accesses=1"
src/test/java/org/openrewrite/mainframe/ims/ImsParserTest.java,org.openrewrite.mainframe.ims.ImsParserTest,parse,FEATURE_ENVY,MEDIUM,"foreign accesses=14, own accesses=1"
src/test/java/org/openrewrite/mainframe/ims/ImsParserTest.java,org.openrewrite.mainframe.ims.ImsParserTest,visitWord,FEATURE_ENVY,LOW,"foreign accesses=9, own accesses=0"
src/test/java/org/openrewrite/mainframe/ims/ImsParserTest.java,org.openrewrite.mainframe.ims.ImsParserTest,windowsLineEndings,FEATURE_ENVY,LOW,"foreign accesses=6, own accesses=2"
src/test/java/org/openrewrite/mainframe/ims/ImsParserTest.java,org.openrewrite.mainframe.ims.ImsParserTest,write,FEATURE_ENVY,LOW,"foreign accesses=5, own accesses=0"
src/test/java/org/openrewrite/mainframe/ims/trait/ApplicationTest.java,org.openrewrite.mainframe.ims.trait.ApplicationTest,aDatabaseEndsTheApplicationAboveIt,FEATURE_ENVY,LOW,"foreign accesses=9, own accesses=1"
src/test/java/org/openrewrite/mainframe/ims/trait/ApplicationTest.java,org.openrewrite.mainframe.ims.trait.ApplicationTest,aTransactionKnowsItsApplication,FEATURE_ENVY,MEDIUM,"foreign accesses=11, own accesses=2"
src/test/java/org/openrewrite/mainframe/ims/trait/ApplicationTest.java,org.openrewrite.mainframe.ims.trait.ApplicationTest,parse,FEATURE_ENVY,HIGH,"foreign accesses=18, own accesses=1"
src/test/java/org/openrewrite/mainframe/ims/trait/ApplicationTest.java,org.openrewrite.mainframe.ims.trait.ApplicationTest,theApplicationsAndTheirTransactions,FEATURE_ENVY,HIGH,"foreign accesses=19, own accesses=2"
src/test/java/org/openrewrite/mainframe/ims/trait/ApplicationTest.java,org.openrewrite.mainframe.ims.trait.ApplicationTest,theDatabasesTheControlRegionIsToldAbout,FEATURE_ENVY,LOW,"foreign accesses=9, own accesses=2"
src/test/java/org/openrewrite/mainframe/ims/trait/DatabaseTest.java,org.openrewrite.mainframe.ims.trait.DatabaseTest,aLabelledDataSetGroupAndAParenthesisedParent,FEATURE_ENVY,HIGH,"foreign accesses=20, own accesses=2"
src/test/java/org/openrewrite/mainframe/ims/trait/DatabaseTest.java,org.openrewrite.mainframe.ims.trait.DatabaseTest,aSequenceFieldThatAllowsDuplicates,FEATURE_ENVY,HIGH,"foreign accesses=28, own accesses=1"
src/test/java/org/openrewrite/mainframe/ims/trait/DatabaseTest.java,org.openrewrite.mainframe.ims.trait.DatabaseTest,aSequentialDatabaseHasNoSegments,FEATURE_ENVY,HIGH,"foreign accesses=19, own accesses=1"
src/test/java/org/openrewrite/mainframe/ims/trait/DatabaseTest.java,org.openrewrite.mainframe.ims.trait.DatabaseTest,anOverflowDataSetIsASecondDdName,FEATURE_ENVY,HIGH,"foreign accesses=16, own accesses=2"
src/test/java/org/openrewrite/mainframe/ims/trait/DatabaseTest.java,org.openrewrite.mainframe.ims.trait.DatabaseTest,database,FEATURE_ENVY,HIGH,"foreign accesses=19, own accesses=0"
src/test/java/org/openrewrite/mainframe/ims/trait/DatabaseTest.java,org.openrewrite.mainframe.ims.trait.DatabaseTest,theDatabaseAndItsDataSets,FEATURE_ENVY,HIGH,"foreign accesses=28, own accesses=2"
src/test/java/org/openrewrite/mainframe/ims/trait/DatabaseTest.java,org.openrewrite.mainframe.ims.trait.DatabaseTest,theDatabasesADatabaseNames,FEATURE_ENVY,MEDIUM,"foreign accesses=13, own accesses=2"
src/test/java/org/openrewrite/mainframe/ims/trait/DatabaseTest.java,org.openrewrite.mainframe.ims.trait.DatabaseTest,theFieldsOfASegment,FEATURE_ENVY,HIGH,"foreign accesses=16, own accesses=2"
src/test/java/org/openrewrite/mainframe/ims/trait/DatabaseTest.java,org.openrewrite.mainframe.ims.trait.DatabaseTest,theSegmentAndDatabaseAnIndexFieldIsBuiltFrom,FEATURE_ENVY,HIGH,"foreign accesses=24, own accesses=2"
src/test/java/org/openrewrite/mainframe/ims/trait/DatabaseTest.java,org.openrewrite.mainframe.ims.trait.DatabaseTest,theSegmentsAndTheirHierarchy,FEATURE_ENVY,CRITICAL,"foreign accesses=31, own accesses=2"
src/test/java/org/openrewrite/mainframe/ims/trait/FormatSetTest.java,org.openrewrite.mainframe.ims.trait.FormatSetTest,aFunctionKeyPutsItsLiteralInAField,FEATURE_ENVY,HIGH,"foreign accesses=17, own accesses=4"
src/test/java/org/openrewrite/mainframe/ims/trait/FormatSetTest.java,org.openrewrite.mainframe.ims.trait.FormatSetTest,aLiteralFieldAndOneFilledBySystem,FEATURE_ENVY,HIGH,"foreign accesses=26, own accesses=2"
src/test/java/org/openrewrite/mainframe/ims/trait/FormatSetTest.java,org.openrewrite.mainframe.ims.trait.FormatSetTest,aMessageFieldIsAScreenFieldAndAPlaceInTheProgramsArea,FEATURE_ENVY,CRITICAL,"foreign accesses=32, own accesses=2"
src/test/java/org/openrewrite/mainframe/ims/trait/FormatSetTest.java,org.openrewrite.mainframe.ims.trait.FormatSetTest,aPrintedFormatIsNotAnswered,FEATURE_ENVY,HIGH,"foreign accesses=25, own accesses=4"
src/test/java/org/openrewrite/mainframe/ims/trait/FormatSetTest.java,org.openrewrite.mainframe.ims.trait.FormatSetTest,everySegmentOfAMessageCarriesItsOwnPrefix,FEATURE_ENVY,MEDIUM,"foreign accesses=14, own accesses=1"
src/test/java/org/openrewrite/mainframe/ims/trait/FormatSetTest.java,org.openrewrite.mainframe.ims.trait.FormatSetTest,parse,FEATURE_ENVY,HIGH,"foreign accesses=18, own accesses=1"
src/test/java/org/openrewrite/mainframe/ims/trait/FormatSetTest.java,org.openrewrite.mainframe.ims.trait.FormatSetTest,theScreenAFormatSetDraws,FEATURE_ENVY,CRITICAL,"foreign accesses=58, own accesses=2"
src/test/java/org/openrewrite/mainframe/ims/trait/FormatSetTest.java,org.openrewrite.mainframe.ims.trait.FormatSetTest,twoDevicePagesCarryTheSameLabels,FEATURE_ENVY,HIGH,"foreign accesses=30, own accesses=2"
src/test/java/org/openrewrite/mainframe/ims/trait/ImsCorpusTest.java,org.openrewrite.mainframe.ims.trait.ImsCorpusTest,,GOD_CLASS,HIGH,"WMC=50, TCC=0.00, ATFD=38"
src/test/java/org/openrewrite/mainframe/ims/trait/ImsCorpusTest.java,org.openrewrite.mainframe.ims.trait.ImsCorpusTest,countMacro,FEATURE_ENVY,MEDIUM,"foreign accesses=10, own accesses=0"
src/test/java/org/openrewrite/mainframe/ims/trait/ImsCorpusTest.java,org.openrewrite.mainframe.ims.trait.ImsCorpusTest,deviceFieldPosition,FEATURE_ENVY,LOW,"foreign accesses=5, own accesses=0"
src/test/java/org/openrewrite/mainframe/ims/trait/ImsCorpusTest.java,org.openrewrite.mainframe.ims.trait.ImsCorpusTest,fixture,FEATURE_ENVY,HIGH,"foreign accesses=23, own accesses=0"
src/test/java/org/openrewrite/mainframe/ims/trait/ImsCorpusTest.java,org.openrewrite.mainframe.ims.trait.ImsCorpusTest,readsRealDefinitions,FEATURE_ENVY,CRITICAL,"foreign accesses=121, own accesses=10"
src/test/java/org/openrewrite/mainframe/ims/trait/ImsCorpusTest.java,org.openrewrite.mainframe.ims.trait.ImsCorpusTest,readsTheFixtureAsItsOwnDocumentationDescribesIt,FEATURE_ENVY,CRITICAL,"foreign accesses=89, own accesses=1"
src/test/java/org/openrewrite/mainframe/ims/trait/ImsCorpusTest.java,org.openrewrite.mainframe.ims.trait.ImsCorpusTest,readsTheFixtureFormatSetsAsItsOwnDocumentationDescribesIt,FEATURE_ENVY,CRITICAL,"foreign accesses=115, own accesses=3"
src/test/java/org/openrewrite/mainframe/ims/trait/ImsCorpusTest.java,org.openrewrite.mainframe.ims.trait.ImsCorpusTest,readsTheFixturePsbsAsItsOwnDocumentationDescribesIt,FEATURE_ENVY,CRITICAL,"foreign accesses=117, own accesses=1"
src/test/java/org/openrewrite/mainframe/ims/trait/ImsCorpusTest.java,org.openrewrite.mainframe.ims.trait.ImsCorpusTest,readsTheFixtureStage1AsItsOwnDocumentationDescribesIt,FEATURE_ENVY,CRITICAL,"foreign accesses=41, own accesses=1"
src/test/java/org/openrewrite/mainframe/ims/trait/ImsCorpusTest.java,org.openrewrite.mainframe.ims.trait.ImsCorpusTest,statementsIn,FEATURE_ENVY,MEDIUM,"foreign accesses=10, own accesses=0"
src/test/java/org/openrewrite/mainframe/ims/trait/PsbTest.java,org.openrewrite.mainframe.ims.trait.PsbTest,aBmpIsHandedTheIoPcbBecauseOfCmpat,FEATURE_ENVY,CRITICAL,"foreign accesses=39, own accesses=2"
src/test/java/org/openrewrite/mainframe/ims/trait/PsbTest.java,org.openrewrite.mainframe.ims.trait.PsbTest,aDliBatchProgramWithoutCmpatIsHandedItsDatabasePcbFirst,FEATURE_ENVY,MEDIUM,"foreign accesses=14, own accesses=1"
src/test/java/org/openrewrite/mainframe/ims/trait/PsbTest.java,org.openrewrite.mainframe.ims.trait.PsbTest,aMessageDrivenProgramIsHandedTheIoPcbFirst,FEATURE_ENVY,HIGH,"foreign accesses=30, own accesses=2"
src/test/java/org/openrewrite/mainframe/ims/trait/PsbTest.java,org.openrewrite.mainframe.ims.trait.PsbTest,aPcbKnowsItsPsb,FEATURE_ENVY,LOW,"foreign accesses=7, own accesses=2"
src/test/java/org/openrewrite/mainframe/ims/trait/PsbTest.java,org.openrewrite.mainframe.ims.trait.PsbTest,aPcbNamedByTheLabelInColumnOne,FEATURE_ENVY,LOW,"foreign accesses=8, own accesses=1"
src/test/java/org/openrewrite/mainframe/ims/trait/PsbTest.java,org.openrewrite.mainframe.ims.trait.PsbTest,aPcbProcessedThroughASecondaryIndex,FEATURE_ENVY,MEDIUM,"foreign accesses=11, own accesses=2"
src/test/java/org/openrewrite/mainframe/ims/trait/PsbTest.java,org.openrewrite.mainframe.ims.trait.PsbTest,aPcbReachedByItsNumberAmongTheDatabasePcbs,FEATURE_ENVY,MEDIUM,"foreign accesses=13, own accesses=1"
src/test/java/org/openrewrite/mainframe/ims/trait/PsbTest.java,org.openrewrite.mainframe.ims.trait.PsbTest,aPcbReachedByName,FEATURE_ENVY,LOW,"foreign accesses=8, own accesses=2"
src/test/java/org/openrewrite/mainframe/ims/trait/PsbTest.java,org.openrewrite.mainframe.ims.trait.PsbTest,psb,FEATURE_ENVY,HIGH,"foreign accesses=24, own accesses=1"
src/test/java/org/openrewrite/mainframe/ims/trait/PsbTest.java,org.openrewrite.mainframe.ims.trait.PsbTest,theProgramKindMovesEveryMask,FEATURE_ENVY,LOW,"foreign accesses=6, own accesses=2"
src/test/java/org/openrewrite/mainframe/ims/trait/PsbTest.java,org.openrewrite.mainframe.ims.trait.PsbTest,thePsbAndItsPcbs,FEATURE_ENVY,CRITICAL,"foreign accesses=39, own accesses=2"
src/test/java/org/openrewrite/mainframe/ims/trait/PsbTest.java,org.openrewrite.mainframe.ims.trait.PsbTest,theSegmentsAndFieldsAPcbIsSensitiveTo,FEATURE_ENVY,CRITICAL,"foreign accesses=32, own accesses=2"
src/test/java/org/openrewrite/mainframe/jcl/JclLineReaderTest.java,org.openrewrite.mainframe.jcl.JclLineReaderTest,aLiteralClosedPastColumn72IsNotACommentArea,FEATURE_ENVY,LOW,"foreign accesses=6, own accesses=0"
src/test/java/org/openrewrite/mainframe/jcl/JclLineReaderTest.java,org.openrewrite.mainframe.jcl.JclLineReaderTest,comments,FEATURE_ENVY,LOW,"foreign accesses=5, own accesses=0"
src/test/java/org/openrewrite/mainframe/jcl/JclLineReaderTest.java,org.openrewrite.mainframe.jcl.JclLineReaderTest,dataPastColumn72,FEATURE_ENVY,LOW,"foreign accesses=6, own accesses=0"
src/test/java/org/openrewrite/mainframe/jcl/JclLineReaderTest.java,org.openrewrite.mainframe.jcl.JclLineReaderTest,isJcl,FEATURE_ENVY,HIGH,"foreign accesses=24, own accesses=0"
src/test/java/org/openrewrite/mainframe/jcl/JclParserTest.java,org.openrewrite.mainframe.jcl.JclParserTest,aMemberThatIsNotJclIsSaidSo,FEATURE_ENVY,HIGH,"foreign accesses=21, own accesses=1"
src/test/java/org/openrewrite/mainframe/jcl/JclParserTest.java,org.openrewrite.mainframe.jcl.JclParserTest,aStringIsNeverTheWrongLanguage,FEATURE_ENVY,LOW,"foreign accesses=7, own accesses=1"
src/test/java/org/openrewrite/mainframe/jcl/JclParserTest.java,org.openrewrite.mainframe.jcl.JclParserTest,acceptsAMemberByItsFirstCard,FEATURE_ENVY,LOW,"foreign accesses=8, own accesses=1"
src/test/java/org/openrewrite/mainframe/jcl/JclParserTest.java,org.openrewrite.mainframe.jcl.JclParserTest,acceptsATemplatedMemberByItsFirstCard,FEATURE_ENVY,LOW,"foreign accesses=8, own accesses=1"
src/test/java/org/openrewrite/mainframe/jcl/JclParserTest.java,org.openrewrite.mainframe.jcl.JclParserTest,parse,FEATURE_ENVY,LOW,"foreign accesses=8, own accesses=1"
src/test/java/org/openrewrite/mainframe/jcl/JclParserTest.java,org.openrewrite.mainframe.jcl.JclParserTest,readsAMemberOfTheLibraryOnce,FEATURE_ENVY,HIGH,"foreign accesses=30, own accesses=1"
src/test/java/org/openrewrite/mainframe/jcl/JclParserTest.java,org.openrewrite.mainframe.jcl.JclParserTest,rejectsAMemberWhoseFirstCardIsNotJcl,FEATURE_ENVY,LOW,"foreign accesses=8, own accesses=1"
src/test/java/org/openrewrite/mainframe/jcl/SourcePositionsCorpusTest.java,org.openrewrite.mainframe.jcl.SourcePositionsCorpusTest,placesEveryStatementOfTheCorpus,FEATURE_ENVY,CRITICAL,"foreign accesses=85, own accesses=5"
src/test/java/org/openrewrite/mainframe/jcl/SourcePositionsCorpusTest.java,org.openrewrite.mainframe.jcl.SourcePositionsCorpusTest,printsSomething,FEATURE_ENVY,LOW,"foreign accesses=7, own accesses=1"
src/test/java/org/openrewrite/mainframe/jcl/SourcePositionsTest.java,org.openrewrite.mainframe.jcl.SourcePositionsTest,anchorsAnExpandedStepAtTheCardThatBroughtItIn,FEATURE_ENVY,CRITICAL,"foreign accesses=50, own accesses=2"
src/test/java/org/openrewrite/mainframe/jcl/SourcePositionsTest.java,org.openrewrite.mainframe.jcl.SourcePositionsTest,namesTheInnermostMemberAStatementWasWrittenIn,FEATURE_ENVY,HIGH,"foreign accesses=27, own accesses=3"
src/test/java/org/openrewrite/mainframe/jcl/SourcePositionsTest.java,org.openrewrite.mainframe.jcl.SourcePositionsTest,parse,FEATURE_ENVY,HIGH,"foreign accesses=17, own accesses=0"
src/test/java/org/openrewrite/mainframe/jcl/SourcePositionsTest.java,org.openrewrite.mainframe.jcl.SourcePositionsTest,placesAStatementContinuedOverSeveralCards,FEATURE_ENVY,HIGH,"foreign accesses=26, own accesses=2"
src/test/java/org/openrewrite/mainframe/jcl/SourcePositionsTest.java,org.openrewrite.mainframe.jcl.SourcePositionsTest,placesEachParameterOfAStatement,FEATURE_ENVY,HIGH,"foreign accesses=26, own accesses=3"
src/test/java/org/openrewrite/mainframe/jcl/SourcePositionsTest.java,org.openrewrite.mainframe.jcl.SourcePositionsTest,placesEachStatementAtItsOwnWords,FEATURE_ENVY,HIGH,"foreign accesses=20, own accesses=3"
src/test/java/org/openrewrite/mainframe/jcl/SourcePositionsTest.java,org.openrewrite.mainframe.jcl.SourcePositionsTest,readsTheWholeCardAStatementWasWrittenOn,FEATURE_ENVY,LOW,"foreign accesses=9, own accesses=4"
src/test/java/org/openrewrite/mainframe/jcl/search/FindWordTest.java,org.openrewrite.mainframe.jcl.search.FindWordTest,exactMatch,FEATURE_ENVY,LOW,"foreign accesses=9, own accesses=0"
src/test/java/org/openrewrite/mainframe/jcl/search/FindWordTest.java,org.openrewrite.mainframe.jcl.search.FindWordTest,regexMatch,FEATURE_ENVY,MEDIUM,"foreign accesses=10, own accesses=0"
src/test/java/org/openrewrite/mainframe/jcl/trait/ExecutionPathCorpusTest.java,org.openrewrite.mainframe.jcl.trait.ExecutionPathCorpusTest,readsTheUnloadJobsOfTheFixture,FEATURE_ENVY,CRITICAL,"foreign accesses=62, own accesses=11"
src/test/java/org/openrewrite/mainframe/jcl/trait/ExecutionPathTest.java,org.openrewrite.mainframe.jcl.trait.ExecutionPathTest,aCodedKeywordIsNotInherited,FEATURE_ENVY,MEDIUM,"foreign accesses=11, own accesses=1"
src/test/java/org/openrewrite/mainframe/jcl/trait/ExecutionPathTest.java,org.openrewrite.mainframe.jcl.trait.ExecutionPathTest,aTemplateVariableIsNotASymbolTheJobLeftUnset,FEATURE_ENVY,MEDIUM,"foreign accesses=11, own accesses=2"
src/test/java/org/openrewrite/mainframe/jcl/trait/ExecutionPathTest.java,org.openrewrite.mainframe.jcl.trait.ExecutionPathTest,followsTheDeckAProcedureNames,FEATURE_ENVY,CRITICAL,"foreign accesses=31, own accesses=1"
src/test/java/org/openrewrite/mainframe/jcl/trait/ExecutionPathTest.java,org.openrewrite.mainframe.jcl.trait.ExecutionPathTest,readsAStepWhoseEveryNameResolves,FEATURE_ENVY,MEDIUM,"foreign accesses=14, own accesses=1"
src/test/java/org/openrewrite/mainframe/jcl/trait/ExecutionPathTest.java,org.openrewrite.mainframe.jcl.trait.ExecutionPathTest,saysWhenTheDeckDidNotRead,FEATURE_ENVY,HIGH,"foreign accesses=23, own accesses=1"
src/test/java/org/openrewrite/mainframe/jcl/trait/ExecutionPathTest.java,org.openrewrite.mainframe.jcl.trait.ExecutionPathTest,saysWhenTheProcedureWasNotSupplied,FEATURE_ENVY,HIGH,"foreign accesses=26, own accesses=2"
src/test/java/org/openrewrite/mainframe/jcl/trait/ExecutionPathTest.java,org.openrewrite.mainframe.jcl.trait.ExecutionPathTest,saysWhichKeywordsTheDeckLeavesToTheSite,FEATURE_ENVY,HIGH,"foreign accesses=29, own accesses=1"
src/test/java/org/openrewrite/mainframe/jcl/trait/ExecutionPathTest.java,org.openrewrite.mainframe.jcl.trait.ExecutionPathTest,saysWhichMemberWasNotSupplied,FEATURE_ENVY,HIGH,"foreign accesses=25, own accesses=1"
src/test/java/org/openrewrite/mainframe/jcl/trait/ExecutionPathTest.java,org.openrewrite.mainframe.jcl.trait.ExecutionPathTest,saysWhichSymbolNothingSets,FEATURE_ENVY,HIGH,"foreign accesses=22, own accesses=2"
src/test/java/org/openrewrite/mainframe/jcl/trait/ExpandedStepTest.java,org.openrewrite.mainframe.jcl.trait.ExpandedStepTest,aProcedureStepOpensTheDataSetsTheJobNamed,FEATURE_ENVY,HIGH,"foreign accesses=20, own accesses=3"
src/test/java/org/openrewrite/mainframe/jcl/trait/ExpandedStepTest.java,org.openrewrite.mainframe.jcl.trait.ExpandedStepTest,aStepRunsTheProceduresSteps,FEATURE_ENVY,CRITICAL,"foreign accesses=33, own accesses=3"
src/test/java/org/openrewrite/mainframe/jcl/trait/ExpandedStepTest.java,org.openrewrite.mainframe.jcl.trait.ExpandedStepTest,everyStepOfAMultiStepProcedureIsFound,FEATURE_ENVY,HIGH,"foreign accesses=30, own accesses=2"
src/test/java/org/openrewrite/mainframe/jcl/trait/ExpandedStepTest.java,org.openrewrite.mainframe.jcl.trait.ExpandedStepTest,everySymbolSaysWhereItsValueCameFrom,FEATURE_ENVY,CRITICAL,"foreign accesses=54, own accesses=3"
src/test/java/org/openrewrite/mainframe/jcl/trait/ExpandedStepTest.java,org.openrewrite.mainframe.jcl.trait.ExpandedStepTest,readsAProcedureStepsParmByPosition,FEATURE_ENVY,HIGH,"foreign accesses=20, own accesses=1"
src/test/java/org/openrewrite/mainframe/jcl/trait/ExpandedStepTest.java,org.openrewrite.mainframe.jcl.trait.ExpandedStepTest,readsTheProcedureLibrariesAJobExpects,FEATURE_ENVY,MEDIUM,"foreign accesses=12, own accesses=2"
src/test/java/org/openrewrite/mainframe/jcl/trait/ExpandedStepTest.java,org.openrewrite.mainframe.jcl.trait.ExpandedStepTest,saysWhenTheProcedureIsNotInTheLibrary,FEATURE_ENVY,HIGH,"foreign accesses=15, own accesses=2"
src/test/java/org/openrewrite/mainframe/jcl/trait/JclCorpusTest.java,org.openrewrite.mainframe.jcl.trait.JclCorpusTest,cause,FEATURE_ENVY,MEDIUM,"foreign accesses=10, own accesses=0"
src/test/java/org/openrewrite/mainframe/jcl/trait/JclCorpusTest.java,org.openrewrite.mainframe.jcl.trait.JclCorpusTest,misread,FEATURE_ENVY,MEDIUM,"foreign accesses=11, own accesses=1"
src/test/java/org/openrewrite/mainframe/jcl/trait/JclCorpusTest.java,org.openrewrite.mainframe.jcl.trait.JclCorpusTest,readsRealJcl,FEATURE_ENVY,CRITICAL,"foreign accesses=87, own accesses=2"
src/test/java/org/openrewrite/mainframe/jcl/trait/JclCorpusTest.java,org.openrewrite.mainframe.jcl.trait.JclCorpusTest,runsTheFixturesJobsThroughItsProcedures,FEATURE_ENVY,CRITICAL,"foreign accesses=52, own accesses=0"
src/test/java/org/openrewrite/mainframe/jcl/trait/JclCoverageTest.java,org.openrewrite.mainframe.jcl.trait.JclCoverageTest,listsWhatFellToUnknown,FEATURE_ENVY,CRITICAL,"foreign accesses=74, own accesses=0"
src/test/java/org/openrewrite/mainframe/jcl/trait/StepTest.java,org.openrewrite.mainframe.jcl.trait.StepTest,concatenatesUnnamedDataDefinitions,FEATURE_ENVY,HIGH,"foreign accesses=17, own accesses=1"
src/test/java/org/openrewrite/mainframe/jcl/trait/StepTest.java,org.openrewrite.mainframe.jcl.trait.StepTest,readsAMemberWithNoJobCard,FEATURE_ENVY,MEDIUM,"foreign accesses=12, own accesses=1"
src/test/java/org/openrewrite/mainframe/jcl/trait/StepTest.java,org.openrewrite.mainframe.jcl.trait.StepTest,readsAProcedureStepEitherWayItIsWritten,FEATURE_ENVY,LOW,"foreign accesses=9, own accesses=2"
src/test/java/org/openrewrite/mainframe/jcl/trait/StepTest.java,org.openrewrite.mainframe.jcl.trait.StepTest,readsInStreamData,FEATURE_ENVY,HIGH,"foreign accesses=21, own accesses=1"
src/test/java/org/openrewrite/mainframe/jcl/trait/StepTest.java,org.openrewrite.mainframe.jcl.trait.StepTest,readsNoParmFromAStepThatPassesNone,FEATURE_ENVY,MEDIUM,"foreign accesses=13, own accesses=1"
src/test/java/org/openrewrite/mainframe/jcl/trait/StepTest.java,org.openrewrite.mainframe.jcl.trait.StepTest,readsStepsAndTheirDataDefinitions,FEATURE_ENVY,CRITICAL,"foreign accesses=73, own accesses=1"
src/test/java/org/openrewrite/mainframe/jcl/trait/StepTest.java,org.openrewrite.mainframe.jcl.trait.StepTest,readsTheJobCard,FEATURE_ENVY,HIGH,"foreign accesses=18, own accesses=0"
src/test/java/org/openrewrite/mainframe/jcl/trait/StepTest.java,org.openrewrite.mainframe.jcl.trait.StepTest,readsThePositionsOfAParm,FEATURE_ENVY,HIGH,"foreign accesses=16, own accesses=1"
src/test/java/org/openrewrite/mainframe/jcl/trait/StepTest.java,org.openrewrite.mainframe.jcl.trait.StepTest,readsTheStepADataDefinitionBelongsTo,FEATURE_ENVY,HIGH,"foreign accesses=23, own accesses=0"
src/test/java/org/openrewrite/mainframe/jcl/trait/StepTest.java,org.openrewrite.mainframe.jcl.trait.StepTest,tellsAMemberFromAGeneration,FEATURE_ENVY,CRITICAL,"foreign accesses=31, own accesses=1"
src/test/java/org/openrewrite/mainframe/jcl/tree/DataDefinitionTest.java,org.openrewrite.mainframe.jcl.tree.DataDefinitionTest,aLiteralOverThreeCards,FEATURE_ENVY,MEDIUM,"foreign accesses=12, own accesses=0"
src/test/java/org/openrewrite/mainframe/jcl/tree/DataDefinitionTest.java,org.openrewrite.mainframe.jcl.tree.DataDefinitionTest,dataPastColumn72,FEATURE_ENVY,LOW,"foreign accesses=9, own accesses=0"
src/test/java/org/openrewrite/mainframe/jcl/tree/DataDefinitionTest.java,org.openrewrite.mainframe.jcl.tree.DataDefinitionTest,dlmKeepsDelimiterLookalikesAsData,FEATURE_ENVY,HIGH,"foreign accesses=17, own accesses=0"
src/test/java/org/openrewrite/mainframe/jcl/tree/ExpansionTest.java,org.openrewrite.mainframe.jcl.tree.ExpansionTest,aDoubledAmpersandIsNotASymbol,FEATURE_ENVY,MEDIUM,"foreign accesses=12, own accesses=1"
src/test/java/org/openrewrite/mainframe/jcl/tree/ExpansionTest.java,org.openrewrite.mainframe.jcl.tree.ExpansionTest,aPeriodEndsASymbol,FEATURE_ENVY,LOW,"foreign accesses=7, own accesses=2"
src/test/java/org/openrewrite/mainframe/jcl/tree/ExpansionTest.java,org.openrewrite.mainframe.jcl.tree.ExpansionTest,aSymbolNothingSetIsLeftAsWritten,FEATURE_ENVY,CRITICAL,"foreign accesses=43, own accesses=2"
src/test/java/org/openrewrite/mainframe/jcl/tree/ExpansionTest.java,org.openrewrite.mainframe.jcl.tree.ExpansionTest,aSymbolSetFromOneNothingSetIsNotFilledIn,FEATURE_ENVY,HIGH,"foreign accesses=25, own accesses=2"
src/test/java/org/openrewrite/mainframe/jcl/tree/ExpansionTest.java,org.openrewrite.mainframe.jcl.tree.ExpansionTest,apostrophesAroundAValueAreNotPartOfIt,FEATURE_ENVY,LOW,"foreign accesses=8, own accesses=3"
src/test/java/org/openrewrite/mainframe/jcl/tree/ExpansionTest.java,org.openrewrite.mainframe.jcl.tree.ExpansionTest,doesNotExpandAProcedureIntoItself,FEATURE_ENVY,LOW,"foreign accesses=7, own accesses=1"
src/test/java/org/openrewrite/mainframe/jcl/tree/ExpansionTest.java,org.openrewrite.mainframe.jcl.tree.ExpansionTest,expandsAnInStreamProcedure,FEATURE_ENVY,HIGH,"foreign accesses=23, own accesses=4"
src/test/java/org/openrewrite/mainframe/jcl/tree/ExpansionTest.java,org.openrewrite.mainframe.jcl.tree.ExpansionTest,expandsAnIncludeMember,FEATURE_ENVY,HIGH,"foreign accesses=18, own accesses=4"
src/test/java/org/openrewrite/mainframe/jcl/tree/ExpansionTest.java,org.openrewrite.mainframe.jcl.tree.ExpansionTest,expandsCatalogedProcedure,FEATURE_ENVY,HIGH,"foreign accesses=16, own accesses=3"
src/test/java/org/openrewrite/mainframe/jcl/tree/ExpansionTest.java,org.openrewrite.mainframe.jcl.tree.ExpansionTest,leavesInStreamDataAloneWithoutASymbolsParameter,FEATURE_ENVY,MEDIUM,"foreign accesses=13, own accesses=1"
src/test/java/org/openrewrite/mainframe/jcl/tree/ExpansionTest.java,org.openrewrite.mainframe.jcl.tree.ExpansionTest,marksAProcedureThatIsNotInTheLibrary,FEATURE_ENVY,HIGH,"foreign accesses=21, own accesses=2"
src/test/java/org/openrewrite/mainframe/jcl/tree/ExpansionTest.java,org.openrewrite.mainframe.jcl.tree.ExpansionTest,marksTheCallAndSaysWhereTheProcedureCameFrom,FEATURE_ENVY,HIGH,"foreign accesses=19, own accesses=1"
src/test/java/org/openrewrite/mainframe/jcl/tree/ExpansionTest.java,org.openrewrite.mainframe.jcl.tree.ExpansionTest,mergesADataDefinitionOverride,FEATURE_ENVY,MEDIUM,"foreign accesses=11, own accesses=5"
src/test/java/org/openrewrite/mainframe/jcl/tree/ExpansionTest.java,org.openrewrite.mainframe.jcl.tree.ExpansionTest,printsTheResolvedListing,FEATURE_ENVY,LOW,"foreign accesses=6, own accesses=1"
src/test/java/org/openrewrite/mainframe/jcl/tree/ExpansionTest.java,org.openrewrite.mainframe.jcl.tree.ExpansionTest,readsProcEqualsAndThePositionalNameAlike,FEATURE_ENVY,LOW,"foreign accesses=9, own accesses=2"
src/test/java/org/openrewrite/mainframe/jcl/tree/ExpansionTest.java,org.openrewrite.mainframe.jcl.tree.ExpansionTest,resolved,FEATURE_ENVY,MEDIUM,"foreign accesses=12, own accesses=0"
src/test/java/org/openrewrite/mainframe/jcl/tree/ExpansionTest.java,org.openrewrite.mainframe.jcl.tree.ExpansionTest,substitutesExportedSymbolsIntoInStreamData,FEATURE_ENVY,HIGH,"foreign accesses=15, own accesses=1"
src/test/java/org/openrewrite/mainframe/jcl/tree/ExternalSysinTest.java,org.openrewrite.mainframe.jcl.tree.ExternalSysinTest,caseInsensitiveMemberLookup,FEATURE_ENVY,LOW,"foreign accesses=7, own accesses=2"
src/test/java/org/openrewrite/mainframe/jcl/tree/ExternalSysinTest.java,org.openrewrite.mainframe.jcl.tree.ExternalSysinTest,concatenatedDdsEachExpand,FEATURE_ENVY,LOW,"foreign accesses=8, own accesses=1"
src/test/java/org/openrewrite/mainframe/jcl/tree/ExternalSysinTest.java,org.openrewrite.mainframe.jcl.tree.ExternalSysinTest,doesNotExpandNonInputDispositions,FEATURE_ENVY,LOW,"foreign accesses=5, own accesses=2"
src/test/java/org/openrewrite/mainframe/jcl/tree/ExternalSysinTest.java,org.openrewrite.mainframe.jcl.tree.ExternalSysinTest,doesNotExpandWhenDispositionAbsent,FEATURE_ENVY,LOW,"foreign accesses=5, own accesses=2"
src/test/java/org/openrewrite/mainframe/jcl/tree/ExternalSysinTest.java,org.openrewrite.mainframe.jcl.tree.ExternalSysinTest,expandsAMemberNamedByAProceduresDd,FEATURE_ENVY,HIGH,"foreign accesses=25, own accesses=2"
src/test/java/org/openrewrite/mainframe/jcl/tree/ExternalSysinTest.java,org.openrewrite.mainframe.jcl.tree.ExternalSysinTest,expandsInputDispositions,FEATURE_ENVY,LOW,"foreign accesses=7, own accesses=2"
src/test/java/org/openrewrite/mainframe/jcl/tree/ExternalSysinTest.java,org.openrewrite.mainframe.jcl.tree.ExternalSysinTest,expandsNonSysinControlDd,FEATURE_ENVY,MEDIUM,"foreign accesses=13, own accesses=3"
src/test/java/org/openrewrite/mainframe/jcl/tree/ExternalSysinTest.java,org.openrewrite.mainframe.jcl.tree.ExternalSysinTest,expandsWithTrailingCommentOnDd,FEATURE_ENVY,LOW,"foreign accesses=7, own accesses=2"
src/test/java/org/openrewrite/mainframe/jcl/tree/ExternalSysinTest.java,org.openrewrite.mainframe.jcl.tree.ExternalSysinTest,graftedContentDoesNotAffectRoundTrip,FEATURE_ENVY,LOW,"foreign accesses=5, own accesses=2"
src/test/java/org/openrewrite/mainframe/jcl/tree/ExternalSysinTest.java,org.openrewrite.mainframe.jcl.tree.ExternalSysinTest,graftedNodesFollowReferencingDd,FEATURE_ENVY,MEDIUM,"foreign accesses=14, own accesses=1"
src/test/java/org/openrewrite/mainframe/jcl/tree/ExternalSysinTest.java,org.openrewrite.mainframe.jcl.tree.ExternalSysinTest,graftedWords,FEATURE_ENVY,MEDIUM,"foreign accesses=14, own accesses=0"
src/test/java/org/openrewrite/mainframe/jcl/tree/ExternalSysinTest.java,org.openrewrite.mainframe.jcl.tree.ExternalSysinTest,graftsCrlfMemberContent,FEATURE_ENVY,LOW,"foreign accesses=7, own accesses=1"
src/test/java/org/openrewrite/mainframe/jcl/tree/ExternalSysinTest.java,org.openrewrite.mainframe.jcl.tree.ExternalSysinTest,graftsMultiLineMemberContent,FEATURE_ENVY,LOW,"foreign accesses=7, own accesses=1"
src/test/java/org/openrewrite/mainframe/jcl/tree/ExternalSysinTest.java,org.openrewrite.mainframe.jcl.tree.ExternalSysinTest,graftsResolvedMemberContentAsStreamNodes,FEATURE_ENVY,LOW,"foreign accesses=5, own accesses=2"
src/test/java/org/openrewrite/mainframe/jcl/tree/ExternalSysinTest.java,org.openrewrite.mainframe.jcl.tree.ExternalSysinTest,ignoresSequenceNumberArea,FEATURE_ENVY,LOW,"foreign accesses=9, own accesses=1"
src/test/java/org/openrewrite/mainframe/jcl/tree/ExternalSysinTest.java,org.openrewrite.mainframe.jcl.tree.ExternalSysinTest,keepsSymbolicsInGraftedContentLiteral,FEATURE_ENVY,LOW,"foreign accesses=7, own accesses=1"
src/test/java/org/openrewrite/mainframe/jcl/tree/ExternalSysinTest.java,org.openrewrite.mainframe.jcl.tree.ExternalSysinTest,marksMissingMemberWhenNotSupplied,FEATURE_ENVY,MEDIUM,"foreign accesses=11, own accesses=2"
src/test/java/org/openrewrite/mainframe/jcl/tree/ExternalSysinTest.java,org.openrewrite.mainframe.jcl.tree.ExternalSysinTest,missingMemberGraftsNothing,FEATURE_ENVY,LOW,"foreign accesses=5, own accesses=2"
src/test/java/org/openrewrite/mainframe/jcl/tree/ExternalSysinTest.java,org.openrewrite.mainframe.jcl.tree.ExternalSysinTest,noMarkersWhenNoMembersSupplied,FEATURE_ENVY,LOW,"foreign accesses=5, own accesses=1"
src/test/java/org/openrewrite/mainframe/jcl/tree/ExternalSysinTest.java,org.openrewrite.mainframe.jcl.tree.ExternalSysinTest,resolvesAcrossContinuation,FEATURE_ENVY,LOW,"foreign accesses=7, own accesses=2"
src/test/java/org/openrewrite/mainframe/jcl/tree/ExternalSysinTest.java,org.openrewrite.mainframe.jcl.tree.ExternalSysinTest,resolvesConcreteMemberWithSymbolicDataSet,FEATURE_ENVY,LOW,"foreign accesses=7, own accesses=2"
src/test/java/org/openrewrite/mainframe/jcl/tree/ExternalSysinTest.java,org.openrewrite.mainframe.jcl.tree.ExternalSysinTest,resolvesDsnameLongForm,FEATURE_ENVY,LOW,"foreign accesses=7, own accesses=2"
src/test/java/org/openrewrite/mainframe/jcl/tree/ExternalSysinTest.java,org.openrewrite.mainframe.jcl.tree.ExternalSysinTest,resolvesExternalSysinMember,FEATURE_ENVY,HIGH,"foreign accesses=19, own accesses=2"
src/test/java/org/openrewrite/mainframe/jcl/tree/ExternalSysinTest.java,org.openrewrite.mainframe.jcl.tree.ExternalSysinTest,resolvesSystsinMember,FEATURE_ENVY,LOW,"foreign accesses=7, own accesses=2"
src/test/java/org/openrewrite/mainframe/jcl/tree/ExternalSysinTest.java,org.openrewrite.mainframe.jcl.tree.ExternalSysinTest,skipsSymbolicMemberReference,FEATURE_ENVY,LOW,"foreign accesses=7, own accesses=3"
src/test/java/org/openrewrite/mainframe/jcl/tree/ExternalSysinTest.java,org.openrewrite.mainframe.jcl.tree.ExternalSysinTest,visitDataDefinitionStream,FEATURE_ENVY,MEDIUM,"foreign accesses=10, own accesses=0"
src/test/java/org/openrewrite/mainframe/jcl/tree/ExternalSysinTest.java,org.openrewrite.mainframe.jcl.tree.ExternalSysinTest,visitKeywordParameter,FEATURE_ENVY,LOW,"foreign accesses=7, own accesses=0"
src/test/java/org/openrewrite/mainframe/jcl/tree/JobControlStatementTest.java,org.openrewrite.mainframe.jcl.tree.JobControlStatementTest,aCommentCardBetweenContinuationLines,FEATURE_ENVY,HIGH,"foreign accesses=22, own accesses=1"
src/test/java/org/openrewrite/mainframe/jcl/tree/JobControlStatementTest.java,org.openrewrite.mainframe.jcl.tree.JobControlStatementTest,aCommentFieldDoesNotEndAStatement,FEATURE_ENVY,HIGH,"foreign accesses=16, own accesses=1"
src/test/java/org/openrewrite/mainframe/jcl/tree/JobControlStatementTest.java,org.openrewrite.mainframe.jcl.tree.JobControlStatementTest,aContinuedStatementIsStillOneNode,FEATURE_ENVY,HIGH,"foreign accesses=21, own accesses=1"
src/test/java/org/openrewrite/mainframe/jcl/tree/JobControlStatementTest.java,org.openrewrite.mainframe.jcl.tree.JobControlStatementTest,aStatementIsOneNode,FEATURE_ENVY,CRITICAL,"foreign accesses=31, own accesses=1"
src/test/java/org/openrewrite/mainframe/jcl/tree/JobControlStatementTest.java,org.openrewrite.mainframe.jcl.tree.JobControlStatementTest,readsInStreamDataEndedByACustomDelimiter,FEATURE_ENVY,HIGH,"foreign accesses=28, own accesses=0"
src/test/java/org/openrewrite/mainframe/jcl/tree/JobControlStatementTest.java,org.openrewrite.mainframe.jcl.tree.JobControlStatementTest,readsParametersAroundAQuotedString,FEATURE_ENVY,HIGH,"foreign accesses=17, own accesses=1"
src/test/java/org/openrewrite/mainframe/jcl/tree/JobControlStatementTest.java,org.openrewrite.mainframe.jcl.tree.JobControlStatementTest,readsTheDelimiterStatement,FEATURE_ENVY,HIGH,"foreign accesses=17, own accesses=1"
src/test/java/org/openrewrite/mainframe/jcl/tree/JobControlStatementTest.java,org.openrewrite.mainframe.jcl.tree.JobControlStatementTest,readsTheNullStatement,FEATURE_ENVY,MEDIUM,"foreign accesses=14, own accesses=0"
src/test/java/org/openrewrite/mainframe/jcl/tree/JobControlStatementTest.java,org.openrewrite.mainframe.jcl.tree.JobControlStatementTest,statementsIn,FEATURE_ENVY,MEDIUM,"foreign accesses=10, own accesses=0"
src/test/java/org/openrewrite/mainframe/jcl/tree/JobControlStatementTest.java,org.openrewrite.mainframe.jcl.tree.JobControlStatementTest,tellsAKeywordFromAPositionalParameter,FEATURE_ENVY,HIGH,"foreign accesses=20, own accesses=1"
src/test/java/org/openrewrite/mainframe/jcl/tree/JobControlStatementTest.java,org.openrewrite.mainframe.jcl.tree.JobControlStatementTest,visitKeywordParameter,FEATURE_ENVY,LOW,"foreign accesses=6, own accesses=0"
src/test/java/org/openrewrite/mainframe/jcl/tree/ParserAssertions.java,org.openrewrite.mainframe.jcl.tree.ParserAssertions,jcl,FEATURE_ENVY,LOW,"foreign accesses=6, own accesses=1"
src/test/java/org/openrewrite/mainframe/jcl/tree/ParserAssertions.java,org.openrewrite.mainframe.jcl.tree.ParserAssertions,jcl,FEATURE_ENVY,LOW,"foreign accesses=6, own accesses=1"
src/test/java/org/openrewrite/mainframe/jcl/tree/ParserAssertions.java,org.openrewrite.mainframe.jcl.tree.ParserAssertions,jcl,FEATURE_ENVY,LOW,"foreign accesses=5, own accesses=1"
src/test/java/org/openrewrite/mainframe/jcl/tree/ParserAssertions.java,org.openrewrite.mainframe.jcl.tree.ParserAssertions,jclWithProcedures,FEATURE_ENVY,LOW,"foreign accesses=7, own accesses=1"
src/test/java/org/openrewrite/mainframe/jcl/tree/ParserAssertions.java,org.openrewrite.mainframe.jcl.tree.ParserAssertions,parmMember,FEATURE_ENVY,MEDIUM,"foreign accesses=10, own accesses=0"
src/test/java/org/openrewrite/mainframe/jcl/tree/ParserAssertions.java,org.openrewrite.mainframe.jcl.tree.ParserAssertions,procedureMember,FEATURE_ENVY,MEDIUM,"foreign accesses=10, own accesses=0"
src/test/java/org/openrewrite/mainframe/jcl/tree/ParserAssertions.java,org.openrewrite.mainframe.jcl.tree.ParserAssertions,visitSpace,FEATURE_ENVY,LOW,"foreign accesses=6, own accesses=0"
src/test/java/org/openrewrite/mainframe/jcl/tree/SequenceFieldTest.java,org.openrewrite.mainframe.jcl.tree.SequenceFieldTest,aLineTooLongToHaveASequenceField,FEATURE_ENVY,LOW,"foreign accesses=5, own accesses=2"
src/test/java/org/openrewrite/mainframe/jcl/tree/SequenceFieldTest.java,org.openrewrite.mainframe.jcl.tree.SequenceFieldTest,aLongLineDoesNotSwallowWhatFollows,FEATURE_ENVY,MEDIUM,"foreign accesses=11, own accesses=1"
src/test/java/org/openrewrite/mainframe/jcl/tree/SequenceFieldTest.java,org.openrewrite.mainframe.jcl.tree.SequenceFieldTest,parse,FEATURE_ENVY,MEDIUM,"foreign accesses=13, own accesses=0"
src/test/java/org/openrewrite/mainframe/jcl/tree/SequenceFieldTest.java,org.openrewrite.mainframe.jcl.tree.SequenceFieldTest,visitWord,FEATURE_ENVY,LOW,"foreign accesses=6, own accesses=0"
src/test/java/org/openrewrite/mainframe/linkedit/InStreamLinkEditDeckTest.java,org.openrewrite.mainframe.linkedit.InStreamLinkEditDeckTest,cardsReadFromAMemberAreNotWrittenInTheJob,FEATURE_ENVY,LOW,"foreign accesses=6, own accesses=0"
src/test/java/org/openrewrite/mainframe/linkedit/InStreamLinkEditDeckTest.java,org.openrewrite.mainframe.linkedit.InStreamLinkEditDeckTest,deckWrittenInAJob,FEATURE_ENVY,HIGH,"foreign accesses=29, own accesses=0"
src/test/java/org/openrewrite/mainframe/linkedit/InStreamLinkEditDeckTest.java,org.openrewrite.mainframe.linkedit.InStreamLinkEditDeckTest,deckWrittenOnSyslin,FEATURE_ENVY,HIGH,"foreign accesses=24, own accesses=0"
src/test/java/org/openrewrite/mainframe/linkedit/InStreamLinkEditDeckTest.java,org.openrewrite.mainframe.linkedit.InStreamLinkEditDeckTest,streamThatLinksNothingIsNotADeck,FEATURE_ENVY,LOW,"foreign accesses=6, own accesses=0"
src/test/java/org/openrewrite/mainframe/linkedit/LinkEditLineReaderTest.java,org.openrewrite.mainframe.linkedit.LinkEditLineReaderTest,data,FEATURE_ENVY,LOW,"foreign accesses=5, own accesses=0"
src/test/java/org/openrewrite/mainframe/linkedit/LinkEditParserTest.java,org.openrewrite.mainframe.linkedit.LinkEditParserTest,aMemberThatLinksNothingIsSaidSo,FEATURE_ENVY,HIGH,"foreign accesses=28, own accesses=0"
src/test/java/org/openrewrite/mainframe/linkedit/LinkEditParserTest.java,org.openrewrite.mainframe.linkedit.LinkEditParserTest,acceptsADeckByExtension,FEATURE_ENVY,LOW,"foreign accesses=6, own accesses=0"
src/test/java/org/openrewrite/mainframe/linkedit/LinkEditParserTest.java,org.openrewrite.mainframe.linkedit.LinkEditParserTest,acceptsAnExtensionlessMemberThatLinks,FEATURE_ENVY,MEDIUM,"foreign accesses=11, own accesses=3"
src/test/java/org/openrewrite/mainframe/linkedit/LinkEditParserTest.java,org.openrewrite.mainframe.linkedit.LinkEditParserTest,data,FEATURE_ENVY,LOW,"foreign accesses=5, own accesses=0"
src/test/java/org/openrewrite/mainframe/linkedit/LinkEditParserTest.java,org.openrewrite.mainframe.linkedit.LinkEditParserTest,deckForOneModule,FEATURE_ENVY,CRITICAL,"foreign accesses=36, own accesses=0"
src/test/java/org/openrewrite/mainframe/linkedit/LinkEditParserTest.java,org.openrewrite.mainframe.linkedit.LinkEditParserTest,memberListWrittenOverTwoCards,FEATURE_ENVY,HIGH,"foreign accesses=17, own accesses=1"
src/test/java/org/openrewrite/mainframe/linkedit/LinkEditParserTest.java,org.openrewrite.mainframe.linkedit.LinkEditParserTest,namesWrittenWithoutParentheses,FEATURE_ENVY,HIGH,"foreign accesses=24, own accesses=0"
src/test/java/org/openrewrite/mainframe/linkedit/LinkEditParserTest.java,org.openrewrite.mainframe.linkedit.LinkEditParserTest,operandsSeparatedByCommas,FEATURE_ENVY,HIGH,"foreign accesses=24, own accesses=0"
src/test/java/org/openrewrite/mainframe/linkedit/LinkEditParserTest.java,org.openrewrite.mainframe.linkedit.LinkEditParserTest,optionsSetBeforeTheModuleIsNamed,FEATURE_ENVY,HIGH,"foreign accesses=19, own accesses=0"
src/test/java/org/openrewrite/mainframe/linkedit/LinkEditParserTest.java,org.openrewrite.mainframe.linkedit.LinkEditParserTest,quotedText,FEATURE_ENVY,HIGH,"foreign accesses=16, own accesses=0"
src/test/java/org/openrewrite/mainframe/linkedit/LinkEditParserTest.java,org.openrewrite.mainframe.linkedit.LinkEditParserTest,sequenceNumbersAreNotOperands,FEATURE_ENVY,HIGH,"foreign accesses=18, own accesses=2"
src/test/java/org/openrewrite/mainframe/linkedit/LinkEditParserTest.java,org.openrewrite.mainframe.linkedit.LinkEditParserTest,write,FEATURE_ENVY,LOW,"foreign accesses=5, own accesses=0"
src/test/java/org/openrewrite/mainframe/linkedit/trait/LinkEditCorpusTest.java,org.openrewrite.mainframe.linkedit.trait.LinkEditCorpusTest,countStatements,FEATURE_ENVY,HIGH,"foreign accesses=17, own accesses=0"
src/test/java/org/openrewrite/mainframe/linkedit/trait/LinkEditCorpusTest.java,org.openrewrite.mainframe.linkedit.trait.LinkEditCorpusTest,noMemberIsClaimedByTwoParsers,FEATURE_ENVY,HIGH,"foreign accesses=18, own accesses=0"
src/test/java/org/openrewrite/mainframe/linkedit/trait/LinkEditCorpusTest.java,org.openrewrite.mainframe.linkedit.trait.LinkEditCorpusTest,parse,FEATURE_ENVY,MEDIUM,"foreign accesses=10, own accesses=0"
src/test/java/org/openrewrite/mainframe/linkedit/trait/LinkEditCorpusTest.java,org.openrewrite.mainframe.linkedit.trait.LinkEditCorpusTest,parseJob,FEATURE_ENVY,MEDIUM,"foreign accesses=10, own accesses=0"
src/test/java/org/openrewrite/mainframe/linkedit/trait/LinkEditCorpusTest.java,org.openrewrite.mainframe.linkedit.trait.LinkEditCorpusTest,readsRealLinkEditDecks,FEATURE_ENVY,CRITICAL,"foreign accesses=70, own accesses=4"
src/test/java/org/openrewrite/mainframe/linkedit/trait/LinkEditCorpusTest.java,org.openrewrite.mainframe.linkedit.trait.LinkEditCorpusTest,readsTheFixtureDecksNameByName,FEATURE_ENVY,CRITICAL,"foreign accesses=79, own accesses=1"
src/test/java/org/openrewrite/mainframe/linkedit/trait/LinkEditCorpusTest.java,org.openrewrite.mainframe.linkedit.trait.LinkEditCorpusTest,templates,FEATURE_ENVY,HIGH,"foreign accesses=18, own accesses=1"
src/test/java/org/openrewrite/mainframe/linkedit/trait/LinkEditDeckTest.java,org.openrewrite.mainframe.linkedit.trait.LinkEditDeckTest,aDeckThatOnlyAddsToAModuleBuiltElsewhere,FEATURE_ENVY,HIGH,"foreign accesses=15, own accesses=0"
src/test/java/org/openrewrite/mainframe/linkedit/trait/LinkEditDeckTest.java,org.openrewrite.mainframe.linkedit.trait.LinkEditDeckTest,aModuleThatBindsSomeOfWhatItCalls,FEATURE_ENVY,MEDIUM,"foreign accesses=14, own accesses=0"
src/test/java/org/openrewrite/mainframe/linkedit/trait/LinkEditDeckTest.java,org.openrewrite.mainframe.linkedit.trait.LinkEditDeckTest,aliasesAreDirectoryEntriesOfTheirOwn,FEATURE_ENVY,MEDIUM,"foreign accesses=14, own accesses=0"
src/test/java/org/openrewrite/mainframe/linkedit/trait/LinkEditDeckTest.java,org.openrewrite.mainframe.linkedit.trait.LinkEditDeckTest,entryThatIsALabelRatherThanTheProgram,FEATURE_ENVY,MEDIUM,"foreign accesses=12, own accesses=0"
src/test/java/org/openrewrite/mainframe/linkedit/trait/LinkEditDeckTest.java,org.openrewrite.mainframe.linkedit.trait.LinkEditDeckTest,moduleEntryAndTheObjectsItIsBuiltFrom,FEATURE_ENVY,HIGH,"foreign accesses=29, own accesses=0"
src/test/java/org/openrewrite/mainframe/listload/trait/ListLoadCorpusTest.java,org.openrewrite.mainframe.listload.trait.ListLoadCorpusTest,csectNames,FEATURE_ENVY,LOW,"foreign accesses=5, own accesses=0"
src/test/java/org/openrewrite/mainframe/listload/trait/ListLoadCorpusTest.java,org.openrewrite.mainframe.listload.trait.ListLoadCorpusTest,parse,FEATURE_ENVY,LOW,"foreign accesses=9, own accesses=0"
src/test/java/org/openrewrite/mainframe/listload/trait/ListLoadCorpusTest.java,org.openrewrite.mainframe.listload.trait.ListLoadCorpusTest,readsRealModuleListings,FEATURE_ENVY,CRITICAL,"foreign accesses=58, own accesses=9"
src/test/java/org/openrewrite/mainframe/listload/trait/ListLoadCorpusTest.java,org.openrewrite.mainframe.listload.trait.ListLoadCorpusTest,readsTheFixtureListingsModuleByModule,FEATURE_ENVY,CRITICAL,"foreign accesses=104, own accesses=4"
src/test/java/org/openrewrite/mainframe/listload/trait/ListLoadCorpusTest.java,org.openrewrite.mainframe.listload.trait.ListLoadCorpusTest,typesTheRequestDecksAndNothingElse,FEATURE_ENVY,CRITICAL,"foreign accesses=43, own accesses=1"
src/test/java/org/openrewrite/mainframe/listload/trait/ListLoadCorpusTest.java,org.openrewrite.mainframe.listload.trait.ListLoadCorpusTest,whatTheBinderPrintedAgreesWithWhatAmblistFound,FEATURE_ENVY,CRITICAL,"foreign accesses=43, own accesses=3"
src/test/java/org/openrewrite/mainframe/listload/trait/ModuleListingTest.java,org.openrewrite.mainframe.listload.trait.ModuleListingTest,columnOneOfAReportIsCarriageControlAndNotText,FEATURE_ENVY,MEDIUM,"foreign accesses=11, own accesses=0"
src/test/java/org/openrewrite/mainframe/listload/trait/ModuleListingTest.java,org.openrewrite.mainframe.listload.trait.ModuleListingTest,doesNotReadAWholeFileToRefuseIt,FEATURE_ENVY,LOW,"foreign accesses=6, own accesses=0"
src/test/java/org/openrewrite/mainframe/listload/trait/ModuleListingTest.java,org.openrewrite.mainframe.listload.trait.ModuleListingTest,readsNothingPastTheEndOfTheMap,FEATURE_ENVY,MEDIUM,"foreign accesses=11, own accesses=1"
src/test/java/org/openrewrite/mainframe/listload/trait/ModuleListingTest.java,org.openrewrite.mainframe.listload.trait.ModuleListingTest,theDeckABinderListingEchoes,FEATURE_ENVY,HIGH,"foreign accesses=25, own accesses=1"
src/test/java/org/openrewrite/mainframe/listload/trait/ModuleListingTest.java,org.openrewrite.mainframe.listload.trait.ModuleListingTest,theEntryPointIsAnOffsetUntilTheSectionsResolveIt,FEATURE_ENVY,HIGH,"foreign accesses=16, own accesses=1"
src/test/java/org/openrewrite/mainframe/listload/trait/ModuleListingTest.java,org.openrewrite.mainframe.listload.trait.ModuleListingTest,theSectionsABinderMapPlaces,FEATURE_ENVY,HIGH,"foreign accesses=20, own accesses=1"
src/test/java/org/openrewrite/mainframe/listload/trait/ModuleListingTest.java,org.openrewrite.mainframe.listload.trait.ModuleListingTest,theSectionsTheModuleIsMadeOf,FEATURE_ENVY,HIGH,"foreign accesses=20, own accesses=1"
src/test/java/org/openrewrite/mainframe/listload/trait/ModuleListingTest.java,org.openrewrite.mainframe.listload.trait.ModuleListingTest,typesAReportByItsHeadingAndADeckByItsFunction,FEATURE_ENVY,HIGH,"foreign accesses=15, own accesses=0"
src/test/java/org/openrewrite/mainframe/listload/trait/ModuleListingTest.java,org.openrewrite.mainframe.listload.trait.ModuleListingTest,whatAModuleSummarySaysAboutTheModule,FEATURE_ENVY,HIGH,"foreign accesses=25, own accesses=1"
src/test/java/org/openrewrite/mainframe/listload/trait/ModuleListingTest.java,org.openrewrite.mainframe.listload.trait.ModuleListingTest,whatCompiledEachSection,FEATURE_ENVY,HIGH,"foreign accesses=24, own accesses=1"
src/test/java/org/openrewrite/mainframe/listload/trait/ModuleListingTest.java,org.openrewrite.mainframe.listload.trait.ModuleListingTest,whatTheReportWasAskedFor,FEATURE_ENVY,MEDIUM,"foreign accesses=10, own accesses=0"
src/test/java/org/openrewrite/mainframe/sas/trait/InputLayoutTest.java,org.openrewrite.mainframe.sas.trait.InputLayoutTest,fields,FEATURE_ENVY,LOW,"foreign accesses=6, own accesses=0"
src/test/java/org/openrewrite/mainframe/sas/trait/InputLayoutTest.java,org.openrewrite.mainframe.sas.trait.InputLayoutTest,followsThePointerWhereNoColumnIsWritten,FEATURE_ENVY,MEDIUM,"foreign accesses=10, own accesses=1"
src/test/java/org/openrewrite/mainframe/sas/trait/InputLayoutTest.java,org.openrewrite.mainframe.sas.trait.InputLayoutTest,readsEachVariableAtTheColumnItStartsIn,FEATURE_ENVY,MEDIUM,"foreign accesses=11, own accesses=1"
src/test/java/org/openrewrite/mainframe/sas/trait/InputLayoutTest.java,org.openrewrite.mainframe.sas.trait.InputLayoutTest,readsNoLayoutOutsideADataStep,FEATURE_ENVY,LOW,"foreign accesses=8, own accesses=0"
src/test/java/org/openrewrite/mainframe/sas/trait/InputLayoutTest.java,org.openrewrite.mainframe.sas.trait.InputLayoutTest,saysNothingAboutAWidthTheInformatDoesNotWrite,FEATURE_ENVY,LOW,"foreign accesses=9, own accesses=1"
src/test/java/org/openrewrite/mainframe/sas/trait/InstreamSasTest.java,org.openrewrite.mainframe.sas.trait.InstreamSasTest,aStreamIsSasOnlyWhereItOpensAStepAndEndsOne,FEATURE_ENVY,LOW,"foreign accesses=9, own accesses=0"
src/test/java/org/openrewrite/mainframe/sas/trait/InstreamSasTest.java,org.openrewrite.mainframe.sas.trait.InstreamSasTest,claimsNoStreamThatIsNotSas,FEATURE_ENVY,LOW,"foreign accesses=8, own accesses=0"
src/test/java/org/openrewrite/mainframe/sas/trait/InstreamSasTest.java,org.openrewrite.mainframe.sas.trait.InstreamSasTest,readsTheProgramAJobWritesOnItsSysin,FEATURE_ENVY,HIGH,"foreign accesses=27, own accesses=0"
src/test/java/org/openrewrite/mainframe/sas/trait/ReferencesTest.java,org.openrewrite.mainframe.sas.trait.ReferencesTest,leavesOutALibrefALibnameAlreadyResolved,FEATURE_ENVY,MEDIUM,"foreign accesses=12, own accesses=0"
src/test/java/org/openrewrite/mainframe/sas/trait/ReferencesTest.java,org.openrewrite.mainframe.sas.trait.ReferencesTest,readsAnIncludeWrittenWithoutALibrary,FEATURE_ENVY,MEDIUM,"foreign accesses=11, own accesses=0"
src/test/java/org/openrewrite/mainframe/sas/trait/ReferencesTest.java,org.openrewrite.mainframe.sas.trait.ReferencesTest,readsTheLibrefsAProcNames,FEATURE_ENVY,HIGH,"foreign accesses=21, own accesses=0"
src/test/java/org/openrewrite/mainframe/sas/trait/ReferencesTest.java,org.openrewrite.mainframe.sas.trait.ReferencesTest,readsWhatAProgramReachesByDdName,FEATURE_ENVY,HIGH,"foreign accesses=24, own accesses=0"
src/test/java/org/openrewrite/mainframe/sas/trait/ReferencesTest.java,org.openrewrite.mainframe.sas.trait.ReferencesTest,tellsADataSetTheProgramNamesFromOneTheStepAllocates,FEATURE_ENVY,HIGH,"foreign accesses=21, own accesses=0"
src/test/java/org/openrewrite/mainframe/sas/trait/ReferencesTest.java,org.openrewrite.mainframe.sas.trait.ReferencesTest,tellsAMacroInvocationFromAStatementOfTheMacroLanguage,FEATURE_ENVY,HIGH,"foreign accesses=28, own accesses=0"
src/test/java/org/openrewrite/mainframe/sas/trait/SasCorpusTest.java,org.openrewrite.mainframe.sas.trait.SasCorpusTest,,GOD_CLASS,MEDIUM,"WMC=51, TCC=0.00, ATFD=20"
src/test/java/org/openrewrite/mainframe/sas/trait/SasCorpusTest.java,org.openrewrite.mainframe.sas.trait.SasCorpusTest,fixture,FEATURE_ENVY,LOW,"foreign accesses=8, own accesses=0"
src/test/java/org/openrewrite/mainframe/sas/trait/SasCorpusTest.java,org.openrewrite.mainframe.sas.trait.SasCorpusTest,job,FEATURE_ENVY,HIGH,"foreign accesses=18, own accesses=1"
src/test/java/org/openrewrite/mainframe/sas/trait/SasCorpusTest.java,org.openrewrite.mainframe.sas.trait.SasCorpusTest,layout,FEATURE_ENVY,LOW,"foreign accesses=8, own accesses=0"
src/test/java/org/openrewrite/mainframe/sas/trait/SasCorpusTest.java,org.openrewrite.mainframe.sas.trait.SasCorpusTest,memberName,FEATURE_ENVY,LOW,"foreign accesses=5, own accesses=0"
src/test/java/org/openrewrite/mainframe/sas/trait/SasCorpusTest.java,org.openrewrite.mainframe.sas.trait.SasCorpusTest,parse,FEATURE_ENVY,MEDIUM,"foreign accesses=12, own accesses=0"
src/test/java/org/openrewrite/mainframe/sas/trait/SasCorpusTest.java,org.openrewrite.mainframe.sas.trait.SasCorpusTest,readsEveryIncludeTheFixtureWrites,FEATURE_ENVY,MEDIUM,"foreign accesses=10, own accesses=1"
src/test/java/org/openrewrite/mainframe/sas/trait/SasCorpusTest.java,org.openrewrite.mainframe.sas.trait.SasCorpusTest,readsRealSas,FEATURE_ENVY,CRITICAL,"foreign accesses=67, own accesses=2"
src/test/java/org/openrewrite/mainframe/sas/trait/SasCorpusTest.java,org.openrewrite.mainframe.sas.trait.SasCorpusTest,readsTheDdNamesTheFixtureReachesItsDataBy,FEATURE_ENVY,HIGH,"foreign accesses=19, own accesses=1"
src/test/java/org/openrewrite/mainframe/sas/trait/SasCorpusTest.java,org.openrewrite.mainframe.sas.trait.SasCorpusTest,readsTheMacroTheFixtureDefinesAndEveryInvocationOfIt,FEATURE_ENVY,CRITICAL,"foreign accesses=35, own accesses=1"
src/test/java/org/openrewrite/mainframe/sas/trait/SasCorpusTest.java,org.openrewrite.mainframe.sas.trait.SasCorpusTest,readsTheOneDb2TableTheFixtureReaches,FEATURE_ENVY,MEDIUM,"foreign accesses=11, own accesses=1"
src/test/java/org/openrewrite/mainframe/sas/trait/SasCorpusTest.java,org.openrewrite.mainframe.sas.trait.SasCorpusTest,readsTheProgramTheJobWritesInStream,FEATURE_ENVY,HIGH,"foreign accesses=25, own accesses=1"
src/test/java/org/openrewrite/mainframe/sas/trait/SasCorpusTest.java,org.openrewrite.mainframe.sas.trait.SasCorpusTest,readsTheTwoInputLayoutsColumnForColumn,FEATURE_ENVY,CRITICAL,"foreign accesses=32, own accesses=7"
src/test/java/org/openrewrite/mainframe/sas/trait/SasCorpusTest.java,org.openrewrite.mainframe.sas.trait.SasCorpusTest,semicolons,FEATURE_ENVY,MEDIUM,"foreign accesses=11, own accesses=0"
src/test/java/org/openrewrite/mainframe/sas/trait/SqlQueryTest.java,org.openrewrite.mainframe.sas.trait.SqlQueryTest,readsNoTableOnAConnectStatement,FEATURE_ENVY,LOW,"foreign accesses=6, own accesses=1"
src/test/java/org/openrewrite/mainframe/sas/trait/SqlQueryTest.java,org.openrewrite.mainframe.sas.trait.SqlQueryTest,readsNoTableOutsideAProcSqlStep,FEATURE_ENVY,LOW,"foreign accesses=6, own accesses=1"
src/test/java/org/openrewrite/mainframe/sas/trait/SqlQueryTest.java,org.openrewrite.mainframe.sas.trait.SqlQueryTest,tellsATableReadThroughAConnectionFromADataSetOfASasLibrary,FEATURE_ENVY,MEDIUM,"foreign accesses=10, own accesses=1"
src/test/java/org/openrewrite/mainframe/sas/trait/StatementsTest.java,org.openrewrite.mainframe.sas.trait.StatementsTest,keepsABlockCommentOutOfTheStatementItStandsIn,FEATURE_ENVY,LOW,"foreign accesses=5, own accesses=0"
src/test/java/org/openrewrite/mainframe/sas/trait/StatementsTest.java,org.openrewrite.mainframe.sas.trait.StatementsTest,readsALastStatementNobodyTerminated,FEATURE_ENVY,LOW,"foreign accesses=7, own accesses=0"
src/test/java/org/openrewrite/mainframe/sas/trait/StatementsTest.java,org.openrewrite.mainframe.sas.trait.StatementsTest,readsAStatementUpToItsSemicolon,FEATURE_ENVY,MEDIUM,"foreign accesses=12, own accesses=0"
src/test/java/org/openrewrite/mainframe/sas/trait/StatementsTest.java,org.openrewrite.mainframe.sas.trait.StatementsTest,readsAStatementWrittenOverSeveralLines,FEATURE_ENVY,HIGH,"foreign accesses=15, own accesses=0"
src/test/java/org/openrewrite/mainframe/sas/trait/StatementsTest.java,org.openrewrite.mainframe.sas.trait.StatementsTest,takesAQuotedStringWholeHoweverItIsPunctuated,FEATURE_ENVY,LOW,"foreign accesses=6, own accesses=0"
src/test/java/org/openrewrite/mainframe/sas/trait/StatementsTest.java,org.openrewrite.mainframe.sas.trait.StatementsTest,tellsACommentStatementFromAMultiplication,FEATURE_ENVY,LOW,"foreign accesses=6, own accesses=0"
src/test/java/org/openrewrite/mainframe/trait/RunBookTest.java,org.openrewrite.mainframe.trait.RunBookTest,findsEveryNameARunBookMentions,FEATURE_ENVY,LOW,"foreign accesses=9, own accesses=2"
src/test/java/org/openrewrite/mainframe/trait/RunBookTest.java,org.openrewrite.mainframe.trait.RunBookTest,readsTheDataSetADocfichDocumentsRatherThanItsOwnName,FEATURE_ENVY,HIGH,"foreign accesses=16, own accesses=1"
src/test/java/org/openrewrite/mainframe/trait/RunBookTest.java,org.openrewrite.mainframe.trait.RunBookTest,readsTheJobADocjobDocuments,FEATURE_ENVY,HIGH,"foreign accesses=22, own accesses=2"
src/test/java/org/openrewrite/mainframe/trait/RunBookTest.java,org.openrewrite.mainframe.trait.RunBookTest,readsTheLabelledFieldsAndNotTheProseAsOne,FEATURE_ENVY,HIGH,"foreign accesses=28, own accesses=2"
src/test/java/org/openrewrite/mainframe/trait/RunBookTest.java,org.openrewrite.mainframe.trait.RunBookTest,readsTheShapeFromTheFirstWordAndFallsBackToTheExtension,FEATURE_ENVY,HIGH,"foreign accesses=25, own accesses=3"
src/test/java/org/openrewrite/mainframe/trait/ScriptTest.java,org.openrewrite.mainframe.trait.ScriptTest,doesNotReadARunBookAsAScript,FEATURE_ENVY,LOW,"foreign accesses=9, own accesses=0"
src/test/java/org/openrewrite/mainframe/trait/ScriptTest.java,org.openrewrite.mainframe.trait.ScriptTest,findsEveryNameAScriptWritesDown,FEATURE_ENVY,HIGH,"foreign accesses=24, own accesses=0"
src/test/java/org/openrewrite/mainframe/trait/ScriptTest.java,org.openrewrite.mainframe.trait.ScriptTest,joinsUpTheStringsARexxExecBuildsACommandFrom,FEATURE_ENVY,HIGH,"foreign accesses=16, own accesses=1"
src/test/java/org/openrewrite/mainframe/trait/ScriptTest.java,org.openrewrite.mainframe.trait.ScriptTest,readsAnExecKeptWithoutAnExtension,FEATURE_ENVY,MEDIUM,"foreign accesses=10, own accesses=1"
src/test/java/org/openrewrite/mainframe/trait/ScriptTest.java,org.openrewrite.mainframe.trait.ScriptTest,readsNeitherAssignmentNorParameterOfARexxExec,FEATURE_ENVY,HIGH,"foreign accesses=20, own accesses=1"
src/test/java/org/openrewrite/mainframe/trait/ScriptTest.java,org.openrewrite.mainframe.trait.ScriptTest,readsTheVerbOfTheStatementAndNotAWordInAMessage,FEATURE_ENVY,MEDIUM,"foreign accesses=10, own accesses=1"
src/test/java/org/openrewrite/mainframe/trait/ScriptTest.java,org.openrewrite.mainframe.trait.ScriptTest,readsWhatAClistSetsCallsAndDeclares,FEATURE_ENVY,HIGH,"foreign accesses=27, own accesses=0"
src/test/java/org/openrewrite/mainframe/trait/ScriptTest.java,org.openrewrite.mainframe.trait.ScriptTest,readsWhatEachStatementOfAClistReaches,FEATURE_ENVY,CRITICAL,"foreign accesses=34, own accesses=1"
src/test/java/org/openrewrite/mainframe/trait/ScriptTest.java,org.openrewrite.mainframe.trait.ScriptTest,saysWhichNamesTheScriptComputedAndWhichItWroteDown,FEATURE_ENVY,MEDIUM,"foreign accesses=10, own accesses=1"
