Source path,Class name,Method name,Pattern type,Exception types,Handling strategy,Logging framework,Log level
src/main/java/org/openrewrite/mainframe/assembler/AssemblerLineReader.java,org.openrewrite.mainframe.assembler.AssemblerLineReader,number,try-catch,NumberFormatException,recover,,
src/main/java/org/openrewrite/mainframe/assembler/AssemblerParser.java,org.openrewrite.mainframe.assembler.AssemblerParser,parseInputs,try-catch,Throwable,recover,,
src/main/java/org/openrewrite/mainframe/assembler/trait/DataControlBlock.java,org.openrewrite.mainframe.assembler.trait.DataControlBlock,getRecordLength,try-catch,NumberFormatException,recover,,
src/main/java/org/openrewrite/mainframe/bms/BmsParser.java,org.openrewrite.mainframe.bms.BmsParser,parseInputs,try-catch,Throwable,recover,,
src/main/java/org/openrewrite/mainframe/bms/internal/grammar/BMSParser.java,org.openrewrite.mainframe.bms.internal.grammar.BMSParser$CompilationUnitContext,compilationUnit,throws-declaration,RecognitionException,propagate,,
src/main/java/org/openrewrite/mainframe/bms/internal/grammar/BMSParser.java,org.openrewrite.mainframe.bms.internal.grammar.BMSParser$CompilationUnitContext,compilationUnit,try-catch,RecognitionException,custom,,
src/main/java/org/openrewrite/mainframe/bms/internal/grammar/BMSParser.java,org.openrewrite.mainframe.bms.internal.grammar.BMSParser$StatementContext,statement,throws-declaration,RecognitionException,propagate,,
src/main/java/org/openrewrite/mainframe/bms/internal/grammar/BMSParser.java,org.openrewrite.mainframe.bms.internal.grammar.BMSParser$StatementContext,statement,try-catch,RecognitionException,custom,,
src/main/java/org/openrewrite/mainframe/bms/internal/grammar/BMSParser.java,org.openrewrite.mainframe.bms.internal.grammar.BMSParser$BmsContext,bms,throws-declaration,RecognitionException,propagate,,
src/main/java/org/openrewrite/mainframe/bms/internal/grammar/BMSParser.java,org.openrewrite.mainframe.bms.internal.grammar.BMSParser$BmsContext,bms,try-catch,RecognitionException,custom,,
src/main/java/org/openrewrite/mainframe/bms/internal/grammar/BMSParser.java,org.openrewrite.mainframe.bms.internal.grammar.BMSParser$BmsWordContext,bmsWord,throws-declaration,RecognitionException,propagate,,
src/main/java/org/openrewrite/mainframe/bms/internal/grammar/BMSParser.java,org.openrewrite.mainframe.bms.internal.grammar.BMSParser$BmsWordContext,bmsWord,try-catch,RecognitionException,custom,,
src/main/java/org/openrewrite/mainframe/bms/internal/grammar/BMSParser.java,org.openrewrite.mainframe.bms.internal.grammar.BMSParser$BmsSequenceAreaContext,bmsSequenceArea,throws-declaration,RecognitionException,propagate,,
src/main/java/org/openrewrite/mainframe/bms/internal/grammar/BMSParser.java,org.openrewrite.mainframe.bms.internal.grammar.BMSParser$BmsSequenceAreaContext,bmsSequenceArea,try-catch,RecognitionException,custom,,
src/main/java/org/openrewrite/mainframe/bms/internal/grammar/BMSParser.java,org.openrewrite.mainframe.bms.internal.grammar.BMSParser$CommentContext,comment,throws-declaration,RecognitionException,propagate,,
src/main/java/org/openrewrite/mainframe/bms/internal/grammar/BMSParser.java,org.openrewrite.mainframe.bms.internal.grammar.BMSParser$CommentContext,comment,try-catch,RecognitionException,custom,,
src/main/java/org/openrewrite/mainframe/bms/internal/grammar/BMSParser.java,org.openrewrite.mainframe.bms.internal.grammar.BMSParser$CommentWordContext,commentWord,throws-declaration,RecognitionException,propagate,,
src/main/java/org/openrewrite/mainframe/bms/internal/grammar/BMSParser.java,org.openrewrite.mainframe.bms.internal.grammar.BMSParser$CommentWordContext,commentWord,try-catch,RecognitionException,custom,,
src/main/java/org/openrewrite/mainframe/bms/internal/grammar/BMSParser.java,org.openrewrite.mainframe.bms.internal.grammar.BMSParser$CommentSequenceAreaContext,commentSequenceArea,throws-declaration,RecognitionException,propagate,,
src/main/java/org/openrewrite/mainframe/bms/internal/grammar/BMSParser.java,org.openrewrite.mainframe.bms.internal.grammar.BMSParser$CommentSequenceAreaContext,commentSequenceArea,try-catch,RecognitionException,custom,,
src/main/java/org/openrewrite/mainframe/bms/internal/grammar/BMSParser.java,org.openrewrite.mainframe.bms.internal.grammar.BMSParser$UnknownContext,unknown,throws-declaration,RecognitionException,propagate,,
src/main/java/org/openrewrite/mainframe/bms/internal/grammar/BMSParser.java,org.openrewrite.mainframe.bms.internal.grammar.BMSParser$UnknownContext,unknown,try-catch,RecognitionException,custom,,
src/main/java/org/openrewrite/mainframe/bms/internal/grammar/BMSParser.java,org.openrewrite.mainframe.bms.internal.grammar.BMSParser$UnknownWordContext,unknownWord,throws-declaration,RecognitionException,propagate,,
src/main/java/org/openrewrite/mainframe/bms/internal/grammar/BMSParser.java,org.openrewrite.mainframe.bms.internal.grammar.BMSParser$UnknownWordContext,unknownWord,try-catch,RecognitionException,custom,,
src/main/java/org/openrewrite/mainframe/bms/internal/grammar/BMSParser.java,org.openrewrite.mainframe.bms.internal.grammar.BMSParser$UnknownSequenceAreaContext,unknownSequenceArea,throws-declaration,RecognitionException,propagate,,
src/main/java/org/openrewrite/mainframe/bms/internal/grammar/BMSParser.java,org.openrewrite.mainframe.bms.internal.grammar.BMSParser$UnknownSequenceAreaContext,unknownSequenceArea,try-catch,RecognitionException,custom,,
src/main/java/org/openrewrite/mainframe/bms/trait/Operands.java,org.openrewrite.mainframe.bms.trait.Operands,integerOf,try-catch,NumberFormatException,recover,,
src/main/java/org/openrewrite/mainframe/cobol/Assertions.java,org.openrewrite.mainframe.cobol.Assertions,getCopybookSources,try-catch,IOException,wrap,,
src/main/java/org/openrewrite/mainframe/cobol/CobolParser.java,org.openrewrite.mainframe.cobol.CobolParser,parseInput,try-catch,CobolParsingTimeoutException,recover,,
src/main/java/org/openrewrite/mainframe/cobol/CobolParser.java,org.openrewrite.mainframe.cobol.CobolParser,parseInput,try-catch,Throwable,recover,,
src/main/java/org/openrewrite/mainframe/cobol/CobolParser.java,org.openrewrite.mainframe.cobol.CobolParser,parseInput,try-catch,ParseCancellationException,wrap,,
src/main/java/org/openrewrite/mainframe/cobol/CobolParser.java,org.openrewrite.mainframe.cobol.CobolParser,notCobol,try-catch,RuntimeException,recover,,
src/main/java/org/openrewrite/mainframe/cobol/CobolPreprocessorParser.java,org.openrewrite.mainframe.cobol.CobolPreprocessorParser,parseInputs,try-catch,Throwable,recover,,
src/main/java/org/openrewrite/mainframe/cobol/CopybookParser.java,org.openrewrite.mainframe.cobol.CopybookParser,parseInput,try-catch,Throwable,recover,,
src/main/java/org/openrewrite/mainframe/cobol/PreprocessorAssertions.java,org.openrewrite.mainframe.cobol.PreprocessorAssertions,getCopybookSources,try-catch,IOException,wrap,,
src/main/java/org/openrewrite/mainframe/cobol/internal/grammar/CobolParser.java,org.openrewrite.mainframe.cobol.internal.grammar.CobolParser$CompilationUnitContext,compilationUnit,throws-declaration,RecognitionException,propagate,,
src/main/java/org/openrewrite/mainframe/cobol/internal/grammar/CobolParser.java,org.openrewrite.mainframe.cobol.internal.grammar.CobolParser$CompilationUnitContext,compilationUnit,try-catch,RecognitionException,custom,,
src/main/java/org/openrewrite/mainframe/cobol/internal/grammar/CobolParser.java,org.openrewrite.mainframe.cobol.internal.grammar.CobolParser$ProgramUnitContext,programUnit,throws-declaration,RecognitionException,propagate,,
src/main/java/org/openrewrite/mainframe/cobol/internal/grammar/CobolParser.java,org.openrewrite.mainframe.cobol.internal.grammar.CobolParser$ProgramUnitContext,programUnit,try-catch,RecognitionException,custom,,
src/main/java/org/openrewrite/mainframe/cobol/internal/grammar/CobolParser.java,org.openrewrite.mainframe.cobol.internal.grammar.CobolParser$EndProgramStatementContext,endProgramStatement,throws-declaration,RecognitionException,propagate,,
src/main/java/org/openrewrite/mainframe/cobol/internal/grammar/CobolParser.java,org.openrewrite.mainframe.cobol.internal.grammar.CobolParser$EndProgramStatementContext,endProgramStatement,try-catch,RecognitionException,custom,,
src/main/java/org/openrewrite/mainframe/cobol/internal/grammar/CobolParser.java,org.openrewrite.mainframe.cobol.internal.grammar.CobolParser$IdentificationDivisionContext,identificationDivision,throws-declaration,RecognitionException,propagate,,
src/main/java/org/openrewrite/mainframe/cobol/internal/grammar/CobolParser.java,org.openrewrite.mainframe.cobol.internal.grammar.CobolParser$IdentificationDivisionContext,identificationDivision,try-catch,RecognitionException,custom,,
src/main/java/org/openrewrite/mainframe/cobol/internal/grammar/CobolParser.java,org.openrewrite.mainframe.cobol.internal.grammar.CobolParser$IdentificationDivisionBodyContext,identificationDivisionBody,throws-declaration,RecognitionException,propagate,,
src/main/java/org/openrewrite/mainframe/cobol/internal/grammar/CobolParser.java,org.openrewrite.mainframe.cobol.internal.grammar.CobolParser$IdentificationDivisionBodyContext,identificationDivisionBody,try-catch,RecognitionException,custom,,
src/main/java/org/openrewrite/mainframe/cobol/internal/grammar/CobolParser.java,org.openrewrite.mainframe.cobol.internal.grammar.CobolParser$ProgramIdParagraphContext,programIdParagraph,throws-declaration,RecognitionException,propagate,,
src/main/java/org/openrewrite/mainframe/cobol/internal/grammar/CobolParser.java,org.openrewrite.mainframe.cobol.internal.grammar.CobolParser$ProgramIdParagraphContext,programIdParagraph,try-catch,RecognitionException,custom,,
src/main/java/org/openrewrite/mainframe/cobol/internal/grammar/CobolParser.java,org.openrewrite.mainframe.cobol.internal.grammar.CobolParser$AuthorParagraphContext,authorParagraph,throws-declaration,RecognitionException,propagate,,
src/main/java/org/openrewrite/mainframe/cobol/internal/grammar/CobolParser.java,org.openrewrite.mainframe.cobol.internal.grammar.CobolParser$AuthorParagraphContext,authorParagraph,try-catch,RecognitionException,custom,,
src/main/java/org/openrewrite/mainframe/cobol/internal/grammar/CobolParser.java,org.openrewrite.mainframe.cobol.internal.grammar.CobolParser$InstallationParagraphContext,installationParagraph,throws-declaration,RecognitionException,propagate,,
src/main/java/org/openrewrite/mainframe/cobol/internal/grammar/CobolParser.java,org.openrewrite.mainframe.cobol.internal.grammar.CobolParser$InstallationParagraphContext,installationParagraph,try-catch,RecognitionException,custom,,
src/main/java/org/openrewrite/mainframe/cobol/internal/grammar/CobolParser.java,org.openrewrite.mainframe.cobol.internal.grammar.CobolParser$DateWrittenParagraphContext,dateWrittenParagraph,throws-declaration,RecognitionException,propagate,,
src/main/java/org/openrewrite/mainframe/cobol/internal/grammar/CobolParser.java,org.openrewrite.mainframe.cobol.internal.grammar.CobolParser$DateWrittenParagraphContext,dateWrittenParagraph,try-catch,RecognitionException,custom,,
src/main/java/org/openrewrite/mainframe/cobol/internal/grammar/CobolParser.java,org.openrewrite.mainframe.cobol.internal.grammar.CobolParser$DateCompiledParagraphContext,dateCompiledParagraph,throws-declaration,RecognitionException,propagate,,
src/main/java/org/openrewrite/mainframe/cobol/internal/grammar/CobolParser.java,org.openrewrite.mainframe.cobol.internal.grammar.CobolParser$DateCompiledParagraphContext,dateCompiledParagraph,try-catch,RecognitionException,custom,,
src/main/java/org/openrewrite/mainframe/cobol/internal/grammar/CobolParser.java,org.openrewrite.mainframe.cobol.internal.grammar.CobolParser$SecurityParagraphContext,securityParagraph,throws-declaration,RecognitionException,propagate,,
src/main/java/org/openrewrite/mainframe/cobol/internal/grammar/CobolParser.java,org.openrewrite.mainframe.cobol.internal.grammar.CobolParser$SecurityParagraphContext,securityParagraph,try-catch,RecognitionException,custom,,
src/main/java/org/openrewrite/mainframe/cobol/internal/grammar/CobolParser.java,org.openrewrite.mainframe.cobol.internal.grammar.CobolParser$RemarksParagraphContext,remarksParagraph,throws-declaration,RecognitionException,propagate,,
src/main/java/org/openrewrite/mainframe/cobol/internal/grammar/CobolParser.java,org.openrewrite.mainframe.cobol.internal.grammar.CobolParser$RemarksParagraphContext,remarksParagraph,try-catch,RecognitionException,custom,,
src/main/java/org/openrewrite/mainframe/cobol/internal/grammar/CobolParser.java,org.openrewrite.mainframe.cobol.internal.grammar.CobolParser$EnvironmentDivisionContext,environmentDivision,throws-declaration,RecognitionException,propagate,,
src/main/java/org/openrewrite/mainframe/cobol/internal/grammar/CobolParser.java,org.openrewrite.mainframe.cobol.internal.grammar.CobolParser$EnvironmentDivisionContext,environmentDivision,try-catch,RecognitionException,custom,,
src/main/java/org/openrewrite/mainframe/cobol/internal/grammar/CobolParser.java,org.openrewrite.mainframe.cobol.internal.grammar.CobolParser$EnvironmentDivisionBodyContext,environmentDivisionBody,throws-declaration,RecognitionException,propagate,,
src/main/java/org/openrewrite/mainframe/cobol/internal/grammar/CobolParser.java,org.openrewrite.mainframe.cobol.internal.grammar.CobolParser$EnvironmentDivisionBodyContext,environmentDivisionBody,try-catch,RecognitionException,custom,,
src/main/java/org/openrewrite/mainframe/cobol/internal/grammar/CobolParser.java,org.openrewrite.mainframe.cobol.internal.grammar.CobolParser$ConfigurationSectionContext,configurationSection,throws-declaration,RecognitionException,propagate,,
src/main/java/org/openrewrite/mainframe/cobol/internal/grammar/CobolParser.java,org.openrewrite.mainframe.cobol.internal.grammar.CobolParser$ConfigurationSectionContext,configurationSection,try-catch,RecognitionException,custom,,
src/main/java/org/openrewrite/mainframe/cobol/internal/grammar/CobolParser.java,org.openrewrite.mainframe.cobol.internal.grammar.CobolParser$ConfigurationSectionParagraphContext,configurationSectionParagraph,throws-declaration,RecognitionException,propagate,,
src/main/java/org/openrewrite/mainframe/cobol/internal/grammar/CobolParser.java,org.openrewrite.mainframe.cobol.internal.grammar.CobolParser$ConfigurationSectionParagraphContext,configurationSectionParagraph,try-catch,RecognitionException,custom,,
src/main/java/org/openrewrite/mainframe/cobol/internal/grammar/CobolParser.java,org.openrewrite.mainframe.cobol.internal.grammar.CobolParser$SourceComputerParagraphContext,sourceComputerParagraph,throws-declaration,RecognitionException,propagate,,
src/main/java/org/openrewrite/mainframe/cobol/internal/grammar/CobolParser.java,org.openrewrite.mainframe.cobol.internal.grammar.CobolParser$SourceComputerParagraphContext,sourceComputerParagraph,try-catch,RecognitionException,custom,,
src/main/java/org/openrewrite/mainframe/cobol/internal/grammar/CobolParser.java,org.openrewrite.mainframe.cobol.internal.grammar.CobolParser$ObjectComputerParagraphContext,objectComputerParagraph,throws-declaration,RecognitionException,propagate,,
src/main/java/org/openrewrite/mainframe/cobol/internal/grammar/CobolParser.java,org.openrewrite.mainframe.cobol.internal.grammar.CobolParser$ObjectComputerParagraphContext,objectComputerParagraph,try-catch,RecognitionException,custom,,
src/main/java/org/openrewrite/mainframe/cobol/internal/grammar/CobolParser.java,org.openrewrite.mainframe.cobol.internal.grammar.CobolParser$ObjectComputerClauseContext,objectComputerClause,throws-declaration,RecognitionException,propagate,,
src/main/java/org/openrewrite/mainframe/cobol/internal/grammar/CobolParser.java,org.openrewrite.mainframe.cobol.internal.grammar.CobolParser$ObjectComputerClauseContext,objectComputerClause,try-catch,RecognitionException,custom,,
src/main/java/org/openrewrite/mainframe/cobol/internal/grammar/CobolParser.java,org.openrewrite.mainframe.cobol.internal.grammar.CobolParser$MemorySizeClauseContext,memorySizeClause,throws-declaration,RecognitionException,propagate,,
src/main/java/org/openrewrite/mainframe/cobol/internal/grammar/CobolParser.java,org.openrewrite.mainframe.cobol.internal.grammar.CobolParser$MemorySizeClauseContext,memorySizeClause,try-catch,RecognitionException,custom,,
src/main/java/org/openrewrite/mainframe/cobol/internal/grammar/CobolParser.java,org.openrewrite.mainframe.cobol.internal.grammar.CobolParser$DiskSizeClauseContext,diskSizeClause,throws-declaration,RecognitionException,propagate,,
src/main/java/org/openrewrite/mainframe/cobol/internal/grammar/CobolParser.java,org.openrewrite.mainframe.cobol.internal.grammar.CobolParser$DiskSizeClauseContext,diskSizeClause,try-catch,RecognitionException,custom,,
src/main/java/org/openrewrite/mainframe/cobol/internal/grammar/CobolParser.java,org.openrewrite.mainframe.cobol.internal.grammar.CobolParser$CollatingSequenceClauseContext,collatingSequenceClause,throws-declaration,RecognitionException,propagate,,
src/main/java/org/openrewrite/mainframe/cobol/internal/grammar/CobolParser.java,org.openrewrite.mainframe.cobol.internal.grammar.CobolParser$CollatingSequenceClauseContext,collatingSequenceClause,try-catch,RecognitionException,custom,,
src/main/java/org/openrewrite/mainframe/cobol/internal/grammar/CobolParser.java,org.openrewrite.mainframe.cobol.internal.grammar.CobolParser$CollatingSequenceClauseAlphanumericContext,collatingSequenceClauseAlphanumeric,throws-declaration,RecognitionException,propagate,,
src/main/java/org/openrewrite/mainframe/cobol/internal/grammar/CobolParser.java,org.openrewrite.mainframe.cobol.internal.grammar.CobolParser$CollatingSequenceClauseAlphanumericContext,collatingSequenceClauseAlphanumeric,try-catch,RecognitionException,custom,,
src/main/java/org/openrewrite/mainframe/cobol/internal/grammar/CobolParser.java,org.openrewrite.mainframe.cobol.internal.grammar.CobolParser$CollatingSequenceClauseNationalContext,collatingSequenceClauseNational,throws-declaration,RecognitionException,propagate,,
src/main/java/org/openrewrite/mainframe/cobol/internal/grammar/CobolParser.java,org.openrewrite.mainframe.cobol.internal.grammar.CobolParser$CollatingSequenceClauseNationalContext,collatingSequenceClauseNational,try-catch,RecognitionException,custom,,
src/main/java/org/openrewrite/mainframe/cobol/internal/grammar/CobolParser.java,org.openrewrite.mainframe.cobol.internal.grammar.CobolParser$SegmentLimitClauseContext,segmentLimitClause,throws-declaration,RecognitionException,propagate,,
src/main/java/org/openrewrite/mainframe/cobol/internal/grammar/CobolParser.java,org.openrewrite.mainframe.cobol.internal.grammar.CobolParser$SegmentLimitClauseContext,segmentLimitClause,try-catch,RecognitionException,custom,,
src/main/java/org/openrewrite/mainframe/cobol/internal/grammar/CobolParser.java,org.openrewrite.mainframe.cobol.internal.grammar.CobolParser$CharacterSetClauseContext,characterSetClause,throws-declaration,RecognitionException,propagate,,
src/main/java/org/openrewrite/mainframe/cobol/internal/grammar/CobolParser.java,org.openrewrite.mainframe.cobol.internal.grammar.CobolParser$CharacterSetClauseContext,characterSetClause,try-catch,RecognitionException,custom,,
src/main/java/org/openrewrite/mainframe/cobol/internal/grammar/CobolParser.java,org.openrewrite.mainframe.cobol.internal.grammar.CobolParser$SpecialNamesParagraphContext,specialNamesParagraph,throws-declaration,RecognitionException,propagate,,
src/main/java/org/openrewrite/mainframe/cobol/internal/grammar/CobolParser.java,org.openrewrite.mainframe.cobol.internal.grammar.CobolParser$SpecialNamesParagraphContext,specialNamesParagraph,try-catch,RecognitionException,custom,,
src/main/java/org/openrewrite/mainframe/cobol/internal/grammar/CobolParser.java,org.openrewrite.mainframe.cobol.internal.grammar.CobolParser$SpecialNameClauseContext,specialNameClause,throws-declaration,RecognitionException,propagate,,
src/main/java/org/openrewrite/mainframe/cobol/internal/grammar/CobolParser.java,org.openrewrite.mainframe.cobol.internal.grammar.CobolParser$SpecialNameClauseContext,specialNameClause,try-catch,RecognitionException,custom,,
src/main/java/org/openrewrite/mainframe/cobol/internal/grammar/CobolParser.java,org.openrewrite.mainframe.cobol.internal.grammar.CobolParser$AlphabetClauseContext,alphabetClause,throws-declaration,RecognitionException,propagate,,
src/main/java/org/openrewrite/mainframe/cobol/internal/grammar/CobolParser.java,org.openrewrite.mainframe.cobol.internal.grammar.CobolParser$AlphabetClauseContext,alphabetClause,try-catch,RecognitionException,custom,,
src/main/java/org/openrewrite/mainframe/cobol/internal/grammar/CobolParser.java,org.openrewrite.mainframe.cobol.internal.grammar.CobolParser$AlphabetClauseFormat1Context,alphabetClauseFormat1,throws-declaration,RecognitionException,propagate,,
src/main/java/org/openrewrite/mainframe/cobol/internal/grammar/CobolParser.java,org.openrewrite.mainframe.cobol.internal.grammar.CobolParser$AlphabetClauseFormat1Context,alphabetClauseFormat1,try-catch,RecognitionException,custom,,
src/main/java/org/openrewrite/mainframe/cobol/internal/grammar/CobolParser.java,org.openrewrite.mainframe.cobol.internal.grammar.CobolParser$AlphabetLiteralsContext,alphabetLiterals,throws-declaration,RecognitionException,propagate,,
src/main/java/org/openrewrite/mainframe/cobol/internal/grammar/CobolParser.java,org.openrewrite.mainframe.cobol.internal.grammar.CobolParser$AlphabetLiteralsContext,alphabetLiterals,try-catch,RecognitionException,custom,,
src/main/java/org/openrewrite/mainframe/cobol/internal/grammar/CobolParser.java,org.openrewrite.mainframe.cobol.internal.grammar.CobolParser$AlphabetThroughContext,alphabetThrough,throws-declaration,RecognitionException,propagate,,
src/main/java/org/openrewrite/mainframe/cobol/internal/grammar/CobolParser.java,org.openrewrite.mainframe.cobol.internal.grammar.CobolParser$AlphabetThroughContext,alphabetThrough,try-catch,RecognitionException,custom,,
src/main/java/org/openrewrite/mainframe/cobol/internal/grammar/CobolParser.java,org.openrewrite.mainframe.cobol.internal.grammar.CobolParser$AlphabetAlsoContext,alphabetAlso,throws-declaration,RecognitionException,propagate,,
src/main/java/org/openrewrite/mainframe/cobol/internal/grammar/CobolParser.java,org.openrewrite.mainframe.cobol.internal.grammar.CobolParser$AlphabetAlsoContext,alphabetAlso,try-catch,RecognitionException,custom,,
src/main/java/org/openrewrite/mainframe/cobol/internal/grammar/CobolParser.java,org.openrewrite.mainframe.cobol.internal.grammar.CobolParser$AlphabetClauseFormat2Context,alphabetClauseFormat2,throws-declaration,RecognitionException,propagate,,
src/main/java/org/openrewrite/mainframe/cobol/internal/grammar/CobolParser.java,org.openrewrite.mainframe.cobol.internal.grammar.CobolParser$AlphabetClauseFormat2Context,alphabetClauseFormat2,try-catch,RecognitionException,custom,,
src/main/java/org/openrewrite/mainframe/cobol/internal/grammar/CobolParser.java,org.openrewrite.mainframe.cobol.internal.grammar.CobolParser$ChannelClauseContext,channelClause,throws-declaration,RecognitionException,propagate,,
src/main/java/org/openrewrite/mainframe/cobol/internal/grammar/CobolParser.java,org.openrewrite.mainframe.cobol.internal.grammar.CobolParser$ChannelClauseContext,channelClause,try-catch,RecognitionException,custom,,
src/main/java/org/openrewrite/mainframe/cobol/internal/grammar/CobolParser.java,org.openrewrite.mainframe.cobol.internal.grammar.CobolParser$ClassClauseContext,classClause,throws-declaration,RecognitionException,propagate,,
src/main/java/org/openrewrite/mainframe/cobol/internal/grammar/CobolParser.java,org.openrewrite.mainframe.cobol.internal.grammar.CobolParser$ClassClauseContext,classClause,try-catch,RecognitionException,custom,,
src/main/java/org/openrewrite/mainframe/cobol/internal/grammar/CobolParser.java,org.openrewrite.mainframe.cobol.internal.grammar.CobolParser$ClassClauseThroughContext,classClauseThrough,throws-declaration,RecognitionException,propagate,,
src/main/java/org/openrewrite/mainframe/cobol/internal/grammar/CobolParser.java,org.openrewrite.mainframe.cobol.internal.grammar.CobolParser$ClassClauseThroughContext,classClauseThrough,try-catch,RecognitionException,custom,,
src/main/java/org/openrewrite/mainframe/cobol/internal/grammar/CobolParser.java,org.openrewrite.mainframe.cobol.internal.grammar.CobolParser$ClassClauseFromContext,classClauseFrom,throws-declaration,RecognitionException,propagate,,
src/main/java/org/openrewrite/mainframe/cobol/internal/grammar/CobolParser.java,org.openrewrite.mainframe.cobol.internal.grammar.CobolParser$ClassClauseFromContext,classClauseFrom,try-catch,RecognitionException,custom,,
src/main/java/org/openrewrite/mainframe/cobol/internal/grammar/CobolParser.java,org.openrewrite.mainframe.cobol.internal.grammar.CobolParser$ClassClauseToContext,classClauseTo,throws-declaration,RecognitionException,propagate,,
src/main/java/org/openrewrite/mainframe/cobol/internal/grammar/CobolParser.java,org.openrewrite.mainframe.cobol.internal.grammar.CobolParser$ClassClauseToContext,classClauseTo,try-catch,RecognitionException,custom,,
src/main/java/org/openrewrite/mainframe/cobol/internal/grammar/CobolParser.java,org.openrewrite.mainframe.cobol.internal.grammar.CobolParser$CurrencySignClauseContext,currencySignClause,throws-declaration,RecognitionException,propagate,,
src/main/java/org/openrewrite/mainframe/cobol/internal/grammar/CobolParser.java,org.openrewrite.mainframe.cobol.internal.grammar.CobolParser$CurrencySignClauseContext,currencySignClause,try-catch,RecognitionException,custom,,
src/main/java/org/openrewrite/mainframe/cobol/internal/grammar/CobolParser.java,org.openrewrite.mainframe.cobol.internal.grammar.CobolParser$DecimalPointClauseContext,decimalPointClause,throws-declaration,RecognitionException,propagate,,
src/main/java/org/openrewrite/mainframe/cobol/internal/grammar/CobolParser.java,org.openrewrite.mainframe.cobol.internal.grammar.CobolParser$DecimalPointClauseContext,decimalPointClause,try-catch,RecognitionException,custom,,
src/main/java/org/openrewrite/mainframe/cobol/internal/grammar/CobolParser.java,org.openrewrite.mainframe.cobol.internal.grammar.CobolParser$DefaultComputationalSignClauseContext,defaultComputationalSignClause,throws-declaration,RecognitionException,propagate,,
src/main/java/org/openrewrite/mainframe/cobol/internal/grammar/CobolParser.java,org.openrewrite.mainframe.cobol.internal.grammar.CobolParser$DefaultComputationalSignClauseContext,defaultComputationalSignClause,try-catch,RecognitionException,custom,,
src/main/java/org/openrewrite/mainframe/cobol/internal/grammar/CobolParser.java,org.openrewrite.mainframe.cobol.internal.grammar.CobolParser$DefaultDisplaySignClauseContext,defaultDisplaySignClause,throws-declaration,RecognitionException,propagate,,
src/main/java/org/openrewrite/mainframe/cobol/internal/grammar/CobolParser.java,org.openrewrite.mainframe.cobol.internal.grammar.CobolParser$DefaultDisplaySignClauseContext,defaultDisplaySignClause,try-catch,RecognitionException,custom,,
src/main/java/org/openrewrite/mainframe/cobol/internal/grammar/CobolParser.java,org.openrewrite.mainframe.cobol.internal.grammar.CobolParser$EnvironmentSwitchNameClauseContext,environmentSwitchNameClause,throws-declaration,RecognitionException,propagate,,
src/main/java/org/openrewrite/mainframe/cobol/internal/grammar/CobolParser.java,org.openrewrite.mainframe.cobol.internal.grammar.CobolParser$EnvironmentSwitchNameClauseContext,environmentSwitchNameClause,try-catch,RecognitionException,custom,,
src/main/java/org/openrewrite/mainframe/cobol/internal/grammar/CobolParser.java,org.openrewrite.mainframe.cobol.internal.grammar.CobolParser$EnvironmentSwitchNameSpecialNamesStatusPhraseContext,environmentSwitchNameSpecialNamesStatusPhrase,throws-declaration,RecognitionException,propagate,,
src/main/java/org/openrewrite/mainframe/cobol/internal/grammar/CobolParser.java,org.openrewrite.mainframe.cobol.internal.grammar.CobolParser$EnvironmentSwitchNameSpecialNamesStatusPhraseContext,environmentSwitchNameSpecialNamesStatusPhrase,try-catch,RecognitionException,custom,,
src/main/java/org/openrewrite/mainframe/cobol/internal/grammar/CobolParser.java,org.openrewrite.mainframe.cobol.internal.grammar.CobolParser$OdtClauseContext,odtClause,throws-declaration,RecognitionException,propagate,,
src/main/java/org/openrewrite/mainframe/cobol/internal/grammar/CobolParser.java,org.openrewrite.mainframe.cobol.internal.grammar.CobolParser$OdtClauseContext,odtClause,try-catch,RecognitionException,custom,,
src/main/java/org/openrewrite/mainframe/cobol/internal/grammar/CobolParser.java,org.openrewrite.mainframe.cobol.internal.grammar.CobolParser$ReserveNetworkClauseContext,reserveNetworkClause,throws-declaration,RecognitionException,propagate,,
src/main/java/org/openrewrite/mainframe/cobol/internal/grammar/CobolParser.java,org.openrewrite.mainframe.cobol.internal.grammar.CobolParser$ReserveNetworkClauseContext,reserveNetworkClause,try-catch,RecognitionException,custom,,
src/main/java/org/openrewrite/mainframe/cobol/internal/grammar/CobolParser.java,org.openrewrite.mainframe.cobol.internal.grammar.CobolParser$SymbolicCharactersClauseContext,symbolicCharactersClause,throws-declaration,RecognitionException,propagate,,
src/main/java/org/openrewrite/mainframe/cobol/internal/grammar/CobolParser.java,org.openrewrite.mainframe.cobol.internal.grammar.CobolParser$SymbolicCharactersClauseContext,symbolicCharactersClause,try-catch,RecognitionException,custom,,
src/main/java/org/openrewrite/mainframe/cobol/internal/grammar/CobolParser.java,org.openrewrite.mainframe.cobol.internal.grammar.CobolParser$SymbolicCharactersContext,symbolicCharacters,throws-declaration,RecognitionException,propagate,,
src/main/java/org/openrewrite/mainframe/cobol/internal/grammar/CobolParser.java,org.openrewrite.mainframe.cobol.internal.grammar.CobolParser$SymbolicCharactersContext,symbolicCharacters,try-catch,RecognitionException,custom,,
src/main/java/org/openrewrite/mainframe/cobol/internal/grammar/CobolParser.java,org.openrewrite.mainframe.cobol.internal.grammar.CobolParser$RepositoryParagraphContext,repositoryParagraph,throws-declaration,RecognitionException,propagate,,
src/main/java/org/openrewrite/mainframe/cobol/internal/grammar/CobolParser.java,org.openrewrite.mainframe.cobol.internal.grammar.CobolParser$RepositoryParagraphContext,repositoryParagraph,try-catch,RecognitionException,custom,,
src/main/java/org/openrewrite/mainframe/cobol/internal/grammar/CobolParser.java,org.openrewrite.mainframe.cobol.internal.grammar.CobolParser$RepositoryEntryContext,repositoryEntry,throws-declaration,RecognitionException,propagate,,
src/main/java/org/openrewrite/mainframe/cobol/internal/grammar/CobolParser.java,org.openrewrite.mainframe.cobol.internal.grammar.CobolParser$RepositoryEntryContext,repositoryEntry,try-catch,RecognitionException,custom,,
src/main/java/org/openrewrite/mainframe/cobol/internal/grammar/CobolParser.java,org.openrewrite.mainframe.cobol.internal.grammar.CobolParser$InputOutputSectionContext,inputOutputSection,throws-declaration,RecognitionException,propagate,,
src/main/java/org/openrewrite/mainframe/cobol/internal/grammar/CobolParser.java,org.openrewrite.mainframe.cobol.internal.grammar.CobolParser$InputOutputSectionContext,inputOutputSection,try-catch,RecognitionException,custom,,
src/main/java/org/openrewrite/mainframe/cobol/internal/grammar/CobolParser.java,org.openrewrite.mainframe.cobol.internal.grammar.CobolParser$InputOutputSectionParagraphContext,inputOutputSectionParagraph,throws-declaration,RecognitionException,propagate,,
src/main/java/org/openrewrite/mainframe/cobol/internal/grammar/CobolParser.java,org.openrewrite.mainframe.cobol.internal.grammar.CobolParser$InputOutputSectionParagraphContext,inputOutputSectionParagraph,try-catch,RecognitionException,custom,,
src/main/java/org/openrewrite/mainframe/cobol/internal/grammar/CobolParser.java,org.openrewrite.mainframe.cobol.internal.grammar.CobolParser$FileControlParagraphContext,fileControlParagraph,throws-declaration,RecognitionException,propagate,,
src/main/java/org/openrewrite/mainframe/cobol/internal/grammar/CobolParser.java,org.openrewrite.mainframe.cobol.internal.grammar.CobolParser$FileControlParagraphContext,fileControlParagraph,try-catch,RecognitionException,custom,,
src/main/java/org/openrewrite/mainframe/cobol/internal/grammar/CobolParser.java,org.openrewrite.mainframe.cobol.internal.grammar.CobolParser$FileControlEntryContext,fileControlEntry,throws-declaration,RecognitionException,propagate,,
src/main/java/org/openrewrite/mainframe/cobol/internal/grammar/CobolParser.java,org.openrewrite.mainframe.cobol.internal.grammar.CobolParser$FileControlEntryContext,fileControlEntry,try-catch,RecognitionException,custom,,
src/main/java/org/openrewrite/mainframe/cobol/internal/grammar/CobolParser.java,org.openrewrite.mainframe.cobol.internal.grammar.CobolParser$SelectClauseContext,selectClause,throws-declaration,RecognitionException,propagate,,
src/main/java/org/openrewrite/mainframe/cobol/internal/grammar/CobolParser.java,org.openrewrite.mainframe.cobol.internal.grammar.CobolParser$SelectClauseContext,selectClause,try-catch,RecognitionException,custom,,
src/main/java/org/openrewrite/mainframe/cobol/internal/grammar/CobolParser.java,org.openrewrite.mainframe.cobol.internal.grammar.CobolParser$FileControlClauseContext,fileControlClause,throws-declaration,RecognitionException,propagate,,
src/main/java/org/openrewrite/mainframe/cobol/internal/grammar/CobolParser.java,org.openrewrite.mainframe.cobol.internal.grammar.CobolParser$FileControlClauseContext,fileControlClause,try-catch,RecognitionException,custom,,
src/main/java/org/openrewrite/mainframe/cobol/internal/grammar/CobolParser.java,org.openrewrite.mainframe.cobol.internal.grammar.CobolParser$AssignClauseContext,assignClause,throws-declaration,RecognitionException,propagate,,
src/main/java/org/openrewrite/mainframe/cobol/internal/grammar/CobolParser.java,org.openrewrite.mainframe.cobol.internal.grammar.CobolParser$AssignClauseContext,assignClause,try-catch,RecognitionException,custom,,
src/main/java/org/openrewrite/mainframe/cobol/internal/grammar/CobolParser.java,org.openrewrite.mainframe.cobol.internal.grammar.CobolParser$ReserveClauseContext,reserveClause,throws-declaration,RecognitionException,propagate,,
src/main/java/org/openrewrite/mainframe/cobol/internal/grammar/CobolParser.java,org.openrewrite.mainframe.cobol.internal.grammar.CobolParser$ReserveClauseContext,reserveClause,try-catch,RecognitionException,custom,,
src/main/java/org/openrewrite/mainframe/cobol/internal/grammar/CobolParser.java,org.openrewrite.mainframe.cobol.internal.grammar.CobolParser$OrganizationClauseContext,organizationClause,throws-declaration,RecognitionException,propagate,,
src/main/java/org/openrewrite/mainframe/cobol/internal/grammar/CobolParser.java,org.openrewrite.mainframe.cobol.internal.grammar.CobolParser$OrganizationClauseContext,organizationClause,try-catch,RecognitionException,custom,,
src/main/java/org/openrewrite/mainframe/cobol/internal/grammar/CobolParser.java,org.openrewrite.mainframe.cobol.internal.grammar.CobolParser$PaddingCharacterClauseContext,paddingCharacterClause,throws-declaration,RecognitionException,propagate,,
src/main/java/org/openrewrite/mainframe/cobol/internal/grammar/CobolParser.java,org.openrewrite.mainframe.cobol.internal.grammar.CobolParser$PaddingCharacterClauseContext,paddingCharacterClause,try-catch,RecognitionException,custom,,
src/main/java/org/openrewrite/mainframe/cobol/internal/grammar/CobolParser.java,org.openrewrite.mainframe.cobol.internal.grammar.CobolParser$RecordDelimiterClauseContext,recordDelimiterClause,throws-declaration,RecognitionException,propagate,,
src/main/java/org/openrewrite/mainframe/cobol/internal/grammar/CobolParser.java,org.openrewrite.mainframe.cobol.internal.grammar.CobolParser$RecordDelimiterClauseContext,recordDelimiterClause,try-catch,RecognitionException,custom,,
src/main/java/org/openrewrite/mainframe/cobol/internal/grammar/CobolParser.java,org.openrewrite.mainframe.cobol.internal.grammar.CobolParser$AccessModeClauseContext,accessModeClause,throws-declaration,RecognitionException,propagate,,
src/main/java/org/openrewrite/mainframe/cobol/internal/grammar/CobolParser.java,org.openrewrite.mainframe.cobol.internal.grammar.CobolParser$AccessModeClauseContext,accessModeClause,try-catch,RecognitionException,custom,,
src/main/java/org/openrewrite/mainframe/cobol/internal/grammar/CobolParser.java,org.openrewrite.mainframe.cobol.internal.grammar.CobolParser$RecordKeyClauseContext,recordKeyClause,throws-declaration,RecognitionException,propagate,,
src/main/java/org/openrewrite/mainframe/cobol/internal/grammar/CobolParser.java,org.openrewrite.mainframe.cobol.internal.grammar.CobolParser$RecordKeyClauseContext,recordKeyClause,try-catch,RecognitionException,custom,,
src/main/java/org/openrewrite/mainframe/cobol/internal/grammar/CobolParser.java,org.openrewrite.mainframe.cobol.internal.grammar.CobolParser$AlternateRecordKeyClauseContext,alternateRecordKeyClause,throws-declaration,RecognitionException,propagate,,
src/main/java/org/openrewrite/mainframe/cobol/internal/grammar/CobolParser.java,org.openrewrite.mainframe.cobol.internal.grammar.CobolParser$AlternateRecordKeyClauseContext,alternateRecordKeyClause,try-catch,RecognitionException,custom,,
src/main/java/org/openrewrite/mainframe/cobol/internal/grammar/CobolParser.java,org.openrewrite.mainframe.cobol.internal.grammar.CobolParser$PasswordClauseContext,passwordClause,throws-declaration,RecognitionException,propagate,,
src/main/java/org/openrewrite/mainframe/cobol/internal/grammar/CobolParser.java,org.openrewrite.mainframe.cobol.internal.grammar.CobolParser$PasswordClauseContext,passwordClause,try-catch,RecognitionException,custom,,
src/main/java/org/openrewrite/mainframe/cobol/internal/grammar/CobolParser.java,org.openrewrite.mainframe.cobol.internal.grammar.CobolParser$FileStatusClauseContext,fileStatusClause,throws-declaration,RecognitionException,propagate,,
src/main/java/org/openrewrite/mainframe/cobol/internal/grammar/CobolParser.java,org.openrewrite.mainframe.cobol.internal.grammar.CobolParser$FileStatusClauseContext,fileStatusClause,try-catch,RecognitionException,custom,,
src/main/java/org/openrewrite/mainframe/cobol/internal/grammar/CobolParser.java,org.openrewrite.mainframe.cobol.internal.grammar.CobolParser$RelativeKeyClauseContext,relativeKeyClause,throws-declaration,RecognitionException,propagate,,
src/main/java/org/openrewrite/mainframe/cobol/internal/grammar/CobolParser.java,org.openrewrite.mainframe.cobol.internal.grammar.CobolParser$RelativeKeyClauseContext,relativeKeyClause,try-catch,RecognitionException,custom,,
src/main/java/org/openrewrite/mainframe/cobol/internal/grammar/CobolParser.java,org.openrewrite.mainframe.cobol.internal.grammar.CobolParser$IoControlParagraphContext,ioControlParagraph,throws-declaration,RecognitionException,propagate,,
src/main/java/org/openrewrite/mainframe/cobol/internal/grammar/CobolParser.java,org.openrewrite.mainframe.cobol.internal.grammar.CobolParser$IoControlParagraphContext,ioControlParagraph,try-catch,RecognitionException,custom,,
src/main/java/org/openrewrite/mainframe/cobol/internal/grammar/CobolParser.java,org.openrewrite.mainframe.cobol.internal.grammar.CobolParser$IoControlClauseContext,ioControlClause,throws-declaration,RecognitionException,propagate,,
src/main/java/org/openrewrite/mainframe/cobol/internal/grammar/CobolParser.java,org.openrewrite.mainframe.cobol.internal.grammar.CobolParser$IoControlClauseContext,ioControlClause,try-catch,RecognitionException,custom,,
src/main/java/org/openrewrite/mainframe/cobol/internal/grammar/CobolParser.java,org.openrewrite.mainframe.cobol.internal.grammar.CobolParser$RerunClauseContext,rerunClause,throws-declaration,RecognitionException,propagate,,
src/main/java/org/openrewrite/mainframe/cobol/internal/grammar/CobolParser.java,org.openrewrite.mainframe.cobol.internal.grammar.CobolParser$RerunClauseContext,rerunClause,try-catch,RecognitionException,custom,,
src/main/java/org/openrewrite/mainframe/cobol/internal/grammar/CobolParser.java,org.openrewrite.mainframe.cobol.internal.grammar.CobolParser$RerunEveryRecordsContext,rerunEveryRecords,throws-declaration,RecognitionException,propagate,,
src/main/java/org/openrewrite/mainframe/cobol/internal/grammar/CobolParser.java,org.openrewrite.mainframe.cobol.internal.grammar.CobolParser$RerunEveryRecordsContext,rerunEveryRecords,try-catch,RecognitionException,custom,,
src/main/java/org/openrewrite/mainframe/cobol/internal/grammar/CobolParser.java,org.openrewrite.mainframe.cobol.internal.grammar.CobolParser$RerunEveryOfContext,rerunEveryOf,throws-declaration,RecognitionException,propagate,,
src/main/java/org/openrewrite/mainframe/cobol/internal/grammar/CobolParser.java,org.openrewrite.mainframe.cobol.internal.grammar.CobolParser$RerunEveryOfContext,rerunEveryOf,try-catch,RecognitionException,custom,,
src/main/java/org/openrewrite/mainframe/cobol/internal/grammar/CobolParser.java,org.openrewrite.mainframe.cobol.internal.grammar.CobolParser$RerunEveryClockContext,rerunEveryClock,throws-declaration,RecognitionException,propagate,,
src/main/java/org/openrewrite/mainframe/cobol/internal/grammar/CobolParser.java,org.openrewrite.mainframe.cobol.internal.grammar.CobolParser$RerunEveryClockContext,rerunEveryClock,try-catch,RecognitionException,custom,,
src/main/java/org/openrewrite/mainframe/cobol/internal/grammar/CobolParser.java,org.openrewrite.mainframe.cobol.internal.grammar.CobolParser$SameClauseContext,sameClause,throws-declaration,RecognitionException,propagate,,
src/main/java/org/openrewrite/mainframe/cobol/internal/grammar/CobolParser.java,org.openrewrite.mainframe.cobol.internal.grammar.CobolParser$SameClauseContext,sameClause,try-catch,RecognitionException,custom,,
src/main/java/org/openrewrite/mainframe/cobol/internal/grammar/CobolParser.java,org.openrewrite.mainframe.cobol.internal.grammar.CobolParser$MultipleFileClauseContext,multipleFileClause,throws-declaration,RecognitionException,propagate,,
src/main/java/org/openrewrite/mainframe/cobol/internal/grammar/CobolParser.java,org.openrewrite.mainframe.cobol.internal.grammar.CobolParser$MultipleFileClauseContext,multipleFileClause,try-catch,RecognitionException,custom,,
src/main/java/org/openrewrite/mainframe/cobol/internal/grammar/CobolParser.java,org.openrewrite.mainframe.cobol.internal.grammar.CobolParser$MultipleFilePositionContext,multipleFilePosition,throws-declaration,RecognitionException,propagate,,
src/main/java/org/openrewrite/mainframe/cobol/internal/grammar/CobolParser.java,org.openrewrite.mainframe.cobol.internal.grammar.CobolParser$MultipleFilePositionContext,multipleFilePosition,try-catch,RecognitionException,custom,,
src/main/java/org/openrewrite/mainframe/cobol/internal/grammar/CobolParser.java,org.openrewrite.mainframe.cobol.internal.grammar.CobolParser$CommitmentControlClauseContext,commitmentControlClause,throws-declaration,RecognitionException,propagate,,
src/main/java/org/openrewrite/mainframe/cobol/internal/grammar/CobolParser.java,org.openrewrite.mainframe.cobol.internal.grammar.CobolParser$CommitmentControlClauseContext,commitmentControlClause,try-catch,RecognitionException,custom,,
src/main/java/org/openrewrite/mainframe/cobol/internal/grammar/CobolParser.java,org.openrewrite.mainframe.cobol.internal.grammar.CobolParser$DataDivisionContext,dataDivision,throws-declaration,RecognitionException,propagate,,
src/main/java/org/openrewrite/mainframe/cobol/internal/grammar/CobolParser.java,org.openrewrite.mainframe.cobol.internal.grammar.CobolParser$DataDivisionContext,dataDivision,try-catch,RecognitionException,custom,,
src/main/java/org/openrewrite/mainframe/cobol/internal/grammar/CobolParser.java,org.openrewrite.mainframe.cobol.internal.grammar.CobolParser$DataDivisionSectionContext,dataDivisionSection,throws-declaration,RecognitionException,propagate,,
src/main/java/org/openrewrite/mainframe/cobol/internal/grammar/CobolParser.java,org.openrewrite.mainframe.cobol.internal.grammar.CobolParser$DataDivisionSectionContext,dataDivisionSection,try-catch,RecognitionException,custom,,
src/main/java/org/openrewrite/mainframe/cobol/internal/grammar/CobolParser.java,org.openrewrite.mainframe.cobol.internal.grammar.CobolParser$FileSectionContext,fileSection,throws-declaration,RecognitionException,propagate,,
src/main/java/org/openrewrite/mainframe/cobol/internal/grammar/CobolParser.java,org.openrewrite.mainframe.cobol.internal.grammar.CobolParser$FileSectionContext,fileSection,try-catch,RecognitionException,custom,,
src/main/java/org/openrewrite/mainframe/cobol/internal/grammar/CobolParser.java,org.openrewrite.mainframe.cobol.internal.grammar.CobolParser$FileDescriptionEntryContext,fileDescriptionEntry,throws-declaration,RecognitionException,propagate,,
src/main/java/org/openrewrite/mainframe/cobol/internal/grammar/CobolParser.java,org.openrewrite.mainframe.cobol.internal.grammar.CobolParser$FileDescriptionEntryContext,fileDescriptionEntry,try-catch,RecognitionException,custom,,
src/main/java/org/openrewrite/mainframe/cobol/internal/grammar/CobolParser.java,org.openrewrite.mainframe.cobol.internal.grammar.CobolParser$FileDescriptionEntryClauseContext,fileDescriptionEntryClause,throws-declaration,RecognitionException,propagate,,
src/main/java/org/openrewrite/mainframe/cobol/internal/grammar/CobolParser.java,org.openrewrite.mainframe.cobol.internal.grammar.CobolParser$FileDescriptionEntryClauseContext,fileDescriptionEntryClause,try-catch,RecognitionException,custom,,
src/main/java/org/openrewrite/mainframe/cobol/internal/grammar/CobolParser.java,org.openrewrite.mainframe.cobol.internal.grammar.CobolParser$ExternalClauseContext,externalClause,throws-declaration,RecognitionException,propagate,,
src/main/java/org/openrewrite/mainframe/cobol/internal/grammar/CobolParser.java,org.openrewrite.mainframe.cobol.internal.grammar.CobolParser$ExternalClauseContext,externalClause,try-catch,RecognitionException,custom,,
src/main/java/org/openrewrite/mainframe/cobol/internal/grammar/CobolParser.java,org.openrewrite.mainframe.cobol.internal.grammar.CobolParser$GlobalClauseContext,globalClause,throws-declaration,RecognitionException,propagate,,
src/main/java/org/openrewrite/mainframe/cobol/internal/grammar/CobolParser.java,org.openrewrite.mainframe.cobol.internal.grammar.CobolParser$GlobalClauseContext,globalClause,try-catch,RecognitionException,custom,,
src/main/java/org/openrewrite/mainframe/cobol/internal/grammar/CobolParser.java,org.openrewrite.mainframe.cobol.internal.grammar.CobolParser$BlockContainsClauseContext,blockContainsClause,throws-declaration,RecognitionException,propagate,,
src/main/java/org/openrewrite/mainframe/cobol/internal/grammar/CobolParser.java,org.openrewrite.mainframe.cobol.internal.grammar.CobolParser$BlockContainsClauseContext,blockContainsClause,try-catch,RecognitionException,custom,,
src/main/java/org/openrewrite/mainframe/cobol/internal/grammar/CobolParser.java,org.openrewrite.mainframe.cobol.internal.grammar.CobolParser$BlockContainsToContext,blockContainsTo,throws-declaration,RecognitionException,propagate,,
src/main/java/org/openrewrite/mainframe/cobol/internal/grammar/CobolParser.java,org.openrewrite.mainframe.cobol.internal.grammar.CobolParser$BlockContainsToContext,blockContainsTo,try-catch,RecognitionException,custom,,
src/main/java/org/openrewrite/mainframe/cobol/internal/grammar/CobolParser.java,org.openrewrite.mainframe.cobol.internal.grammar.CobolParser$RecordContainsClauseContext,recordContainsClause,throws-declaration,RecognitionException,propagate,,
src/main/java/org/openrewrite/mainframe/cobol/internal/grammar/CobolParser.java,org.openrewrite.mainframe.cobol.internal.grammar.CobolParser$RecordContainsClauseContext,recordContainsClause,try-catch,RecognitionException,custom,,
src/main/java/org/openrewrite/mainframe/cobol/internal/grammar/CobolParser.java,org.openrewrite.mainframe.cobol.internal.grammar.CobolParser$RecordContainsClauseFormat1Context,recordContainsClauseFormat1,throws-declaration,RecognitionException,propagate,,
src/main/java/org/openrewrite/mainframe/cobol/internal/grammar/CobolParser.java,org.openrewrite.mainframe.cobol.internal.grammar.CobolParser$RecordContainsClauseFormat1Context,recordContainsClauseFormat1,try-catch,RecognitionException,custom,,
src/main/java/org/openrewrite/mainframe/cobol/internal/grammar/CobolParser.java,org.openrewrite.mainframe.cobol.internal.grammar.CobolParser$RecordContainsClauseFormat2Context,recordContainsClauseFormat2,throws-declaration,RecognitionException,propagate,,
src/main/java/org/openrewrite/mainframe/cobol/internal/grammar/CobolParser.java,org.openrewrite.mainframe.cobol.internal.grammar.CobolParser$RecordContainsClauseFormat2Context,recordContainsClauseFormat2,try-catch,RecognitionException,custom,,
src/main/java/org/openrewrite/mainframe/cobol/internal/grammar/CobolParser.java,org.openrewrite.mainframe.cobol.internal.grammar.CobolParser$RecordContainsClauseFormat3Context,recordContainsClauseFormat3,throws-declaration,RecognitionException,propagate,,
src/main/java/org/openrewrite/mainframe/cobol/internal/grammar/CobolParser.java,org.openrewrite.mainframe.cobol.internal.grammar.CobolParser$RecordContainsClauseFormat3Context,recordContainsClauseFormat3,try-catch,RecognitionException,custom,,
src/main/java/org/openrewrite/mainframe/cobol/internal/grammar/CobolParser.java,org.openrewrite.mainframe.cobol.internal.grammar.CobolParser$RecordContainsToContext,recordContainsTo,throws-declaration,RecognitionException,propagate,,
src/main/java/org/openrewrite/mainframe/cobol/internal/grammar/CobolParser.java,org.openrewrite.mainframe.cobol.internal.grammar.CobolParser$RecordContainsToContext,recordContainsTo,try-catch,RecognitionException,custom,,
src/main/java/org/openrewrite/mainframe/cobol/internal/grammar/CobolParser.java,org.openrewrite.mainframe.cobol.internal.grammar.CobolParser$LabelRecordsClauseContext,labelRecordsClause,throws-declaration,RecognitionException,propagate,,
src/main/java/org/openrewrite/mainframe/cobol/internal/grammar/CobolParser.java,org.openrewrite.mainframe.cobol.internal.grammar.CobolParser$LabelRecordsClauseContext,labelRecordsClause,try-catch,RecognitionException,custom,,
src/main/java/org/openrewrite/mainframe/cobol/internal/grammar/CobolParser.java,org.openrewrite.mainframe.cobol.internal.grammar.CobolParser$ValueOfClauseContext,valueOfClause,throws-declaration,RecognitionException,propagate,,
src/main/java/org/openrewrite/mainframe/cobol/internal/grammar/CobolParser.java,org.openrewrite.mainframe.cobol.internal.grammar.CobolParser$ValueOfClauseContext,valueOfClause,try-catch,RecognitionException,custom,,
src/main/java/org/openrewrite/mainframe/cobol/internal/grammar/CobolParser.java,org.openrewrite.mainframe.cobol.internal.grammar.CobolParser$ValuePairContext,valuePair,throws-declaration,RecognitionException,propagate,,
src/main/java/org/openrewrite/mainframe/cobol/internal/grammar/CobolParser.java,org.openrewrite.mainframe.cobol.internal.grammar.CobolParser$ValuePairContext,valuePair,try-catch,RecognitionException,custom,,
src/main/java/org/openrewrite/mainframe/cobol/internal/grammar/CobolParser.java,org.openrewrite.mainframe.cobol.internal.grammar.CobolParser$DataRecordsClauseContext,dataRecordsClause,throws-declaration,RecognitionException,propagate,,
src/main/java/org/openrewrite/mainframe/cobol/internal/grammar/CobolParser.java,org.openrewrite.mainframe.cobol.internal.grammar.CobolParser$DataRecordsClauseContext,dataRecordsClause,try-catch,RecognitionException,custom,,
src/main/java/org/openrewrite/mainframe/cobol/internal/grammar/CobolParser.java,org.openrewrite.mainframe.cobol.internal.grammar.CobolParser$LinageClauseContext,linageClause,throws-declaration,RecognitionException,propagate,,
src/main/java/org/openrewrite/mainframe/cobol/internal/grammar/CobolParser.java,org.openrewrite.mainframe.cobol.internal.grammar.CobolParser$LinageClauseContext,linageClause,try-catch,RecognitionException,custom,,
src/main/java/org/openrewrite/mainframe/cobol/internal/grammar/CobolParser.java,org.openrewrite.mainframe.cobol.internal.grammar.CobolParser$LinageAtContext,linageAt,throws-declaration,RecognitionException,propagate,,
src/main/java/org/openrewrite/mainframe/cobol/internal/grammar/CobolParser.java,org.openrewrite.mainframe.cobol.internal.grammar.CobolParser$LinageAtContext,linageAt,try-catch,RecognitionException,custom,,
src/main/java/org/openrewrite/mainframe/cobol/internal/grammar/CobolParser.java,org.openrewrite.mainframe.cobol.internal.grammar.CobolParser$LinageFootingAtContext,linageFootingAt,throws-declaration,RecognitionException,propagate,,
src/main/java/org/openrewrite/mainframe/cobol/internal/grammar/CobolParser.java,org.openrewrite.mainframe.cobol.internal.grammar.CobolParser$LinageFootingAtContext,linageFootingAt,try-catch,RecognitionException,custom,,
src/main/java/org/openrewrite/mainframe/cobol/internal/grammar/CobolParser.java,org.openrewrite.mainframe.cobol.internal.grammar.CobolParser$LinageLinesAtTopContext,linageLinesAtTop,throws-declaration,RecognitionException,propagate,,
src/main/java/org/openrewrite/mainframe/cobol/internal/grammar/CobolParser.java,org.openrewrite.mainframe.cobol.internal.grammar.CobolParser$LinageLinesAtTopContext,linageLinesAtTop,try-catch,RecognitionException,custom,,
src/main/java/org/openrewrite/mainframe/cobol/internal/grammar/CobolParser.java,org.openrewrite.mainframe.cobol.internal.grammar.CobolParser$LinageLinesAtBottomContext,linageLinesAtBottom,throws-declaration,RecognitionException,propagate,,
src/main/java/org/openrewrite/mainframe/cobol/internal/grammar/CobolParser.java,org.openrewrite.mainframe.cobol.internal.grammar.CobolParser$LinageLinesAtBottomContext,linageLinesAtBottom,try-catch,RecognitionException,custom,,
src/main/java/org/openrewrite/mainframe/cobol/internal/grammar/CobolParser.java,org.openrewrite.mainframe.cobol.internal.grammar.CobolParser$RecordingModeClauseContext,recordingModeClause,throws-declaration,RecognitionException,propagate,,
src/main/java/org/openrewrite/mainframe/cobol/internal/grammar/CobolParser.java,org.openrewrite.mainframe.cobol.internal.grammar.CobolParser$RecordingModeClauseContext,recordingModeClause,try-catch,RecognitionException,custom,,
src/main/java/org/openrewrite/mainframe/cobol/internal/grammar/CobolParser.java,org.openrewrite.mainframe.cobol.internal.grammar.CobolParser$ModeStatementContext,modeStatement,throws-declaration,RecognitionException,propagate,,
src/main/java/org/openrewrite/mainframe/cobol/internal/grammar/CobolParser.java,org.openrewrite.mainframe.cobol.internal.grammar.CobolParser$ModeStatementContext,modeStatement,try-catch,RecognitionException,custom,,
src/main/java/org/openrewrite/mainframe/cobol/internal/grammar/CobolParser.java,org.openrewrite.mainframe.cobol.internal.grammar.CobolParser$CodeSetClauseContext,codeSetClause,throws-declaration,RecognitionException,propagate,,
src/main/java/org/openrewrite/mainframe/cobol/internal/grammar/CobolParser.java,org.openrewrite.mainframe.cobol.internal.grammar.CobolParser$CodeSetClauseContext,codeSetClause,try-catch,RecognitionException,custom,,
src/main/java/org/openrewrite/mainframe/cobol/internal/grammar/CobolParser.java,org.openrewrite.mainframe.cobol.internal.grammar.CobolParser$ReportClauseContext,reportClause,throws-declaration,RecognitionException,propagate,,
src/main/java/org/openrewrite/mainframe/cobol/internal/grammar/CobolParser.java,org.openrewrite.mainframe.cobol.internal.grammar.CobolParser$ReportClauseContext,reportClause,try-catch,RecognitionException,custom,,
src/main/java/org/openrewrite/mainframe/cobol/internal/grammar/CobolParser.java,org.openrewrite.mainframe.cobol.internal.grammar.CobolParser$DataBaseSectionContext,dataBaseSection,throws-declaration,RecognitionException,propagate,,
src/main/java/org/openrewrite/mainframe/cobol/internal/grammar/CobolParser.java,org.openrewrite.mainframe.cobol.internal.grammar.CobolParser$DataBaseSectionContext,dataBaseSection,try-catch,RecognitionException,custom,,
src/main/java/org/openrewrite/mainframe/cobol/internal/grammar/CobolParser.java,org.openrewrite.mainframe.cobol.internal.grammar.CobolParser$DataBaseSectionEntryContext,dataBaseSectionEntry,throws-declaration,RecognitionException,propagate,,
src/main/java/org/openrewrite/mainframe/cobol/internal/grammar/CobolParser.java,org.openrewrite.mainframe.cobol.internal.grammar.CobolParser$DataBaseSectionEntryContext,dataBaseSectionEntry,try-catch,RecognitionException,custom,,
src/main/java/org/openrewrite/mainframe/cobol/internal/grammar/CobolParser.java,org.openrewrite.mainframe.cobol.internal.grammar.CobolParser$WorkingStorageSectionContext,workingStorageSection,throws-declaration,RecognitionException,propagate,,
src/main/java/org/openrewrite/mainframe/cobol/internal/grammar/CobolParser.java,org.openrewrite.mainframe.cobol.internal.grammar.CobolParser$WorkingStorageSectionContext,workingStorageSection,try-catch,RecognitionException,custom,,
src/main/java/org/openrewrite/mainframe/cobol/internal/grammar/CobolParser.java,org.openrewrite.mainframe.cobol.internal.grammar.CobolParser$LinkageSectionContext,linkageSection,throws-declaration,RecognitionException,propagate,,
src/main/java/org/openrewrite/mainframe/cobol/internal/grammar/CobolParser.java,org.openrewrite.mainframe.cobol.internal.grammar.CobolParser$LinkageSectionContext,linkageSection,try-catch,RecognitionException,custom,,
src/main/java/org/openrewrite/mainframe/cobol/internal/grammar/CobolParser.java,org.openrewrite.mainframe.cobol.internal.grammar.CobolParser$CommunicationSectionContext,communicationSection,throws-declaration,RecognitionException,propagate,,
src/main/java/org/openrewrite/mainframe/cobol/internal/grammar/CobolParser.java,org.openrewrite.mainframe.cobol.internal.grammar.CobolParser$CommunicationSectionContext,communicationSection,try-catch,RecognitionException,custom,,
src/main/java/org/openrewrite/mainframe/cobol/internal/grammar/CobolParser.java,org.openrewrite.mainframe.cobol.internal.grammar.CobolParser$CommunicationDescriptionEntryContext,communicationDescriptionEntry,throws-declaration,RecognitionException,propagate,,
src/main/java/org/openrewrite/mainframe/cobol/internal/grammar/CobolParser.java,org.openrewrite.mainframe.cobol.internal.grammar.CobolParser$CommunicationDescriptionEntryContext,communicationDescriptionEntry,try-catch,RecognitionException,custom,,
src/main/java/org/openrewrite/mainframe/cobol/internal/grammar/CobolParser.java,org.openrewrite.mainframe.cobol.internal.grammar.CobolParser$CommunicationDescriptionEntryFormat1Context,communicationDescriptionEntryFormat1,throws-declaration,RecognitionException,propagate,,
src/main/java/org/openrewrite/mainframe/cobol/internal/grammar/CobolParser.java,org.openrewrite.mainframe.cobol.internal.grammar.CobolParser$CommunicationDescriptionEntryFormat1Context,communicationDescriptionEntryFormat1,try-catch,RecognitionException,custom,,
src/main/java/org/openrewrite/mainframe/cobol/internal/grammar/CobolParser.java,org.openrewrite.mainframe.cobol.internal.grammar.CobolParser$CommunicationDescriptionEntryFormat2Context,communicationDescriptionEntryFormat2,throws-declaration,RecognitionException,propagate,,
src/main/java/org/openrewrite/mainframe/cobol/internal/grammar/CobolParser.java,org.openrewrite.mainframe.cobol.internal.grammar.CobolParser$CommunicationDescriptionEntryFormat2Context,communicationDescriptionEntryFormat2,try-catch,RecognitionException,custom,,
src/main/java/org/openrewrite/mainframe/cobol/internal/grammar/CobolParser.java,org.openrewrite.mainframe.cobol.internal.grammar.CobolParser$CommunicationDescriptionEntryFormat3Context,communicationDescriptionEntryFormat3,throws-declaration,RecognitionException,propagate,,
src/main/java/org/openrewrite/mainframe/cobol/internal/grammar/CobolParser.java,org.openrewrite.mainframe.cobol.internal.grammar.CobolParser$CommunicationDescriptionEntryFormat3Context,communicationDescriptionEntryFormat3,try-catch,RecognitionException,custom,,
src/main/java/org/openrewrite/mainframe/cobol/internal/grammar/CobolParser.java,org.openrewrite.mainframe.cobol.internal.grammar.CobolParser$DestinationCountClauseContext,destinationCountClause,throws-declaration,RecognitionException,propagate,,
src/main/java/org/openrewrite/mainframe/cobol/internal/grammar/CobolParser.java,org.openrewrite.mainframe.cobol.internal.grammar.CobolParser$DestinationCountClauseContext,destinationCountClause,try-catch,RecognitionException,custom,,
src/main/java/org/openrewrite/mainframe/cobol/internal/grammar/CobolParser.java,org.openrewrite.mainframe.cobol.internal.grammar.CobolParser$DestinationTableClauseContext,destinationTableClause,throws-declaration,RecognitionException,propagate,,
src/main/java/org/openrewrite/mainframe/cobol/internal/grammar/CobolParser.java,org.openrewrite.mainframe.cobol.internal.grammar.CobolParser$DestinationTableClauseContext,destinationTableClause,try-catch,RecognitionException,custom,,
src/main/java/org/openrewrite/mainframe/cobol/internal/grammar/CobolParser.java,org.openrewrite.mainframe.cobol.internal.grammar.CobolParser$EndKeyClauseContext,endKeyClause,throws-declaration,RecognitionException,propagate,,
src/main/java/org/openrewrite/mainframe/cobol/internal/grammar/CobolParser.java,org.openrewrite.mainframe.cobol.internal.grammar.CobolParser$EndKeyClauseContext,endKeyClause,try-catch,RecognitionException,custom,,
src/main/java/org/openrewrite/mainframe/cobol/internal/grammar/CobolParser.java,org.openrewrite.mainframe.cobol.internal.grammar.CobolParser$ErrorKeyClauseContext,errorKeyClause,throws-declaration,RecognitionException,propagate,,
src/main/java/org/openrewrite/mainframe/cobol/internal/grammar/CobolParser.java,org.openrewrite.mainframe.cobol.internal.grammar.CobolParser$ErrorKeyClauseContext,errorKeyClause,try-catch,RecognitionException,custom,,
src/main/java/org/openrewrite/mainframe/cobol/internal/grammar/CobolParser.java,org.openrewrite.mainframe.cobol.internal.grammar.CobolParser$MessageCountClauseContext,messageCountClause,throws-declaration,RecognitionException,propagate,,
src/main/java/org/openrewrite/mainframe/cobol/internal/grammar/CobolParser.java,org.openrewrite.mainframe.cobol.internal.grammar.CobolParser$MessageCountClauseContext,messageCountClause,try-catch,RecognitionException,custom,,
src/main/java/org/openrewrite/mainframe/cobol/internal/grammar/CobolParser.java,org.openrewrite.mainframe.cobol.internal.grammar.CobolParser$MessageDateClauseContext,messageDateClause,throws-declaration,RecognitionException,propagate,,
src/main/java/org/openrewrite/mainframe/cobol/internal/grammar/CobolParser.java,org.openrewrite.mainframe.cobol.internal.grammar.CobolParser$MessageDateClauseContext,messageDateClause,try-catch,RecognitionException,custom,,
src/main/java/org/openrewrite/mainframe/cobol/internal/grammar/CobolParser.java,org.openrewrite.mainframe.cobol.internal.grammar.CobolParser$MessageTimeClauseContext,messageTimeClause,throws-declaration,RecognitionException,propagate,,
src/main/java/org/openrewrite/mainframe/cobol/internal/grammar/CobolParser.java,org.openrewrite.mainframe.cobol.internal.grammar.CobolParser$MessageTimeClauseContext,messageTimeClause,try-catch,RecognitionException,custom,,
src/main/java/org/openrewrite/mainframe/cobol/internal/grammar/CobolParser.java,org.openrewrite.mainframe.cobol.internal.grammar.CobolParser$StatusKeyClauseContext,statusKeyClause,throws-declaration,RecognitionException,propagate,,
src/main/java/org/openrewrite/mainframe/cobol/internal/grammar/CobolParser.java,org.openrewrite.mainframe.cobol.internal.grammar.CobolParser$StatusKeyClauseContext,statusKeyClause,try-catch,RecognitionException,custom,,
src/main/java/org/openrewrite/mainframe/cobol/internal/grammar/CobolParser.java,org.openrewrite.mainframe.cobol.internal.grammar.CobolParser$SymbolicDestinationClauseContext,symbolicDestinationClause,throws-declaration,RecognitionException,propagate,,
src/main/java/org/openrewrite/mainframe/cobol/internal/grammar/CobolParser.java,org.openrewrite.mainframe.cobol.internal.grammar.CobolParser$SymbolicDestinationClauseContext,symbolicDestinationClause,try-catch,RecognitionException,custom,,
src/main/java/org/openrewrite/mainframe/cobol/internal/grammar/CobolParser.java,org.openrewrite.mainframe.cobol.internal.grammar.CobolParser$SymbolicQueueClauseContext,symbolicQueueClause,throws-declaration,RecognitionException,propagate,,
src/main/java/org/openrewrite/mainframe/cobol/internal/grammar/CobolParser.java,org.openrewrite.mainframe.cobol.internal.grammar.CobolParser$SymbolicQueueClauseContext,symbolicQueueClause,try-catch,RecognitionException,custom,,
src/main/java/org/openrewrite/mainframe/cobol/internal/grammar/CobolParser.java,org.openrewrite.mainframe.cobol.internal.grammar.CobolParser$SymbolicSourceClauseContext,symbolicSourceClause,throws-declaration,RecognitionException,propagate,,
src/main/java/org/openrewrite/mainframe/cobol/internal/grammar/CobolParser.java,org.openrewrite.mainframe.cobol.internal.grammar.CobolParser$SymbolicSourceClauseContext,symbolicSourceClause,try-catch,RecognitionException,custom,,
src/main/java/org/openrewrite/mainframe/cobol/internal/grammar/CobolParser.java,org.openrewrite.mainframe.cobol.internal.grammar.CobolParser$SymbolicTerminalClauseContext,symbolicTerminalClause,throws-declaration,RecognitionException,propagate,,
src/main/java/org/openrewrite/mainframe/cobol/internal/grammar/CobolParser.java,org.openrewrite.mainframe.cobol.internal.grammar.CobolParser$SymbolicTerminalClauseContext,symbolicTerminalClause,try-catch,RecognitionException,custom,,
src/main/java/org/openrewrite/mainframe/cobol/internal/grammar/CobolParser.java,org.openrewrite.mainframe.cobol.internal.grammar.CobolParser$SymbolicSubQueueClauseContext,symbolicSubQueueClause,throws-declaration,RecognitionException,propagate,,
src/main/java/org/openrewrite/mainframe/cobol/internal/grammar/CobolParser.java,org.openrewrite.mainframe.cobol.internal.grammar.CobolParser$SymbolicSubQueueClauseContext,symbolicSubQueueClause,try-catch,RecognitionException,custom,,
src/main/java/org/openrewrite/mainframe/cobol/internal/grammar/CobolParser.java,org.openrewrite.mainframe.cobol.internal.grammar.CobolParser$TextLengthClauseContext,textLengthClause,throws-declaration,RecognitionException,propagate,,
src/main/java/org/openrewrite/mainframe/cobol/internal/grammar/CobolParser.java,org.openrewrite.mainframe.cobol.internal.grammar.CobolParser$TextLengthClauseContext,textLengthClause,try-catch,RecognitionException,custom,,
src/main/java/org/openrewrite/mainframe/cobol/internal/grammar/CobolParser.java,org.openrewrite.mainframe.cobol.internal.grammar.CobolParser$LocalStorageSectionContext,localStorageSection,throws-declaration,RecognitionException,propagate,,
src/main/java/org/openrewrite/mainframe/cobol/internal/grammar/CobolParser.java,org.openrewrite.mainframe.cobol.internal.grammar.CobolParser$LocalStorageSectionContext,localStorageSection,try-catch,RecognitionException,custom,,
src/main/java/org/openrewrite/mainframe/cobol/internal/grammar/CobolParser.java,org.openrewrite.mainframe.cobol.internal.grammar.CobolParser$ScreenSectionContext,screenSection,throws-declaration,RecognitionException,propagate,,
src/main/java/org/openrewrite/mainframe/cobol/internal/grammar/CobolParser.java,org.openrewrite.mainframe.cobol.internal.grammar.CobolParser$ScreenSectionContext,screenSection,try-catch,RecognitionException,custom,,
src/main/java/org/openrewrite/mainframe/cobol/internal/grammar/CobolParser.java,org.openrewrite.mainframe.cobol.internal.grammar.CobolParser$ScreenDescriptionEntryContext,screenDescriptionEntry,throws-declaration,RecognitionException,propagate,,
src/main/java/org/openrewrite/mainframe/cobol/internal/grammar/CobolParser.java,org.openrewrite.mainframe.cobol.internal.grammar.CobolParser$ScreenDescriptionEntryContext,screenDescriptionEntry,try-catch,RecognitionException,custom,,
src/main/java/org/openrewrite/mainframe/cobol/internal/grammar/CobolParser.java,org.openrewrite.mainframe.cobol.internal.grammar.CobolParser$ScreenDescriptionBlankClauseContext,screenDescriptionBlankClause,throws-declaration,RecognitionException,propagate,,
src/main/java/org/openrewrite/mainframe/cobol/internal/grammar/CobolParser.java,org.openrewrite.mainframe.cobol.internal.grammar.CobolParser$ScreenDescriptionBlankClauseContext,screenDescriptionBlankClause,try-catch,RecognitionException,custom,,
src/main/java/org/openrewrite/mainframe/cobol/internal/grammar/CobolParser.java,org.openrewrite.mainframe.cobol.internal.grammar.CobolParser$ScreenDescriptionBellClauseContext,screenDescriptionBellClause,throws-declaration,RecognitionException,propagate,,
src/main/java/org/openrewrite/mainframe/cobol/internal/grammar/CobolParser.java,org.openrewrite.mainframe.cobol.internal.grammar.CobolParser$ScreenDescriptionBellClauseContext,screenDescriptionBellClause,try-catch,RecognitionException,custom,,
src/main/java/org/openrewrite/mainframe/cobol/internal/grammar/CobolParser.java,org.openrewrite.mainframe.cobol.internal.grammar.CobolParser$ScreenDescriptionBlinkClauseContext,screenDescriptionBlinkClause,throws-declaration,RecognitionException,propagate,,
src/main/java/org/openrewrite/mainframe/cobol/internal/grammar/CobolParser.java,org.openrewrite.mainframe.cobol.internal.grammar.CobolParser$ScreenDescriptionBlinkClauseContext,screenDescriptionBlinkClause,try-catch,RecognitionException,custom,,
src/main/java/org/openrewrite/mainframe/cobol/internal/grammar/CobolParser.java,org.openrewrite.mainframe.cobol.internal.grammar.CobolParser$ScreenDescriptionEraseClauseContext,screenDescriptionEraseClause,throws-declaration,RecognitionException,propagate,,
src/main/java/org/openrewrite/mainframe/cobol/internal/grammar/CobolParser.java,org.openrewrite.mainframe.cobol.internal.grammar.CobolParser$ScreenDescriptionEraseClauseContext,screenDescriptionEraseClause,try-catch,RecognitionException,custom,,
src/main/java/org/openrewrite/mainframe/cobol/internal/grammar/CobolParser.java,org.openrewrite.mainframe.cobol.internal.grammar.CobolParser$ScreenDescriptionLightClauseContext,screenDescriptionLightClause,throws-declaration,RecognitionException,propagate,,
src/main/java/org/openrewrite/mainframe/cobol/internal/grammar/CobolParser.java,org.openrewrite.mainframe.cobol.internal.grammar.CobolParser$ScreenDescriptionLightClauseContext,screenDescriptionLightClause,try-catch,RecognitionException,custom,,
src/main/java/org/openrewrite/mainframe/cobol/internal/grammar/CobolParser.java,org.openrewrite.mainframe.cobol.internal.grammar.CobolParser$ScreenDescriptionGridClauseContext,screenDescriptionGridClause,throws-declaration,RecognitionException,propagate,,
src/main/java/org/openrewrite/mainframe/cobol/internal/grammar/CobolParser.java,org.openrewrite.mainframe.cobol.internal.grammar.CobolParser$ScreenDescriptionGridClauseContext,screenDescriptionGridClause,try-catch,RecognitionException,custom,,
src/main/java/org/openrewrite/mainframe/cobol/internal/grammar/CobolParser.java,org.openrewrite.mainframe.cobol.internal.grammar.CobolParser$ScreenDescriptionReverseVideoClauseContext,screenDescriptionReverseVideoClause,throws-declaration,RecognitionException,propagate,,
src/main/java/org/openrewrite/mainframe/cobol/internal/grammar/CobolParser.java,org.openrewrite.mainframe.cobol.internal.grammar.CobolParser$ScreenDescriptionReverseVideoClauseContext,screenDescriptionReverseVideoClause,try-catch,RecognitionException,custom,,
src/main/java/org/openrewrite/mainframe/cobol/internal/grammar/CobolParser.java,org.openrewrite.mainframe.cobol.internal.grammar.CobolParser$ScreenDescriptionUnderlineClauseContext,screenDescriptionUnderlineClause,throws-declaration,RecognitionException,propagate,,
src/main/java/org/openrewrite/mainframe/cobol/internal/grammar/CobolParser.java,org.openrewrite.mainframe.cobol.internal.grammar.CobolParser$ScreenDescriptionUnderlineClauseContext,screenDescriptionUnderlineClause,try-catch,RecognitionException,custom,,
src/main/java/org/openrewrite/mainframe/cobol/internal/grammar/CobolParser.java,org.openrewrite.mainframe.cobol.internal.grammar.CobolParser$ScreenDescriptionSizeClauseContext,screenDescriptionSizeClause,throws-declaration,RecognitionException,propagate,,
src/main/java/org/openrewrite/mainframe/cobol/internal/grammar/CobolParser.java,org.openrewrite.mainframe.cobol.internal.grammar.CobolParser$ScreenDescriptionSizeClauseContext,screenDescriptionSizeClause,try-catch,RecognitionException,custom,,
src/main/java/org/openrewrite/mainframe/cobol/internal/grammar/CobolParser.java,org.openrewrite.mainframe.cobol.internal.grammar.CobolParser$ScreenDescriptionLineClauseContext,screenDescriptionLineClause,throws-declaration,RecognitionException,propagate,,
src/main/java/org/openrewrite/mainframe/cobol/internal/grammar/CobolParser.java,org.openrewrite.mainframe.cobol.internal.grammar.CobolParser$ScreenDescriptionLineClauseContext,screenDescriptionLineClause,try-catch,RecognitionException,custom,,
src/main/java/org/openrewrite/mainframe/cobol/internal/grammar/CobolParser.java,org.openrewrite.mainframe.cobol.internal.grammar.CobolParser$ScreenDescriptionColumnClauseContext,screenDescriptionColumnClause,throws-declaration,RecognitionException,propagate,,
src/main/java/org/openrewrite/mainframe/cobol/internal/grammar/CobolParser.java,org.openrewrite.mainframe.cobol.internal.grammar.CobolParser$ScreenDescriptionColumnClauseContext,screenDescriptionColumnClause,try-catch,RecognitionException,custom,,
src/main/java/org/openrewrite/mainframe/cobol/internal/grammar/CobolParser.java,org.openrewrite.mainframe.cobol.internal.grammar.CobolParser$ScreenDescriptionForegroundColorClauseContext,screenDescriptionForegroundColorClause,throws-declaration,RecognitionException,propagate,,
src/main/java/org/openrewrite/mainframe/cobol/internal/grammar/CobolParser.java,org.openrewrite.mainframe.cobol.internal.grammar.CobolParser$ScreenDescriptionForegroundColorClauseContext,screenDescriptionForegroundColorClause,try-catch,RecognitionException,custom,,
src/main/java/org/openrewrite/mainframe/cobol/internal/grammar/CobolParser.java,org.openrewrite.mainframe.cobol.internal.grammar.CobolParser$ScreenDescriptionBackgroundColorClauseContext,screenDescriptionBackgroundColorClause,throws-declaration,RecognitionException,propagate,,
src/main/java/org/openrewrite/mainframe/cobol/internal/grammar/CobolParser.java,org.openrewrite.mainframe.cobol.internal.grammar.CobolParser$ScreenDescriptionBackgroundColorClauseContext,screenDescriptionBackgroundColorClause,try-catch,RecognitionException,custom,,
src/main/java/org/openrewrite/mainframe/cobol/internal/grammar/CobolParser.java,org.openrewrite.mainframe.cobol.internal.grammar.CobolParser$ScreenDescriptionControlClauseContext,screenDescriptionControlClause,throws-declaration,RecognitionException,propagate,,
src/main/java/org/openrewrite/mainframe/cobol/internal/grammar/CobolParser.java,org.openrewrite.mainframe.cobol.internal.grammar.CobolParser$ScreenDescriptionControlClauseContext,screenDescriptionControlClause,try-catch,RecognitionException,custom,,
src/main/java/org/openrewrite/mainframe/cobol/internal/grammar/CobolParser.java,org.openrewrite.mainframe.cobol.internal.grammar.CobolParser$ScreenDescriptionValueClauseContext,screenDescriptionValueClause,throws-declaration,RecognitionException,propagate,,
src/main/java/org/openrewrite/mainframe/cobol/internal/grammar/CobolParser.java,org.openrewrite.mainframe.cobol.internal.grammar.CobolParser$ScreenDescriptionValueClauseContext,screenDescriptionValueClause,try-catch,RecognitionException,custom,,
src/main/java/org/openrewrite/mainframe/cobol/internal/grammar/CobolParser.java,org.openrewrite.mainframe.cobol.internal.grammar.CobolParser$ScreenDescriptionPictureClauseContext,screenDescriptionPictureClause,throws-declaration,RecognitionException,propagate,,
src/main/java/org/openrewrite/mainframe/cobol/internal/grammar/CobolParser.java,org.openrewrite.mainframe.cobol.internal.grammar.CobolParser$ScreenDescriptionPictureClauseContext,screenDescriptionPictureClause,try-catch,RecognitionException,custom,,
src/main/java/org/openrewrite/mainframe/cobol/internal/grammar/CobolParser.java,org.openrewrite.mainframe.cobol.internal.grammar.CobolParser$ScreenDescriptionFromClauseContext,screenDescriptionFromClause,throws-declaration,RecognitionException,propagate,,
src/main/java/org/openrewrite/mainframe/cobol/internal/grammar/CobolParser.java,org.openrewrite.mainframe.cobol.internal.grammar.CobolParser$ScreenDescriptionFromClauseContext,screenDescriptionFromClause,try-catch,RecognitionException,custom,,
src/main/java/org/openrewrite/mainframe/cobol/internal/grammar/CobolParser.java,org.openrewrite.mainframe.cobol.internal.grammar.CobolParser$ScreenDescriptionToClauseContext,screenDescriptionToClause,throws-declaration,RecognitionException,propagate,,
src/main/java/org/openrewrite/mainframe/cobol/internal/grammar/CobolParser.java,org.openrewrite.mainframe.cobol.internal.grammar.CobolParser$ScreenDescriptionToClauseContext,screenDescriptionToClause,try-catch,RecognitionException,custom,,
src/main/java/org/openrewrite/mainframe/cobol/internal/grammar/CobolParser.java,org.openrewrite.mainframe.cobol.internal.grammar.CobolParser$ScreenDescriptionUsingClauseContext,screenDescriptionUsingClause,throws-declaration,RecognitionException,propagate,,
src/main/java/org/openrewrite/mainframe/cobol/internal/grammar/CobolParser.java,org.openrewrite.mainframe.cobol.internal.grammar.CobolParser$ScreenDescriptionUsingClauseContext,screenDescriptionUsingClause,try-catch,RecognitionException,custom,,
src/main/java/org/openrewrite/mainframe/cobol/internal/grammar/CobolParser.java,org.openrewrite.mainframe.cobol.internal.grammar.CobolParser$ScreenDescriptionUsageClauseContext,screenDescriptionUsageClause,throws-declaration,RecognitionException,propagate,,
src/main/java/org/openrewrite/mainframe/cobol/internal/grammar/CobolParser.java,org.openrewrite.mainframe.cobol.internal.grammar.CobolParser$ScreenDescriptionUsageClauseContext,screenDescriptionUsageClause,try-catch,RecognitionException,custom,,
src/main/java/org/openrewrite/mainframe/cobol/internal/grammar/CobolParser.java,org.openrewrite.mainframe.cobol.internal.grammar.CobolParser$ScreenDescriptionBlankWhenZeroClauseContext,screenDescriptionBlankWhenZeroClause,throws-declaration,RecognitionException,propagate,,
src/main/java/org/openrewrite/mainframe/cobol/internal/grammar/CobolParser.java,org.openrewrite.mainframe.cobol.internal.grammar.CobolParser$ScreenDescriptionBlankWhenZeroClauseContext,screenDescriptionBlankWhenZeroClause,try-catch,RecognitionException,custom,,
src/main/java/org/openrewrite/mainframe/cobol/internal/grammar/CobolParser.java,org.openrewrite.mainframe.cobol.internal.grammar.CobolParser$ScreenDescriptionJustifiedClauseContext,screenDescriptionJustifiedClause,throws-declaration,RecognitionException,propagate,,
src/main/java/org/openrewrite/mainframe/cobol/internal/grammar/CobolParser.java,org.openrewrite.mainframe.cobol.internal.grammar.CobolParser$ScreenDescriptionJustifiedClauseContext,screenDescriptionJustifiedClause,try-catch,RecognitionException,custom,,
src/main/java/org/openrewrite/mainframe/cobol/internal/grammar/CobolParser.java,org.openrewrite.mainframe.cobol.internal.grammar.CobolParser$ScreenDescriptionSignClauseContext,screenDescriptionSignClause,throws-declaration,RecognitionException,propagate,,
src/main/java/org/openrewrite/mainframe/cobol/internal/grammar/CobolParser.java,org.openrewrite.mainframe.cobol.internal.grammar.CobolParser$ScreenDescriptionSignClauseContext,screenDescriptionSignClause,try-catch,RecognitionException,custom,,
src/main/java/org/openrewrite/mainframe/cobol/internal/grammar/CobolParser.java,org.openrewrite.mainframe.cobol.internal.grammar.CobolParser$ScreenDescriptionAutoClauseContext,screenDescriptionAutoClause,throws-declaration,RecognitionException,propagate,,
src/main/java/org/openrewrite/mainframe/cobol/internal/grammar/CobolParser.java,org.openrewrite.mainframe.cobol.internal.grammar.CobolParser$ScreenDescriptionAutoClauseContext,screenDescriptionAutoClause,try-catch,RecognitionException,custom,,
src/main/java/org/openrewrite/mainframe/cobol/internal/grammar/CobolParser.java,org.openrewrite.mainframe.cobol.internal.grammar.CobolParser$ScreenDescriptionSecureClauseContext,screenDescriptionSecureClause,throws-declaration,RecognitionException,propagate,,
src/main/java/org/openrewrite/mainframe/cobol/internal/grammar/CobolParser.java,org.openrewrite.mainframe.cobol.internal.grammar.CobolParser$ScreenDescriptionSecureClauseContext,screenDescriptionSecureClause,try-catch,RecognitionException,custom,,
src/main/java/org/openrewrite/mainframe/cobol/internal/grammar/CobolParser.java,org.openrewrite.mainframe.cobol.internal.grammar.CobolParser$ScreenDescriptionRequiredClauseContext,screenDescriptionRequiredClause,throws-declaration,RecognitionException,propagate,,
src/main/java/org/openrewrite/mainframe/cobol/internal/grammar/CobolParser.java,org.openrewrite.mainframe.cobol.internal.grammar.CobolParser$ScreenDescriptionRequiredClauseContext,screenDescriptionRequiredClause,try-catch,RecognitionException,custom,,
src/main/java/org/openrewrite/mainframe/cobol/internal/grammar/CobolParser.java,org.openrewrite.mainframe.cobol.internal.grammar.CobolParser$ScreenDescriptionPromptClauseContext,screenDescriptionPromptClause,throws-declaration,RecognitionException,propagate,,
src/main/java/org/openrewrite/mainframe/cobol/internal/grammar/CobolParser.java,org.openrewrite.mainframe.cobol.internal.grammar.CobolParser$ScreenDescriptionPromptClauseContext,screenDescriptionPromptClause,try-catch,RecognitionException,custom,,
src/main/java/org/openrewrite/mainframe/cobol/internal/grammar/CobolParser.java,org.openrewrite.mainframe.cobol.internal.grammar.CobolParser$ScreenDescriptionPromptOccursClauseContext,screenDescriptionPromptOccursClause,throws-declaration,RecognitionException,propagate,,
src/main/java/org/openrewrite/mainframe/cobol/internal/grammar/CobolParser.java,org.openrewrite.mainframe.cobol.internal.grammar.CobolParser$ScreenDescriptionPromptOccursClauseContext,screenDescriptionPromptOccursClause,try-catch,RecognitionException,custom,,
src/main/java/org/openrewrite/mainframe/cobol/internal/grammar/CobolParser.java,org.openrewrite.mainframe.cobol.internal.grammar.CobolParser$ScreenDescriptionFullClauseContext,screenDescriptionFullClause,throws-declaration,RecognitionException,propagate,,
src/main/java/org/openrewrite/mainframe/cobol/internal/grammar/CobolParser.java,org.openrewrite.mainframe.cobol.internal.grammar.CobolParser$ScreenDescriptionFullClauseContext,screenDescriptionFullClause,try-catch,RecognitionException,custom,,
src/main/java/org/openrewrite/mainframe/cobol/internal/grammar/CobolParser.java,org.openrewrite.mainframe.cobol.internal.grammar.CobolParser$ScreenDescriptionZeroFillClauseContext,screenDescriptionZeroFillClause,throws-declaration,RecognitionException,propagate,,
src/main/java/org/openrewrite/mainframe/cobol/internal/grammar/CobolParser.java,org.openrewrite.mainframe.cobol.internal.grammar.CobolParser$ScreenDescriptionZeroFillClauseContext,screenDescriptionZeroFillClause,try-catch,RecognitionException,custom,,
src/main/java/org/openrewrite/mainframe/cobol/internal/grammar/CobolParser.java,org.openrewrite.mainframe.cobol.internal.grammar.CobolParser$ReportSectionContext,reportSection,throws-declaration,RecognitionException,propagate,,
src/main/java/org/openrewrite/mainframe/cobol/internal/grammar/CobolParser.java,org.openrewrite.mainframe.cobol.internal.grammar.CobolParser$ReportSectionContext,reportSection,try-catch,RecognitionException,custom,,
src/main/java/org/openrewrite/mainframe/cobol/internal/grammar/CobolParser.java,org.openrewrite.mainframe.cobol.internal.grammar.CobolParser$ReportDescriptionContext,reportDescription,throws-declaration,RecognitionException,propagate,,
src/main/java/org/openrewrite/mainframe/cobol/internal/grammar/CobolParser.java,org.openrewrite.mainframe.cobol.internal.grammar.CobolParser$ReportDescriptionContext,reportDescription,try-catch,RecognitionException,custom,,
src/main/java/org/openrewrite/mainframe/cobol/internal/grammar/CobolParser.java,org.openrewrite.mainframe.cobol.internal.grammar.CobolParser$ReportDescriptionEntryContext,reportDescriptionEntry,throws-declaration,RecognitionException,propagate,,
src/main/java/org/openrewrite/mainframe/cobol/internal/grammar/CobolParser.java,org.openrewrite.mainframe.cobol.internal.grammar.CobolParser$ReportDescriptionEntryContext,reportDescriptionEntry,try-catch,RecognitionException,custom,,
src/main/java/org/openrewrite/mainframe/cobol/internal/grammar/CobolParser.java,org.openrewrite.mainframe.cobol.internal.grammar.CobolParser$ReportDescriptionGlobalClauseContext,reportDescriptionGlobalClause,throws-declaration,RecognitionException,propagate,,
src/main/java/org/openrewrite/mainframe/cobol/internal/grammar/CobolParser.java,org.openrewrite.mainframe.cobol.internal.grammar.CobolParser$ReportDescriptionGlobalClauseContext,reportDescriptionGlobalClause,try-catch,RecognitionException,custom,,
src/main/java/org/openrewrite/mainframe/cobol/internal/grammar/CobolParser.java,org.openrewrite.mainframe.cobol.internal.grammar.CobolParser$ReportDescriptionPageLimitClauseContext,reportDescriptionPageLimitClause,throws-declaration,RecognitionException,propagate,,
src/main/java/org/openrewrite/mainframe/cobol/internal/grammar/CobolParser.java,org.openrewrite.mainframe.cobol.internal.grammar.CobolParser$ReportDescriptionPageLimitClauseContext,reportDescriptionPageLimitClause,try-catch,RecognitionException,custom,,
src/main/java/org/openrewrite/mainframe/cobol/internal/grammar/CobolParser.java,org.openrewrite.mainframe.cobol.internal.grammar.CobolParser$ReportDescriptionHeadingClauseContext,reportDescriptionHeadingClause,throws-declaration,RecognitionException,propagate,,
src/main/java/org/openrewrite/mainframe/cobol/internal/grammar/CobolParser.java,org.openrewrite.mainframe.cobol.internal.grammar.CobolParser$ReportDescriptionHeadingClauseContext,reportDescriptionHeadingClause,try-catch,RecognitionException,custom,,
src/main/java/org/openrewrite/mainframe/cobol/internal/grammar/CobolParser.java,org.openrewrite.mainframe.cobol.internal.grammar.CobolParser$ReportDescriptionFirstDetailClauseContext,reportDescriptionFirstDetailClause,throws-declaration,RecognitionException,propagate,,
src/main/java/org/openrewrite/mainframe/cobol/internal/grammar/CobolParser.java,org.openrewrite.mainframe.cobol.internal.grammar.CobolParser$ReportDescriptionFirstDetailClauseContext,reportDescriptionFirstDetailClause,try-catch,RecognitionException,custom,,
src/main/java/org/openrewrite/mainframe/cobol/internal/grammar/CobolParser.java,org.openrewrite.mainframe.cobol.internal.grammar.CobolParser$ReportDescriptionLastDetailClauseContext,reportDescriptionLastDetailClause,throws-declaration,RecognitionException,propagate,,
src/main/java/org/openrewrite/mainframe/cobol/internal/grammar/CobolParser.java,org.openrewrite.mainframe.cobol.internal.grammar.CobolParser$ReportDescriptionLastDetailClauseContext,reportDescriptionLastDetailClause,try-catch,RecognitionException,custom,,
src/main/java/org/openrewrite/mainframe/cobol/internal/grammar/CobolParser.java,org.openrewrite.mainframe.cobol.internal.grammar.CobolParser$ReportDescriptionFootingClauseContext,reportDescriptionFootingClause,throws-declaration,RecognitionException,propagate,,
src/main/java/org/openrewrite/mainframe/cobol/internal/grammar/CobolParser.java,org.openrewrite.mainframe.cobol.internal.grammar.CobolParser$ReportDescriptionFootingClauseContext,reportDescriptionFootingClause,try-catch,RecognitionException,custom,,
src/main/java/org/openrewrite/mainframe/cobol/internal/grammar/CobolParser.java,org.openrewrite.mainframe.cobol.internal.grammar.CobolParser$ReportGroupDescriptionEntryContext,reportGroupDescriptionEntry,throws-declaration,RecognitionException,propagate,,
src/main/java/org/openrewrite/mainframe/cobol/internal/grammar/CobolParser.java,org.openrewrite.mainframe.cobol.internal.grammar.CobolParser$ReportGroupDescriptionEntryContext,reportGroupDescriptionEntry,try-catch,RecognitionException,custom,,
src/main/java/org/openrewrite/mainframe/cobol/internal/grammar/CobolParser.java,org.openrewrite.mainframe.cobol.internal.grammar.CobolParser$ReportGroupDescriptionEntryFormat1Context,reportGroupDescriptionEntryFormat1,throws-declaration,RecognitionException,propagate,,
src/main/java/org/openrewrite/mainframe/cobol/internal/grammar/CobolParser.java,org.openrewrite.mainframe.cobol.internal.grammar.CobolParser$ReportGroupDescriptionEntryFormat1Context,reportGroupDescriptionEntryFormat1,try-catch,RecognitionException,custom,,
src/main/java/org/openrewrite/mainframe/cobol/internal/grammar/CobolParser.java,org.openrewrite.mainframe.cobol.internal.grammar.CobolParser$ReportGroupDescriptionEntryFormat2Context,reportGroupDescriptionEntryFormat2,throws-declaration,RecognitionException,propagate,,
src/main/java/org/openrewrite/mainframe/cobol/internal/grammar/CobolParser.java,org.openrewrite.mainframe.cobol.internal.grammar.CobolParser$ReportGroupDescriptionEntryFormat2Context,reportGroupDescriptionEntryFormat2,try-catch,RecognitionException,custom,,
src/main/java/org/openrewrite/mainframe/cobol/internal/grammar/CobolParser.java,org.openrewrite.mainframe.cobol.internal.grammar.CobolParser$ReportGroupDescriptionEntryFormat3Context,reportGroupDescriptionEntryFormat3,throws-declaration,RecognitionException,propagate,,
src/main/java/org/openrewrite/mainframe/cobol/internal/grammar/CobolParser.java,org.openrewrite.mainframe.cobol.internal.grammar.CobolParser$ReportGroupDescriptionEntryFormat3Context,reportGroupDescriptionEntryFormat3,try-catch,RecognitionException,custom,,
src/main/java/org/openrewrite/mainframe/cobol/internal/grammar/CobolParser.java,org.openrewrite.mainframe.cobol.internal.grammar.CobolParser$ReportGroupBlankWhenZeroClauseContext,reportGroupBlankWhenZeroClause,throws-declaration,RecognitionException,propagate,,
src/main/java/org/openrewrite/mainframe/cobol/internal/grammar/CobolParser.java,org.openrewrite.mainframe.cobol.internal.grammar.CobolParser$ReportGroupBlankWhenZeroClauseContext,reportGroupBlankWhenZeroClause,try-catch,RecognitionException,custom,,
src/main/java/org/openrewrite/mainframe/cobol/internal/grammar/CobolParser.java,org.openrewrite.mainframe.cobol.internal.grammar.CobolParser$ReportGroupColumnNumberClauseContext,reportGroupColumnNumberClause,throws-declaration,RecognitionException,propagate,,
src/main/java/org/openrewrite/mainframe/cobol/internal/grammar/CobolParser.java,org.openrewrite.mainframe.cobol.internal.grammar.CobolParser$ReportGroupColumnNumberClauseContext,reportGroupColumnNumberClause,try-catch,RecognitionException,custom,,
src/main/java/org/openrewrite/mainframe/cobol/internal/grammar/CobolParser.java,org.openrewrite.mainframe.cobol.internal.grammar.CobolParser$ReportGroupIndicateClauseContext,reportGroupIndicateClause,throws-declaration,RecognitionException,propagate,,
src/main/java/org/openrewrite/mainframe/cobol/internal/grammar/CobolParser.java,org.openrewrite.mainframe.cobol.internal.grammar.CobolParser$ReportGroupIndicateClauseContext,reportGroupIndicateClause,try-catch,RecognitionException,custom,,
src/main/java/org/openrewrite/mainframe/cobol/internal/grammar/CobolParser.java,org.openrewrite.mainframe.cobol.internal.grammar.CobolParser$ReportGroupJustifiedClauseContext,reportGroupJustifiedClause,throws-declaration,RecognitionException,propagate,,
src/main/java/org/openrewrite/mainframe/cobol/internal/grammar/CobolParser.java,org.openrewrite.mainframe.cobol.internal.grammar.CobolParser$ReportGroupJustifiedClauseContext,reportGroupJustifiedClause,try-catch,RecognitionException,custom,,
src/main/java/org/openrewrite/mainframe/cobol/internal/grammar/CobolParser.java,org.openrewrite.mainframe.cobol.internal.grammar.CobolParser$ReportGroupLineNumberClauseContext,reportGroupLineNumberClause,throws-declaration,RecognitionException,propagate,,
src/main/java/org/openrewrite/mainframe/cobol/internal/grammar/CobolParser.java,org.openrewrite.mainframe.cobol.internal.grammar.CobolParser$ReportGroupLineNumberClauseContext,reportGroupLineNumberClause,try-catch,RecognitionException,custom,,
src/main/java/org/openrewrite/mainframe/cobol/internal/grammar/CobolParser.java,org.openrewrite.mainframe.cobol.internal.grammar.CobolParser$ReportGroupLineNumberNextPageContext,reportGroupLineNumberNextPage,throws-declaration,RecognitionException,propagate,,
src/main/java/org/openrewrite/mainframe/cobol/internal/grammar/CobolParser.java,org.openrewrite.mainframe.cobol.internal.grammar.CobolParser$ReportGroupLineNumberNextPageContext,reportGroupLineNumberNextPage,try-catch,RecognitionException,custom,,
src/main/java/org/openrewrite/mainframe/cobol/internal/grammar/CobolParser.java,org.openrewrite.mainframe.cobol.internal.grammar.CobolParser$ReportGroupLineNumberPlusContext,reportGroupLineNumberPlus,throws-declaration,RecognitionException,propagate,,
src/main/java/org/openrewrite/mainframe/cobol/internal/grammar/CobolParser.java,org.openrewrite.mainframe.cobol.internal.grammar.CobolParser$ReportGroupLineNumberPlusContext,reportGroupLineNumberPlus,try-catch,RecognitionException,custom,,
src/main/java/org/openrewrite/mainframe/cobol/internal/grammar/CobolParser.java,org.openrewrite.mainframe.cobol.internal.grammar.CobolParser$ReportGroupNextGroupClauseContext,reportGroupNextGroupClause,throws-declaration,RecognitionException,propagate,,
src/main/java/org/openrewrite/mainframe/cobol/internal/grammar/CobolParser.java,org.openrewrite.mainframe.cobol.internal.grammar.CobolParser$ReportGroupNextGroupClauseContext,reportGroupNextGroupClause,try-catch,RecognitionException,custom,,
src/main/java/org/openrewrite/mainframe/cobol/internal/grammar/CobolParser.java,org.openrewrite.mainframe.cobol.internal.grammar.CobolParser$ReportGroupNextGroupPlusContext,reportGroupNextGroupPlus,throws-declaration,RecognitionException,propagate,,
src/main/java/org/openrewrite/mainframe/cobol/internal/grammar/CobolParser.java,org.openrewrite.mainframe.cobol.internal.grammar.CobolParser$ReportGroupNextGroupPlusContext,reportGroupNextGroupPlus,try-catch,RecognitionException,custom,,
src/main/java/org/openrewrite/mainframe/cobol/internal/grammar/CobolParser.java,org.openrewrite.mainframe.cobol.internal.grammar.CobolParser$ReportGroupNextGroupNextPageContext,reportGroupNextGroupNextPage,throws-declaration,RecognitionException,propagate,,
src/main/java/org/openrewrite/mainframe/cobol/internal/grammar/CobolParser.java,org.openrewrite.mainframe.cobol.internal.grammar.CobolParser$ReportGroupNextGroupNextPageContext,reportGroupNextGroupNextPage,try-catch,RecognitionException,custom,,
src/main/java/org/openrewrite/mainframe/cobol/internal/grammar/CobolParser.java,org.openrewrite.mainframe.cobol.internal.grammar.CobolParser$ReportGroupPictureClauseContext,reportGroupPictureClause,throws-declaration,RecognitionException,propagate,,
src/main/java/org/openrewrite/mainframe/cobol/internal/grammar/CobolParser.java,org.openrewrite.mainframe.cobol.internal.grammar.CobolParser$ReportGroupPictureClauseContext,reportGroupPictureClause,try-catch,RecognitionException,custom,,
src/main/java/org/openrewrite/mainframe/cobol/internal/grammar/CobolParser.java,org.openrewrite.mainframe.cobol.internal.grammar.CobolParser$ReportGroupResetClauseContext,reportGroupResetClause,throws-declaration,RecognitionException,propagate,,
src/main/java/org/openrewrite/mainframe/cobol/internal/grammar/CobolParser.java,org.openrewrite.mainframe.cobol.internal.grammar.CobolParser$ReportGroupResetClauseContext,reportGroupResetClause,try-catch,RecognitionException,custom,,
src/main/java/org/openrewrite/mainframe/cobol/internal/grammar/CobolParser.java,org.openrewrite.mainframe.cobol.internal.grammar.CobolParser$ReportGroupSignClauseContext,reportGroupSignClause,throws-declaration,RecognitionException,propagate,,
src/main/java/org/openrewrite/mainframe/cobol/internal/grammar/CobolParser.java,org.openrewrite.mainframe.cobol.internal.grammar.CobolParser$ReportGroupSignClauseContext,reportGroupSignClause,try-catch,RecognitionException,custom,,
src/main/java/org/openrewrite/mainframe/cobol/internal/grammar/CobolParser.java,org.openrewrite.mainframe.cobol.internal.grammar.CobolParser$ReportGroupSourceClauseContext,reportGroupSourceClause,throws-declaration,RecognitionException,propagate,,
src/main/java/org/openrewrite/mainframe/cobol/internal/grammar/CobolParser.java,org.openrewrite.mainframe.cobol.internal.grammar.CobolParser$ReportGroupSourceClauseContext,reportGroupSourceClause,try-catch,RecognitionException,custom,,
src/main/java/org/openrewrite/mainframe/cobol/internal/grammar/CobolParser.java,org.openrewrite.mainframe.cobol.internal.grammar.CobolParser$ReportGroupSumClauseContext,reportGroupSumClause,throws-declaration,RecognitionException,propagate,,
src/main/java/org/openrewrite/mainframe/cobol/internal/grammar/CobolParser.java,org.openrewrite.mainframe.cobol.internal.grammar.CobolParser$ReportGroupSumClauseContext,reportGroupSumClause,try-catch,RecognitionException,custom,,
src/main/java/org/openrewrite/mainframe/cobol/internal/grammar/CobolParser.java,org.openrewrite.mainframe.cobol.internal.grammar.CobolParser$ReportGroupTypeClauseContext,reportGroupTypeClause,throws-declaration,RecognitionException,propagate,,
src/main/java/org/openrewrite/mainframe/cobol/internal/grammar/CobolParser.java,org.openrewrite.mainframe.cobol.internal.grammar.CobolParser$ReportGroupTypeClauseContext,reportGroupTypeClause,try-catch,RecognitionException,custom,,
src/main/java/org/openrewrite/mainframe/cobol/internal/grammar/CobolParser.java,org.openrewrite.mainframe.cobol.internal.grammar.CobolParser$ReportGroupTypeReportHeadingContext,reportGroupTypeReportHeading,throws-declaration,RecognitionException,propagate,,
src/main/java/org/openrewrite/mainframe/cobol/internal/grammar/CobolParser.java,org.openrewrite.mainframe.cobol.internal.grammar.CobolParser$ReportGroupTypeReportHeadingContext,reportGroupTypeReportHeading,try-catch,RecognitionException,custom,,
src/main/java/org/openrewrite/mainframe/cobol/internal/grammar/CobolParser.java,org.openrewrite.mainframe.cobol.internal.grammar.CobolParser$ReportGroupTypePageHeadingContext,reportGroupTypePageHeading,throws-declaration,RecognitionException,propagate,,
src/main/java/org/openrewrite/mainframe/cobol/internal/grammar/CobolParser.java,org.openrewrite.mainframe.cobol.internal.grammar.CobolParser$ReportGroupTypePageHeadingContext,reportGroupTypePageHeading,try-catch,RecognitionException,custom,,
src/main/java/org/openrewrite/mainframe/cobol/internal/grammar/CobolParser.java,org.openrewrite.mainframe.cobol.internal.grammar.CobolParser$ReportGroupTypeControlHeadingContext,reportGroupTypeControlHeading,throws-declaration,RecognitionException,propagate,,
src/main/java/org/openrewrite/mainframe/cobol/internal/grammar/CobolParser.java,org.openrewrite.mainframe.cobol.internal.grammar.CobolParser$ReportGroupTypeControlHeadingContext,reportGroupTypeControlHeading,try-catch,RecognitionException,custom,,
src/main/java/org/openrewrite/mainframe/cobol/internal/grammar/CobolParser.java,org.openrewrite.mainframe.cobol.internal.grammar.CobolParser$ReportGroupTypeDetailContext,reportGroupTypeDetail,throws-declaration,RecognitionException,propagate,,
src/main/java/org/openrewrite/mainframe/cobol/internal/grammar/CobolParser.java,org.openrewrite.mainframe.cobol.internal.grammar.CobolParser$ReportGroupTypeDetailContext,reportGroupTypeDetail,try-catch,RecognitionException,custom,,
src/main/java/org/openrewrite/mainframe/cobol/internal/grammar/CobolParser.java,org.openrewrite.mainframe.cobol.internal.grammar.CobolParser$ReportGroupTypeControlFootingContext,reportGroupTypeControlFooting,throws-declaration,RecognitionException,propagate,,
src/main/java/org/openrewrite/mainframe/cobol/internal/grammar/CobolParser.java,org.openrewrite.mainframe.cobol.internal.grammar.CobolParser$ReportGroupTypeControlFootingContext,reportGroupTypeControlFooting,try-catch,RecognitionException,custom,,
src/main/java/org/openrewrite/mainframe/cobol/internal/grammar/CobolParser.java,org.openrewrite.mainframe.cobol.internal.grammar.CobolParser$ReportGroupUsageClauseContext,reportGroupUsageClause,throws-declaration,RecognitionException,propagate,,
src/main/java/org/openrewrite/mainframe/cobol/internal/grammar/CobolParser.java,org.openrewrite.mainframe.cobol.internal.grammar.CobolParser$ReportGroupUsageClauseContext,reportGroupUsageClause,try-catch,RecognitionException,custom,,
src/main/java/org/openrewrite/mainframe/cobol/internal/grammar/CobolParser.java,org.openrewrite.mainframe.cobol.internal.grammar.CobolParser$ReportGroupTypePageFootingContext,reportGroupTypePageFooting,throws-declaration,RecognitionException,propagate,,
src/main/java/org/openrewrite/mainframe/cobol/internal/grammar/CobolParser.java,org.openrewrite.mainframe.cobol.internal.grammar.CobolParser$ReportGroupTypePageFootingContext,reportGroupTypePageFooting,try-catch,RecognitionException,custom,,
src/main/java/org/openrewrite/mainframe/cobol/internal/grammar/CobolParser.java,org.openrewrite.mainframe.cobol.internal.grammar.CobolParser$ReportGroupTypeReportFootingContext,reportGroupTypeReportFooting,throws-declaration,RecognitionException,propagate,,
src/main/java/org/openrewrite/mainframe/cobol/internal/grammar/CobolParser.java,org.openrewrite.mainframe.cobol.internal.grammar.CobolParser$ReportGroupTypeReportFootingContext,reportGroupTypeReportFooting,try-catch,RecognitionException,custom,,
src/main/java/org/openrewrite/mainframe/cobol/internal/grammar/CobolParser.java,org.openrewrite.mainframe.cobol.internal.grammar.CobolParser$ReportGroupValueClauseContext,reportGroupValueClause,throws-declaration,RecognitionException,propagate,,
src/main/java/org/openrewrite/mainframe/cobol/internal/grammar/CobolParser.java,org.openrewrite.mainframe.cobol.internal.grammar.CobolParser$ReportGroupValueClauseContext,reportGroupValueClause,try-catch,RecognitionException,custom,,
src/main/java/org/openrewrite/mainframe/cobol/internal/grammar/CobolParser.java,org.openrewrite.mainframe.cobol.internal.grammar.CobolParser$ProgramLibrarySectionContext,programLibrarySection,throws-declaration,RecognitionException,propagate,,
src/main/java/org/openrewrite/mainframe/cobol/internal/grammar/CobolParser.java,org.openrewrite.mainframe.cobol.internal.grammar.CobolParser$ProgramLibrarySectionContext,programLibrarySection,try-catch,RecognitionException,custom,,
src/main/java/org/openrewrite/mainframe/cobol/internal/grammar/CobolParser.java,org.openrewrite.mainframe.cobol.internal.grammar.CobolParser$LibraryDescriptionEntryContext,libraryDescriptionEntry,throws-declaration,RecognitionException,propagate,,
src/main/java/org/openrewrite/mainframe/cobol/internal/grammar/CobolParser.java,org.openrewrite.mainframe.cobol.internal.grammar.CobolParser$LibraryDescriptionEntryContext,libraryDescriptionEntry,try-catch,RecognitionException,custom,,
src/main/java/org/openrewrite/mainframe/cobol/internal/grammar/CobolParser.java,org.openrewrite.mainframe.cobol.internal.grammar.CobolParser$LibraryDescriptionEntryFormat1Context,libraryDescriptionEntryFormat1,throws-declaration,RecognitionException,propagate,,
src/main/java/org/openrewrite/mainframe/cobol/internal/grammar/CobolParser.java,org.openrewrite.mainframe.cobol.internal.grammar.CobolParser$LibraryDescriptionEntryFormat1Context,libraryDescriptionEntryFormat1,try-catch,RecognitionException,custom,,
src/main/java/org/openrewrite/mainframe/cobol/internal/grammar/CobolParser.java,org.openrewrite.mainframe.cobol.internal.grammar.CobolParser$LibraryDescriptionEntryFormat2Context,libraryDescriptionEntryFormat2,throws-declaration,RecognitionException,propagate,,
src/main/java/org/openrewrite/mainframe/cobol/internal/grammar/CobolParser.java,org.openrewrite.mainframe.cobol.internal.grammar.CobolParser$LibraryDescriptionEntryFormat2Context,libraryDescriptionEntryFormat2,try-catch,RecognitionException,custom,,
src/main/java/org/openrewrite/mainframe/cobol/internal/grammar/CobolParser.java,org.openrewrite.mainframe.cobol.internal.grammar.CobolParser$LibraryAttributeClauseFormat1Context,libraryAttributeClauseFormat1,throws-declaration,RecognitionException,propagate,,
src/main/java/org/openrewrite/mainframe/cobol/internal/grammar/CobolParser.java,org.openrewrite.mainframe.cobol.internal.grammar.CobolParser$LibraryAttributeClauseFormat1Context,libraryAttributeClauseFormat1,try-catch,RecognitionException,custom,,
src/main/java/org/openrewrite/mainframe/cobol/internal/grammar/CobolParser.java,org.openrewrite.mainframe.cobol.internal.grammar.CobolParser$LibraryAttributeClauseFormat2Context,libraryAttributeClauseFormat2,throws-declaration,RecognitionException,propagate,,
src/main/java/org/openrewrite/mainframe/cobol/internal/grammar/CobolParser.java,org.openrewrite.mainframe.cobol.internal.grammar.CobolParser$LibraryAttributeClauseFormat2Context,libraryAttributeClauseFormat2,try-catch,RecognitionException,custom,,
src/main/java/org/openrewrite/mainframe/cobol/internal/grammar/CobolParser.java,org.openrewrite.mainframe.cobol.internal.grammar.CobolParser$LibraryAttributeFunctionContext,libraryAttributeFunction,throws-declaration,RecognitionException,propagate,,
src/main/java/org/openrewrite/mainframe/cobol/internal/grammar/CobolParser.java,org.openrewrite.mainframe.cobol.internal.grammar.CobolParser$LibraryAttributeFunctionContext,libraryAttributeFunction,try-catch,RecognitionException,custom,,
src/main/java/org/openrewrite/mainframe/cobol/internal/grammar/CobolParser.java,org.openrewrite.mainframe.cobol.internal.grammar.CobolParser$LibraryAttributeParameterContext,libraryAttributeParameter,throws-declaration,RecognitionException,propagate,,
src/main/java/org/openrewrite/mainframe/cobol/internal/grammar/CobolParser.java,org.openrewrite.mainframe.cobol.internal.grammar.CobolParser$LibraryAttributeParameterContext,libraryAttributeParameter,try-catch,RecognitionException,custom,,
src/main/java/org/openrewrite/mainframe/cobol/internal/grammar/CobolParser.java,org.openrewrite.mainframe.cobol.internal.grammar.CobolParser$LibraryAttributeTitleContext,libraryAttributeTitle,throws-declaration,RecognitionException,propagate,,
src/main/java/org/openrewrite/mainframe/cobol/internal/grammar/CobolParser.java,org.openrewrite.mainframe.cobol.internal.grammar.CobolParser$LibraryAttributeTitleContext,libraryAttributeTitle,try-catch,RecognitionException,custom,,
src/main/java/org/openrewrite/mainframe/cobol/internal/grammar/CobolParser.java,org.openrewrite.mainframe.cobol.internal.grammar.CobolParser$LibraryEntryProcedureClauseFormat1Context,libraryEntryProcedureClauseFormat1,throws-declaration,RecognitionException,propagate,,
src/main/java/org/openrewrite/mainframe/cobol/internal/grammar/CobolParser.java,org.openrewrite.mainframe.cobol.internal.grammar.CobolParser$LibraryEntryProcedureClauseFormat1Context,libraryEntryProcedureClauseFormat1,try-catch,RecognitionException,custom,,
src/main/java/org/openrewrite/mainframe/cobol/internal/grammar/CobolParser.java,org.openrewrite.mainframe.cobol.internal.grammar.CobolParser$LibraryEntryProcedureClauseFormat2Context,libraryEntryProcedureClauseFormat2,throws-declaration,RecognitionException,propagate,,
src/main/java/org/openrewrite/mainframe/cobol/internal/grammar/CobolParser.java,org.openrewrite.mainframe.cobol.internal.grammar.CobolParser$LibraryEntryProcedureClauseFormat2Context,libraryEntryProcedureClauseFormat2,try-catch,RecognitionException,custom,,
src/main/java/org/openrewrite/mainframe/cobol/internal/grammar/CobolParser.java,org.openrewrite.mainframe.cobol.internal.grammar.CobolParser$LibraryEntryProcedureForClauseContext,libraryEntryProcedureForClause,throws-declaration,RecognitionException,propagate,,
src/main/java/org/openrewrite/mainframe/cobol/internal/grammar/CobolParser.java,org.openrewrite.mainframe.cobol.internal.grammar.CobolParser$LibraryEntryProcedureForClauseContext,libraryEntryProcedureForClause,try-catch,RecognitionException,custom,,
src/main/java/org/openrewrite/mainframe/cobol/internal/grammar/CobolParser.java,org.openrewrite.mainframe.cobol.internal.grammar.CobolParser$LibraryEntryProcedureGivingClauseContext,libraryEntryProcedureGivingClause,throws-declaration,RecognitionException,propagate,,
src/main/java/org/openrewrite/mainframe/cobol/internal/grammar/CobolParser.java,org.openrewrite.mainframe.cobol.internal.grammar.CobolParser$LibraryEntryProcedureGivingClauseContext,libraryEntryProcedureGivingClause,try-catch,RecognitionException,custom,,
src/main/java/org/openrewrite/mainframe/cobol/internal/grammar/CobolParser.java,org.openrewrite.mainframe.cobol.internal.grammar.CobolParser$LibraryEntryProcedureUsingClauseContext,libraryEntryProcedureUsingClause,throws-declaration,RecognitionException,propagate,,
src/main/java/org/openrewrite/mainframe/cobol/internal/grammar/CobolParser.java,org.openrewrite.mainframe.cobol.internal.grammar.CobolParser$LibraryEntryProcedureUsingClauseContext,libraryEntryProcedureUsingClause,try-catch,RecognitionException,custom,,
src/main/java/org/openrewrite/mainframe/cobol/internal/grammar/CobolParser.java,org.openrewrite.mainframe.cobol.internal.grammar.CobolParser$LibraryEntryProcedureUsingNameContext,libraryEntryProcedureUsingName,throws-declaration,RecognitionException,propagate,,
src/main/java/org/openrewrite/mainframe/cobol/internal/grammar/CobolParser.java,org.openrewrite.mainframe.cobol.internal.grammar.CobolParser$LibraryEntryProcedureUsingNameContext,libraryEntryProcedureUsingName,try-catch,RecognitionException,custom,,
src/main/java/org/openrewrite/mainframe/cobol/internal/grammar/CobolParser.java,org.openrewrite.mainframe.cobol.internal.grammar.CobolParser$LibraryEntryProcedureWithClauseContext,libraryEntryProcedureWithClause,throws-declaration,RecognitionException,propagate,,
src/main/java/org/openrewrite/mainframe/cobol/internal/grammar/CobolParser.java,org.openrewrite.mainframe.cobol.internal.grammar.CobolParser$LibraryEntryProcedureWithClauseContext,libraryEntryProcedureWithClause,try-catch,RecognitionException,custom,,
src/main/java/org/openrewrite/mainframe/cobol/internal/grammar/CobolParser.java,org.openrewrite.mainframe.cobol.internal.grammar.CobolParser$LibraryEntryProcedureWithNameContext,libraryEntryProcedureWithName,throws-declaration,RecognitionException,propagate,,
src/main/java/org/openrewrite/mainframe/cobol/internal/grammar/CobolParser.java,org.openrewrite.mainframe.cobol.internal.grammar.CobolParser$LibraryEntryProcedureWithNameContext,libraryEntryProcedureWithName,try-catch,RecognitionException,custom,,
src/main/java/org/openrewrite/mainframe/cobol/internal/grammar/CobolParser.java,org.openrewrite.mainframe.cobol.internal.grammar.CobolParser$LibraryIsCommonClauseContext,libraryIsCommonClause,throws-declaration,RecognitionException,propagate,,
src/main/java/org/openrewrite/mainframe/cobol/internal/grammar/CobolParser.java,org.openrewrite.mainframe.cobol.internal.grammar.CobolParser$LibraryIsCommonClauseContext,libraryIsCommonClause,try-catch,RecognitionException,custom,,
src/main/java/org/openrewrite/mainframe/cobol/internal/grammar/CobolParser.java,org.openrewrite.mainframe.cobol.internal.grammar.CobolParser$LibraryIsGlobalClauseContext,libraryIsGlobalClause,throws-declaration,RecognitionException,propagate,,
src/main/java/org/openrewrite/mainframe/cobol/internal/grammar/CobolParser.java,org.openrewrite.mainframe.cobol.internal.grammar.CobolParser$LibraryIsGlobalClauseContext,libraryIsGlobalClause,try-catch,RecognitionException,custom,,
src/main/java/org/openrewrite/mainframe/cobol/internal/grammar/CobolParser.java,org.openrewrite.mainframe.cobol.internal.grammar.CobolParser$DataDescriptionEntryContext,dataDescriptionEntry,throws-declaration,RecognitionException,propagate,,
src/main/java/org/openrewrite/mainframe/cobol/internal/grammar/CobolParser.java,org.openrewrite.mainframe.cobol.internal.grammar.CobolParser$DataDescriptionEntryContext,dataDescriptionEntry,try-catch,RecognitionException,custom,,
src/main/java/org/openrewrite/mainframe/cobol/internal/grammar/CobolParser.java,org.openrewrite.mainframe.cobol.internal.grammar.CobolParser$DataDescriptionEntryFormat1Context,dataDescriptionEntryFormat1,throws-declaration,RecognitionException,propagate,,
src/main/java/org/openrewrite/mainframe/cobol/internal/grammar/CobolParser.java,org.openrewrite.mainframe.cobol.internal.grammar.CobolParser$DataDescriptionEntryFormat1Context,dataDescriptionEntryFormat1,try-catch,RecognitionException,custom,,
src/main/java/org/openrewrite/mainframe/cobol/internal/grammar/CobolParser.java,org.openrewrite.mainframe.cobol.internal.grammar.CobolParser$DataDescriptionEntryFormat1ClauseContext,dataDescriptionEntryFormat1Clause,throws-declaration,RecognitionException,propagate,,
src/main/java/org/openrewrite/mainframe/cobol/internal/grammar/CobolParser.java,org.openrewrite.mainframe.cobol.internal.grammar.CobolParser$DataDescriptionEntryFormat1ClauseContext,dataDescriptionEntryFormat1Clause,try-catch,RecognitionException,custom,,
src/main/java/org/openrewrite/mainframe/cobol/internal/grammar/CobolParser.java,org.openrewrite.mainframe.cobol.internal.grammar.CobolParser$DataDescriptionEntryFormat2Context,dataDescriptionEntryFormat2,throws-declaration,RecognitionException,propagate,,
src/main/java/org/openrewrite/mainframe/cobol/internal/grammar/CobolParser.java,org.openrewrite.mainframe.cobol.internal.grammar.CobolParser$DataDescriptionEntryFormat2Context,dataDescriptionEntryFormat2,try-catch,RecognitionException,custom,,
src/main/java/org/openrewrite/mainframe/cobol/internal/grammar/CobolParser.java,org.openrewrite.mainframe.cobol.internal.grammar.CobolParser$DataDescriptionEntryFormat3Context,dataDescriptionEntryFormat3,throws-declaration,RecognitionException,propagate,,
src/main/java/org/openrewrite/mainframe/cobol/internal/grammar/CobolParser.java,org.openrewrite.mainframe.cobol.internal.grammar.CobolParser$DataDescriptionEntryFormat3Context,dataDescriptionEntryFormat3,try-catch,RecognitionException,custom,,
src/main/java/org/openrewrite/mainframe/cobol/internal/grammar/CobolParser.java,org.openrewrite.mainframe.cobol.internal.grammar.CobolParser$DataDescriptionEntryExecSqlContext,dataDescriptionEntryExecSql,throws-declaration,RecognitionException,propagate,,
src/main/java/org/openrewrite/mainframe/cobol/internal/grammar/CobolParser.java,org.openrewrite.mainframe.cobol.internal.grammar.CobolParser$DataDescriptionEntryExecSqlContext,dataDescriptionEntryExecSql,try-catch,RecognitionException,custom,,
src/main/java/org/openrewrite/mainframe/cobol/internal/grammar/CobolParser.java,org.openrewrite.mainframe.cobol.internal.grammar.CobolParser$DataAlignedClauseContext,dataAlignedClause,throws-declaration,RecognitionException,propagate,,
src/main/java/org/openrewrite/mainframe/cobol/internal/grammar/CobolParser.java,org.openrewrite.mainframe.cobol.internal.grammar.CobolParser$DataAlignedClauseContext,dataAlignedClause,try-catch,RecognitionException,custom,,
src/main/java/org/openrewrite/mainframe/cobol/internal/grammar/CobolParser.java,org.openrewrite.mainframe.cobol.internal.grammar.CobolParser$DataBlankWhenZeroClauseContext,dataBlankWhenZeroClause,throws-declaration,RecognitionException,propagate,,
src/main/java/org/openrewrite/mainframe/cobol/internal/grammar/CobolParser.java,org.openrewrite.mainframe.cobol.internal.grammar.CobolParser$DataBlankWhenZeroClauseContext,dataBlankWhenZeroClause,try-catch,RecognitionException,custom,,
src/main/java/org/openrewrite/mainframe/cobol/internal/grammar/CobolParser.java,org.openrewrite.mainframe.cobol.internal.grammar.CobolParser$DataCommonOwnLocalClauseContext,dataCommonOwnLocalClause,throws-declaration,RecognitionException,propagate,,
src/main/java/org/openrewrite/mainframe/cobol/internal/grammar/CobolParser.java,org.openrewrite.mainframe.cobol.internal.grammar.CobolParser$DataCommonOwnLocalClauseContext,dataCommonOwnLocalClause,try-catch,RecognitionException,custom,,
src/main/java/org/openrewrite/mainframe/cobol/internal/grammar/CobolParser.java,org.openrewrite.mainframe.cobol.internal.grammar.CobolParser$DataExternalClauseContext,dataExternalClause,throws-declaration,RecognitionException,propagate,,
src/main/java/org/openrewrite/mainframe/cobol/internal/grammar/CobolParser.java,org.openrewrite.mainframe.cobol.internal.grammar.CobolParser$DataExternalClauseContext,dataExternalClause,try-catch,RecognitionException,custom,,
src/main/java/org/openrewrite/mainframe/cobol/internal/grammar/CobolParser.java,org.openrewrite.mainframe.cobol.internal.grammar.CobolParser$DataGlobalClauseContext,dataGlobalClause,throws-declaration,RecognitionException,propagate,,
src/main/java/org/openrewrite/mainframe/cobol/internal/grammar/CobolParser.java,org.openrewrite.mainframe.cobol.internal.grammar.CobolParser$DataGlobalClauseContext,dataGlobalClause,try-catch,RecognitionException,custom,,
src/main/java/org/openrewrite/mainframe/cobol/internal/grammar/CobolParser.java,org.openrewrite.mainframe.cobol.internal.grammar.CobolParser$DataIntegerStringClauseContext,dataIntegerStringClause,throws-declaration,RecognitionException,propagate,,
src/main/java/org/openrewrite/mainframe/cobol/internal/grammar/CobolParser.java,org.openrewrite.mainframe.cobol.internal.grammar.CobolParser$DataIntegerStringClauseContext,dataIntegerStringClause,try-catch,RecognitionException,custom,,
src/main/java/org/openrewrite/mainframe/cobol/internal/grammar/CobolParser.java,org.openrewrite.mainframe.cobol.internal.grammar.CobolParser$DataJustifiedClauseContext,dataJustifiedClause,throws-declaration,RecognitionException,propagate,,
src/main/java/org/openrewrite/mainframe/cobol/internal/grammar/CobolParser.java,org.openrewrite.mainframe.cobol.internal.grammar.CobolParser$DataJustifiedClauseContext,dataJustifiedClause,try-catch,RecognitionException,custom,,
src/main/java/org/openrewrite/mainframe/cobol/internal/grammar/CobolParser.java,org.openrewrite.mainframe.cobol.internal.grammar.CobolParser$DataOccursClauseContext,dataOccursClause,throws-declaration,RecognitionException,propagate,,
src/main/java/org/openrewrite/mainframe/cobol/internal/grammar/CobolParser.java,org.openrewrite.mainframe.cobol.internal.grammar.CobolParser$DataOccursClauseContext,dataOccursClause,try-catch,RecognitionException,custom,,
src/main/java/org/openrewrite/mainframe/cobol/internal/grammar/CobolParser.java,org.openrewrite.mainframe.cobol.internal.grammar.CobolParser$DataOccursToContext,dataOccursTo,throws-declaration,RecognitionException,propagate,,
src/main/java/org/openrewrite/mainframe/cobol/internal/grammar/CobolParser.java,org.openrewrite.mainframe.cobol.internal.grammar.CobolParser$DataOccursToContext,dataOccursTo,try-catch,RecognitionException,custom,,
src/main/java/org/openrewrite/mainframe/cobol/internal/grammar/CobolParser.java,org.openrewrite.mainframe.cobol.internal.grammar.CobolParser$DataOccursDependingContext,dataOccursDepending,throws-declaration,RecognitionException,propagate,,
src/main/java/org/openrewrite/mainframe/cobol/internal/grammar/CobolParser.java,org.openrewrite.mainframe.cobol.internal.grammar.CobolParser$DataOccursDependingContext,dataOccursDepending,try-catch,RecognitionException,custom,,
src/main/java/org/openrewrite/mainframe/cobol/internal/grammar/CobolParser.java,org.openrewrite.mainframe.cobol.internal.grammar.CobolParser$DataOccursSortContext,dataOccursSort,throws-declaration,RecognitionException,propagate,,
src/main/java/org/openrewrite/mainframe/cobol/internal/grammar/CobolParser.java,org.openrewrite.mainframe.cobol.internal.grammar.CobolParser$DataOccursSortContext,dataOccursSort,try-catch,RecognitionException,custom,,
src/main/java/org/openrewrite/mainframe/cobol/internal/grammar/CobolParser.java,org.openrewrite.mainframe.cobol.internal.grammar.CobolParser$DataOccursIndexedContext,dataOccursIndexed,throws-declaration,RecognitionException,propagate,,
src/main/java/org/openrewrite/mainframe/cobol/internal/grammar/CobolParser.java,org.openrewrite.mainframe.cobol.internal.grammar.CobolParser$DataOccursIndexedContext,dataOccursIndexed,try-catch,RecognitionException,custom,,
src/main/java/org/openrewrite/mainframe/cobol/internal/grammar/CobolParser.java,org.openrewrite.mainframe.cobol.internal.grammar.CobolParser$DataPictureClauseContext,dataPictureClause,throws-declaration,RecognitionException,propagate,,
src/main/java/org/openrewrite/mainframe/cobol/internal/grammar/CobolParser.java,org.openrewrite.mainframe.cobol.internal.grammar.CobolParser$DataPictureClauseContext,dataPictureClause,try-catch,RecognitionException,custom,,
src/main/java/org/openrewrite/mainframe/cobol/internal/grammar/CobolParser.java,org.openrewrite.mainframe.cobol.internal.grammar.CobolParser$PictureStringContext,pictureString,throws-declaration,RecognitionException,propagate,,
src/main/java/org/openrewrite/mainframe/cobol/internal/grammar/CobolParser.java,org.openrewrite.mainframe.cobol.internal.grammar.CobolParser$PictureStringContext,pictureString,try-catch,RecognitionException,custom,,
src/main/java/org/openrewrite/mainframe/cobol/internal/grammar/CobolParser.java,org.openrewrite.mainframe.cobol.internal.grammar.CobolParser$PictureContext,picture,throws-declaration,RecognitionException,propagate,,
src/main/java/org/openrewrite/mainframe/cobol/internal/grammar/CobolParser.java,org.openrewrite.mainframe.cobol.internal.grammar.CobolParser$PictureContext,picture,try-catch,RecognitionException,custom,,
src/main/java/org/openrewrite/mainframe/cobol/internal/grammar/CobolParser.java,org.openrewrite.mainframe.cobol.internal.grammar.CobolParser$PictureCharsContext,pictureChars,throws-declaration,RecognitionException,propagate,,
src/main/java/org/openrewrite/mainframe/cobol/internal/grammar/CobolParser.java,org.openrewrite.mainframe.cobol.internal.grammar.CobolParser$PictureCharsContext,pictureChars,try-catch,RecognitionException,custom,,
src/main/java/org/openrewrite/mainframe/cobol/internal/grammar/CobolParser.java,org.openrewrite.mainframe.cobol.internal.grammar.CobolParser$PictureCardinalityContext,pictureCardinality,throws-declaration,RecognitionException,propagate,,
src/main/java/org/openrewrite/mainframe/cobol/internal/grammar/CobolParser.java,org.openrewrite.mainframe.cobol.internal.grammar.CobolParser$PictureCardinalityContext,pictureCardinality,try-catch,RecognitionException,custom,,
src/main/java/org/openrewrite/mainframe/cobol/internal/grammar/CobolParser.java,org.openrewrite.mainframe.cobol.internal.grammar.CobolParser$DataReceivedByClauseContext,dataReceivedByClause,throws-declaration,RecognitionException,propagate,,
src/main/java/org/openrewrite/mainframe/cobol/internal/grammar/CobolParser.java,org.openrewrite.mainframe.cobol.internal.grammar.CobolParser$DataReceivedByClauseContext,dataReceivedByClause,try-catch,RecognitionException,custom,,
src/main/java/org/openrewrite/mainframe/cobol/internal/grammar/CobolParser.java,org.openrewrite.mainframe.cobol.internal.grammar.CobolParser$DataRecordAreaClauseContext,dataRecordAreaClause,throws-declaration,RecognitionException,propagate,,
src/main/java/org/openrewrite/mainframe/cobol/internal/grammar/CobolParser.java,org.openrewrite.mainframe.cobol.internal.grammar.CobolParser$DataRecordAreaClauseContext,dataRecordAreaClause,try-catch,RecognitionException,custom,,
src/main/java/org/openrewrite/mainframe/cobol/internal/grammar/CobolParser.java,org.openrewrite.mainframe.cobol.internal.grammar.CobolParser$DataRedefinesClauseContext,dataRedefinesClause,throws-declaration,RecognitionException,propagate,,
src/main/java/org/openrewrite/mainframe/cobol/internal/grammar/CobolParser.java,org.openrewrite.mainframe.cobol.internal.grammar.CobolParser$DataRedefinesClauseContext,dataRedefinesClause,try-catch,RecognitionException,custom,,
src/main/java/org/openrewrite/mainframe/cobol/internal/grammar/CobolParser.java,org.openrewrite.mainframe.cobol.internal.grammar.CobolParser$DataRenamesClauseContext,dataRenamesClause,throws-declaration,RecognitionException,propagate,,
src/main/java/org/openrewrite/mainframe/cobol/internal/grammar/CobolParser.java,org.openrewrite.mainframe.cobol.internal.grammar.CobolParser$DataRenamesClauseContext,dataRenamesClause,try-catch,RecognitionException,custom,,
src/main/java/org/openrewrite/mainframe/cobol/internal/grammar/CobolParser.java,org.openrewrite.mainframe.cobol.internal.grammar.CobolParser$DataSignClauseContext,dataSignClause,throws-declaration,RecognitionException,propagate,,
src/main/java/org/openrewrite/mainframe/cobol/internal/grammar/CobolParser.java,org.openrewrite.mainframe.cobol.internal.grammar.CobolParser$DataSignClauseContext,dataSignClause,try-catch,RecognitionException,custom,,
src/main/java/org/openrewrite/mainframe/cobol/internal/grammar/CobolParser.java,org.openrewrite.mainframe.cobol.internal.grammar.CobolParser$DataSynchronizedClauseContext,dataSynchronizedClause,throws-declaration,RecognitionException,propagate,,
src/main/java/org/openrewrite/mainframe/cobol/internal/grammar/CobolParser.java,org.openrewrite.mainframe.cobol.internal.grammar.CobolParser$DataSynchronizedClauseContext,dataSynchronizedClause,try-catch,RecognitionException,custom,,
src/main/java/org/openrewrite/mainframe/cobol/internal/grammar/CobolParser.java,org.openrewrite.mainframe.cobol.internal.grammar.CobolParser$DataThreadLocalClauseContext,dataThreadLocalClause,throws-declaration,RecognitionException,propagate,,
src/main/java/org/openrewrite/mainframe/cobol/internal/grammar/CobolParser.java,org.openrewrite.mainframe.cobol.internal.grammar.CobolParser$DataThreadLocalClauseContext,dataThreadLocalClause,try-catch,RecognitionException,custom,,
src/main/java/org/openrewrite/mainframe/cobol/internal/grammar/CobolParser.java,org.openrewrite.mainframe.cobol.internal.grammar.CobolParser$DataTypeClauseContext,dataTypeClause,throws-declaration,RecognitionException,propagate,,
src/main/java/org/openrewrite/mainframe/cobol/internal/grammar/CobolParser.java,org.openrewrite.mainframe.cobol.internal.grammar.CobolParser$DataTypeClauseContext,dataTypeClause,try-catch,RecognitionException,custom,,
src/main/java/org/openrewrite/mainframe/cobol/internal/grammar/CobolParser.java,org.openrewrite.mainframe.cobol.internal.grammar.CobolParser$DataTypeDefClauseContext,dataTypeDefClause,throws-declaration,RecognitionException,propagate,,
src/main/java/org/openrewrite/mainframe/cobol/internal/grammar/CobolParser.java,org.openrewrite.mainframe.cobol.internal.grammar.CobolParser$DataTypeDefClauseContext,dataTypeDefClause,try-catch,RecognitionException,custom,,
src/main/java/org/openrewrite/mainframe/cobol/internal/grammar/CobolParser.java,org.openrewrite.mainframe.cobol.internal.grammar.CobolParser$DataUsageClauseContext,dataUsageClause,throws-declaration,RecognitionException,propagate,,
src/main/java/org/openrewrite/mainframe/cobol/internal/grammar/CobolParser.java,org.openrewrite.mainframe.cobol.internal.grammar.CobolParser$DataUsageClauseContext,dataUsageClause,try-catch,RecognitionException,custom,,
src/main/java/org/openrewrite/mainframe/cobol/internal/grammar/CobolParser.java,org.openrewrite.mainframe.cobol.internal.grammar.CobolParser$DataUsingClauseContext,dataUsingClause,throws-declaration,RecognitionException,propagate,,
src/main/java/org/openrewrite/mainframe/cobol/internal/grammar/CobolParser.java,org.openrewrite.mainframe.cobol.internal.grammar.CobolParser$DataUsingClauseContext,dataUsingClause,try-catch,RecognitionException,custom,,
src/main/java/org/openrewrite/mainframe/cobol/internal/grammar/CobolParser.java,org.openrewrite.mainframe.cobol.internal.grammar.CobolParser$DataValueClauseContext,dataValueClause,throws-declaration,RecognitionException,propagate,,
src/main/java/org/openrewrite/mainframe/cobol/internal/grammar/CobolParser.java,org.openrewrite.mainframe.cobol.internal.grammar.CobolParser$DataValueClauseContext,dataValueClause,try-catch,RecognitionException,custom,,
src/main/java/org/openrewrite/mainframe/cobol/internal/grammar/CobolParser.java,org.openrewrite.mainframe.cobol.internal.grammar.CobolParser$DataValueIntervalContext,dataValueInterval,throws-declaration,RecognitionException,propagate,,
src/main/java/org/openrewrite/mainframe/cobol/internal/grammar/CobolParser.java,org.openrewrite.mainframe.cobol.internal.grammar.CobolParser$DataValueIntervalContext,dataValueInterval,try-catch,RecognitionException,custom,,
src/main/java/org/openrewrite/mainframe/cobol/internal/grammar/CobolParser.java,org.openrewrite.mainframe.cobol.internal.grammar.CobolParser$DataValueIntervalFromContext,dataValueIntervalFrom,throws-declaration,RecognitionException,propagate,,
src/main/java/org/openrewrite/mainframe/cobol/internal/grammar/CobolParser.java,org.openrewrite.mainframe.cobol.internal.grammar.CobolParser$DataValueIntervalFromContext,dataValueIntervalFrom,try-catch,RecognitionException,custom,,
src/main/java/org/openrewrite/mainframe/cobol/internal/grammar/CobolParser.java,org.openrewrite.mainframe.cobol.internal.grammar.CobolParser$DataValueIntervalToContext,dataValueIntervalTo,throws-declaration,RecognitionException,propagate,,
src/main/java/org/openrewrite/mainframe/cobol/internal/grammar/CobolParser.java,org.openrewrite.mainframe.cobol.internal.grammar.CobolParser$DataValueIntervalToContext,dataValueIntervalTo,try-catch,RecognitionException,custom,,
src/main/java/org/openrewrite/mainframe/cobol/internal/grammar/CobolParser.java,org.openrewrite.mainframe.cobol.internal.grammar.CobolParser$DataWithLowerBoundsClauseContext,dataWithLowerBoundsClause,throws-declaration,RecognitionException,propagate,,
src/main/java/org/openrewrite/mainframe/cobol/internal/grammar/CobolParser.java,org.openrewrite.mainframe.cobol.internal.grammar.CobolParser$DataWithLowerBoundsClauseContext,dataWithLowerBoundsClause,try-catch,RecognitionException,custom,,
src/main/java/org/openrewrite/mainframe/cobol/internal/grammar/CobolParser.java,org.openrewrite.mainframe.cobol.internal.grammar.CobolParser$ProcedureDivisionContext,procedureDivision,throws-declaration,RecognitionException,propagate,,
src/main/java/org/openrewrite/mainframe/cobol/internal/grammar/CobolParser.java,org.openrewrite.mainframe.cobol.internal.grammar.CobolParser$ProcedureDivisionContext,procedureDivision,try-catch,RecognitionException,custom,,
src/main/java/org/openrewrite/mainframe/cobol/internal/grammar/CobolParser.java,org.openrewrite.mainframe.cobol.internal.grammar.CobolParser$ProcedureDivisionUsingClauseContext,procedureDivisionUsingClause,throws-declaration,RecognitionException,propagate,,
src/main/java/org/openrewrite/mainframe/cobol/internal/grammar/CobolParser.java,org.openrewrite.mainframe.cobol.internal.grammar.CobolParser$ProcedureDivisionUsingClauseContext,procedureDivisionUsingClause,try-catch,RecognitionException,custom,,
src/main/java/org/openrewrite/mainframe/cobol/internal/grammar/CobolParser.java,org.openrewrite.mainframe.cobol.internal.grammar.CobolParser$ProcedureDivisionGivingClauseContext,procedureDivisionGivingClause,throws-declaration,RecognitionException,propagate,,
src/main/java/org/openrewrite/mainframe/cobol/internal/grammar/CobolParser.java,org.openrewrite.mainframe.cobol.internal.grammar.CobolParser$ProcedureDivisionGivingClauseContext,procedureDivisionGivingClause,try-catch,RecognitionException,custom,,
src/main/java/org/openrewrite/mainframe/cobol/internal/grammar/CobolParser.java,org.openrewrite.mainframe.cobol.internal.grammar.CobolParser$ProcedureDivisionUsingParameterContext,procedureDivisionUsingParameter,throws-declaration,RecognitionException,propagate,,
src/main/java/org/openrewrite/mainframe/cobol/internal/grammar/CobolParser.java,org.openrewrite.mainframe.cobol.internal.grammar.CobolParser$ProcedureDivisionUsingParameterContext,procedureDivisionUsingParameter,try-catch,RecognitionException,custom,,
src/main/java/org/openrewrite/mainframe/cobol/internal/grammar/CobolParser.java,org.openrewrite.mainframe.cobol.internal.grammar.CobolParser$ProcedureDivisionByReferencePhraseContext,procedureDivisionByReferencePhrase,throws-declaration,RecognitionException,propagate,,
src/main/java/org/openrewrite/mainframe/cobol/internal/grammar/CobolParser.java,org.openrewrite.mainframe.cobol.internal.grammar.CobolParser$ProcedureDivisionByReferencePhraseContext,procedureDivisionByReferencePhrase,try-catch,RecognitionException,custom,,
src/main/java/org/openrewrite/mainframe/cobol/internal/grammar/CobolParser.java,org.openrewrite.mainframe.cobol.internal.grammar.CobolParser$ProcedureDivisionByReferenceContext,procedureDivisionByReference,throws-declaration,RecognitionException,propagate,,
src/main/java/org/openrewrite/mainframe/cobol/internal/grammar/CobolParser.java,org.openrewrite.mainframe.cobol.internal.grammar.CobolParser$ProcedureDivisionByReferenceContext,procedureDivisionByReference,try-catch,RecognitionException,custom,,
src/main/java/org/openrewrite/mainframe/cobol/internal/grammar/CobolParser.java,org.openrewrite.mainframe.cobol.internal.grammar.CobolParser$ProcedureDivisionByValuePhraseContext,procedureDivisionByValuePhrase,throws-declaration,RecognitionException,propagate,,
src/main/java/org/openrewrite/mainframe/cobol/internal/grammar/CobolParser.java,org.openrewrite.mainframe.cobol.internal.grammar.CobolParser$ProcedureDivisionByValuePhraseContext,procedureDivisionByValuePhrase,try-catch,RecognitionException,custom,,
src/main/java/org/openrewrite/mainframe/cobol/internal/grammar/CobolParser.java,org.openrewrite.mainframe.cobol.internal.grammar.CobolParser$ProcedureDivisionByValueContext,procedureDivisionByValue,throws-declaration,RecognitionException,propagate,,
src/main/java/org/openrewrite/mainframe/cobol/internal/grammar/CobolParser.java,org.openrewrite.mainframe.cobol.internal.grammar.CobolParser$ProcedureDivisionByValueContext,procedureDivisionByValue,try-catch,RecognitionException,custom,,
src/main/java/org/openrewrite/mainframe/cobol/internal/grammar/CobolParser.java,org.openrewrite.mainframe.cobol.internal.grammar.CobolParser$ProcedureDeclarativesContext,procedureDeclaratives,throws-declaration,RecognitionException,propagate,,
src/main/java/org/openrewrite/mainframe/cobol/internal/grammar/CobolParser.java,org.openrewrite.mainframe.cobol.internal.grammar.CobolParser$ProcedureDeclarativesContext,procedureDeclaratives,try-catch,RecognitionException,custom,,
src/main/java/org/openrewrite/mainframe/cobol/internal/grammar/CobolParser.java,org.openrewrite.mainframe.cobol.internal.grammar.CobolParser$ProcedureDeclarativeContext,procedureDeclarative,throws-declaration,RecognitionException,propagate,,
src/main/java/org/openrewrite/mainframe/cobol/internal/grammar/CobolParser.java,org.openrewrite.mainframe.cobol.internal.grammar.CobolParser$ProcedureDeclarativeContext,procedureDeclarative,try-catch,RecognitionException,custom,,
src/main/java/org/openrewrite/mainframe/cobol/internal/grammar/CobolParser.java,org.openrewrite.mainframe.cobol.internal.grammar.CobolParser$ProcedureSectionHeaderContext,procedureSectionHeader,throws-declaration,RecognitionException,propagate,,
src/main/java/org/openrewrite/mainframe/cobol/internal/grammar/CobolParser.java,org.openrewrite.mainframe.cobol.internal.grammar.CobolParser$ProcedureSectionHeaderContext,procedureSectionHeader,try-catch,RecognitionException,custom,,
src/main/java/org/openrewrite/mainframe/cobol/internal/grammar/CobolParser.java,org.openrewrite.mainframe.cobol.internal.grammar.CobolParser$ProcedureDivisionBodyContext,procedureDivisionBody,throws-declaration,RecognitionException,propagate,,
src/main/java/org/openrewrite/mainframe/cobol/internal/grammar/CobolParser.java,org.openrewrite.mainframe.cobol.internal.grammar.CobolParser$ProcedureDivisionBodyContext,procedureDivisionBody,try-catch,RecognitionException,custom,,
src/main/java/org/openrewrite/mainframe/cobol/internal/grammar/CobolParser.java,org.openrewrite.mainframe.cobol.internal.grammar.CobolParser$ProcedureSectionContext,procedureSection,throws-declaration,RecognitionException,propagate,,
src/main/java/org/openrewrite/mainframe/cobol/internal/grammar/CobolParser.java,org.openrewrite.mainframe.cobol.internal.grammar.CobolParser$ProcedureSectionContext,procedureSection,try-catch,RecognitionException,custom,,
src/main/java/org/openrewrite/mainframe/cobol/internal/grammar/CobolParser.java,org.openrewrite.mainframe.cobol.internal.grammar.CobolParser$ParagraphsContext,paragraphs,throws-declaration,RecognitionException,propagate,,
src/main/java/org/openrewrite/mainframe/cobol/internal/grammar/CobolParser.java,org.openrewrite.mainframe.cobol.internal.grammar.CobolParser$ParagraphsContext,paragraphs,try-catch,RecognitionException,custom,,
src/main/java/org/openrewrite/mainframe/cobol/internal/grammar/CobolParser.java,org.openrewrite.mainframe.cobol.internal.grammar.CobolParser$ParagraphContext,paragraph,throws-declaration,RecognitionException,propagate,,
src/main/java/org/openrewrite/mainframe/cobol/internal/grammar/CobolParser.java,org.openrewrite.mainframe.cobol.internal.grammar.CobolParser$ParagraphContext,paragraph,try-catch,RecognitionException,custom,,
src/main/java/org/openrewrite/mainframe/cobol/internal/grammar/CobolParser.java,org.openrewrite.mainframe.cobol.internal.grammar.CobolParser$SentenceContext,sentence,throws-declaration,RecognitionException,propagate,,
src/main/java/org/openrewrite/mainframe/cobol/internal/grammar/CobolParser.java,org.openrewrite.mainframe.cobol.internal.grammar.CobolParser$SentenceContext,sentence,try-catch,RecognitionException,custom,,
src/main/java/org/openrewrite/mainframe/cobol/internal/grammar/CobolParser.java,org.openrewrite.mainframe.cobol.internal.grammar.CobolParser$StatementContext,statement,throws-declaration,RecognitionException,propagate,,
src/main/java/org/openrewrite/mainframe/cobol/internal/grammar/CobolParser.java,org.openrewrite.mainframe.cobol.internal.grammar.CobolParser$StatementContext,statement,try-catch,RecognitionException,custom,,
src/main/java/org/openrewrite/mainframe/cobol/internal/grammar/CobolParser.java,org.openrewrite.mainframe.cobol.internal.grammar.CobolParser$AcceptStatementContext,acceptStatement,throws-declaration,RecognitionException,propagate,,
src/main/java/org/openrewrite/mainframe/cobol/internal/grammar/CobolParser.java,org.openrewrite.mainframe.cobol.internal.grammar.CobolParser$AcceptStatementContext,acceptStatement,try-catch,RecognitionException,custom,,
src/main/java/org/openrewrite/mainframe/cobol/internal/grammar/CobolParser.java,org.openrewrite.mainframe.cobol.internal.grammar.CobolParser$AcceptFromDateStatementContext,acceptFromDateStatement,throws-declaration,RecognitionException,propagate,,
src/main/java/org/openrewrite/mainframe/cobol/internal/grammar/CobolParser.java,org.openrewrite.mainframe.cobol.internal.grammar.CobolParser$AcceptFromDateStatementContext,acceptFromDateStatement,try-catch,RecognitionException,custom,,
src/main/java/org/openrewrite/mainframe/cobol/internal/grammar/CobolParser.java,org.openrewrite.mainframe.cobol.internal.grammar.CobolParser$AcceptFromMnemonicStatementContext,acceptFromMnemonicStatement,throws-declaration,RecognitionException,propagate,,
src/main/java/org/openrewrite/mainframe/cobol/internal/grammar/CobolParser.java,org.openrewrite.mainframe.cobol.internal.grammar.CobolParser$AcceptFromMnemonicStatementContext,acceptFromMnemonicStatement,try-catch,RecognitionException,custom,,
src/main/java/org/openrewrite/mainframe/cobol/internal/grammar/CobolParser.java,org.openrewrite.mainframe.cobol.internal.grammar.CobolParser$AcceptFromEscapeKeyStatementContext,acceptFromEscapeKeyStatement,throws-declaration,RecognitionException,propagate,,
src/main/java/org/openrewrite/mainframe/cobol/internal/grammar/CobolParser.java,org.openrewrite.mainframe.cobol.internal.grammar.CobolParser$AcceptFromEscapeKeyStatementContext,acceptFromEscapeKeyStatement,try-catch,RecognitionException,custom,,
src/main/java/org/openrewrite/mainframe/cobol/internal/grammar/CobolParser.java,org.openrewrite.mainframe.cobol.internal.grammar.CobolParser$AcceptMessageCountStatementContext,acceptMessageCountStatement,throws-declaration,RecognitionException,propagate,,
src/main/java/org/openrewrite/mainframe/cobol/internal/grammar/CobolParser.java,org.openrewrite.mainframe.cobol.internal.grammar.CobolParser$AcceptMessageCountStatementContext,acceptMessageCountStatement,try-catch,RecognitionException,custom,,
src/main/java/org/openrewrite/mainframe/cobol/internal/grammar/CobolParser.java,org.openrewrite.mainframe.cobol.internal.grammar.CobolParser$RoundableContext,roundable,throws-declaration,RecognitionException,propagate,,
src/main/java/org/openrewrite/mainframe/cobol/internal/grammar/CobolParser.java,org.openrewrite.mainframe.cobol.internal.grammar.CobolParser$RoundableContext,roundable,try-catch,RecognitionException,custom,,
src/main/java/org/openrewrite/mainframe/cobol/internal/grammar/CobolParser.java,org.openrewrite.mainframe.cobol.internal.grammar.CobolParser$AddStatementContext,addStatement,throws-declaration,RecognitionException,propagate,,
src/main/java/org/openrewrite/mainframe/cobol/internal/grammar/CobolParser.java,org.openrewrite.mainframe.cobol.internal.grammar.CobolParser$AddStatementContext,addStatement,try-catch,RecognitionException,custom,,
src/main/java/org/openrewrite/mainframe/cobol/internal/grammar/CobolParser.java,org.openrewrite.mainframe.cobol.internal.grammar.CobolParser$AddToStatementContext,addToStatement,throws-declaration,RecognitionException,propagate,,
src/main/java/org/openrewrite/mainframe/cobol/internal/grammar/CobolParser.java,org.openrewrite.mainframe.cobol.internal.grammar.CobolParser$AddToStatementContext,addToStatement,try-catch,RecognitionException,custom,,
src/main/java/org/openrewrite/mainframe/cobol/internal/grammar/CobolParser.java,org.openrewrite.mainframe.cobol.internal.grammar.CobolParser$AddToContext,addTo,throws-declaration,RecognitionException,propagate,,
src/main/java/org/openrewrite/mainframe/cobol/internal/grammar/CobolParser.java,org.openrewrite.mainframe.cobol.internal.grammar.CobolParser$AddToContext,addTo,try-catch,RecognitionException,custom,,
src/main/java/org/openrewrite/mainframe/cobol/internal/grammar/CobolParser.java,org.openrewrite.mainframe.cobol.internal.grammar.CobolParser$AddToGivingStatementContext,addToGivingStatement,throws-declaration,RecognitionException,propagate,,
src/main/java/org/openrewrite/mainframe/cobol/internal/grammar/CobolParser.java,org.openrewrite.mainframe.cobol.internal.grammar.CobolParser$AddToGivingStatementContext,addToGivingStatement,try-catch,RecognitionException,custom,,
src/main/java/org/openrewrite/mainframe/cobol/internal/grammar/CobolParser.java,org.openrewrite.mainframe.cobol.internal.grammar.CobolParser$AddCorrespondingStatementContext,addCorrespondingStatement,throws-declaration,RecognitionException,propagate,,
src/main/java/org/openrewrite/mainframe/cobol/internal/grammar/CobolParser.java,org.openrewrite.mainframe.cobol.internal.grammar.CobolParser$AddCorrespondingStatementContext,addCorrespondingStatement,try-catch,RecognitionException,custom,,
src/main/java/org/openrewrite/mainframe/cobol/internal/grammar/CobolParser.java,org.openrewrite.mainframe.cobol.internal.grammar.CobolParser$AddFromContext,addFrom,throws-declaration,RecognitionException,propagate,,
src/main/java/org/openrewrite/mainframe/cobol/internal/grammar/CobolParser.java,org.openrewrite.mainframe.cobol.internal.grammar.CobolParser$AddFromContext,addFrom,try-catch,RecognitionException,custom,,
src/main/java/org/openrewrite/mainframe/cobol/internal/grammar/CobolParser.java,org.openrewrite.mainframe.cobol.internal.grammar.CobolParser$AddToGivingContext,addToGiving,throws-declaration,RecognitionException,propagate,,
src/main/java/org/openrewrite/mainframe/cobol/internal/grammar/CobolParser.java,org.openrewrite.mainframe.cobol.internal.grammar.CobolParser$AddToGivingContext,addToGiving,try-catch,RecognitionException,custom,,
src/main/java/org/openrewrite/mainframe/cobol/internal/grammar/CobolParser.java,org.openrewrite.mainframe.cobol.internal.grammar.CobolParser$AddGivingContext,addGiving,throws-declaration,RecognitionException,propagate,,
src/main/java/org/openrewrite/mainframe/cobol/internal/grammar/CobolParser.java,org.openrewrite.mainframe.cobol.internal.grammar.CobolParser$AddGivingContext,addGiving,try-catch,RecognitionException,custom,,
src/main/java/org/openrewrite/mainframe/cobol/internal/grammar/CobolParser.java,org.openrewrite.mainframe.cobol.internal.grammar.CobolParser$AlteredGoToContext,alteredGoTo,throws-declaration,RecognitionException,propagate,,
src/main/java/org/openrewrite/mainframe/cobol/internal/grammar/CobolParser.java,org.openrewrite.mainframe.cobol.internal.grammar.CobolParser$AlteredGoToContext,alteredGoTo,try-catch,RecognitionException,custom,,
src/main/java/org/openrewrite/mainframe/cobol/internal/grammar/CobolParser.java,org.openrewrite.mainframe.cobol.internal.grammar.CobolParser$AlterStatementContext,alterStatement,throws-declaration,RecognitionException,propagate,,
src/main/java/org/openrewrite/mainframe/cobol/internal/grammar/CobolParser.java,org.openrewrite.mainframe.cobol.internal.grammar.CobolParser$AlterStatementContext,alterStatement,try-catch,RecognitionException,custom,,
src/main/java/org/openrewrite/mainframe/cobol/internal/grammar/CobolParser.java,org.openrewrite.mainframe.cobol.internal.grammar.CobolParser$AlterProceedToContext,alterProceedTo,throws-declaration,RecognitionException,propagate,,
src/main/java/org/openrewrite/mainframe/cobol/internal/grammar/CobolParser.java,org.openrewrite.mainframe.cobol.internal.grammar.CobolParser$AlterProceedToContext,alterProceedTo,try-catch,RecognitionException,custom,,
src/main/java/org/openrewrite/mainframe/cobol/internal/grammar/CobolParser.java,org.openrewrite.mainframe.cobol.internal.grammar.CobolParser$CallStatementContext,callStatement,throws-declaration,RecognitionException,propagate,,
src/main/java/org/openrewrite/mainframe/cobol/internal/grammar/CobolParser.java,org.openrewrite.mainframe.cobol.internal.grammar.CobolParser$CallStatementContext,callStatement,try-catch,RecognitionException,custom,,
src/main/java/org/openrewrite/mainframe/cobol/internal/grammar/CobolParser.java,org.openrewrite.mainframe.cobol.internal.grammar.CobolParser$CallUsingPhraseContext,callUsingPhrase,throws-declaration,RecognitionException,propagate,,
src/main/java/org/openrewrite/mainframe/cobol/internal/grammar/CobolParser.java,org.openrewrite.mainframe.cobol.internal.grammar.CobolParser$CallUsingPhraseContext,callUsingPhrase,try-catch,RecognitionException,custom,,
src/main/java/org/openrewrite/mainframe/cobol/internal/grammar/CobolParser.java,org.openrewrite.mainframe.cobol.internal.grammar.CobolParser$CallUsingParameterContext,callUsingParameter,throws-declaration,RecognitionException,propagate,,
src/main/java/org/openrewrite/mainframe/cobol/internal/grammar/CobolParser.java,org.openrewrite.mainframe.cobol.internal.grammar.CobolParser$CallUsingParameterContext,callUsingParameter,try-catch,RecognitionException,custom,,
src/main/java/org/openrewrite/mainframe/cobol/internal/grammar/CobolParser.java,org.openrewrite.mainframe.cobol.internal.grammar.CobolParser$CallByReferencePhraseContext,callByReferencePhrase,throws-declaration,RecognitionException,propagate,,
src/main/java/org/openrewrite/mainframe/cobol/internal/grammar/CobolParser.java,org.openrewrite.mainframe.cobol.internal.grammar.CobolParser$CallByReferencePhraseContext,callByReferencePhrase,try-catch,RecognitionException,custom,,
src/main/java/org/openrewrite/mainframe/cobol/internal/grammar/CobolParser.java,org.openrewrite.mainframe.cobol.internal.grammar.CobolParser$CallByReferenceContext,callByReference,throws-declaration,RecognitionException,propagate,,
src/main/java/org/openrewrite/mainframe/cobol/internal/grammar/CobolParser.java,org.openrewrite.mainframe.cobol.internal.grammar.CobolParser$CallByReferenceContext,callByReference,try-catch,RecognitionException,custom,,
src/main/java/org/openrewrite/mainframe/cobol/internal/grammar/CobolParser.java,org.openrewrite.mainframe.cobol.internal.grammar.CobolParser$CallByValuePhraseContext,callByValuePhrase,throws-declaration,RecognitionException,propagate,,
src/main/java/org/openrewrite/mainframe/cobol/internal/grammar/CobolParser.java,org.openrewrite.mainframe.cobol.internal.grammar.CobolParser$CallByValuePhraseContext,callByValuePhrase,try-catch,RecognitionException,custom,,
src/main/java/org/openrewrite/mainframe/cobol/internal/grammar/CobolParser.java,org.openrewrite.mainframe.cobol.internal.grammar.CobolParser$CallByValueContext,callByValue,throws-declaration,RecognitionException,propagate,,
src/main/java/org/openrewrite/mainframe/cobol/internal/grammar/CobolParser.java,org.openrewrite.mainframe.cobol.internal.grammar.CobolParser$CallByValueContext,callByValue,try-catch,RecognitionException,custom,,
src/main/java/org/openrewrite/mainframe/cobol/internal/grammar/CobolParser.java,org.openrewrite.mainframe.cobol.internal.grammar.CobolParser$CallByContentPhraseContext,callByContentPhrase,throws-declaration,RecognitionException,propagate,,
src/main/java/org/openrewrite/mainframe/cobol/internal/grammar/CobolParser.java,org.openrewrite.mainframe.cobol.internal.grammar.CobolParser$CallByContentPhraseContext,callByContentPhrase,try-catch,RecognitionException,custom,,
src/main/java/org/openrewrite/mainframe/cobol/internal/grammar/CobolParser.java,org.openrewrite.mainframe.cobol.internal.grammar.CobolParser$CallByContentContext,callByContent,throws-declaration,RecognitionException,propagate,,
src/main/java/org/openrewrite/mainframe/cobol/internal/grammar/CobolParser.java,org.openrewrite.mainframe.cobol.internal.grammar.CobolParser$CallByContentContext,callByContent,try-catch,RecognitionException,custom,,
src/main/java/org/openrewrite/mainframe/cobol/internal/grammar/CobolParser.java,org.openrewrite.mainframe.cobol.internal.grammar.CobolParser$CallGivingPhraseContext,callGivingPhrase,throws-declaration,RecognitionException,propagate,,
src/main/java/org/openrewrite/mainframe/cobol/internal/grammar/CobolParser.java,org.openrewrite.mainframe.cobol.internal.grammar.CobolParser$CallGivingPhraseContext,callGivingPhrase,try-catch,RecognitionException,custom,,
src/main/java/org/openrewrite/mainframe/cobol/internal/grammar/CobolParser.java,org.openrewrite.mainframe.cobol.internal.grammar.CobolParser$CancelStatementContext,cancelStatement,throws-declaration,RecognitionException,propagate,,
src/main/java/org/openrewrite/mainframe/cobol/internal/grammar/CobolParser.java,org.openrewrite.mainframe.cobol.internal.grammar.CobolParser$CancelStatementContext,cancelStatement,try-catch,RecognitionException,custom,,
src/main/java/org/openrewrite/mainframe/cobol/internal/grammar/CobolParser.java,org.openrewrite.mainframe.cobol.internal.grammar.CobolParser$CancelCallContext,cancelCall,throws-declaration,RecognitionException,propagate,,
src/main/java/org/openrewrite/mainframe/cobol/internal/grammar/CobolParser.java,org.openrewrite.mainframe.cobol.internal.grammar.CobolParser$CancelCallContext,cancelCall,try-catch,RecognitionException,custom,,
src/main/java/org/openrewrite/mainframe/cobol/internal/grammar/CobolParser.java,org.openrewrite.mainframe.cobol.internal.grammar.CobolParser$CloseStatementContext,closeStatement,throws-declaration,RecognitionException,propagate,,
src/main/java/org/openrewrite/mainframe/cobol/internal/grammar/CobolParser.java,org.openrewrite.mainframe.cobol.internal.grammar.CobolParser$CloseStatementContext,closeStatement,try-catch,RecognitionException,custom,,
src/main/java/org/openrewrite/mainframe/cobol/internal/grammar/CobolParser.java,org.openrewrite.mainframe.cobol.internal.grammar.CobolParser$CloseFileContext,closeFile,throws-declaration,RecognitionException,propagate,,
src/main/java/org/openrewrite/mainframe/cobol/internal/grammar/CobolParser.java,org.openrewrite.mainframe.cobol.internal.grammar.CobolParser$CloseFileContext,closeFile,try-catch,RecognitionException,custom,,
src/main/java/org/openrewrite/mainframe/cobol/internal/grammar/CobolParser.java,org.openrewrite.mainframe.cobol.internal.grammar.CobolParser$CloseReelUnitStatementContext,closeReelUnitStatement,throws-declaration,RecognitionException,propagate,,
src/main/java/org/openrewrite/mainframe/cobol/internal/grammar/CobolParser.java,org.openrewrite.mainframe.cobol.internal.grammar.CobolParser$CloseReelUnitStatementContext,closeReelUnitStatement,try-catch,RecognitionException,custom,,
src/main/java/org/openrewrite/mainframe/cobol/internal/grammar/CobolParser.java,org.openrewrite.mainframe.cobol.internal.grammar.CobolParser$CloseRelativeStatementContext,closeRelativeStatement,throws-declaration,RecognitionException,propagate,,
src/main/java/org/openrewrite/mainframe/cobol/internal/grammar/CobolParser.java,org.openrewrite.mainframe.cobol.internal.grammar.CobolParser$CloseRelativeStatementContext,closeRelativeStatement,try-catch,RecognitionException,custom,,
src/main/java/org/openrewrite/mainframe/cobol/internal/grammar/CobolParser.java,org.openrewrite.mainframe.cobol.internal.grammar.CobolParser$ClosePortFileIOStatementContext,closePortFileIOStatement,throws-declaration,RecognitionException,propagate,,
src/main/java/org/openrewrite/mainframe/cobol/internal/grammar/CobolParser.java,org.openrewrite.mainframe.cobol.internal.grammar.CobolParser$ClosePortFileIOStatementContext,closePortFileIOStatement,try-catch,RecognitionException,custom,,
src/main/java/org/openrewrite/mainframe/cobol/internal/grammar/CobolParser.java,org.openrewrite.mainframe.cobol.internal.grammar.CobolParser$ClosePortFileIOUsingContext,closePortFileIOUsing,throws-declaration,RecognitionException,propagate,,
src/main/java/org/openrewrite/mainframe/cobol/internal/grammar/CobolParser.java,org.openrewrite.mainframe.cobol.internal.grammar.CobolParser$ClosePortFileIOUsingContext,closePortFileIOUsing,try-catch,RecognitionException,custom,,
src/main/java/org/openrewrite/mainframe/cobol/internal/grammar/CobolParser.java,org.openrewrite.mainframe.cobol.internal.grammar.CobolParser$ClosePortFileIOUsingCloseDispositionContext,closePortFileIOUsingCloseDisposition,throws-declaration,RecognitionException,propagate,,
src/main/java/org/openrewrite/mainframe/cobol/internal/grammar/CobolParser.java,org.openrewrite.mainframe.cobol.internal.grammar.CobolParser$ClosePortFileIOUsingCloseDispositionContext,closePortFileIOUsingCloseDisposition,try-catch,RecognitionException,custom,,
src/main/java/org/openrewrite/mainframe/cobol/internal/grammar/CobolParser.java,org.openrewrite.mainframe.cobol.internal.grammar.CobolParser$ClosePortFileIOUsingAssociatedDataContext,closePortFileIOUsingAssociatedData,throws-declaration,RecognitionException,propagate,,
src/main/java/org/openrewrite/mainframe/cobol/internal/grammar/CobolParser.java,org.openrewrite.mainframe.cobol.internal.grammar.CobolParser$ClosePortFileIOUsingAssociatedDataContext,closePortFileIOUsingAssociatedData,try-catch,RecognitionException,custom,,
src/main/java/org/openrewrite/mainframe/cobol/internal/grammar/CobolParser.java,org.openrewrite.mainframe.cobol.internal.grammar.CobolParser$ClosePortFileIOUsingAssociatedDataLengthContext,closePortFileIOUsingAssociatedDataLength,throws-declaration,RecognitionException,propagate,,
src/main/java/org/openrewrite/mainframe/cobol/internal/grammar/CobolParser.java,org.openrewrite.mainframe.cobol.internal.grammar.CobolParser$ClosePortFileIOUsingAssociatedDataLengthContext,closePortFileIOUsingAssociatedDataLength,try-catch,RecognitionException,custom,,
src/main/java/org/openrewrite/mainframe/cobol/internal/grammar/CobolParser.java,org.openrewrite.mainframe.cobol.internal.grammar.CobolParser$ComputeStatementContext,computeStatement,throws-declaration,RecognitionException,propagate,,
src/main/java/org/openrewrite/mainframe/cobol/internal/grammar/CobolParser.java,org.openrewrite.mainframe.cobol.internal.grammar.CobolParser$ComputeStatementContext,computeStatement,try-catch,RecognitionException,custom,,
src/main/java/org/openrewrite/mainframe/cobol/internal/grammar/CobolParser.java,org.openrewrite.mainframe.cobol.internal.grammar.CobolParser$ComputeStoreContext,computeStore,throws-declaration,RecognitionException,propagate,,
src/main/java/org/openrewrite/mainframe/cobol/internal/grammar/CobolParser.java,org.openrewrite.mainframe.cobol.internal.grammar.CobolParser$ComputeStoreContext,computeStore,try-catch,RecognitionException,custom,,
src/main/java/org/openrewrite/mainframe/cobol/internal/grammar/CobolParser.java,org.openrewrite.mainframe.cobol.internal.grammar.CobolParser$ContinueStatementContext,continueStatement,throws-declaration,RecognitionException,propagate,,
src/main/java/org/openrewrite/mainframe/cobol/internal/grammar/CobolParser.java,org.openrewrite.mainframe.cobol.internal.grammar.CobolParser$ContinueStatementContext,continueStatement,try-catch,RecognitionException,custom,,
src/main/java/org/openrewrite/mainframe/cobol/internal/grammar/CobolParser.java,org.openrewrite.mainframe.cobol.internal.grammar.CobolParser$DeleteStatementContext,deleteStatement,throws-declaration,RecognitionException,propagate,,
src/main/java/org/openrewrite/mainframe/cobol/internal/grammar/CobolParser.java,org.openrewrite.mainframe.cobol.internal.grammar.CobolParser$DeleteStatementContext,deleteStatement,try-catch,RecognitionException,custom,,
src/main/java/org/openrewrite/mainframe/cobol/internal/grammar/CobolParser.java,org.openrewrite.mainframe.cobol.internal.grammar.CobolParser$DisableStatementContext,disableStatement,throws-declaration,RecognitionException,propagate,,
src/main/java/org/openrewrite/mainframe/cobol/internal/grammar/CobolParser.java,org.openrewrite.mainframe.cobol.internal.grammar.CobolParser$DisableStatementContext,disableStatement,try-catch,RecognitionException,custom,,
src/main/java/org/openrewrite/mainframe/cobol/internal/grammar/CobolParser.java,org.openrewrite.mainframe.cobol.internal.grammar.CobolParser$DisplayStatementContext,displayStatement,throws-declaration,RecognitionException,propagate,,
src/main/java/org/openrewrite/mainframe/cobol/internal/grammar/CobolParser.java,org.openrewrite.mainframe.cobol.internal.grammar.CobolParser$DisplayStatementContext,displayStatement,try-catch,RecognitionException,custom,,
src/main/java/org/openrewrite/mainframe/cobol/internal/grammar/CobolParser.java,org.openrewrite.mainframe.cobol.internal.grammar.CobolParser$DisplayOperandContext,displayOperand,throws-declaration,RecognitionException,propagate,,
src/main/java/org/openrewrite/mainframe/cobol/internal/grammar/CobolParser.java,org.openrewrite.mainframe.cobol.internal.grammar.CobolParser$DisplayOperandContext,displayOperand,try-catch,RecognitionException,custom,,
src/main/java/org/openrewrite/mainframe/cobol/internal/grammar/CobolParser.java,org.openrewrite.mainframe.cobol.internal.grammar.CobolParser$DisplayAtContext,displayAt,throws-declaration,RecognitionException,propagate,,
src/main/java/org/openrewrite/mainframe/cobol/internal/grammar/CobolParser.java,org.openrewrite.mainframe.cobol.internal.grammar.CobolParser$DisplayAtContext,displayAt,try-catch,RecognitionException,custom,,
src/main/java/org/openrewrite/mainframe/cobol/internal/grammar/CobolParser.java,org.openrewrite.mainframe.cobol.internal.grammar.CobolParser$DisplayUponContext,displayUpon,throws-declaration,RecognitionException,propagate,,
src/main/java/org/openrewrite/mainframe/cobol/internal/grammar/CobolParser.java,org.openrewrite.mainframe.cobol.internal.grammar.CobolParser$DisplayUponContext,displayUpon,try-catch,RecognitionException,custom,,
src/main/java/org/openrewrite/mainframe/cobol/internal/grammar/CobolParser.java,org.openrewrite.mainframe.cobol.internal.grammar.CobolParser$DisplayWithContext,displayWith,throws-declaration,RecognitionException,propagate,,
src/main/java/org/openrewrite/mainframe/cobol/internal/grammar/CobolParser.java,org.openrewrite.mainframe.cobol.internal.grammar.CobolParser$DisplayWithContext,displayWith,try-catch,RecognitionException,custom,,
src/main/java/org/openrewrite/mainframe/cobol/internal/grammar/CobolParser.java,org.openrewrite.mainframe.cobol.internal.grammar.CobolParser$DivideStatementContext,divideStatement,throws-declaration,RecognitionException,propagate,,
src/main/java/org/openrewrite/mainframe/cobol/internal/grammar/CobolParser.java,org.openrewrite.mainframe.cobol.internal.grammar.CobolParser$DivideStatementContext,divideStatement,try-catch,RecognitionException,custom,,
src/main/java/org/openrewrite/mainframe/cobol/internal/grammar/CobolParser.java,org.openrewrite.mainframe.cobol.internal.grammar.CobolParser$DivideIntoStatementContext,divideIntoStatement,throws-declaration,RecognitionException,propagate,,
src/main/java/org/openrewrite/mainframe/cobol/internal/grammar/CobolParser.java,org.openrewrite.mainframe.cobol.internal.grammar.CobolParser$DivideIntoStatementContext,divideIntoStatement,try-catch,RecognitionException,custom,,
src/main/java/org/openrewrite/mainframe/cobol/internal/grammar/CobolParser.java,org.openrewrite.mainframe.cobol.internal.grammar.CobolParser$DivideIntoGivingStatementContext,divideIntoGivingStatement,throws-declaration,RecognitionException,propagate,,
src/main/java/org/openrewrite/mainframe/cobol/internal/grammar/CobolParser.java,org.openrewrite.mainframe.cobol.internal.grammar.CobolParser$DivideIntoGivingStatementContext,divideIntoGivingStatement,try-catch,RecognitionException,custom,,
src/main/java/org/openrewrite/mainframe/cobol/internal/grammar/CobolParser.java,org.openrewrite.mainframe.cobol.internal.grammar.CobolParser$DivideByGivingStatementContext,divideByGivingStatement,throws-declaration,RecognitionException,propagate,,
src/main/java/org/openrewrite/mainframe/cobol/internal/grammar/CobolParser.java,org.openrewrite.mainframe.cobol.internal.grammar.CobolParser$DivideByGivingStatementContext,divideByGivingStatement,try-catch,RecognitionException,custom,,
src/main/java/org/openrewrite/mainframe/cobol/internal/grammar/CobolParser.java,org.openrewrite.mainframe.cobol.internal.grammar.CobolParser$DivideGivingPhraseContext,divideGivingPhrase,throws-declaration,RecognitionException,propagate,,
src/main/java/org/openrewrite/mainframe/cobol/internal/grammar/CobolParser.java,org.openrewrite.mainframe.cobol.internal.grammar.CobolParser$DivideGivingPhraseContext,divideGivingPhrase,try-catch,RecognitionException,custom,,
src/main/java/org/openrewrite/mainframe/cobol/internal/grammar/CobolParser.java,org.openrewrite.mainframe.cobol.internal.grammar.CobolParser$DivideIntoContext,divideInto,throws-declaration,RecognitionException,propagate,,
src/main/java/org/openrewrite/mainframe/cobol/internal/grammar/CobolParser.java,org.openrewrite.mainframe.cobol.internal.grammar.CobolParser$DivideIntoContext,divideInto,try-catch,RecognitionException,custom,,
src/main/java/org/openrewrite/mainframe/cobol/internal/grammar/CobolParser.java,org.openrewrite.mainframe.cobol.internal.grammar.CobolParser$DivideGivingContext,divideGiving,throws-declaration,RecognitionException,propagate,,
src/main/java/org/openrewrite/mainframe/cobol/internal/grammar/CobolParser.java,org.openrewrite.mainframe.cobol.internal.grammar.CobolParser$DivideGivingContext,divideGiving,try-catch,RecognitionException,custom,,
src/main/java/org/openrewrite/mainframe/cobol/internal/grammar/CobolParser.java,org.openrewrite.mainframe.cobol.internal.grammar.CobolParser$DivideRemainderContext,divideRemainder,throws-declaration,RecognitionException,propagate,,
src/main/java/org/openrewrite/mainframe/cobol/internal/grammar/CobolParser.java,org.openrewrite.mainframe.cobol.internal.grammar.CobolParser$DivideRemainderContext,divideRemainder,try-catch,RecognitionException,custom,,
src/main/java/org/openrewrite/mainframe/cobol/internal/grammar/CobolParser.java,org.openrewrite.mainframe.cobol.internal.grammar.CobolParser$EnableStatementContext,enableStatement,throws-declaration,RecognitionException,propagate,,
src/main/java/org/openrewrite/mainframe/cobol/internal/grammar/CobolParser.java,org.openrewrite.mainframe.cobol.internal.grammar.CobolParser$EnableStatementContext,enableStatement,try-catch,RecognitionException,custom,,
src/main/java/org/openrewrite/mainframe/cobol/internal/grammar/CobolParser.java,org.openrewrite.mainframe.cobol.internal.grammar.CobolParser$EntryStatementContext,entryStatement,throws-declaration,RecognitionException,propagate,,
src/main/java/org/openrewrite/mainframe/cobol/internal/grammar/CobolParser.java,org.openrewrite.mainframe.cobol.internal.grammar.CobolParser$EntryStatementContext,entryStatement,try-catch,RecognitionException,custom,,
src/main/java/org/openrewrite/mainframe/cobol/internal/grammar/CobolParser.java,org.openrewrite.mainframe.cobol.internal.grammar.CobolParser$EvaluateStatementContext,evaluateStatement,throws-declaration,RecognitionException,propagate,,
src/main/java/org/openrewrite/mainframe/cobol/internal/grammar/CobolParser.java,org.openrewrite.mainframe.cobol.internal.grammar.CobolParser$EvaluateStatementContext,evaluateStatement,try-catch,RecognitionException,custom,,
src/main/java/org/openrewrite/mainframe/cobol/internal/grammar/CobolParser.java,org.openrewrite.mainframe.cobol.internal.grammar.CobolParser$EvaluateSelectContext,evaluateSelect,throws-declaration,RecognitionException,propagate,,
src/main/java/org/openrewrite/mainframe/cobol/internal/grammar/CobolParser.java,org.openrewrite.mainframe.cobol.internal.grammar.CobolParser$EvaluateSelectContext,evaluateSelect,try-catch,RecognitionException,custom,,
src/main/java/org/openrewrite/mainframe/cobol/internal/grammar/CobolParser.java,org.openrewrite.mainframe.cobol.internal.grammar.CobolParser$EvaluateAlsoSelectContext,evaluateAlsoSelect,throws-declaration,RecognitionException,propagate,,
src/main/java/org/openrewrite/mainframe/cobol/internal/grammar/CobolParser.java,org.openrewrite.mainframe.cobol.internal.grammar.CobolParser$EvaluateAlsoSelectContext,evaluateAlsoSelect,try-catch,RecognitionException,custom,,
src/main/java/org/openrewrite/mainframe/cobol/internal/grammar/CobolParser.java,org.openrewrite.mainframe.cobol.internal.grammar.CobolParser$EvaluateWhenPhraseContext,evaluateWhenPhrase,throws-declaration,RecognitionException,propagate,,
src/main/java/org/openrewrite/mainframe/cobol/internal/grammar/CobolParser.java,org.openrewrite.mainframe.cobol.internal.grammar.CobolParser$EvaluateWhenPhraseContext,evaluateWhenPhrase,try-catch,RecognitionException,custom,,
src/main/java/org/openrewrite/mainframe/cobol/internal/grammar/CobolParser.java,org.openrewrite.mainframe.cobol.internal.grammar.CobolParser$EvaluateWhenContext,evaluateWhen,throws-declaration,RecognitionException,propagate,,
src/main/java/org/openrewrite/mainframe/cobol/internal/grammar/CobolParser.java,org.openrewrite.mainframe.cobol.internal.grammar.CobolParser$EvaluateWhenContext,evaluateWhen,try-catch,RecognitionException,custom,,
src/main/java/org/openrewrite/mainframe/cobol/internal/grammar/CobolParser.java,org.openrewrite.mainframe.cobol.internal.grammar.CobolParser$EvaluateConditionContext,evaluateCondition,throws-declaration,RecognitionException,propagate,,
src/main/java/org/openrewrite/mainframe/cobol/internal/grammar/CobolParser.java,org.openrewrite.mainframe.cobol.internal.grammar.CobolParser$EvaluateConditionContext,evaluateCondition,try-catch,RecognitionException,custom,,
src/main/java/org/openrewrite/mainframe/cobol/internal/grammar/CobolParser.java,org.openrewrite.mainframe.cobol.internal.grammar.CobolParser$EvaluateThroughContext,evaluateThrough,throws-declaration,RecognitionException,propagate,,
src/main/java/org/openrewrite/mainframe/cobol/internal/grammar/CobolParser.java,org.openrewrite.mainframe.cobol.internal.grammar.CobolParser$EvaluateThroughContext,evaluateThrough,try-catch,RecognitionException,custom,,
src/main/java/org/openrewrite/mainframe/cobol/internal/grammar/CobolParser.java,org.openrewrite.mainframe.cobol.internal.grammar.CobolParser$EvaluateAlsoConditionContext,evaluateAlsoCondition,throws-declaration,RecognitionException,propagate,,
src/main/java/org/openrewrite/mainframe/cobol/internal/grammar/CobolParser.java,org.openrewrite.mainframe.cobol.internal.grammar.CobolParser$EvaluateAlsoConditionContext,evaluateAlsoCondition,try-catch,RecognitionException,custom,,
src/main/java/org/openrewrite/mainframe/cobol/internal/grammar/CobolParser.java,org.openrewrite.mainframe.cobol.internal.grammar.CobolParser$EvaluateWhenOtherContext,evaluateWhenOther,throws-declaration,RecognitionException,propagate,,
src/main/java/org/openrewrite/mainframe/cobol/internal/grammar/CobolParser.java,org.openrewrite.mainframe.cobol.internal.grammar.CobolParser$EvaluateWhenOtherContext,evaluateWhenOther,try-catch,RecognitionException,custom,,
src/main/java/org/openrewrite/mainframe/cobol/internal/grammar/CobolParser.java,org.openrewrite.mainframe.cobol.internal.grammar.CobolParser$EvaluateValueContext,evaluateValue,throws-declaration,RecognitionException,propagate,,
src/main/java/org/openrewrite/mainframe/cobol/internal/grammar/CobolParser.java,org.openrewrite.mainframe.cobol.internal.grammar.CobolParser$EvaluateValueContext,evaluateValue,try-catch,RecognitionException,custom,,
src/main/java/org/openrewrite/mainframe/cobol/internal/grammar/CobolParser.java,org.openrewrite.mainframe.cobol.internal.grammar.CobolParser$ExecCicsStatementContext,execCicsStatement,throws-declaration,RecognitionException,propagate,,
src/main/java/org/openrewrite/mainframe/cobol/internal/grammar/CobolParser.java,org.openrewrite.mainframe.cobol.internal.grammar.CobolParser$ExecCicsStatementContext,execCicsStatement,try-catch,RecognitionException,custom,,
src/main/java/org/openrewrite/mainframe/cobol/internal/grammar/CobolParser.java,org.openrewrite.mainframe.cobol.internal.grammar.CobolParser$ExecDliStatementContext,execDliStatement,throws-declaration,RecognitionException,propagate,,
src/main/java/org/openrewrite/mainframe/cobol/internal/grammar/CobolParser.java,org.openrewrite.mainframe.cobol.internal.grammar.CobolParser$ExecDliStatementContext,execDliStatement,try-catch,RecognitionException,custom,,
src/main/java/org/openrewrite/mainframe/cobol/internal/grammar/CobolParser.java,org.openrewrite.mainframe.cobol.internal.grammar.CobolParser$ExecSqlStatementContext,execSqlStatement,throws-declaration,RecognitionException,propagate,,
src/main/java/org/openrewrite/mainframe/cobol/internal/grammar/CobolParser.java,org.openrewrite.mainframe.cobol.internal.grammar.CobolParser$ExecSqlStatementContext,execSqlStatement,try-catch,RecognitionException,custom,,
src/main/java/org/openrewrite/mainframe/cobol/internal/grammar/CobolParser.java,org.openrewrite.mainframe.cobol.internal.grammar.CobolParser$ExecSqlImsStatementContext,execSqlImsStatement,throws-declaration,RecognitionException,propagate,,
src/main/java/org/openrewrite/mainframe/cobol/internal/grammar/CobolParser.java,org.openrewrite.mainframe.cobol.internal.grammar.CobolParser$ExecSqlImsStatementContext,execSqlImsStatement,try-catch,RecognitionException,custom,,
src/main/java/org/openrewrite/mainframe/cobol/internal/grammar/CobolParser.java,org.openrewrite.mainframe.cobol.internal.grammar.CobolParser$ExhibitStatementContext,exhibitStatement,throws-declaration,RecognitionException,propagate,,
src/main/java/org/openrewrite/mainframe/cobol/internal/grammar/CobolParser.java,org.openrewrite.mainframe.cobol.internal.grammar.CobolParser$ExhibitStatementContext,exhibitStatement,try-catch,RecognitionException,custom,,
src/main/java/org/openrewrite/mainframe/cobol/internal/grammar/CobolParser.java,org.openrewrite.mainframe.cobol.internal.grammar.CobolParser$ExhibitOperandContext,exhibitOperand,throws-declaration,RecognitionException,propagate,,
src/main/java/org/openrewrite/mainframe/cobol/internal/grammar/CobolParser.java,org.openrewrite.mainframe.cobol.internal.grammar.CobolParser$ExhibitOperandContext,exhibitOperand,try-catch,RecognitionException,custom,,
src/main/java/org/openrewrite/mainframe/cobol/internal/grammar/CobolParser.java,org.openrewrite.mainframe.cobol.internal.grammar.CobolParser$ExitStatementContext,exitStatement,throws-declaration,RecognitionException,propagate,,
src/main/java/org/openrewrite/mainframe/cobol/internal/grammar/CobolParser.java,org.openrewrite.mainframe.cobol.internal.grammar.CobolParser$ExitStatementContext,exitStatement,try-catch,RecognitionException,custom,,
src/main/java/org/openrewrite/mainframe/cobol/internal/grammar/CobolParser.java,org.openrewrite.mainframe.cobol.internal.grammar.CobolParser$GenerateStatementContext,generateStatement,throws-declaration,RecognitionException,propagate,,
src/main/java/org/openrewrite/mainframe/cobol/internal/grammar/CobolParser.java,org.openrewrite.mainframe.cobol.internal.grammar.CobolParser$GenerateStatementContext,generateStatement,try-catch,RecognitionException,custom,,
src/main/java/org/openrewrite/mainframe/cobol/internal/grammar/CobolParser.java,org.openrewrite.mainframe.cobol.internal.grammar.CobolParser$GobackStatementContext,gobackStatement,throws-declaration,RecognitionException,propagate,,
src/main/java/org/openrewrite/mainframe/cobol/internal/grammar/CobolParser.java,org.openrewrite.mainframe.cobol.internal.grammar.CobolParser$GobackStatementContext,gobackStatement,try-catch,RecognitionException,custom,,
src/main/java/org/openrewrite/mainframe/cobol/internal/grammar/CobolParser.java,org.openrewrite.mainframe.cobol.internal.grammar.CobolParser$GoToStatementContext,goToStatement,throws-declaration,RecognitionException,propagate,,
src/main/java/org/openrewrite/mainframe/cobol/internal/grammar/CobolParser.java,org.openrewrite.mainframe.cobol.internal.grammar.CobolParser$GoToStatementContext,goToStatement,try-catch,RecognitionException,custom,,
src/main/java/org/openrewrite/mainframe/cobol/internal/grammar/CobolParser.java,org.openrewrite.mainframe.cobol.internal.grammar.CobolParser$GoToStatementSimpleContext,goToStatementSimple,throws-declaration,RecognitionException,propagate,,
src/main/java/org/openrewrite/mainframe/cobol/internal/grammar/CobolParser.java,org.openrewrite.mainframe.cobol.internal.grammar.CobolParser$GoToStatementSimpleContext,goToStatementSimple,try-catch,RecognitionException,custom,,
src/main/java/org/openrewrite/mainframe/cobol/internal/grammar/CobolParser.java,org.openrewrite.mainframe.cobol.internal.grammar.CobolParser$GoToDependingOnStatementContext,goToDependingOnStatement,throws-declaration,RecognitionException,propagate,,
src/main/java/org/openrewrite/mainframe/cobol/internal/grammar/CobolParser.java,org.openrewrite.mainframe.cobol.internal.grammar.CobolParser$GoToDependingOnStatementContext,goToDependingOnStatement,try-catch,RecognitionException,custom,,
src/main/java/org/openrewrite/mainframe/cobol/internal/grammar/CobolParser.java,org.openrewrite.mainframe.cobol.internal.grammar.CobolParser$IfStatementContext,ifStatement,throws-declaration,RecognitionException,propagate,,
src/main/java/org/openrewrite/mainframe/cobol/internal/grammar/CobolParser.java,org.openrewrite.mainframe.cobol.internal.grammar.CobolParser$IfStatementContext,ifStatement,try-catch,RecognitionException,custom,,
src/main/java/org/openrewrite/mainframe/cobol/internal/grammar/CobolParser.java,org.openrewrite.mainframe.cobol.internal.grammar.CobolParser$IfThenContext,ifThen,throws-declaration,RecognitionException,propagate,,
src/main/java/org/openrewrite/mainframe/cobol/internal/grammar/CobolParser.java,org.openrewrite.mainframe.cobol.internal.grammar.CobolParser$IfThenContext,ifThen,try-catch,RecognitionException,custom,,
src/main/java/org/openrewrite/mainframe/cobol/internal/grammar/CobolParser.java,org.openrewrite.mainframe.cobol.internal.grammar.CobolParser$IfElseContext,ifElse,throws-declaration,RecognitionException,propagate,,
src/main/java/org/openrewrite/mainframe/cobol/internal/grammar/CobolParser.java,org.openrewrite.mainframe.cobol.internal.grammar.CobolParser$IfElseContext,ifElse,try-catch,RecognitionException,custom,,
src/main/java/org/openrewrite/mainframe/cobol/internal/grammar/CobolParser.java,org.openrewrite.mainframe.cobol.internal.grammar.CobolParser$InitializeStatementContext,initializeStatement,throws-declaration,RecognitionException,propagate,,
src/main/java/org/openrewrite/mainframe/cobol/internal/grammar/CobolParser.java,org.openrewrite.mainframe.cobol.internal.grammar.CobolParser$InitializeStatementContext,initializeStatement,try-catch,RecognitionException,custom,,
src/main/java/org/openrewrite/mainframe/cobol/internal/grammar/CobolParser.java,org.openrewrite.mainframe.cobol.internal.grammar.CobolParser$InitializeReplacingPhraseContext,initializeReplacingPhrase,throws-declaration,RecognitionException,propagate,,
src/main/java/org/openrewrite/mainframe/cobol/internal/grammar/CobolParser.java,org.openrewrite.mainframe.cobol.internal.grammar.CobolParser$InitializeReplacingPhraseContext,initializeReplacingPhrase,try-catch,RecognitionException,custom,,
src/main/java/org/openrewrite/mainframe/cobol/internal/grammar/CobolParser.java,org.openrewrite.mainframe.cobol.internal.grammar.CobolParser$InitializeReplacingByContext,initializeReplacingBy,throws-declaration,RecognitionException,propagate,,
src/main/java/org/openrewrite/mainframe/cobol/internal/grammar/CobolParser.java,org.openrewrite.mainframe.cobol.internal.grammar.CobolParser$InitializeReplacingByContext,initializeReplacingBy,try-catch,RecognitionException,custom,,
src/main/java/org/openrewrite/mainframe/cobol/internal/grammar/CobolParser.java,org.openrewrite.mainframe.cobol.internal.grammar.CobolParser$InitiateStatementContext,initiateStatement,throws-declaration,RecognitionException,propagate,,
src/main/java/org/openrewrite/mainframe/cobol/internal/grammar/CobolParser.java,org.openrewrite.mainframe.cobol.internal.grammar.CobolParser$InitiateStatementContext,initiateStatement,try-catch,RecognitionException,custom,,
src/main/java/org/openrewrite/mainframe/cobol/internal/grammar/CobolParser.java,org.openrewrite.mainframe.cobol.internal.grammar.CobolParser$InspectStatementContext,inspectStatement,throws-declaration,RecognitionException,propagate,,
src/main/java/org/openrewrite/mainframe/cobol/internal/grammar/CobolParser.java,org.openrewrite.mainframe.cobol.internal.grammar.CobolParser$InspectStatementContext,inspectStatement,try-catch,RecognitionException,custom,,
src/main/java/org/openrewrite/mainframe/cobol/internal/grammar/CobolParser.java,org.openrewrite.mainframe.cobol.internal.grammar.CobolParser$InspectTallyingPhraseContext,inspectTallyingPhrase,throws-declaration,RecognitionException,propagate,,
src/main/java/org/openrewrite/mainframe/cobol/internal/grammar/CobolParser.java,org.openrewrite.mainframe.cobol.internal.grammar.CobolParser$InspectTallyingPhraseContext,inspectTallyingPhrase,try-catch,RecognitionException,custom,,
src/main/java/org/openrewrite/mainframe/cobol/internal/grammar/CobolParser.java,org.openrewrite.mainframe.cobol.internal.grammar.CobolParser$InspectReplacingPhraseContext,inspectReplacingPhrase,throws-declaration,RecognitionException,propagate,,
src/main/java/org/openrewrite/mainframe/cobol/internal/grammar/CobolParser.java,org.openrewrite.mainframe.cobol.internal.grammar.CobolParser$InspectReplacingPhraseContext,inspectReplacingPhrase,try-catch,RecognitionException,custom,,
src/main/java/org/openrewrite/mainframe/cobol/internal/grammar/CobolParser.java,org.openrewrite.mainframe.cobol.internal.grammar.CobolParser$InspectTallyingReplacingPhraseContext,inspectTallyingReplacingPhrase,throws-declaration,RecognitionException,propagate,,
src/main/java/org/openrewrite/mainframe/cobol/internal/grammar/CobolParser.java,org.openrewrite.mainframe.cobol.internal.grammar.CobolParser$InspectTallyingReplacingPhraseContext,inspectTallyingReplacingPhrase,try-catch,RecognitionException,custom,,
src/main/java/org/openrewrite/mainframe/cobol/internal/grammar/CobolParser.java,org.openrewrite.mainframe.cobol.internal.grammar.CobolParser$InspectConvertingPhraseContext,inspectConvertingPhrase,throws-declaration,RecognitionException,propagate,,
src/main/java/org/openrewrite/mainframe/cobol/internal/grammar/CobolParser.java,org.openrewrite.mainframe.cobol.internal.grammar.CobolParser$InspectConvertingPhraseContext,inspectConvertingPhrase,try-catch,RecognitionException,custom,,
src/main/java/org/openrewrite/mainframe/cobol/internal/grammar/CobolParser.java,org.openrewrite.mainframe.cobol.internal.grammar.CobolParser$InspectForContext,inspectFor,throws-declaration,RecognitionException,propagate,,
src/main/java/org/openrewrite/mainframe/cobol/internal/grammar/CobolParser.java,org.openrewrite.mainframe.cobol.internal.grammar.CobolParser$InspectForContext,inspectFor,try-catch,RecognitionException,custom,,
src/main/java/org/openrewrite/mainframe/cobol/internal/grammar/CobolParser.java,org.openrewrite.mainframe.cobol.internal.grammar.CobolParser$InspectCharactersContext,inspectCharacters,throws-declaration,RecognitionException,propagate,,
src/main/java/org/openrewrite/mainframe/cobol/internal/grammar/CobolParser.java,org.openrewrite.mainframe.cobol.internal.grammar.CobolParser$InspectCharactersContext,inspectCharacters,try-catch,RecognitionException,custom,,
src/main/java/org/openrewrite/mainframe/cobol/internal/grammar/CobolParser.java,org.openrewrite.mainframe.cobol.internal.grammar.CobolParser$InspectReplacingCharactersContext,inspectReplacingCharacters,throws-declaration,RecognitionException,propagate,,
src/main/java/org/openrewrite/mainframe/cobol/internal/grammar/CobolParser.java,org.openrewrite.mainframe.cobol.internal.grammar.CobolParser$InspectReplacingCharactersContext,inspectReplacingCharacters,try-catch,RecognitionException,custom,,
src/main/java/org/openrewrite/mainframe/cobol/internal/grammar/CobolParser.java,org.openrewrite.mainframe.cobol.internal.grammar.CobolParser$InspectAllLeadingsContext,inspectAllLeadings,throws-declaration,RecognitionException,propagate,,
src/main/java/org/openrewrite/mainframe/cobol/internal/grammar/CobolParser.java,org.openrewrite.mainframe.cobol.internal.grammar.CobolParser$InspectAllLeadingsContext,inspectAllLeadings,try-catch,RecognitionException,custom,,
src/main/java/org/openrewrite/mainframe/cobol/internal/grammar/CobolParser.java,org.openrewrite.mainframe.cobol.internal.grammar.CobolParser$InspectReplacingAllLeadingsContext,inspectReplacingAllLeadings,throws-declaration,RecognitionException,propagate,,
src/main/java/org/openrewrite/mainframe/cobol/internal/grammar/CobolParser.java,org.openrewrite.mainframe.cobol.internal.grammar.CobolParser$InspectReplacingAllLeadingsContext,inspectReplacingAllLeadings,try-catch,RecognitionException,custom,,
src/main/java/org/openrewrite/mainframe/cobol/internal/grammar/CobolParser.java,org.openrewrite.mainframe.cobol.internal.grammar.CobolParser$InspectAllLeadingContext,inspectAllLeading,throws-declaration,RecognitionException,propagate,,
src/main/java/org/openrewrite/mainframe/cobol/internal/grammar/CobolParser.java,org.openrewrite.mainframe.cobol.internal.grammar.CobolParser$InspectAllLeadingContext,inspectAllLeading,try-catch,RecognitionException,custom,,
src/main/java/org/openrewrite/mainframe/cobol/internal/grammar/CobolParser.java,org.openrewrite.mainframe.cobol.internal.grammar.CobolParser$InspectReplacingAllLeadingContext,inspectReplacingAllLeading,throws-declaration,RecognitionException,propagate,,
src/main/java/org/openrewrite/mainframe/cobol/internal/grammar/CobolParser.java,org.openrewrite.mainframe.cobol.internal.grammar.CobolParser$InspectReplacingAllLeadingContext,inspectReplacingAllLeading,try-catch,RecognitionException,custom,,
src/main/java/org/openrewrite/mainframe/cobol/internal/grammar/CobolParser.java,org.openrewrite.mainframe.cobol.internal.grammar.CobolParser$InspectByContext,inspectBy,throws-declaration,RecognitionException,propagate,,
src/main/java/org/openrewrite/mainframe/cobol/internal/grammar/CobolParser.java,org.openrewrite.mainframe.cobol.internal.grammar.CobolParser$InspectByContext,inspectBy,try-catch,RecognitionException,custom,,
src/main/java/org/openrewrite/mainframe/cobol/internal/grammar/CobolParser.java,org.openrewrite.mainframe.cobol.internal.grammar.CobolParser$InspectToContext,inspectTo,throws-declaration,RecognitionException,propagate,,
src/main/java/org/openrewrite/mainframe/cobol/internal/grammar/CobolParser.java,org.openrewrite.mainframe.cobol.internal.grammar.CobolParser$InspectToContext,inspectTo,try-catch,RecognitionException,custom,,
src/main/java/org/openrewrite/mainframe/cobol/internal/grammar/CobolParser.java,org.openrewrite.mainframe.cobol.internal.grammar.CobolParser$InspectBeforeAfterContext,inspectBeforeAfter,throws-declaration,RecognitionException,propagate,,
src/main/java/org/openrewrite/mainframe/cobol/internal/grammar/CobolParser.java,org.openrewrite.mainframe.cobol.internal.grammar.CobolParser$InspectBeforeAfterContext,inspectBeforeAfter,try-catch,RecognitionException,custom,,
src/main/java/org/openrewrite/mainframe/cobol/internal/grammar/CobolParser.java,org.openrewrite.mainframe.cobol.internal.grammar.CobolParser$MergeStatementContext,mergeStatement,throws-declaration,RecognitionException,propagate,,
src/main/java/org/openrewrite/mainframe/cobol/internal/grammar/CobolParser.java,org.openrewrite.mainframe.cobol.internal.grammar.CobolParser$MergeStatementContext,mergeStatement,try-catch,RecognitionException,custom,,
src/main/java/org/openrewrite/mainframe/cobol/internal/grammar/CobolParser.java,org.openrewrite.mainframe.cobol.internal.grammar.CobolParser$MergeOnKeyClauseContext,mergeOnKeyClause,throws-declaration,RecognitionException,propagate,,
src/main/java/org/openrewrite/mainframe/cobol/internal/grammar/CobolParser.java,org.openrewrite.mainframe.cobol.internal.grammar.CobolParser$MergeOnKeyClauseContext,mergeOnKeyClause,try-catch,RecognitionException,custom,,
src/main/java/org/openrewrite/mainframe/cobol/internal/grammar/CobolParser.java,org.openrewrite.mainframe.cobol.internal.grammar.CobolParser$MergeCollatingSequencePhraseContext,mergeCollatingSequencePhrase,throws-declaration,RecognitionException,propagate,,
src/main/java/org/openrewrite/mainframe/cobol/internal/grammar/CobolParser.java,org.openrewrite.mainframe.cobol.internal.grammar.CobolParser$MergeCollatingSequencePhraseContext,mergeCollatingSequencePhrase,try-catch,RecognitionException,custom,,
src/main/java/org/openrewrite/mainframe/cobol/internal/grammar/CobolParser.java,org.openrewrite.mainframe.cobol.internal.grammar.CobolParser$MergeCollatingAlphanumericContext,mergeCollatingAlphanumeric,throws-declaration,RecognitionException,propagate,,
src/main/java/org/openrewrite/mainframe/cobol/internal/grammar/CobolParser.java,org.openrewrite.mainframe.cobol.internal.grammar.CobolParser$MergeCollatingAlphanumericContext,mergeCollatingAlphanumeric,try-catch,RecognitionException,custom,,
src/main/java/org/openrewrite/mainframe/cobol/internal/grammar/CobolParser.java,org.openrewrite.mainframe.cobol.internal.grammar.CobolParser$MergeCollatingNationalContext,mergeCollatingNational,throws-declaration,RecognitionException,propagate,,
src/main/java/org/openrewrite/mainframe/cobol/internal/grammar/CobolParser.java,org.openrewrite.mainframe.cobol.internal.grammar.CobolParser$MergeCollatingNationalContext,mergeCollatingNational,try-catch,RecognitionException,custom,,
src/main/java/org/openrewrite/mainframe/cobol/internal/grammar/CobolParser.java,org.openrewrite.mainframe.cobol.internal.grammar.CobolParser$MergeUsingContext,mergeUsing,throws-declaration,RecognitionException,propagate,,
src/main/java/org/openrewrite/mainframe/cobol/internal/grammar/CobolParser.java,org.openrewrite.mainframe.cobol.internal.grammar.CobolParser$MergeUsingContext,mergeUsing,try-catch,RecognitionException,custom,,
src/main/java/org/openrewrite/mainframe/cobol/internal/grammar/CobolParser.java,org.openrewrite.mainframe.cobol.internal.grammar.CobolParser$MergeOutputProcedurePhraseContext,mergeOutputProcedurePhrase,throws-declaration,RecognitionException,propagate,,
src/main/java/org/openrewrite/mainframe/cobol/internal/grammar/CobolParser.java,org.openrewrite.mainframe.cobol.internal.grammar.CobolParser$MergeOutputProcedurePhraseContext,mergeOutputProcedurePhrase,try-catch,RecognitionException,custom,,
src/main/java/org/openrewrite/mainframe/cobol/internal/grammar/CobolParser.java,org.openrewrite.mainframe.cobol.internal.grammar.CobolParser$MergeOutputThroughContext,mergeOutputThrough,throws-declaration,RecognitionException,propagate,,
src/main/java/org/openrewrite/mainframe/cobol/internal/grammar/CobolParser.java,org.openrewrite.mainframe.cobol.internal.grammar.CobolParser$MergeOutputThroughContext,mergeOutputThrough,try-catch,RecognitionException,custom,,
src/main/java/org/openrewrite/mainframe/cobol/internal/grammar/CobolParser.java,org.openrewrite.mainframe.cobol.internal.grammar.CobolParser$MergeGivingPhraseContext,mergeGivingPhrase,throws-declaration,RecognitionException,propagate,,
src/main/java/org/openrewrite/mainframe/cobol/internal/grammar/CobolParser.java,org.openrewrite.mainframe.cobol.internal.grammar.CobolParser$MergeGivingPhraseContext,mergeGivingPhrase,try-catch,RecognitionException,custom,,
src/main/java/org/openrewrite/mainframe/cobol/internal/grammar/CobolParser.java,org.openrewrite.mainframe.cobol.internal.grammar.CobolParser$MergeGivingContext,mergeGiving,throws-declaration,RecognitionException,propagate,,
src/main/java/org/openrewrite/mainframe/cobol/internal/grammar/CobolParser.java,org.openrewrite.mainframe.cobol.internal.grammar.CobolParser$MergeGivingContext,mergeGiving,try-catch,RecognitionException,custom,,
src/main/java/org/openrewrite/mainframe/cobol/internal/grammar/CobolParser.java,org.openrewrite.mainframe.cobol.internal.grammar.CobolParser$MoveStatementContext,moveStatement,throws-declaration,RecognitionException,propagate,,
src/main/java/org/openrewrite/mainframe/cobol/internal/grammar/CobolParser.java,org.openrewrite.mainframe.cobol.internal.grammar.CobolParser$MoveStatementContext,moveStatement,try-catch,RecognitionException,custom,,
src/main/java/org/openrewrite/mainframe/cobol/internal/grammar/CobolParser.java,org.openrewrite.mainframe.cobol.internal.grammar.CobolParser$MoveToStatementContext,moveToStatement,throws-declaration,RecognitionException,propagate,,
src/main/java/org/openrewrite/mainframe/cobol/internal/grammar/CobolParser.java,org.openrewrite.mainframe.cobol.internal.grammar.CobolParser$MoveToStatementContext,moveToStatement,try-catch,RecognitionException,custom,,
src/main/java/org/openrewrite/mainframe/cobol/internal/grammar/CobolParser.java,org.openrewrite.mainframe.cobol.internal.grammar.CobolParser$MoveToSendingAreaContext,moveToSendingArea,throws-declaration,RecognitionException,propagate,,
src/main/java/org/openrewrite/mainframe/cobol/internal/grammar/CobolParser.java,org.openrewrite.mainframe.cobol.internal.grammar.CobolParser$MoveToSendingAreaContext,moveToSendingArea,try-catch,RecognitionException,custom,,
src/main/java/org/openrewrite/mainframe/cobol/internal/grammar/CobolParser.java,org.openrewrite.mainframe.cobol.internal.grammar.CobolParser$MoveCorrespondingToStatementContext,moveCorrespondingToStatement,throws-declaration,RecognitionException,propagate,,
src/main/java/org/openrewrite/mainframe/cobol/internal/grammar/CobolParser.java,org.openrewrite.mainframe.cobol.internal.grammar.CobolParser$MoveCorrespondingToStatementContext,moveCorrespondingToStatement,try-catch,RecognitionException,custom,,
src/main/java/org/openrewrite/mainframe/cobol/internal/grammar/CobolParser.java,org.openrewrite.mainframe.cobol.internal.grammar.CobolParser$MoveCorrespondingToSendingAreaContext,moveCorrespondingToSendingArea,throws-declaration,RecognitionException,propagate,,
src/main/java/org/openrewrite/mainframe/cobol/internal/grammar/CobolParser.java,org.openrewrite.mainframe.cobol.internal.grammar.CobolParser$MoveCorrespondingToSendingAreaContext,moveCorrespondingToSendingArea,try-catch,RecognitionException,custom,,
src/main/java/org/openrewrite/mainframe/cobol/internal/grammar/CobolParser.java,org.openrewrite.mainframe.cobol.internal.grammar.CobolParser$MultiplyStatementContext,multiplyStatement,throws-declaration,RecognitionException,propagate,,
src/main/java/org/openrewrite/mainframe/cobol/internal/grammar/CobolParser.java,org.openrewrite.mainframe.cobol.internal.grammar.CobolParser$MultiplyStatementContext,multiplyStatement,try-catch,RecognitionException,custom,,
src/main/java/org/openrewrite/mainframe/cobol/internal/grammar/CobolParser.java,org.openrewrite.mainframe.cobol.internal.grammar.CobolParser$MultiplyRegularContext,multiplyRegular,throws-declaration,RecognitionException,propagate,,
src/main/java/org/openrewrite/mainframe/cobol/internal/grammar/CobolParser.java,org.openrewrite.mainframe.cobol.internal.grammar.CobolParser$MultiplyRegularContext,multiplyRegular,try-catch,RecognitionException,custom,,
src/main/java/org/openrewrite/mainframe/cobol/internal/grammar/CobolParser.java,org.openrewrite.mainframe.cobol.internal.grammar.CobolParser$MultiplyRegularOperandContext,multiplyRegularOperand,throws-declaration,RecognitionException,propagate,,
src/main/java/org/openrewrite/mainframe/cobol/internal/grammar/CobolParser.java,org.openrewrite.mainframe.cobol.internal.grammar.CobolParser$MultiplyRegularOperandContext,multiplyRegularOperand,try-catch,RecognitionException,custom,,
src/main/java/org/openrewrite/mainframe/cobol/internal/grammar/CobolParser.java,org.openrewrite.mainframe.cobol.internal.grammar.CobolParser$MultiplyGivingContext,multiplyGiving,throws-declaration,RecognitionException,propagate,,
src/main/java/org/openrewrite/mainframe/cobol/internal/grammar/CobolParser.java,org.openrewrite.mainframe.cobol.internal.grammar.CobolParser$MultiplyGivingContext,multiplyGiving,try-catch,RecognitionException,custom,,
src/main/java/org/openrewrite/mainframe/cobol/internal/grammar/CobolParser.java,org.openrewrite.mainframe.cobol.internal.grammar.CobolParser$MultiplyGivingOperandContext,multiplyGivingOperand,throws-declaration,RecognitionException,propagate,,
src/main/java/org/openrewrite/mainframe/cobol/internal/grammar/CobolParser.java,org.openrewrite.mainframe.cobol.internal.grammar.CobolParser$MultiplyGivingOperandContext,multiplyGivingOperand,try-catch,RecognitionException,custom,,
src/main/java/org/openrewrite/mainframe/cobol/internal/grammar/CobolParser.java,org.openrewrite.mainframe.cobol.internal.grammar.CobolParser$MultiplyGivingResultContext,multiplyGivingResult,throws-declaration,RecognitionException,propagate,,
src/main/java/org/openrewrite/mainframe/cobol/internal/grammar/CobolParser.java,org.openrewrite.mainframe.cobol.internal.grammar.CobolParser$MultiplyGivingResultContext,multiplyGivingResult,try-catch,RecognitionException,custom,,
src/main/java/org/openrewrite/mainframe/cobol/internal/grammar/CobolParser.java,org.openrewrite.mainframe.cobol.internal.grammar.CobolParser$NextSentenceStatementContext,nextSentenceStatement,throws-declaration,RecognitionException,propagate,,
src/main/java/org/openrewrite/mainframe/cobol/internal/grammar/CobolParser.java,org.openrewrite.mainframe.cobol.internal.grammar.CobolParser$NextSentenceStatementContext,nextSentenceStatement,try-catch,RecognitionException,custom,,
src/main/java/org/openrewrite/mainframe/cobol/internal/grammar/CobolParser.java,org.openrewrite.mainframe.cobol.internal.grammar.CobolParser$OpenStatementContext,openStatement,throws-declaration,RecognitionException,propagate,,
src/main/java/org/openrewrite/mainframe/cobol/internal/grammar/CobolParser.java,org.openrewrite.mainframe.cobol.internal.grammar.CobolParser$OpenStatementContext,openStatement,try-catch,RecognitionException,custom,,
src/main/java/org/openrewrite/mainframe/cobol/internal/grammar/CobolParser.java,org.openrewrite.mainframe.cobol.internal.grammar.CobolParser$OpenInputStatementContext,openInputStatement,throws-declaration,RecognitionException,propagate,,
src/main/java/org/openrewrite/mainframe/cobol/internal/grammar/CobolParser.java,org.openrewrite.mainframe.cobol.internal.grammar.CobolParser$OpenInputStatementContext,openInputStatement,try-catch,RecognitionException,custom,,
src/main/java/org/openrewrite/mainframe/cobol/internal/grammar/CobolParser.java,org.openrewrite.mainframe.cobol.internal.grammar.CobolParser$OpenInputContext,openInput,throws-declaration,RecognitionException,propagate,,
src/main/java/org/openrewrite/mainframe/cobol/internal/grammar/CobolParser.java,org.openrewrite.mainframe.cobol.internal.grammar.CobolParser$OpenInputContext,openInput,try-catch,RecognitionException,custom,,
src/main/java/org/openrewrite/mainframe/cobol/internal/grammar/CobolParser.java,org.openrewrite.mainframe.cobol.internal.grammar.CobolParser$OpenOutputStatementContext,openOutputStatement,throws-declaration,RecognitionException,propagate,,
src/main/java/org/openrewrite/mainframe/cobol/internal/grammar/CobolParser.java,org.openrewrite.mainframe.cobol.internal.grammar.CobolParser$OpenOutputStatementContext,openOutputStatement,try-catch,RecognitionException,custom,,
src/main/java/org/openrewrite/mainframe/cobol/internal/grammar/CobolParser.java,org.openrewrite.mainframe.cobol.internal.grammar.CobolParser$OpenOutputContext,openOutput,throws-declaration,RecognitionException,propagate,,
src/main/java/org/openrewrite/mainframe/cobol/internal/grammar/CobolParser.java,org.openrewrite.mainframe.cobol.internal.grammar.CobolParser$OpenOutputContext,openOutput,try-catch,RecognitionException,custom,,
src/main/java/org/openrewrite/mainframe/cobol/internal/grammar/CobolParser.java,org.openrewrite.mainframe.cobol.internal.grammar.CobolParser$OpenIOStatementContext,openIOStatement,throws-declaration,RecognitionException,propagate,,
src/main/java/org/openrewrite/mainframe/cobol/internal/grammar/CobolParser.java,org.openrewrite.mainframe.cobol.internal.grammar.CobolParser$OpenIOStatementContext,openIOStatement,try-catch,RecognitionException,custom,,
src/main/java/org/openrewrite/mainframe/cobol/internal/grammar/CobolParser.java,org.openrewrite.mainframe.cobol.internal.grammar.CobolParser$OpenExtendStatementContext,openExtendStatement,throws-declaration,RecognitionException,propagate,,
src/main/java/org/openrewrite/mainframe/cobol/internal/grammar/CobolParser.java,org.openrewrite.mainframe.cobol.internal.grammar.CobolParser$OpenExtendStatementContext,openExtendStatement,try-catch,RecognitionException,custom,,
src/main/java/org/openrewrite/mainframe/cobol/internal/grammar/CobolParser.java,org.openrewrite.mainframe.cobol.internal.grammar.CobolParser$PerformStatementContext,performStatement,throws-declaration,RecognitionException,propagate,,
src/main/java/org/openrewrite/mainframe/cobol/internal/grammar/CobolParser.java,org.openrewrite.mainframe.cobol.internal.grammar.CobolParser$PerformStatementContext,performStatement,try-catch,RecognitionException,custom,,
src/main/java/org/openrewrite/mainframe/cobol/internal/grammar/CobolParser.java,org.openrewrite.mainframe.cobol.internal.grammar.CobolParser$PerformInlineStatementContext,performInlineStatement,throws-declaration,RecognitionException,propagate,,
src/main/java/org/openrewrite/mainframe/cobol/internal/grammar/CobolParser.java,org.openrewrite.mainframe.cobol.internal.grammar.CobolParser$PerformInlineStatementContext,performInlineStatement,try-catch,RecognitionException,custom,,
src/main/java/org/openrewrite/mainframe/cobol/internal/grammar/CobolParser.java,org.openrewrite.mainframe.cobol.internal.grammar.CobolParser$PerformProcedureStatementContext,performProcedureStatement,throws-declaration,RecognitionException,propagate,,
src/main/java/org/openrewrite/mainframe/cobol/internal/grammar/CobolParser.java,org.openrewrite.mainframe.cobol.internal.grammar.CobolParser$PerformProcedureStatementContext,performProcedureStatement,try-catch,RecognitionException,custom,,
src/main/java/org/openrewrite/mainframe/cobol/internal/grammar/CobolParser.java,org.openrewrite.mainframe.cobol.internal.grammar.CobolParser$PerformTypeContext,performType,throws-declaration,RecognitionException,propagate,,
src/main/java/org/openrewrite/mainframe/cobol/internal/grammar/CobolParser.java,org.openrewrite.mainframe.cobol.internal.grammar.CobolParser$PerformTypeContext,performType,try-catch,RecognitionException,custom,,
src/main/java/org/openrewrite/mainframe/cobol/internal/grammar/CobolParser.java,org.openrewrite.mainframe.cobol.internal.grammar.CobolParser$PerformTimesContext,performTimes,throws-declaration,RecognitionException,propagate,,
src/main/java/org/openrewrite/mainframe/cobol/internal/grammar/CobolParser.java,org.openrewrite.mainframe.cobol.internal.grammar.CobolParser$PerformTimesContext,performTimes,try-catch,RecognitionException,custom,,
src/main/java/org/openrewrite/mainframe/cobol/internal/grammar/CobolParser.java,org.openrewrite.mainframe.cobol.internal.grammar.CobolParser$PerformUntilContext,performUntil,throws-declaration,RecognitionException,propagate,,
src/main/java/org/openrewrite/mainframe/cobol/internal/grammar/CobolParser.java,org.openrewrite.mainframe.cobol.internal.grammar.CobolParser$PerformUntilContext,performUntil,try-catch,RecognitionException,custom,,
src/main/java/org/openrewrite/mainframe/cobol/internal/grammar/CobolParser.java,org.openrewrite.mainframe.cobol.internal.grammar.CobolParser$PerformVaryingContext,performVarying,throws-declaration,RecognitionException,propagate,,
src/main/java/org/openrewrite/mainframe/cobol/internal/grammar/CobolParser.java,org.openrewrite.mainframe.cobol.internal.grammar.CobolParser$PerformVaryingContext,performVarying,try-catch,RecognitionException,custom,,
src/main/java/org/openrewrite/mainframe/cobol/internal/grammar/CobolParser.java,org.openrewrite.mainframe.cobol.internal.grammar.CobolParser$PerformVaryingClauseContext,performVaryingClause,throws-declaration,RecognitionException,propagate,,
src/main/java/org/openrewrite/mainframe/cobol/internal/grammar/CobolParser.java,org.openrewrite.mainframe.cobol.internal.grammar.CobolParser$PerformVaryingClauseContext,performVaryingClause,try-catch,RecognitionException,custom,,
src/main/java/org/openrewrite/mainframe/cobol/internal/grammar/CobolParser.java,org.openrewrite.mainframe.cobol.internal.grammar.CobolParser$PerformVaryingPhraseContext,performVaryingPhrase,throws-declaration,RecognitionException,propagate,,
src/main/java/org/openrewrite/mainframe/cobol/internal/grammar/CobolParser.java,org.openrewrite.mainframe.cobol.internal.grammar.CobolParser$PerformVaryingPhraseContext,performVaryingPhrase,try-catch,RecognitionException,custom,,
src/main/java/org/openrewrite/mainframe/cobol/internal/grammar/CobolParser.java,org.openrewrite.mainframe.cobol.internal.grammar.CobolParser$PerformAfterContext,performAfter,throws-declaration,RecognitionException,propagate,,
src/main/java/org/openrewrite/mainframe/cobol/internal/grammar/CobolParser.java,org.openrewrite.mainframe.cobol.internal.grammar.CobolParser$PerformAfterContext,performAfter,try-catch,RecognitionException,custom,,
src/main/java/org/openrewrite/mainframe/cobol/internal/grammar/CobolParser.java,org.openrewrite.mainframe.cobol.internal.grammar.CobolParser$PerformFromContext,performFrom,throws-declaration,RecognitionException,propagate,,
src/main/java/org/openrewrite/mainframe/cobol/internal/grammar/CobolParser.java,org.openrewrite.mainframe.cobol.internal.grammar.CobolParser$PerformFromContext,performFrom,try-catch,RecognitionException,custom,,
src/main/java/org/openrewrite/mainframe/cobol/internal/grammar/CobolParser.java,org.openrewrite.mainframe.cobol.internal.grammar.CobolParser$PerformByContext,performBy,throws-declaration,RecognitionException,propagate,,
src/main/java/org/openrewrite/mainframe/cobol/internal/grammar/CobolParser.java,org.openrewrite.mainframe.cobol.internal.grammar.CobolParser$PerformByContext,performBy,try-catch,RecognitionException,custom,,
src/main/java/org/openrewrite/mainframe/cobol/internal/grammar/CobolParser.java,org.openrewrite.mainframe.cobol.internal.grammar.CobolParser$PerformTestClauseContext,performTestClause,throws-declaration,RecognitionException,propagate,,
src/main/java/org/openrewrite/mainframe/cobol/internal/grammar/CobolParser.java,org.openrewrite.mainframe.cobol.internal.grammar.CobolParser$PerformTestClauseContext,performTestClause,try-catch,RecognitionException,custom,,
src/main/java/org/openrewrite/mainframe/cobol/internal/grammar/CobolParser.java,org.openrewrite.mainframe.cobol.internal.grammar.CobolParser$PurgeStatementContext,purgeStatement,throws-declaration,RecognitionException,propagate,,
src/main/java/org/openrewrite/mainframe/cobol/internal/grammar/CobolParser.java,org.openrewrite.mainframe.cobol.internal.grammar.CobolParser$PurgeStatementContext,purgeStatement,try-catch,RecognitionException,custom,,
src/main/java/org/openrewrite/mainframe/cobol/internal/grammar/CobolParser.java,org.openrewrite.mainframe.cobol.internal.grammar.CobolParser$ReadStatementContext,readStatement,throws-declaration,RecognitionException,propagate,,
src/main/java/org/openrewrite/mainframe/cobol/internal/grammar/CobolParser.java,org.openrewrite.mainframe.cobol.internal.grammar.CobolParser$ReadStatementContext,readStatement,try-catch,RecognitionException,custom,,
src/main/java/org/openrewrite/mainframe/cobol/internal/grammar/CobolParser.java,org.openrewrite.mainframe.cobol.internal.grammar.CobolParser$ReadIntoContext,readInto,throws-declaration,RecognitionException,propagate,,
src/main/java/org/openrewrite/mainframe/cobol/internal/grammar/CobolParser.java,org.openrewrite.mainframe.cobol.internal.grammar.CobolParser$ReadIntoContext,readInto,try-catch,RecognitionException,custom,,
src/main/java/org/openrewrite/mainframe/cobol/internal/grammar/CobolParser.java,org.openrewrite.mainframe.cobol.internal.grammar.CobolParser$ReadWithContext,readWith,throws-declaration,RecognitionException,propagate,,
src/main/java/org/openrewrite/mainframe/cobol/internal/grammar/CobolParser.java,org.openrewrite.mainframe.cobol.internal.grammar.CobolParser$ReadWithContext,readWith,try-catch,RecognitionException,custom,,
src/main/java/org/openrewrite/mainframe/cobol/internal/grammar/CobolParser.java,org.openrewrite.mainframe.cobol.internal.grammar.CobolParser$ReadKeyContext,readKey,throws-declaration,RecognitionException,propagate,,
src/main/java/org/openrewrite/mainframe/cobol/internal/grammar/CobolParser.java,org.openrewrite.mainframe.cobol.internal.grammar.CobolParser$ReadKeyContext,readKey,try-catch,RecognitionException,custom,,
src/main/java/org/openrewrite/mainframe/cobol/internal/grammar/CobolParser.java,org.openrewrite.mainframe.cobol.internal.grammar.CobolParser$ReceiveStatementContext,receiveStatement,throws-declaration,RecognitionException,propagate,,
src/main/java/org/openrewrite/mainframe/cobol/internal/grammar/CobolParser.java,org.openrewrite.mainframe.cobol.internal.grammar.CobolParser$ReceiveStatementContext,receiveStatement,try-catch,RecognitionException,custom,,
src/main/java/org/openrewrite/mainframe/cobol/internal/grammar/CobolParser.java,org.openrewrite.mainframe.cobol.internal.grammar.CobolParser$ReceiveFromStatementContext,receiveFromStatement,throws-declaration,RecognitionException,propagate,,
src/main/java/org/openrewrite/mainframe/cobol/internal/grammar/CobolParser.java,org.openrewrite.mainframe.cobol.internal.grammar.CobolParser$ReceiveFromStatementContext,receiveFromStatement,try-catch,RecognitionException,custom,,
src/main/java/org/openrewrite/mainframe/cobol/internal/grammar/CobolParser.java,org.openrewrite.mainframe.cobol.internal.grammar.CobolParser$ReceiveFromContext,receiveFrom,throws-declaration,RecognitionException,propagate,,
src/main/java/org/openrewrite/mainframe/cobol/internal/grammar/CobolParser.java,org.openrewrite.mainframe.cobol.internal.grammar.CobolParser$ReceiveFromContext,receiveFrom,try-catch,RecognitionException,custom,,
src/main/java/org/openrewrite/mainframe/cobol/internal/grammar/CobolParser.java,org.openrewrite.mainframe.cobol.internal.grammar.CobolParser$ReceiveIntoStatementContext,receiveIntoStatement,throws-declaration,RecognitionException,propagate,,
src/main/java/org/openrewrite/mainframe/cobol/internal/grammar/CobolParser.java,org.openrewrite.mainframe.cobol.internal.grammar.CobolParser$ReceiveIntoStatementContext,receiveIntoStatement,try-catch,RecognitionException,custom,,
src/main/java/org/openrewrite/mainframe/cobol/internal/grammar/CobolParser.java,org.openrewrite.mainframe.cobol.internal.grammar.CobolParser$ReceiveNoDataContext,receiveNoData,throws-declaration,RecognitionException,propagate,,
src/main/java/org/openrewrite/mainframe/cobol/internal/grammar/CobolParser.java,org.openrewrite.mainframe.cobol.internal.grammar.CobolParser$ReceiveNoDataContext,receiveNoData,try-catch,RecognitionException,custom,,
src/main/java/org/openrewrite/mainframe/cobol/internal/grammar/CobolParser.java,org.openrewrite.mainframe.cobol.internal.grammar.CobolParser$ReceiveWithDataContext,receiveWithData,throws-declaration,RecognitionException,propagate,,
src/main/java/org/openrewrite/mainframe/cobol/internal/grammar/CobolParser.java,org.openrewrite.mainframe.cobol.internal.grammar.CobolParser$ReceiveWithDataContext,receiveWithData,try-catch,RecognitionException,custom,,
src/main/java/org/openrewrite/mainframe/cobol/internal/grammar/CobolParser.java,org.openrewrite.mainframe.cobol.internal.grammar.CobolParser$ReceiveBeforeContext,receiveBefore,throws-declaration,RecognitionException,propagate,,
src/main/java/org/openrewrite/mainframe/cobol/internal/grammar/CobolParser.java,org.openrewrite.mainframe.cobol.internal.grammar.CobolParser$ReceiveBeforeContext,receiveBefore,try-catch,RecognitionException,custom,,
src/main/java/org/openrewrite/mainframe/cobol/internal/grammar/CobolParser.java,org.openrewrite.mainframe.cobol.internal.grammar.CobolParser$ReceiveWithContext,receiveWith,throws-declaration,RecognitionException,propagate,,
src/main/java/org/openrewrite/mainframe/cobol/internal/grammar/CobolParser.java,org.openrewrite.mainframe.cobol.internal.grammar.CobolParser$ReceiveWithContext,receiveWith,try-catch,RecognitionException,custom,,
src/main/java/org/openrewrite/mainframe/cobol/internal/grammar/CobolParser.java,org.openrewrite.mainframe.cobol.internal.grammar.CobolParser$ReceiveThreadContext,receiveThread,throws-declaration,RecognitionException,propagate,,
src/main/java/org/openrewrite/mainframe/cobol/internal/grammar/CobolParser.java,org.openrewrite.mainframe.cobol.internal.grammar.CobolParser$ReceiveThreadContext,receiveThread,try-catch,RecognitionException,custom,,
src/main/java/org/openrewrite/mainframe/cobol/internal/grammar/CobolParser.java,org.openrewrite.mainframe.cobol.internal.grammar.CobolParser$ReceiveSizeContext,receiveSize,throws-declaration,RecognitionException,propagate,,
src/main/java/org/openrewrite/mainframe/cobol/internal/grammar/CobolParser.java,org.openrewrite.mainframe.cobol.internal.grammar.CobolParser$ReceiveSizeContext,receiveSize,try-catch,RecognitionException,custom,,
src/main/java/org/openrewrite/mainframe/cobol/internal/grammar/CobolParser.java,org.openrewrite.mainframe.cobol.internal.grammar.CobolParser$ReceiveStatusContext,receiveStatus,throws-declaration,RecognitionException,propagate,,
src/main/java/org/openrewrite/mainframe/cobol/internal/grammar/CobolParser.java,org.openrewrite.mainframe.cobol.internal.grammar.CobolParser$ReceiveStatusContext,receiveStatus,try-catch,RecognitionException,custom,,
src/main/java/org/openrewrite/mainframe/cobol/internal/grammar/CobolParser.java,org.openrewrite.mainframe.cobol.internal.grammar.CobolParser$ReleaseStatementContext,releaseStatement,throws-declaration,RecognitionException,propagate,,
src/main/java/org/openrewrite/mainframe/cobol/internal/grammar/CobolParser.java,org.openrewrite.mainframe.cobol.internal.grammar.CobolParser$ReleaseStatementContext,releaseStatement,try-catch,RecognitionException,custom,,
src/main/java/org/openrewrite/mainframe/cobol/internal/grammar/CobolParser.java,org.openrewrite.mainframe.cobol.internal.grammar.CobolParser$ReturnStatementContext,returnStatement,throws-declaration,RecognitionException,propagate,,
src/main/java/org/openrewrite/mainframe/cobol/internal/grammar/CobolParser.java,org.openrewrite.mainframe.cobol.internal.grammar.CobolParser$ReturnStatementContext,returnStatement,try-catch,RecognitionException,custom,,
src/main/java/org/openrewrite/mainframe/cobol/internal/grammar/CobolParser.java,org.openrewrite.mainframe.cobol.internal.grammar.CobolParser$ReturnIntoContext,returnInto,throws-declaration,RecognitionException,propagate,,
src/main/java/org/openrewrite/mainframe/cobol/internal/grammar/CobolParser.java,org.openrewrite.mainframe.cobol.internal.grammar.CobolParser$ReturnIntoContext,returnInto,try-catch,RecognitionException,custom,,
src/main/java/org/openrewrite/mainframe/cobol/internal/grammar/CobolParser.java,org.openrewrite.mainframe.cobol.internal.grammar.CobolParser$RewriteStatementContext,rewriteStatement,throws-declaration,RecognitionException,propagate,,
src/main/java/org/openrewrite/mainframe/cobol/internal/grammar/CobolParser.java,org.openrewrite.mainframe.cobol.internal.grammar.CobolParser$RewriteStatementContext,rewriteStatement,try-catch,RecognitionException,custom,,
src/main/java/org/openrewrite/mainframe/cobol/internal/grammar/CobolParser.java,org.openrewrite.mainframe.cobol.internal.grammar.CobolParser$RewriteFromContext,rewriteFrom,throws-declaration,RecognitionException,propagate,,
src/main/java/org/openrewrite/mainframe/cobol/internal/grammar/CobolParser.java,org.openrewrite.mainframe.cobol.internal.grammar.CobolParser$RewriteFromContext,rewriteFrom,try-catch,RecognitionException,custom,,
src/main/java/org/openrewrite/mainframe/cobol/internal/grammar/CobolParser.java,org.openrewrite.mainframe.cobol.internal.grammar.CobolParser$SearchStatementContext,searchStatement,throws-declaration,RecognitionException,propagate,,
src/main/java/org/openrewrite/mainframe/cobol/internal/grammar/CobolParser.java,org.openrewrite.mainframe.cobol.internal.grammar.CobolParser$SearchStatementContext,searchStatement,try-catch,RecognitionException,custom,,
src/main/java/org/openrewrite/mainframe/cobol/internal/grammar/CobolParser.java,org.openrewrite.mainframe.cobol.internal.grammar.CobolParser$SearchVaryingContext,searchVarying,throws-declaration,RecognitionException,propagate,,
src/main/java/org/openrewrite/mainframe/cobol/internal/grammar/CobolParser.java,org.openrewrite.mainframe.cobol.internal.grammar.CobolParser$SearchVaryingContext,searchVarying,try-catch,RecognitionException,custom,,
src/main/java/org/openrewrite/mainframe/cobol/internal/grammar/CobolParser.java,org.openrewrite.mainframe.cobol.internal.grammar.CobolParser$SearchWhenContext,searchWhen,throws-declaration,RecognitionException,propagate,,
src/main/java/org/openrewrite/mainframe/cobol/internal/grammar/CobolParser.java,org.openrewrite.mainframe.cobol.internal.grammar.CobolParser$SearchWhenContext,searchWhen,try-catch,RecognitionException,custom,,
src/main/java/org/openrewrite/mainframe/cobol/internal/grammar/CobolParser.java,org.openrewrite.mainframe.cobol.internal.grammar.CobolParser$SendStatementContext,sendStatement,throws-declaration,RecognitionException,propagate,,
src/main/java/org/openrewrite/mainframe/cobol/internal/grammar/CobolParser.java,org.openrewrite.mainframe.cobol.internal.grammar.CobolParser$SendStatementContext,sendStatement,try-catch,RecognitionException,custom,,
src/main/java/org/openrewrite/mainframe/cobol/internal/grammar/CobolParser.java,org.openrewrite.mainframe.cobol.internal.grammar.CobolParser$SendStatementSyncContext,sendStatementSync,throws-declaration,RecognitionException,propagate,,
src/main/java/org/openrewrite/mainframe/cobol/internal/grammar/CobolParser.java,org.openrewrite.mainframe.cobol.internal.grammar.CobolParser$SendStatementSyncContext,sendStatementSync,try-catch,RecognitionException,custom,,
src/main/java/org/openrewrite/mainframe/cobol/internal/grammar/CobolParser.java,org.openrewrite.mainframe.cobol.internal.grammar.CobolParser$SendStatementAsyncContext,sendStatementAsync,throws-declaration,RecognitionException,propagate,,
src/main/java/org/openrewrite/mainframe/cobol/internal/grammar/CobolParser.java,org.openrewrite.mainframe.cobol.internal.grammar.CobolParser$SendStatementAsyncContext,sendStatementAsync,try-catch,RecognitionException,custom,,
src/main/java/org/openrewrite/mainframe/cobol/internal/grammar/CobolParser.java,org.openrewrite.mainframe.cobol.internal.grammar.CobolParser$SendFromPhraseContext,sendFromPhrase,throws-declaration,RecognitionException,propagate,,
src/main/java/org/openrewrite/mainframe/cobol/internal/grammar/CobolParser.java,org.openrewrite.mainframe.cobol.internal.grammar.CobolParser$SendFromPhraseContext,sendFromPhrase,try-catch,RecognitionException,custom,,
src/main/java/org/openrewrite/mainframe/cobol/internal/grammar/CobolParser.java,org.openrewrite.mainframe.cobol.internal.grammar.CobolParser$SendWithPhraseContext,sendWithPhrase,throws-declaration,RecognitionException,propagate,,
src/main/java/org/openrewrite/mainframe/cobol/internal/grammar/CobolParser.java,org.openrewrite.mainframe.cobol.internal.grammar.CobolParser$SendWithPhraseContext,sendWithPhrase,try-catch,RecognitionException,custom,,
src/main/java/org/openrewrite/mainframe/cobol/internal/grammar/CobolParser.java,org.openrewrite.mainframe.cobol.internal.grammar.CobolParser$SendReplacingPhraseContext,sendReplacingPhrase,throws-declaration,RecognitionException,propagate,,
src/main/java/org/openrewrite/mainframe/cobol/internal/grammar/CobolParser.java,org.openrewrite.mainframe.cobol.internal.grammar.CobolParser$SendReplacingPhraseContext,sendReplacingPhrase,try-catch,RecognitionException,custom,,
src/main/java/org/openrewrite/mainframe/cobol/internal/grammar/CobolParser.java,org.openrewrite.mainframe.cobol.internal.grammar.CobolParser$SendAdvancingPhraseContext,sendAdvancingPhrase,throws-declaration,RecognitionException,propagate,,
src/main/java/org/openrewrite/mainframe/cobol/internal/grammar/CobolParser.java,org.openrewrite.mainframe.cobol.internal.grammar.CobolParser$SendAdvancingPhraseContext,sendAdvancingPhrase,try-catch,RecognitionException,custom,,
src/main/java/org/openrewrite/mainframe/cobol/internal/grammar/CobolParser.java,org.openrewrite.mainframe.cobol.internal.grammar.CobolParser$SendAdvancingPageContext,sendAdvancingPage,throws-declaration,RecognitionException,propagate,,
src/main/java/org/openrewrite/mainframe/cobol/internal/grammar/CobolParser.java,org.openrewrite.mainframe.cobol.internal.grammar.CobolParser$SendAdvancingPageContext,sendAdvancingPage,try-catch,RecognitionException,custom,,
src/main/java/org/openrewrite/mainframe/cobol/internal/grammar/CobolParser.java,org.openrewrite.mainframe.cobol.internal.grammar.CobolParser$SendAdvancingLinesContext,sendAdvancingLines,throws-declaration,RecognitionException,propagate,,
src/main/java/org/openrewrite/mainframe/cobol/internal/grammar/CobolParser.java,org.openrewrite.mainframe.cobol.internal.grammar.CobolParser$SendAdvancingLinesContext,sendAdvancingLines,try-catch,RecognitionException,custom,,
src/main/java/org/openrewrite/mainframe/cobol/internal/grammar/CobolParser.java,org.openrewrite.mainframe.cobol.internal.grammar.CobolParser$SendAdvancingMnemonicContext,sendAdvancingMnemonic,throws-declaration,RecognitionException,propagate,,
src/main/java/org/openrewrite/mainframe/cobol/internal/grammar/CobolParser.java,org.openrewrite.mainframe.cobol.internal.grammar.CobolParser$SendAdvancingMnemonicContext,sendAdvancingMnemonic,try-catch,RecognitionException,custom,,
src/main/java/org/openrewrite/mainframe/cobol/internal/grammar/CobolParser.java,org.openrewrite.mainframe.cobol.internal.grammar.CobolParser$SetStatementContext,setStatement,throws-declaration,RecognitionException,propagate,,
src/main/java/org/openrewrite/mainframe/cobol/internal/grammar/CobolParser.java,org.openrewrite.mainframe.cobol.internal.grammar.CobolParser$SetStatementContext,setStatement,try-catch,RecognitionException,custom,,
src/main/java/org/openrewrite/mainframe/cobol/internal/grammar/CobolParser.java,org.openrewrite.mainframe.cobol.internal.grammar.CobolParser$SetToStatementContext,setToStatement,throws-declaration,RecognitionException,propagate,,
src/main/java/org/openrewrite/mainframe/cobol/internal/grammar/CobolParser.java,org.openrewrite.mainframe.cobol.internal.grammar.CobolParser$SetToStatementContext,setToStatement,try-catch,RecognitionException,custom,,
src/main/java/org/openrewrite/mainframe/cobol/internal/grammar/CobolParser.java,org.openrewrite.mainframe.cobol.internal.grammar.CobolParser$SetUpDownByStatementContext,setUpDownByStatement,throws-declaration,RecognitionException,propagate,,
src/main/java/org/openrewrite/mainframe/cobol/internal/grammar/CobolParser.java,org.openrewrite.mainframe.cobol.internal.grammar.CobolParser$SetUpDownByStatementContext,setUpDownByStatement,try-catch,RecognitionException,custom,,
src/main/java/org/openrewrite/mainframe/cobol/internal/grammar/CobolParser.java,org.openrewrite.mainframe.cobol.internal.grammar.CobolParser$SetToContext,setTo,throws-declaration,RecognitionException,propagate,,
src/main/java/org/openrewrite/mainframe/cobol/internal/grammar/CobolParser.java,org.openrewrite.mainframe.cobol.internal.grammar.CobolParser$SetToContext,setTo,try-catch,RecognitionException,custom,,
src/main/java/org/openrewrite/mainframe/cobol/internal/grammar/CobolParser.java,org.openrewrite.mainframe.cobol.internal.grammar.CobolParser$SetToValueContext,setToValue,throws-declaration,RecognitionException,propagate,,
src/main/java/org/openrewrite/mainframe/cobol/internal/grammar/CobolParser.java,org.openrewrite.mainframe.cobol.internal.grammar.CobolParser$SetToValueContext,setToValue,try-catch,RecognitionException,custom,,
src/main/java/org/openrewrite/mainframe/cobol/internal/grammar/CobolParser.java,org.openrewrite.mainframe.cobol.internal.grammar.CobolParser$SetByValueContext,setByValue,throws-declaration,RecognitionException,propagate,,
src/main/java/org/openrewrite/mainframe/cobol/internal/grammar/CobolParser.java,org.openrewrite.mainframe.cobol.internal.grammar.CobolParser$SetByValueContext,setByValue,try-catch,RecognitionException,custom,,
src/main/java/org/openrewrite/mainframe/cobol/internal/grammar/CobolParser.java,org.openrewrite.mainframe.cobol.internal.grammar.CobolParser$SortStatementContext,sortStatement,throws-declaration,RecognitionException,propagate,,
src/main/java/org/openrewrite/mainframe/cobol/internal/grammar/CobolParser.java,org.openrewrite.mainframe.cobol.internal.grammar.CobolParser$SortStatementContext,sortStatement,try-catch,RecognitionException,custom,,
src/main/java/org/openrewrite/mainframe/cobol/internal/grammar/CobolParser.java,org.openrewrite.mainframe.cobol.internal.grammar.CobolParser$SortOnKeyClauseContext,sortOnKeyClause,throws-declaration,RecognitionException,propagate,,
src/main/java/org/openrewrite/mainframe/cobol/internal/grammar/CobolParser.java,org.openrewrite.mainframe.cobol.internal.grammar.CobolParser$SortOnKeyClauseContext,sortOnKeyClause,try-catch,RecognitionException,custom,,
src/main/java/org/openrewrite/mainframe/cobol/internal/grammar/CobolParser.java,org.openrewrite.mainframe.cobol.internal.grammar.CobolParser$SortDuplicatesPhraseContext,sortDuplicatesPhrase,throws-declaration,RecognitionException,propagate,,
src/main/java/org/openrewrite/mainframe/cobol/internal/grammar/CobolParser.java,org.openrewrite.mainframe.cobol.internal.grammar.CobolParser$SortDuplicatesPhraseContext,sortDuplicatesPhrase,try-catch,RecognitionException,custom,,
src/main/java/org/openrewrite/mainframe/cobol/internal/grammar/CobolParser.java,org.openrewrite.mainframe.cobol.internal.grammar.CobolParser$SortCollatingSequencePhraseContext,sortCollatingSequencePhrase,throws-declaration,RecognitionException,propagate,,
src/main/java/org/openrewrite/mainframe/cobol/internal/grammar/CobolParser.java,org.openrewrite.mainframe.cobol.internal.grammar.CobolParser$SortCollatingSequencePhraseContext,sortCollatingSequencePhrase,try-catch,RecognitionException,custom,,
src/main/java/org/openrewrite/mainframe/cobol/internal/grammar/CobolParser.java,org.openrewrite.mainframe.cobol.internal.grammar.CobolParser$SortCollatingAlphanumericContext,sortCollatingAlphanumeric,throws-declaration,RecognitionException,propagate,,
src/main/java/org/openrewrite/mainframe/cobol/internal/grammar/CobolParser.java,org.openrewrite.mainframe.cobol.internal.grammar.CobolParser$SortCollatingAlphanumericContext,sortCollatingAlphanumeric,try-catch,RecognitionException,custom,,
src/main/java/org/openrewrite/mainframe/cobol/internal/grammar/CobolParser.java,org.openrewrite.mainframe.cobol.internal.grammar.CobolParser$SortCollatingNationalContext,sortCollatingNational,throws-declaration,RecognitionException,propagate,,
src/main/java/org/openrewrite/mainframe/cobol/internal/grammar/CobolParser.java,org.openrewrite.mainframe.cobol.internal.grammar.CobolParser$SortCollatingNationalContext,sortCollatingNational,try-catch,RecognitionException,custom,,
src/main/java/org/openrewrite/mainframe/cobol/internal/grammar/CobolParser.java,org.openrewrite.mainframe.cobol.internal.grammar.CobolParser$SortInputProcedurePhraseContext,sortInputProcedurePhrase,throws-declaration,RecognitionException,propagate,,
src/main/java/org/openrewrite/mainframe/cobol/internal/grammar/CobolParser.java,org.openrewrite.mainframe.cobol.internal.grammar.CobolParser$SortInputProcedurePhraseContext,sortInputProcedurePhrase,try-catch,RecognitionException,custom,,
src/main/java/org/openrewrite/mainframe/cobol/internal/grammar/CobolParser.java,org.openrewrite.mainframe.cobol.internal.grammar.CobolParser$SortInputThroughContext,sortInputThrough,throws-declaration,RecognitionException,propagate,,
src/main/java/org/openrewrite/mainframe/cobol/internal/grammar/CobolParser.java,org.openrewrite.mainframe.cobol.internal.grammar.CobolParser$SortInputThroughContext,sortInputThrough,try-catch,RecognitionException,custom,,
src/main/java/org/openrewrite/mainframe/cobol/internal/grammar/CobolParser.java,org.openrewrite.mainframe.cobol.internal.grammar.CobolParser$SortUsingContext,sortUsing,throws-declaration,RecognitionException,propagate,,
src/main/java/org/openrewrite/mainframe/cobol/internal/grammar/CobolParser.java,org.openrewrite.mainframe.cobol.internal.grammar.CobolParser$SortUsingContext,sortUsing,try-catch,RecognitionException,custom,,
src/main/java/org/openrewrite/mainframe/cobol/internal/grammar/CobolParser.java,org.openrewrite.mainframe.cobol.internal.grammar.CobolParser$SortOutputProcedurePhraseContext,sortOutputProcedurePhrase,throws-declaration,RecognitionException,propagate,,
src/main/java/org/openrewrite/mainframe/cobol/internal/grammar/CobolParser.java,org.openrewrite.mainframe.cobol.internal.grammar.CobolParser$SortOutputProcedurePhraseContext,sortOutputProcedurePhrase,try-catch,RecognitionException,custom,,
src/main/java/org/openrewrite/mainframe/cobol/internal/grammar/CobolParser.java,org.openrewrite.mainframe.cobol.internal.grammar.CobolParser$SortOutputThroughContext,sortOutputThrough,throws-declaration,RecognitionException,propagate,,
src/main/java/org/openrewrite/mainframe/cobol/internal/grammar/CobolParser.java,org.openrewrite.mainframe.cobol.internal.grammar.CobolParser$SortOutputThroughContext,sortOutputThrough,try-catch,RecognitionException,custom,,
src/main/java/org/openrewrite/mainframe/cobol/internal/grammar/CobolParser.java,org.openrewrite.mainframe.cobol.internal.grammar.CobolParser$SortGivingPhraseContext,sortGivingPhrase,throws-declaration,RecognitionException,propagate,,
src/main/java/org/openrewrite/mainframe/cobol/internal/grammar/CobolParser.java,org.openrewrite.mainframe.cobol.internal.grammar.CobolParser$SortGivingPhraseContext,sortGivingPhrase,try-catch,RecognitionException,custom,,
src/main/java/org/openrewrite/mainframe/cobol/internal/grammar/CobolParser.java,org.openrewrite.mainframe.cobol.internal.grammar.CobolParser$SortGivingContext,sortGiving,throws-declaration,RecognitionException,propagate,,
src/main/java/org/openrewrite/mainframe/cobol/internal/grammar/CobolParser.java,org.openrewrite.mainframe.cobol.internal.grammar.CobolParser$SortGivingContext,sortGiving,try-catch,RecognitionException,custom,,
src/main/java/org/openrewrite/mainframe/cobol/internal/grammar/CobolParser.java,org.openrewrite.mainframe.cobol.internal.grammar.CobolParser$StartStatementContext,startStatement,throws-declaration,RecognitionException,propagate,,
src/main/java/org/openrewrite/mainframe/cobol/internal/grammar/CobolParser.java,org.openrewrite.mainframe.cobol.internal.grammar.CobolParser$StartStatementContext,startStatement,try-catch,RecognitionException,custom,,
src/main/java/org/openrewrite/mainframe/cobol/internal/grammar/CobolParser.java,org.openrewrite.mainframe.cobol.internal.grammar.CobolParser$StartKeyContext,startKey,throws-declaration,RecognitionException,propagate,,
src/main/java/org/openrewrite/mainframe/cobol/internal/grammar/CobolParser.java,org.openrewrite.mainframe.cobol.internal.grammar.CobolParser$StartKeyContext,startKey,try-catch,RecognitionException,custom,,
src/main/java/org/openrewrite/mainframe/cobol/internal/grammar/CobolParser.java,org.openrewrite.mainframe.cobol.internal.grammar.CobolParser$StopStatementContext,stopStatement,throws-declaration,RecognitionException,propagate,,
src/main/java/org/openrewrite/mainframe/cobol/internal/grammar/CobolParser.java,org.openrewrite.mainframe.cobol.internal.grammar.CobolParser$StopStatementContext,stopStatement,try-catch,RecognitionException,custom,,
src/main/java/org/openrewrite/mainframe/cobol/internal/grammar/CobolParser.java,org.openrewrite.mainframe.cobol.internal.grammar.CobolParser$StopStatementGivingContext,stopStatementGiving,throws-declaration,RecognitionException,propagate,,
src/main/java/org/openrewrite/mainframe/cobol/internal/grammar/CobolParser.java,org.openrewrite.mainframe.cobol.internal.grammar.CobolParser$StopStatementGivingContext,stopStatementGiving,try-catch,RecognitionException,custom,,
src/main/java/org/openrewrite/mainframe/cobol/internal/grammar/CobolParser.java,org.openrewrite.mainframe.cobol.internal.grammar.CobolParser$StringStatementContext,stringStatement,throws-declaration,RecognitionException,propagate,,
src/main/java/org/openrewrite/mainframe/cobol/internal/grammar/CobolParser.java,org.openrewrite.mainframe.cobol.internal.grammar.CobolParser$StringStatementContext,stringStatement,try-catch,RecognitionException,custom,,
src/main/java/org/openrewrite/mainframe/cobol/internal/grammar/CobolParser.java,org.openrewrite.mainframe.cobol.internal.grammar.CobolParser$StringSendingPhraseContext,stringSendingPhrase,throws-declaration,RecognitionException,propagate,,
src/main/java/org/openrewrite/mainframe/cobol/internal/grammar/CobolParser.java,org.openrewrite.mainframe.cobol.internal.grammar.CobolParser$StringSendingPhraseContext,stringSendingPhrase,try-catch,RecognitionException,custom,,
src/main/java/org/openrewrite/mainframe/cobol/internal/grammar/CobolParser.java,org.openrewrite.mainframe.cobol.internal.grammar.CobolParser$StringSendingContext,stringSending,throws-declaration,RecognitionException,propagate,,
src/main/java/org/openrewrite/mainframe/cobol/internal/grammar/CobolParser.java,org.openrewrite.mainframe.cobol.internal.grammar.CobolParser$StringSendingContext,stringSending,try-catch,RecognitionException,custom,,
src/main/java/org/openrewrite/mainframe/cobol/internal/grammar/CobolParser.java,org.openrewrite.mainframe.cobol.internal.grammar.CobolParser$StringDelimitedByPhraseContext,stringDelimitedByPhrase,throws-declaration,RecognitionException,propagate,,
src/main/java/org/openrewrite/mainframe/cobol/internal/grammar/CobolParser.java,org.openrewrite.mainframe.cobol.internal.grammar.CobolParser$StringDelimitedByPhraseContext,stringDelimitedByPhrase,try-catch,RecognitionException,custom,,
src/main/java/org/openrewrite/mainframe/cobol/internal/grammar/CobolParser.java,org.openrewrite.mainframe.cobol.internal.grammar.CobolParser$StringForPhraseContext,stringForPhrase,throws-declaration,RecognitionException,propagate,,
src/main/java/org/openrewrite/mainframe/cobol/internal/grammar/CobolParser.java,org.openrewrite.mainframe.cobol.internal.grammar.CobolParser$StringForPhraseContext,stringForPhrase,try-catch,RecognitionException,custom,,
src/main/java/org/openrewrite/mainframe/cobol/internal/grammar/CobolParser.java,org.openrewrite.mainframe.cobol.internal.grammar.CobolParser$StringIntoPhraseContext,stringIntoPhrase,throws-declaration,RecognitionException,propagate,,
src/main/java/org/openrewrite/mainframe/cobol/internal/grammar/CobolParser.java,org.openrewrite.mainframe.cobol.internal.grammar.CobolParser$StringIntoPhraseContext,stringIntoPhrase,try-catch,RecognitionException,custom,,
src/main/java/org/openrewrite/mainframe/cobol/internal/grammar/CobolParser.java,org.openrewrite.mainframe.cobol.internal.grammar.CobolParser$StringWithPointerPhraseContext,stringWithPointerPhrase,throws-declaration,RecognitionException,propagate,,
src/main/java/org/openrewrite/mainframe/cobol/internal/grammar/CobolParser.java,org.openrewrite.mainframe.cobol.internal.grammar.CobolParser$StringWithPointerPhraseContext,stringWithPointerPhrase,try-catch,RecognitionException,custom,,
src/main/java/org/openrewrite/mainframe/cobol/internal/grammar/CobolParser.java,org.openrewrite.mainframe.cobol.internal.grammar.CobolParser$SubtractStatementContext,subtractStatement,throws-declaration,RecognitionException,propagate,,
src/main/java/org/openrewrite/mainframe/cobol/internal/grammar/CobolParser.java,org.openrewrite.mainframe.cobol.internal.grammar.CobolParser$SubtractStatementContext,subtractStatement,try-catch,RecognitionException,custom,,
src/main/java/org/openrewrite/mainframe/cobol/internal/grammar/CobolParser.java,org.openrewrite.mainframe.cobol.internal.grammar.CobolParser$SubtractFromStatementContext,subtractFromStatement,throws-declaration,RecognitionException,propagate,,
src/main/java/org/openrewrite/mainframe/cobol/internal/grammar/CobolParser.java,org.openrewrite.mainframe.cobol.internal.grammar.CobolParser$SubtractFromStatementContext,subtractFromStatement,try-catch,RecognitionException,custom,,
src/main/java/org/openrewrite/mainframe/cobol/internal/grammar/CobolParser.java,org.openrewrite.mainframe.cobol.internal.grammar.CobolParser$SubtractFromGivingStatementContext,subtractFromGivingStatement,throws-declaration,RecognitionException,propagate,,
src/main/java/org/openrewrite/mainframe/cobol/internal/grammar/CobolParser.java,org.openrewrite.mainframe.cobol.internal.grammar.CobolParser$SubtractFromGivingStatementContext,subtractFromGivingStatement,try-catch,RecognitionException,custom,,
src/main/java/org/openrewrite/mainframe/cobol/internal/grammar/CobolParser.java,org.openrewrite.mainframe.cobol.internal.grammar.CobolParser$SubtractCorrespondingStatementContext,subtractCorrespondingStatement,throws-declaration,RecognitionException,propagate,,
src/main/java/org/openrewrite/mainframe/cobol/internal/grammar/CobolParser.java,org.openrewrite.mainframe.cobol.internal.grammar.CobolParser$SubtractCorrespondingStatementContext,subtractCorrespondingStatement,try-catch,RecognitionException,custom,,
src/main/java/org/openrewrite/mainframe/cobol/internal/grammar/CobolParser.java,org.openrewrite.mainframe.cobol.internal.grammar.CobolParser$SubtractSubtrahendContext,subtractSubtrahend,throws-declaration,RecognitionException,propagate,,
src/main/java/org/openrewrite/mainframe/cobol/internal/grammar/CobolParser.java,org.openrewrite.mainframe.cobol.internal.grammar.CobolParser$SubtractSubtrahendContext,subtractSubtrahend,try-catch,RecognitionException,custom,,
src/main/java/org/openrewrite/mainframe/cobol/internal/grammar/CobolParser.java,org.openrewrite.mainframe.cobol.internal.grammar.CobolParser$SubtractMinuendContext,subtractMinuend,throws-declaration,RecognitionException,propagate,,
src/main/java/org/openrewrite/mainframe/cobol/internal/grammar/CobolParser.java,org.openrewrite.mainframe.cobol.internal.grammar.CobolParser$SubtractMinuendContext,subtractMinuend,try-catch,RecognitionException,custom,,
src/main/java/org/openrewrite/mainframe/cobol/internal/grammar/CobolParser.java,org.openrewrite.mainframe.cobol.internal.grammar.CobolParser$SubtractMinuendGivingContext,subtractMinuendGiving,throws-declaration,RecognitionException,propagate,,
src/main/java/org/openrewrite/mainframe/cobol/internal/grammar/CobolParser.java,org.openrewrite.mainframe.cobol.internal.grammar.CobolParser$SubtractMinuendGivingContext,subtractMinuendGiving,try-catch,RecognitionException,custom,,
src/main/java/org/openrewrite/mainframe/cobol/internal/grammar/CobolParser.java,org.openrewrite.mainframe.cobol.internal.grammar.CobolParser$SubtractGivingContext,subtractGiving,throws-declaration,RecognitionException,propagate,,
src/main/java/org/openrewrite/mainframe/cobol/internal/grammar/CobolParser.java,org.openrewrite.mainframe.cobol.internal.grammar.CobolParser$SubtractGivingContext,subtractGiving,try-catch,RecognitionException,custom,,
src/main/java/org/openrewrite/mainframe/cobol/internal/grammar/CobolParser.java,org.openrewrite.mainframe.cobol.internal.grammar.CobolParser$SubtractMinuendCorrespondingContext,subtractMinuendCorresponding,throws-declaration,RecognitionException,propagate,,
src/main/java/org/openrewrite/mainframe/cobol/internal/grammar/CobolParser.java,org.openrewrite.mainframe.cobol.internal.grammar.CobolParser$SubtractMinuendCorrespondingContext,subtractMinuendCorresponding,try-catch,RecognitionException,custom,,
src/main/java/org/openrewrite/mainframe/cobol/internal/grammar/CobolParser.java,org.openrewrite.mainframe.cobol.internal.grammar.CobolParser$TerminateStatementContext,terminateStatement,throws-declaration,RecognitionException,propagate,,
src/main/java/org/openrewrite/mainframe/cobol/internal/grammar/CobolParser.java,org.openrewrite.mainframe.cobol.internal.grammar.CobolParser$TerminateStatementContext,terminateStatement,try-catch,RecognitionException,custom,,
src/main/java/org/openrewrite/mainframe/cobol/internal/grammar/CobolParser.java,org.openrewrite.mainframe.cobol.internal.grammar.CobolParser$UnstringStatementContext,unstringStatement,throws-declaration,RecognitionException,propagate,,
src/main/java/org/openrewrite/mainframe/cobol/internal/grammar/CobolParser.java,org.openrewrite.mainframe.cobol.internal.grammar.CobolParser$UnstringStatementContext,unstringStatement,try-catch,RecognitionException,custom,,
src/main/java/org/openrewrite/mainframe/cobol/internal/grammar/CobolParser.java,org.openrewrite.mainframe.cobol.internal.grammar.CobolParser$UnstringSendingPhraseContext,unstringSendingPhrase,throws-declaration,RecognitionException,propagate,,
src/main/java/org/openrewrite/mainframe/cobol/internal/grammar/CobolParser.java,org.openrewrite.mainframe.cobol.internal.grammar.CobolParser$UnstringSendingPhraseContext,unstringSendingPhrase,try-catch,RecognitionException,custom,,
src/main/java/org/openrewrite/mainframe/cobol/internal/grammar/CobolParser.java,org.openrewrite.mainframe.cobol.internal.grammar.CobolParser$UnstringDelimitedByPhraseContext,unstringDelimitedByPhrase,throws-declaration,RecognitionException,propagate,,
src/main/java/org/openrewrite/mainframe/cobol/internal/grammar/CobolParser.java,org.openrewrite.mainframe.cobol.internal.grammar.CobolParser$UnstringDelimitedByPhraseContext,unstringDelimitedByPhrase,try-catch,RecognitionException,custom,,
src/main/java/org/openrewrite/mainframe/cobol/internal/grammar/CobolParser.java,org.openrewrite.mainframe.cobol.internal.grammar.CobolParser$UnstringOrAllPhraseContext,unstringOrAllPhrase,throws-declaration,RecognitionException,propagate,,
src/main/java/org/openrewrite/mainframe/cobol/internal/grammar/CobolParser.java,org.openrewrite.mainframe.cobol.internal.grammar.CobolParser$UnstringOrAllPhraseContext,unstringOrAllPhrase,try-catch,RecognitionException,custom,,
src/main/java/org/openrewrite/mainframe/cobol/internal/grammar/CobolParser.java,org.openrewrite.mainframe.cobol.internal.grammar.CobolParser$UnstringIntoPhraseContext,unstringIntoPhrase,throws-declaration,RecognitionException,propagate,,
src/main/java/org/openrewrite/mainframe/cobol/internal/grammar/CobolParser.java,org.openrewrite.mainframe.cobol.internal.grammar.CobolParser$UnstringIntoPhraseContext,unstringIntoPhrase,try-catch,RecognitionException,custom,,
src/main/java/org/openrewrite/mainframe/cobol/internal/grammar/CobolParser.java,org.openrewrite.mainframe.cobol.internal.grammar.CobolParser$UnstringIntoContext,unstringInto,throws-declaration,RecognitionException,propagate,,
src/main/java/org/openrewrite/mainframe/cobol/internal/grammar/CobolParser.java,org.openrewrite.mainframe.cobol.internal.grammar.CobolParser$UnstringIntoContext,unstringInto,try-catch,RecognitionException,custom,,
src/main/java/org/openrewrite/mainframe/cobol/internal/grammar/CobolParser.java,org.openrewrite.mainframe.cobol.internal.grammar.CobolParser$UnstringDelimiterInContext,unstringDelimiterIn,throws-declaration,RecognitionException,propagate,,
src/main/java/org/openrewrite/mainframe/cobol/internal/grammar/CobolParser.java,org.openrewrite.mainframe.cobol.internal.grammar.CobolParser$UnstringDelimiterInContext,unstringDelimiterIn,try-catch,RecognitionException,custom,,
src/main/java/org/openrewrite/mainframe/cobol/internal/grammar/CobolParser.java,org.openrewrite.mainframe.cobol.internal.grammar.CobolParser$UnstringCountInContext,unstringCountIn,throws-declaration,RecognitionException,propagate,,
src/main/java/org/openrewrite/mainframe/cobol/internal/grammar/CobolParser.java,org.openrewrite.mainframe.cobol.internal.grammar.CobolParser$UnstringCountInContext,unstringCountIn,try-catch,RecognitionException,custom,,
src/main/java/org/openrewrite/mainframe/cobol/internal/grammar/CobolParser.java,org.openrewrite.mainframe.cobol.internal.grammar.CobolParser$UnstringWithPointerPhraseContext,unstringWithPointerPhrase,throws-declaration,RecognitionException,propagate,,
src/main/java/org/openrewrite/mainframe/cobol/internal/grammar/CobolParser.java,org.openrewrite.mainframe.cobol.internal.grammar.CobolParser$UnstringWithPointerPhraseContext,unstringWithPointerPhrase,try-catch,RecognitionException,custom,,
src/main/java/org/openrewrite/mainframe/cobol/internal/grammar/CobolParser.java,org.openrewrite.mainframe.cobol.internal.grammar.CobolParser$UnstringTallyingPhraseContext,unstringTallyingPhrase,throws-declaration,RecognitionException,propagate,,
src/main/java/org/openrewrite/mainframe/cobol/internal/grammar/CobolParser.java,org.openrewrite.mainframe.cobol.internal.grammar.CobolParser$UnstringTallyingPhraseContext,unstringTallyingPhrase,try-catch,RecognitionException,custom,,
src/main/java/org/openrewrite/mainframe/cobol/internal/grammar/CobolParser.java,org.openrewrite.mainframe.cobol.internal.grammar.CobolParser$UseStatementContext,useStatement,throws-declaration,RecognitionException,propagate,,
src/main/java/org/openrewrite/mainframe/cobol/internal/grammar/CobolParser.java,org.openrewrite.mainframe.cobol.internal.grammar.CobolParser$UseStatementContext,useStatement,try-catch,RecognitionException,custom,,
src/main/java/org/openrewrite/mainframe/cobol/internal/grammar/CobolParser.java,org.openrewrite.mainframe.cobol.internal.grammar.CobolParser$UseAfterClauseContext,useAfterClause,throws-declaration,RecognitionException,propagate,,
src/main/java/org/openrewrite/mainframe/cobol/internal/grammar/CobolParser.java,org.openrewrite.mainframe.cobol.internal.grammar.CobolParser$UseAfterClauseContext,useAfterClause,try-catch,RecognitionException,custom,,
src/main/java/org/openrewrite/mainframe/cobol/internal/grammar/CobolParser.java,org.openrewrite.mainframe.cobol.internal.grammar.CobolParser$UseAfterOnContext,useAfterOn,throws-declaration,RecognitionException,propagate,,
src/main/java/org/openrewrite/mainframe/cobol/internal/grammar/CobolParser.java,org.openrewrite.mainframe.cobol.internal.grammar.CobolParser$UseAfterOnContext,useAfterOn,try-catch,RecognitionException,custom,,
src/main/java/org/openrewrite/mainframe/cobol/internal/grammar/CobolParser.java,org.openrewrite.mainframe.cobol.internal.grammar.CobolParser$UseDebugClauseContext,useDebugClause,throws-declaration,RecognitionException,propagate,,
src/main/java/org/openrewrite/mainframe/cobol/internal/grammar/CobolParser.java,org.openrewrite.mainframe.cobol.internal.grammar.CobolParser$UseDebugClauseContext,useDebugClause,try-catch,RecognitionException,custom,,
src/main/java/org/openrewrite/mainframe/cobol/internal/grammar/CobolParser.java,org.openrewrite.mainframe.cobol.internal.grammar.CobolParser$UseDebugOnContext,useDebugOn,throws-declaration,RecognitionException,propagate,,
src/main/java/org/openrewrite/mainframe/cobol/internal/grammar/CobolParser.java,org.openrewrite.mainframe.cobol.internal.grammar.CobolParser$UseDebugOnContext,useDebugOn,try-catch,RecognitionException,custom,,
src/main/java/org/openrewrite/mainframe/cobol/internal/grammar/CobolParser.java,org.openrewrite.mainframe.cobol.internal.grammar.CobolParser$WriteStatementContext,writeStatement,throws-declaration,RecognitionException,propagate,,
src/main/java/org/openrewrite/mainframe/cobol/internal/grammar/CobolParser.java,org.openrewrite.mainframe.cobol.internal.grammar.CobolParser$WriteStatementContext,writeStatement,try-catch,RecognitionException,custom,,
src/main/java/org/openrewrite/mainframe/cobol/internal/grammar/CobolParser.java,org.openrewrite.mainframe.cobol.internal.grammar.CobolParser$WriteFromPhraseContext,writeFromPhrase,throws-declaration,RecognitionException,propagate,,
src/main/java/org/openrewrite/mainframe/cobol/internal/grammar/CobolParser.java,org.openrewrite.mainframe.cobol.internal.grammar.CobolParser$WriteFromPhraseContext,writeFromPhrase,try-catch,RecognitionException,custom,,
src/main/java/org/openrewrite/mainframe/cobol/internal/grammar/CobolParser.java,org.openrewrite.mainframe.cobol.internal.grammar.CobolParser$WriteAdvancingPhraseContext,writeAdvancingPhrase,throws-declaration,RecognitionException,propagate,,
src/main/java/org/openrewrite/mainframe/cobol/internal/grammar/CobolParser.java,org.openrewrite.mainframe.cobol.internal.grammar.CobolParser$WriteAdvancingPhraseContext,writeAdvancingPhrase,try-catch,RecognitionException,custom,,
src/main/java/org/openrewrite/mainframe/cobol/internal/grammar/CobolParser.java,org.openrewrite.mainframe.cobol.internal.grammar.CobolParser$WriteAdvancingPageContext,writeAdvancingPage,throws-declaration,RecognitionException,propagate,,
src/main/java/org/openrewrite/mainframe/cobol/internal/grammar/CobolParser.java,org.openrewrite.mainframe.cobol.internal.grammar.CobolParser$WriteAdvancingPageContext,writeAdvancingPage,try-catch,RecognitionException,custom,,
src/main/java/org/openrewrite/mainframe/cobol/internal/grammar/CobolParser.java,org.openrewrite.mainframe.cobol.internal.grammar.CobolParser$WriteAdvancingLinesContext,writeAdvancingLines,throws-declaration,RecognitionException,propagate,,
src/main/java/org/openrewrite/mainframe/cobol/internal/grammar/CobolParser.java,org.openrewrite.mainframe.cobol.internal.grammar.CobolParser$WriteAdvancingLinesContext,writeAdvancingLines,try-catch,RecognitionException,custom,,
src/main/java/org/openrewrite/mainframe/cobol/internal/grammar/CobolParser.java,org.openrewrite.mainframe.cobol.internal.grammar.CobolParser$WriteAdvancingMnemonicContext,writeAdvancingMnemonic,throws-declaration,RecognitionException,propagate,,
src/main/java/org/openrewrite/mainframe/cobol/internal/grammar/CobolParser.java,org.openrewrite.mainframe.cobol.internal.grammar.CobolParser$WriteAdvancingMnemonicContext,writeAdvancingMnemonic,try-catch,RecognitionException,custom,,
src/main/java/org/openrewrite/mainframe/cobol/internal/grammar/CobolParser.java,org.openrewrite.mainframe.cobol.internal.grammar.CobolParser$WriteAtEndOfPagePhraseContext,writeAtEndOfPagePhrase,throws-declaration,RecognitionException,propagate,,
src/main/java/org/openrewrite/mainframe/cobol/internal/grammar/CobolParser.java,org.openrewrite.mainframe.cobol.internal.grammar.CobolParser$WriteAtEndOfPagePhraseContext,writeAtEndOfPagePhrase,try-catch,RecognitionException,custom,,
src/main/java/org/openrewrite/mainframe/cobol/internal/grammar/CobolParser.java,org.openrewrite.mainframe.cobol.internal.grammar.CobolParser$WriteNotAtEndOfPagePhraseContext,writeNotAtEndOfPagePhrase,throws-declaration,RecognitionException,propagate,,
src/main/java/org/openrewrite/mainframe/cobol/internal/grammar/CobolParser.java,org.openrewrite.mainframe.cobol.internal.grammar.CobolParser$WriteNotAtEndOfPagePhraseContext,writeNotAtEndOfPagePhrase,try-catch,RecognitionException,custom,,
src/main/java/org/openrewrite/mainframe/cobol/internal/grammar/CobolParser.java,org.openrewrite.mainframe.cobol.internal.grammar.CobolParser$AtEndPhraseContext,atEndPhrase,throws-declaration,RecognitionException,propagate,,
src/main/java/org/openrewrite/mainframe/cobol/internal/grammar/CobolParser.java,org.openrewrite.mainframe.cobol.internal.grammar.CobolParser$AtEndPhraseContext,atEndPhrase,try-catch,RecognitionException,custom,,
src/main/java/org/openrewrite/mainframe/cobol/internal/grammar/CobolParser.java,org.openrewrite.mainframe.cobol.internal.grammar.CobolParser$NotAtEndPhraseContext,notAtEndPhrase,throws-declaration,RecognitionException,propagate,,
src/main/java/org/openrewrite/mainframe/cobol/internal/grammar/CobolParser.java,org.openrewrite.mainframe.cobol.internal.grammar.CobolParser$NotAtEndPhraseContext,notAtEndPhrase,try-catch,RecognitionException,custom,,
src/main/java/org/openrewrite/mainframe/cobol/internal/grammar/CobolParser.java,org.openrewrite.mainframe.cobol.internal.grammar.CobolParser$InvalidKeyPhraseContext,invalidKeyPhrase,throws-declaration,RecognitionException,propagate,,
src/main/java/org/openrewrite/mainframe/cobol/internal/grammar/CobolParser.java,org.openrewrite.mainframe.cobol.internal.grammar.CobolParser$InvalidKeyPhraseContext,invalidKeyPhrase,try-catch,RecognitionException,custom,,
src/main/java/org/openrewrite/mainframe/cobol/internal/grammar/CobolParser.java,org.openrewrite.mainframe.cobol.internal.grammar.CobolParser$NotInvalidKeyPhraseContext,notInvalidKeyPhrase,throws-declaration,RecognitionException,propagate,,
src/main/java/org/openrewrite/mainframe/cobol/internal/grammar/CobolParser.java,org.openrewrite.mainframe.cobol.internal.grammar.CobolParser$NotInvalidKeyPhraseContext,notInvalidKeyPhrase,try-catch,RecognitionException,custom,,
src/main/java/org/openrewrite/mainframe/cobol/internal/grammar/CobolParser.java,org.openrewrite.mainframe.cobol.internal.grammar.CobolParser$OnOverflowPhraseContext,onOverflowPhrase,throws-declaration,RecognitionException,propagate,,
src/main/java/org/openrewrite/mainframe/cobol/internal/grammar/CobolParser.java,org.openrewrite.mainframe.cobol.internal.grammar.CobolParser$OnOverflowPhraseContext,onOverflowPhrase,try-catch,RecognitionException,custom,,
src/main/java/org/openrewrite/mainframe/cobol/internal/grammar/CobolParser.java,org.openrewrite.mainframe.cobol.internal.grammar.CobolParser$NotOnOverflowPhraseContext,notOnOverflowPhrase,throws-declaration,RecognitionException,propagate,,
src/main/java/org/openrewrite/mainframe/cobol/internal/grammar/CobolParser.java,org.openrewrite.mainframe.cobol.internal.grammar.CobolParser$NotOnOverflowPhraseContext,notOnOverflowPhrase,try-catch,RecognitionException,custom,,
src/main/java/org/openrewrite/mainframe/cobol/internal/grammar/CobolParser.java,org.openrewrite.mainframe.cobol.internal.grammar.CobolParser$OnSizeErrorPhraseContext,onSizeErrorPhrase,throws-declaration,RecognitionException,propagate,,
src/main/java/org/openrewrite/mainframe/cobol/internal/grammar/CobolParser.java,org.openrewrite.mainframe.cobol.internal.grammar.CobolParser$OnSizeErrorPhraseContext,onSizeErrorPhrase,try-catch,RecognitionException,custom,,
src/main/java/org/openrewrite/mainframe/cobol/internal/grammar/CobolParser.java,org.openrewrite.mainframe.cobol.internal.grammar.CobolParser$NotOnSizeErrorPhraseContext,notOnSizeErrorPhrase,throws-declaration,RecognitionException,propagate,,
src/main/java/org/openrewrite/mainframe/cobol/internal/grammar/CobolParser.java,org.openrewrite.mainframe.cobol.internal.grammar.CobolParser$NotOnSizeErrorPhraseContext,notOnSizeErrorPhrase,try-catch,RecognitionException,custom,,
src/main/java/org/openrewrite/mainframe/cobol/internal/grammar/CobolParser.java,org.openrewrite.mainframe.cobol.internal.grammar.CobolParser$OnExceptionClauseContext,onExceptionClause,throws-declaration,RecognitionException,propagate,,
src/main/java/org/openrewrite/mainframe/cobol/internal/grammar/CobolParser.java,org.openrewrite.mainframe.cobol.internal.grammar.CobolParser$OnExceptionClauseContext,onExceptionClause,try-catch,RecognitionException,custom,,
src/main/java/org/openrewrite/mainframe/cobol/internal/grammar/CobolParser.java,org.openrewrite.mainframe.cobol.internal.grammar.CobolParser$NotOnExceptionClauseContext,notOnExceptionClause,throws-declaration,RecognitionException,propagate,,
src/main/java/org/openrewrite/mainframe/cobol/internal/grammar/CobolParser.java,org.openrewrite.mainframe.cobol.internal.grammar.CobolParser$NotOnExceptionClauseContext,notOnExceptionClause,try-catch,RecognitionException,custom,,
src/main/java/org/openrewrite/mainframe/cobol/internal/grammar/CobolParser.java,org.openrewrite.mainframe.cobol.internal.grammar.CobolParser$ArithmeticExpressionContext,arithmeticExpression,throws-declaration,RecognitionException,propagate,,
src/main/java/org/openrewrite/mainframe/cobol/internal/grammar/CobolParser.java,org.openrewrite.mainframe.cobol.internal.grammar.CobolParser$ArithmeticExpressionContext,arithmeticExpression,try-catch,RecognitionException,custom,,
src/main/java/org/openrewrite/mainframe/cobol/internal/grammar/CobolParser.java,org.openrewrite.mainframe.cobol.internal.grammar.CobolParser$PlusMinusContext,plusMinus,throws-declaration,RecognitionException,propagate,,
src/main/java/org/openrewrite/mainframe/cobol/internal/grammar/CobolParser.java,org.openrewrite.mainframe.cobol.internal.grammar.CobolParser$PlusMinusContext,plusMinus,try-catch,RecognitionException,custom,,
src/main/java/org/openrewrite/mainframe/cobol/internal/grammar/CobolParser.java,org.openrewrite.mainframe.cobol.internal.grammar.CobolParser$MultDivsContext,multDivs,throws-declaration,RecognitionException,propagate,,
src/main/java/org/openrewrite/mainframe/cobol/internal/grammar/CobolParser.java,org.openrewrite.mainframe.cobol.internal.grammar.CobolParser$MultDivsContext,multDivs,try-catch,RecognitionException,custom,,
src/main/java/org/openrewrite/mainframe/cobol/internal/grammar/CobolParser.java,org.openrewrite.mainframe.cobol.internal.grammar.CobolParser$MultDivContext,multDiv,throws-declaration,RecognitionException,propagate,,
src/main/java/org/openrewrite/mainframe/cobol/internal/grammar/CobolParser.java,org.openrewrite.mainframe.cobol.internal.grammar.CobolParser$MultDivContext,multDiv,try-catch,RecognitionException,custom,,
src/main/java/org/openrewrite/mainframe/cobol/internal/grammar/CobolParser.java,org.openrewrite.mainframe.cobol.internal.grammar.CobolParser$PowersContext,powers,throws-declaration,RecognitionException,propagate,,
src/main/java/org/openrewrite/mainframe/cobol/internal/grammar/CobolParser.java,org.openrewrite.mainframe.cobol.internal.grammar.CobolParser$PowersContext,powers,try-catch,RecognitionException,custom,,
src/main/java/org/openrewrite/mainframe/cobol/internal/grammar/CobolParser.java,org.openrewrite.mainframe.cobol.internal.grammar.CobolParser$PowerContext,power,throws-declaration,RecognitionException,propagate,,
src/main/java/org/openrewrite/mainframe/cobol/internal/grammar/CobolParser.java,org.openrewrite.mainframe.cobol.internal.grammar.CobolParser$PowerContext,power,try-catch,RecognitionException,custom,,
src/main/java/org/openrewrite/mainframe/cobol/internal/grammar/CobolParser.java,org.openrewrite.mainframe.cobol.internal.grammar.CobolParser$BasisContext,basis,throws-declaration,RecognitionException,propagate,,
src/main/java/org/openrewrite/mainframe/cobol/internal/grammar/CobolParser.java,org.openrewrite.mainframe.cobol.internal.grammar.CobolParser$BasisContext,basis,try-catch,RecognitionException,custom,,
src/main/java/org/openrewrite/mainframe/cobol/internal/grammar/CobolParser.java,org.openrewrite.mainframe.cobol.internal.grammar.CobolParser$ConditionContext,condition,throws-declaration,RecognitionException,propagate,,
src/main/java/org/openrewrite/mainframe/cobol/internal/grammar/CobolParser.java,org.openrewrite.mainframe.cobol.internal.grammar.CobolParser$ConditionContext,condition,try-catch,RecognitionException,custom,,
src/main/java/org/openrewrite/mainframe/cobol/internal/grammar/CobolParser.java,org.openrewrite.mainframe.cobol.internal.grammar.CobolParser$AndOrConditionContext,andOrCondition,throws-declaration,RecognitionException,propagate,,
src/main/java/org/openrewrite/mainframe/cobol/internal/grammar/CobolParser.java,org.openrewrite.mainframe.cobol.internal.grammar.CobolParser$AndOrConditionContext,andOrCondition,try-catch,RecognitionException,custom,,
src/main/java/org/openrewrite/mainframe/cobol/internal/grammar/CobolParser.java,org.openrewrite.mainframe.cobol.internal.grammar.CobolParser$CombinableConditionContext,combinableCondition,throws-declaration,RecognitionException,propagate,,
src/main/java/org/openrewrite/mainframe/cobol/internal/grammar/CobolParser.java,org.openrewrite.mainframe.cobol.internal.grammar.CobolParser$CombinableConditionContext,combinableCondition,try-catch,RecognitionException,custom,,
src/main/java/org/openrewrite/mainframe/cobol/internal/grammar/CobolParser.java,org.openrewrite.mainframe.cobol.internal.grammar.CobolParser$SimpleConditionContext,simpleCondition,throws-declaration,RecognitionException,propagate,,
src/main/java/org/openrewrite/mainframe/cobol/internal/grammar/CobolParser.java,org.openrewrite.mainframe.cobol.internal.grammar.CobolParser$SimpleConditionContext,simpleCondition,try-catch,RecognitionException,custom,,
src/main/java/org/openrewrite/mainframe/cobol/internal/grammar/CobolParser.java,org.openrewrite.mainframe.cobol.internal.grammar.CobolParser$ClassConditionContext,classCondition,throws-declaration,RecognitionException,propagate,,
src/main/java/org/openrewrite/mainframe/cobol/internal/grammar/CobolParser.java,org.openrewrite.mainframe.cobol.internal.grammar.CobolParser$ClassConditionContext,classCondition,try-catch,RecognitionException,custom,,
src/main/java/org/openrewrite/mainframe/cobol/internal/grammar/CobolParser.java,org.openrewrite.mainframe.cobol.internal.grammar.CobolParser$ConditionNameReferenceContext,conditionNameReference,throws-declaration,RecognitionException,propagate,,
src/main/java/org/openrewrite/mainframe/cobol/internal/grammar/CobolParser.java,org.openrewrite.mainframe.cobol.internal.grammar.CobolParser$ConditionNameReferenceContext,conditionNameReference,try-catch,RecognitionException,custom,,
src/main/java/org/openrewrite/mainframe/cobol/internal/grammar/CobolParser.java,org.openrewrite.mainframe.cobol.internal.grammar.CobolParser$ConditionNameSubscriptReferenceContext,conditionNameSubscriptReference,throws-declaration,RecognitionException,propagate,,
src/main/java/org/openrewrite/mainframe/cobol/internal/grammar/CobolParser.java,org.openrewrite.mainframe.cobol.internal.grammar.CobolParser$ConditionNameSubscriptReferenceContext,conditionNameSubscriptReference,try-catch,RecognitionException,custom,,
src/main/java/org/openrewrite/mainframe/cobol/internal/grammar/CobolParser.java,org.openrewrite.mainframe.cobol.internal.grammar.CobolParser$RelationConditionContext,relationCondition,throws-declaration,RecognitionException,propagate,,
src/main/java/org/openrewrite/mainframe/cobol/internal/grammar/CobolParser.java,org.openrewrite.mainframe.cobol.internal.grammar.CobolParser$RelationConditionContext,relationCondition,try-catch,RecognitionException,custom,,
src/main/java/org/openrewrite/mainframe/cobol/internal/grammar/CobolParser.java,org.openrewrite.mainframe.cobol.internal.grammar.CobolParser$RelationSignConditionContext,relationSignCondition,throws-declaration,RecognitionException,propagate,,
src/main/java/org/openrewrite/mainframe/cobol/internal/grammar/CobolParser.java,org.openrewrite.mainframe.cobol.internal.grammar.CobolParser$RelationSignConditionContext,relationSignCondition,try-catch,RecognitionException,custom,,
src/main/java/org/openrewrite/mainframe/cobol/internal/grammar/CobolParser.java,org.openrewrite.mainframe.cobol.internal.grammar.CobolParser$RelationArithmeticComparisonContext,relationArithmeticComparison,throws-declaration,RecognitionException,propagate,,
src/main/java/org/openrewrite/mainframe/cobol/internal/grammar/CobolParser.java,org.openrewrite.mainframe.cobol.internal.grammar.CobolParser$RelationArithmeticComparisonContext,relationArithmeticComparison,try-catch,RecognitionException,custom,,
src/main/java/org/openrewrite/mainframe/cobol/internal/grammar/CobolParser.java,org.openrewrite.mainframe.cobol.internal.grammar.CobolParser$RelationCombinedComparisonContext,relationCombinedComparison,throws-declaration,RecognitionException,propagate,,
src/main/java/org/openrewrite/mainframe/cobol/internal/grammar/CobolParser.java,org.openrewrite.mainframe.cobol.internal.grammar.CobolParser$RelationCombinedComparisonContext,relationCombinedComparison,try-catch,RecognitionException,custom,,
src/main/java/org/openrewrite/mainframe/cobol/internal/grammar/CobolParser.java,org.openrewrite.mainframe.cobol.internal.grammar.CobolParser$RelationCombinedConditionContext,relationCombinedCondition,throws-declaration,RecognitionException,propagate,,
src/main/java/org/openrewrite/mainframe/cobol/internal/grammar/CobolParser.java,org.openrewrite.mainframe.cobol.internal.grammar.CobolParser$RelationCombinedConditionContext,relationCombinedCondition,try-catch,RecognitionException,custom,,
src/main/java/org/openrewrite/mainframe/cobol/internal/grammar/CobolParser.java,org.openrewrite.mainframe.cobol.internal.grammar.CobolParser$RelationalOperatorContext,relationalOperator,throws-declaration,RecognitionException,propagate,,
src/main/java/org/openrewrite/mainframe/cobol/internal/grammar/CobolParser.java,org.openrewrite.mainframe.cobol.internal.grammar.CobolParser$RelationalOperatorContext,relationalOperator,try-catch,RecognitionException,custom,,
src/main/java/org/openrewrite/mainframe/cobol/internal/grammar/CobolParser.java,org.openrewrite.mainframe.cobol.internal.grammar.CobolParser$AbbreviationContext,abbreviation,throws-declaration,RecognitionException,propagate,,
src/main/java/org/openrewrite/mainframe/cobol/internal/grammar/CobolParser.java,org.openrewrite.mainframe.cobol.internal.grammar.CobolParser$AbbreviationContext,abbreviation,try-catch,RecognitionException,custom,,
src/main/java/org/openrewrite/mainframe/cobol/internal/grammar/CobolParser.java,org.openrewrite.mainframe.cobol.internal.grammar.CobolParser$IdentifierContext,identifier,throws-declaration,RecognitionException,propagate,,
src/main/java/org/openrewrite/mainframe/cobol/internal/grammar/CobolParser.java,org.openrewrite.mainframe.cobol.internal.grammar.CobolParser$IdentifierContext,identifier,try-catch,RecognitionException,custom,,
src/main/java/org/openrewrite/mainframe/cobol/internal/grammar/CobolParser.java,org.openrewrite.mainframe.cobol.internal.grammar.CobolParser$TableCallContext,tableCall,throws-declaration,RecognitionException,propagate,,
src/main/java/org/openrewrite/mainframe/cobol/internal/grammar/CobolParser.java,org.openrewrite.mainframe.cobol.internal.grammar.CobolParser$TableCallContext,tableCall,try-catch,RecognitionException,custom,,
src/main/java/org/openrewrite/mainframe/cobol/internal/grammar/CobolParser.java,org.openrewrite.mainframe.cobol.internal.grammar.CobolParser$TableCallSubscriptsContext,tableCallSubscripts,throws-declaration,RecognitionException,propagate,,
src/main/java/org/openrewrite/mainframe/cobol/internal/grammar/CobolParser.java,org.openrewrite.mainframe.cobol.internal.grammar.CobolParser$TableCallSubscriptsContext,tableCallSubscripts,try-catch,RecognitionException,custom,,
src/main/java/org/openrewrite/mainframe/cobol/internal/grammar/CobolParser.java,org.openrewrite.mainframe.cobol.internal.grammar.CobolParser$FunctionCallContext,functionCall,throws-declaration,RecognitionException,propagate,,
src/main/java/org/openrewrite/mainframe/cobol/internal/grammar/CobolParser.java,org.openrewrite.mainframe.cobol.internal.grammar.CobolParser$FunctionCallContext,functionCall,try-catch,RecognitionException,custom,,
src/main/java/org/openrewrite/mainframe/cobol/internal/grammar/CobolParser.java,org.openrewrite.mainframe.cobol.internal.grammar.CobolParser$FunctionCallArgumentsContext,functionCallArguments,throws-declaration,RecognitionException,propagate,,
src/main/java/org/openrewrite/mainframe/cobol/internal/grammar/CobolParser.java,org.openrewrite.mainframe.cobol.internal.grammar.CobolParser$FunctionCallArgumentsContext,functionCallArguments,try-catch,RecognitionException,custom,,
src/main/java/org/openrewrite/mainframe/cobol/internal/grammar/CobolParser.java,org.openrewrite.mainframe.cobol.internal.grammar.CobolParser$ReferenceModifierContext,referenceModifier,throws-declaration,RecognitionException,propagate,,
src/main/java/org/openrewrite/mainframe/cobol/internal/grammar/CobolParser.java,org.openrewrite.mainframe.cobol.internal.grammar.CobolParser$ReferenceModifierContext,referenceModifier,try-catch,RecognitionException,custom,,
src/main/java/org/openrewrite/mainframe/cobol/internal/grammar/CobolParser.java,org.openrewrite.mainframe.cobol.internal.grammar.CobolParser$CharacterPositionContext,characterPosition,throws-declaration,RecognitionException,propagate,,
src/main/java/org/openrewrite/mainframe/cobol/internal/grammar/CobolParser.java,org.openrewrite.mainframe.cobol.internal.grammar.CobolParser$CharacterPositionContext,characterPosition,try-catch,RecognitionException,custom,,
src/main/java/org/openrewrite/mainframe/cobol/internal/grammar/CobolParser.java,org.openrewrite.mainframe.cobol.internal.grammar.CobolParser$LengthContext,length,throws-declaration,RecognitionException,propagate,,
src/main/java/org/openrewrite/mainframe/cobol/internal/grammar/CobolParser.java,org.openrewrite.mainframe.cobol.internal.grammar.CobolParser$LengthContext,length,try-catch,RecognitionException,custom,,
src/main/java/org/openrewrite/mainframe/cobol/internal/grammar/CobolParser.java,org.openrewrite.mainframe.cobol.internal.grammar.CobolParser$SubscriptContext,subscript,throws-declaration,RecognitionException,propagate,,
src/main/java/org/openrewrite/mainframe/cobol/internal/grammar/CobolParser.java,org.openrewrite.mainframe.cobol.internal.grammar.CobolParser$SubscriptContext,subscript,try-catch,RecognitionException,custom,,
src/main/java/org/openrewrite/mainframe/cobol/internal/grammar/CobolParser.java,org.openrewrite.mainframe.cobol.internal.grammar.CobolParser$ArgumentContext,argument,throws-declaration,RecognitionException,propagate,,
src/main/java/org/openrewrite/mainframe/cobol/internal/grammar/CobolParser.java,org.openrewrite.mainframe.cobol.internal.grammar.CobolParser$ArgumentContext,argument,try-catch,RecognitionException,custom,,
src/main/java/org/openrewrite/mainframe/cobol/internal/grammar/CobolParser.java,org.openrewrite.mainframe.cobol.internal.grammar.CobolParser$QualifiedDataNameContext,qualifiedDataName,throws-declaration,RecognitionException,propagate,,
src/main/java/org/openrewrite/mainframe/cobol/internal/grammar/CobolParser.java,org.openrewrite.mainframe.cobol.internal.grammar.CobolParser$QualifiedDataNameContext,qualifiedDataName,try-catch,RecognitionException,custom,,
src/main/java/org/openrewrite/mainframe/cobol/internal/grammar/CobolParser.java,org.openrewrite.mainframe.cobol.internal.grammar.CobolParser$QualifiedDataNameFormat1Context,qualifiedDataNameFormat1,throws-declaration,RecognitionException,propagate,,
src/main/java/org/openrewrite/mainframe/cobol/internal/grammar/CobolParser.java,org.openrewrite.mainframe.cobol.internal.grammar.CobolParser$QualifiedDataNameFormat1Context,qualifiedDataNameFormat1,try-catch,RecognitionException,custom,,
src/main/java/org/openrewrite/mainframe/cobol/internal/grammar/CobolParser.java,org.openrewrite.mainframe.cobol.internal.grammar.CobolParser$QualifiedDataNameFormat2Context,qualifiedDataNameFormat2,throws-declaration,RecognitionException,propagate,,
src/main/java/org/openrewrite/mainframe/cobol/internal/grammar/CobolParser.java,org.openrewrite.mainframe.cobol.internal.grammar.CobolParser$QualifiedDataNameFormat2Context,qualifiedDataNameFormat2,try-catch,RecognitionException,custom,,
src/main/java/org/openrewrite/mainframe/cobol/internal/grammar/CobolParser.java,org.openrewrite.mainframe.cobol.internal.grammar.CobolParser$QualifiedDataNameFormat3Context,qualifiedDataNameFormat3,throws-declaration,RecognitionException,propagate,,
src/main/java/org/openrewrite/mainframe/cobol/internal/grammar/CobolParser.java,org.openrewrite.mainframe.cobol.internal.grammar.CobolParser$QualifiedDataNameFormat3Context,qualifiedDataNameFormat3,try-catch,RecognitionException,custom,,
src/main/java/org/openrewrite/mainframe/cobol/internal/grammar/CobolParser.java,org.openrewrite.mainframe.cobol.internal.grammar.CobolParser$QualifiedDataNameFormat4Context,qualifiedDataNameFormat4,throws-declaration,RecognitionException,propagate,,
src/main/java/org/openrewrite/mainframe/cobol/internal/grammar/CobolParser.java,org.openrewrite.mainframe.cobol.internal.grammar.CobolParser$QualifiedDataNameFormat4Context,qualifiedDataNameFormat4,try-catch,RecognitionException,custom,,
src/main/java/org/openrewrite/mainframe/cobol/internal/grammar/CobolParser.java,org.openrewrite.mainframe.cobol.internal.grammar.CobolParser$QualifiedInDataContext,qualifiedInData,throws-declaration,RecognitionException,propagate,,
src/main/java/org/openrewrite/mainframe/cobol/internal/grammar/CobolParser.java,org.openrewrite.mainframe.cobol.internal.grammar.CobolParser$QualifiedInDataContext,qualifiedInData,try-catch,RecognitionException,custom,,
src/main/java/org/openrewrite/mainframe/cobol/internal/grammar/CobolParser.java,org.openrewrite.mainframe.cobol.internal.grammar.CobolParser$InDataContext,inData,throws-declaration,RecognitionException,propagate,,
src/main/java/org/openrewrite/mainframe/cobol/internal/grammar/CobolParser.java,org.openrewrite.mainframe.cobol.internal.grammar.CobolParser$InDataContext,inData,try-catch,RecognitionException,custom,,
src/main/java/org/openrewrite/mainframe/cobol/internal/grammar/CobolParser.java,org.openrewrite.mainframe.cobol.internal.grammar.CobolParser$InFileContext,inFile,throws-declaration,RecognitionException,propagate,,
src/main/java/org/openrewrite/mainframe/cobol/internal/grammar/CobolParser.java,org.openrewrite.mainframe.cobol.internal.grammar.CobolParser$InFileContext,inFile,try-catch,RecognitionException,custom,,
src/main/java/org/openrewrite/mainframe/cobol/internal/grammar/CobolParser.java,org.openrewrite.mainframe.cobol.internal.grammar.CobolParser$InMnemonicContext,inMnemonic,throws-declaration,RecognitionException,propagate,,
src/main/java/org/openrewrite/mainframe/cobol/internal/grammar/CobolParser.java,org.openrewrite.mainframe.cobol.internal.grammar.CobolParser$InMnemonicContext,inMnemonic,try-catch,RecognitionException,custom,,
src/main/java/org/openrewrite/mainframe/cobol/internal/grammar/CobolParser.java,org.openrewrite.mainframe.cobol.internal.grammar.CobolParser$InSectionContext,inSection,throws-declaration,RecognitionException,propagate,,
src/main/java/org/openrewrite/mainframe/cobol/internal/grammar/CobolParser.java,org.openrewrite.mainframe.cobol.internal.grammar.CobolParser$InSectionContext,inSection,try-catch,RecognitionException,custom,,
src/main/java/org/openrewrite/mainframe/cobol/internal/grammar/CobolParser.java,org.openrewrite.mainframe.cobol.internal.grammar.CobolParser$InLibraryContext,inLibrary,throws-declaration,RecognitionException,propagate,,
src/main/java/org/openrewrite/mainframe/cobol/internal/grammar/CobolParser.java,org.openrewrite.mainframe.cobol.internal.grammar.CobolParser$InLibraryContext,inLibrary,try-catch,RecognitionException,custom,,
src/main/java/org/openrewrite/mainframe/cobol/internal/grammar/CobolParser.java,org.openrewrite.mainframe.cobol.internal.grammar.CobolParser$InTableContext,inTable,throws-declaration,RecognitionException,propagate,,
src/main/java/org/openrewrite/mainframe/cobol/internal/grammar/CobolParser.java,org.openrewrite.mainframe.cobol.internal.grammar.CobolParser$InTableContext,inTable,try-catch,RecognitionException,custom,,
src/main/java/org/openrewrite/mainframe/cobol/internal/grammar/CobolParser.java,org.openrewrite.mainframe.cobol.internal.grammar.CobolParser$AlphabetNameContext,alphabetName,throws-declaration,RecognitionException,propagate,,
src/main/java/org/openrewrite/mainframe/cobol/internal/grammar/CobolParser.java,org.openrewrite.mainframe.cobol.internal.grammar.CobolParser$AlphabetNameContext,alphabetName,try-catch,RecognitionException,custom,,
src/main/java/org/openrewrite/mainframe/cobol/internal/grammar/CobolParser.java,org.openrewrite.mainframe.cobol.internal.grammar.CobolParser$AssignmentNameContext,assignmentName,throws-declaration,RecognitionException,propagate,,
src/main/java/org/openrewrite/mainframe/cobol/internal/grammar/CobolParser.java,org.openrewrite.mainframe.cobol.internal.grammar.CobolParser$AssignmentNameContext,assignmentName,try-catch,RecognitionException,custom,,
src/main/java/org/openrewrite/mainframe/cobol/internal/grammar/CobolParser.java,org.openrewrite.mainframe.cobol.internal.grammar.CobolParser$BasisNameContext,basisName,throws-declaration,RecognitionException,propagate,,
src/main/java/org/openrewrite/mainframe/cobol/internal/grammar/CobolParser.java,org.openrewrite.mainframe.cobol.internal.grammar.CobolParser$BasisNameContext,basisName,try-catch,RecognitionException,custom,,
src/main/java/org/openrewrite/mainframe/cobol/internal/grammar/CobolParser.java,org.openrewrite.mainframe.cobol.internal.grammar.CobolParser$CdNameContext,cdName,throws-declaration,RecognitionException,propagate,,
src/main/java/org/openrewrite/mainframe/cobol/internal/grammar/CobolParser.java,org.openrewrite.mainframe.cobol.internal.grammar.CobolParser$CdNameContext,cdName,try-catch,RecognitionException,custom,,
src/main/java/org/openrewrite/mainframe/cobol/internal/grammar/CobolParser.java,org.openrewrite.mainframe.cobol.internal.grammar.CobolParser$ClassNameContext,className,throws-declaration,RecognitionException,propagate,,
src/main/java/org/openrewrite/mainframe/cobol/internal/grammar/CobolParser.java,org.openrewrite.mainframe.cobol.internal.grammar.CobolParser$ClassNameContext,className,try-catch,RecognitionException,custom,,
src/main/java/org/openrewrite/mainframe/cobol/internal/grammar/CobolParser.java,org.openrewrite.mainframe.cobol.internal.grammar.CobolParser$ComputerNameContext,computerName,throws-declaration,RecognitionException,propagate,,
src/main/java/org/openrewrite/mainframe/cobol/internal/grammar/CobolParser.java,org.openrewrite.mainframe.cobol.internal.grammar.CobolParser$ComputerNameContext,computerName,try-catch,RecognitionException,custom,,
src/main/java/org/openrewrite/mainframe/cobol/internal/grammar/CobolParser.java,org.openrewrite.mainframe.cobol.internal.grammar.CobolParser$ConditionNameContext,conditionName,throws-declaration,RecognitionException,propagate,,
src/main/java/org/openrewrite/mainframe/cobol/internal/grammar/CobolParser.java,org.openrewrite.mainframe.cobol.internal.grammar.CobolParser$ConditionNameContext,conditionName,try-catch,RecognitionException,custom,,
src/main/java/org/openrewrite/mainframe/cobol/internal/grammar/CobolParser.java,org.openrewrite.mainframe.cobol.internal.grammar.CobolParser$DataNameContext,dataName,throws-declaration,RecognitionException,propagate,,
src/main/java/org/openrewrite/mainframe/cobol/internal/grammar/CobolParser.java,org.openrewrite.mainframe.cobol.internal.grammar.CobolParser$DataNameContext,dataName,try-catch,RecognitionException,custom,,
src/main/java/org/openrewrite/mainframe/cobol/internal/grammar/CobolParser.java,org.openrewrite.mainframe.cobol.internal.grammar.CobolParser$DataDescNameContext,dataDescName,throws-declaration,RecognitionException,propagate,,
src/main/java/org/openrewrite/mainframe/cobol/internal/grammar/CobolParser.java,org.openrewrite.mainframe.cobol.internal.grammar.CobolParser$DataDescNameContext,dataDescName,try-catch,RecognitionException,custom,,
src/main/java/org/openrewrite/mainframe/cobol/internal/grammar/CobolParser.java,org.openrewrite.mainframe.cobol.internal.grammar.CobolParser$EnvironmentNameContext,environmentName,throws-declaration,RecognitionException,propagate,,
src/main/java/org/openrewrite/mainframe/cobol/internal/grammar/CobolParser.java,org.openrewrite.mainframe.cobol.internal.grammar.CobolParser$EnvironmentNameContext,environmentName,try-catch,RecognitionException,custom,,
src/main/java/org/openrewrite/mainframe/cobol/internal/grammar/CobolParser.java,org.openrewrite.mainframe.cobol.internal.grammar.CobolParser$FileNameContext,fileName,throws-declaration,RecognitionException,propagate,,
src/main/java/org/openrewrite/mainframe/cobol/internal/grammar/CobolParser.java,org.openrewrite.mainframe.cobol.internal.grammar.CobolParser$FileNameContext,fileName,try-catch,RecognitionException,custom,,
src/main/java/org/openrewrite/mainframe/cobol/internal/grammar/CobolParser.java,org.openrewrite.mainframe.cobol.internal.grammar.CobolParser$FunctionNameContext,functionName,throws-declaration,RecognitionException,propagate,,
src/main/java/org/openrewrite/mainframe/cobol/internal/grammar/CobolParser.java,org.openrewrite.mainframe.cobol.internal.grammar.CobolParser$FunctionNameContext,functionName,try-catch,RecognitionException,custom,,
src/main/java/org/openrewrite/mainframe/cobol/internal/grammar/CobolParser.java,org.openrewrite.mainframe.cobol.internal.grammar.CobolParser$IndexNameContext,indexName,throws-declaration,RecognitionException,propagate,,
src/main/java/org/openrewrite/mainframe/cobol/internal/grammar/CobolParser.java,org.openrewrite.mainframe.cobol.internal.grammar.CobolParser$IndexNameContext,indexName,try-catch,RecognitionException,custom,,
src/main/java/org/openrewrite/mainframe/cobol/internal/grammar/CobolParser.java,org.openrewrite.mainframe.cobol.internal.grammar.CobolParser$LanguageNameContext,languageName,throws-declaration,RecognitionException,propagate,,
src/main/java/org/openrewrite/mainframe/cobol/internal/grammar/CobolParser.java,org.openrewrite.mainframe.cobol.internal.grammar.CobolParser$LanguageNameContext,languageName,try-catch,RecognitionException,custom,,
src/main/java/org/openrewrite/mainframe/cobol/internal/grammar/CobolParser.java,org.openrewrite.mainframe.cobol.internal.grammar.CobolParser$LibraryNameContext,libraryName,throws-declaration,RecognitionException,propagate,,
src/main/java/org/openrewrite/mainframe/cobol/internal/grammar/CobolParser.java,org.openrewrite.mainframe.cobol.internal.grammar.CobolParser$LibraryNameContext,libraryName,try-catch,RecognitionException,custom,,
src/main/java/org/openrewrite/mainframe/cobol/internal/grammar/CobolParser.java,org.openrewrite.mainframe.cobol.internal.grammar.CobolParser$LocalNameContext,localName,throws-declaration,RecognitionException,propagate,,
src/main/java/org/openrewrite/mainframe/cobol/internal/grammar/CobolParser.java,org.openrewrite.mainframe.cobol.internal.grammar.CobolParser$LocalNameContext,localName,try-catch,RecognitionException,custom,,
src/main/java/org/openrewrite/mainframe/cobol/internal/grammar/CobolParser.java,org.openrewrite.mainframe.cobol.internal.grammar.CobolParser$MnemonicNameContext,mnemonicName,throws-declaration,RecognitionException,propagate,,
src/main/java/org/openrewrite/mainframe/cobol/internal/grammar/CobolParser.java,org.openrewrite.mainframe.cobol.internal.grammar.CobolParser$MnemonicNameContext,mnemonicName,try-catch,RecognitionException,custom,,
src/main/java/org/openrewrite/mainframe/cobol/internal/grammar/CobolParser.java,org.openrewrite.mainframe.cobol.internal.grammar.CobolParser$ParagraphNameContext,paragraphName,throws-declaration,RecognitionException,propagate,,
src/main/java/org/openrewrite/mainframe/cobol/internal/grammar/CobolParser.java,org.openrewrite.mainframe.cobol.internal.grammar.CobolParser$ParagraphNameContext,paragraphName,try-catch,RecognitionException,custom,,
src/main/java/org/openrewrite/mainframe/cobol/internal/grammar/CobolParser.java,org.openrewrite.mainframe.cobol.internal.grammar.CobolParser$ProcedureNameContext,procedureName,throws-declaration,RecognitionException,propagate,,
src/main/java/org/openrewrite/mainframe/cobol/internal/grammar/CobolParser.java,org.openrewrite.mainframe.cobol.internal.grammar.CobolParser$ProcedureNameContext,procedureName,try-catch,RecognitionException,custom,,
src/main/java/org/openrewrite/mainframe/cobol/internal/grammar/CobolParser.java,org.openrewrite.mainframe.cobol.internal.grammar.CobolParser$ProgramNameContext,programName,throws-declaration,RecognitionException,propagate,,
src/main/java/org/openrewrite/mainframe/cobol/internal/grammar/CobolParser.java,org.openrewrite.mainframe.cobol.internal.grammar.CobolParser$ProgramNameContext,programName,try-catch,RecognitionException,custom,,
src/main/java/org/openrewrite/mainframe/cobol/internal/grammar/CobolParser.java,org.openrewrite.mainframe.cobol.internal.grammar.CobolParser$RecordNameContext,recordName,throws-declaration,RecognitionException,propagate,,
src/main/java/org/openrewrite/mainframe/cobol/internal/grammar/CobolParser.java,org.openrewrite.mainframe.cobol.internal.grammar.CobolParser$RecordNameContext,recordName,try-catch,RecognitionException,custom,,
src/main/java/org/openrewrite/mainframe/cobol/internal/grammar/CobolParser.java,org.openrewrite.mainframe.cobol.internal.grammar.CobolParser$ReportNameContext,reportName,throws-declaration,RecognitionException,propagate,,
src/main/java/org/openrewrite/mainframe/cobol/internal/grammar/CobolParser.java,org.openrewrite.mainframe.cobol.internal.grammar.CobolParser$ReportNameContext,reportName,try-catch,RecognitionException,custom,,
src/main/java/org/openrewrite/mainframe/cobol/internal/grammar/CobolParser.java,org.openrewrite.mainframe.cobol.internal.grammar.CobolParser$RoutineNameContext,routineName,throws-declaration,RecognitionException,propagate,,
src/main/java/org/openrewrite/mainframe/cobol/internal/grammar/CobolParser.java,org.openrewrite.mainframe.cobol.internal.grammar.CobolParser$RoutineNameContext,routineName,try-catch,RecognitionException,custom,,
src/main/java/org/openrewrite/mainframe/cobol/internal/grammar/CobolParser.java,org.openrewrite.mainframe.cobol.internal.grammar.CobolParser$ScreenNameContext,screenName,throws-declaration,RecognitionException,propagate,,
src/main/java/org/openrewrite/mainframe/cobol/internal/grammar/CobolParser.java,org.openrewrite.mainframe.cobol.internal.grammar.CobolParser$ScreenNameContext,screenName,try-catch,RecognitionException,custom,,
src/main/java/org/openrewrite/mainframe/cobol/internal/grammar/CobolParser.java,org.openrewrite.mainframe.cobol.internal.grammar.CobolParser$SectionNameContext,sectionName,throws-declaration,RecognitionException,propagate,,
src/main/java/org/openrewrite/mainframe/cobol/internal/grammar/CobolParser.java,org.openrewrite.mainframe.cobol.internal.grammar.CobolParser$SectionNameContext,sectionName,try-catch,RecognitionException,custom,,
src/main/java/org/openrewrite/mainframe/cobol/internal/grammar/CobolParser.java,org.openrewrite.mainframe.cobol.internal.grammar.CobolParser$SystemNameContext,systemName,throws-declaration,RecognitionException,propagate,,
src/main/java/org/openrewrite/mainframe/cobol/internal/grammar/CobolParser.java,org.openrewrite.mainframe.cobol.internal.grammar.CobolParser$SystemNameContext,systemName,try-catch,RecognitionException,custom,,
src/main/java/org/openrewrite/mainframe/cobol/internal/grammar/CobolParser.java,org.openrewrite.mainframe.cobol.internal.grammar.CobolParser$SymbolicCharacterContext,symbolicCharacter,throws-declaration,RecognitionException,propagate,,
src/main/java/org/openrewrite/mainframe/cobol/internal/grammar/CobolParser.java,org.openrewrite.mainframe.cobol.internal.grammar.CobolParser$SymbolicCharacterContext,symbolicCharacter,try-catch,RecognitionException,custom,,
src/main/java/org/openrewrite/mainframe/cobol/internal/grammar/CobolParser.java,org.openrewrite.mainframe.cobol.internal.grammar.CobolParser$TextNameContext,textName,throws-declaration,RecognitionException,propagate,,
src/main/java/org/openrewrite/mainframe/cobol/internal/grammar/CobolParser.java,org.openrewrite.mainframe.cobol.internal.grammar.CobolParser$TextNameContext,textName,try-catch,RecognitionException,custom,,
src/main/java/org/openrewrite/mainframe/cobol/internal/grammar/CobolParser.java,org.openrewrite.mainframe.cobol.internal.grammar.CobolParser$CobolWordContext,cobolWord,throws-declaration,RecognitionException,propagate,,
src/main/java/org/openrewrite/mainframe/cobol/internal/grammar/CobolParser.java,org.openrewrite.mainframe.cobol.internal.grammar.CobolParser$CobolWordContext,cobolWord,try-catch,RecognitionException,custom,,
src/main/java/org/openrewrite/mainframe/cobol/internal/grammar/CobolParser.java,org.openrewrite.mainframe.cobol.internal.grammar.CobolParser$LiteralContext,literal,throws-declaration,RecognitionException,propagate,,
src/main/java/org/openrewrite/mainframe/cobol/internal/grammar/CobolParser.java,org.openrewrite.mainframe.cobol.internal.grammar.CobolParser$LiteralContext,literal,try-catch,RecognitionException,custom,,
src/main/java/org/openrewrite/mainframe/cobol/internal/grammar/CobolParser.java,org.openrewrite.mainframe.cobol.internal.grammar.CobolParser$BooleanLiteralContext,booleanLiteral,throws-declaration,RecognitionException,propagate,,
src/main/java/org/openrewrite/mainframe/cobol/internal/grammar/CobolParser.java,org.openrewrite.mainframe.cobol.internal.grammar.CobolParser$BooleanLiteralContext,booleanLiteral,try-catch,RecognitionException,custom,,
src/main/java/org/openrewrite/mainframe/cobol/internal/grammar/CobolParser.java,org.openrewrite.mainframe.cobol.internal.grammar.CobolParser$NumericLiteralContext,numericLiteral,throws-declaration,RecognitionException,propagate,,
src/main/java/org/openrewrite/mainframe/cobol/internal/grammar/CobolParser.java,org.openrewrite.mainframe.cobol.internal.grammar.CobolParser$NumericLiteralContext,numericLiteral,try-catch,RecognitionException,custom,,
src/main/java/org/openrewrite/mainframe/cobol/internal/grammar/CobolParser.java,org.openrewrite.mainframe.cobol.internal.grammar.CobolParser$IntegerLiteralContext,integerLiteral,throws-declaration,RecognitionException,propagate,,
src/main/java/org/openrewrite/mainframe/cobol/internal/grammar/CobolParser.java,org.openrewrite.mainframe.cobol.internal.grammar.CobolParser$IntegerLiteralContext,integerLiteral,try-catch,RecognitionException,custom,,
src/main/java/org/openrewrite/mainframe/cobol/internal/grammar/CobolParser.java,org.openrewrite.mainframe.cobol.internal.grammar.CobolParser$CicsDfhRespLiteralContext,cicsDfhRespLiteral,throws-declaration,RecognitionException,propagate,,
src/main/java/org/openrewrite/mainframe/cobol/internal/grammar/CobolParser.java,org.openrewrite.mainframe.cobol.internal.grammar.CobolParser$CicsDfhRespLiteralContext,cicsDfhRespLiteral,try-catch,RecognitionException,custom,,
src/main/java/org/openrewrite/mainframe/cobol/internal/grammar/CobolParser.java,org.openrewrite.mainframe.cobol.internal.grammar.CobolParser$CicsDfhValueLiteralContext,cicsDfhValueLiteral,throws-declaration,RecognitionException,propagate,,
src/main/java/org/openrewrite/mainframe/cobol/internal/grammar/CobolParser.java,org.openrewrite.mainframe.cobol.internal.grammar.CobolParser$CicsDfhValueLiteralContext,cicsDfhValueLiteral,try-catch,RecognitionException,custom,,
src/main/java/org/openrewrite/mainframe/cobol/internal/grammar/CobolParser.java,org.openrewrite.mainframe.cobol.internal.grammar.CobolParser$FigurativeConstantContext,figurativeConstant,throws-declaration,RecognitionException,propagate,,
src/main/java/org/openrewrite/mainframe/cobol/internal/grammar/CobolParser.java,org.openrewrite.mainframe.cobol.internal.grammar.CobolParser$FigurativeConstantContext,figurativeConstant,try-catch,RecognitionException,custom,,
src/main/java/org/openrewrite/mainframe/cobol/internal/grammar/CobolParser.java,org.openrewrite.mainframe.cobol.internal.grammar.CobolParser$SpecialRegisterContext,specialRegister,throws-declaration,RecognitionException,propagate,,
src/main/java/org/openrewrite/mainframe/cobol/internal/grammar/CobolParser.java,org.openrewrite.mainframe.cobol.internal.grammar.CobolParser$SpecialRegisterContext,specialRegister,try-catch,RecognitionException,custom,,
src/main/java/org/openrewrite/mainframe/cobol/internal/grammar/CobolParser.java,org.openrewrite.mainframe.cobol.internal.grammar.CobolParser$CommentEntryContext,commentEntry,throws-declaration,RecognitionException,propagate,,
src/main/java/org/openrewrite/mainframe/cobol/internal/grammar/CobolParser.java,org.openrewrite.mainframe.cobol.internal.grammar.CobolParser$CommentEntryContext,commentEntry,try-catch,RecognitionException,custom,,
src/main/java/org/openrewrite/mainframe/cobol/internal/grammar/CobolPreprocessorParser.java,org.openrewrite.mainframe.cobol.internal.grammar.CobolPreprocessorParser$CompilationUnitContext,compilationUnit,throws-declaration,RecognitionException,propagate,,
src/main/java/org/openrewrite/mainframe/cobol/internal/grammar/CobolPreprocessorParser.java,org.openrewrite.mainframe.cobol.internal.grammar.CobolPreprocessorParser$CompilationUnitContext,compilationUnit,try-catch,RecognitionException,custom,,
src/main/java/org/openrewrite/mainframe/cobol/internal/grammar/CobolPreprocessorParser.java,org.openrewrite.mainframe.cobol.internal.grammar.CobolPreprocessorParser$CompilerOptionsContext,compilerOptions,throws-declaration,RecognitionException,propagate,,
src/main/java/org/openrewrite/mainframe/cobol/internal/grammar/CobolPreprocessorParser.java,org.openrewrite.mainframe.cobol.internal.grammar.CobolPreprocessorParser$CompilerOptionsContext,compilerOptions,try-catch,RecognitionException,custom,,
src/main/java/org/openrewrite/mainframe/cobol/internal/grammar/CobolPreprocessorParser.java,org.openrewrite.mainframe.cobol.internal.grammar.CobolPreprocessorParser$CompilerXOptsContext,compilerXOpts,throws-declaration,RecognitionException,propagate,,
src/main/java/org/openrewrite/mainframe/cobol/internal/grammar/CobolPreprocessorParser.java,org.openrewrite.mainframe.cobol.internal.grammar.CobolPreprocessorParser$CompilerXOptsContext,compilerXOpts,try-catch,RecognitionException,custom,,
src/main/java/org/openrewrite/mainframe/cobol/internal/grammar/CobolPreprocessorParser.java,org.openrewrite.mainframe.cobol.internal.grammar.CobolPreprocessorParser$CompilerOptionContext,compilerOption,throws-declaration,RecognitionException,propagate,,
src/main/java/org/openrewrite/mainframe/cobol/internal/grammar/CobolPreprocessorParser.java,org.openrewrite.mainframe.cobol.internal.grammar.CobolPreprocessorParser$CompilerOptionContext,compilerOption,try-catch,RecognitionException,custom,,
src/main/java/org/openrewrite/mainframe/cobol/internal/grammar/CobolPreprocessorParser.java,org.openrewrite.mainframe.cobol.internal.grammar.CobolPreprocessorParser$ExecCicsStatementContext,execCicsStatement,throws-declaration,RecognitionException,propagate,,
src/main/java/org/openrewrite/mainframe/cobol/internal/grammar/CobolPreprocessorParser.java,org.openrewrite.mainframe.cobol.internal.grammar.CobolPreprocessorParser$ExecCicsStatementContext,execCicsStatement,try-catch,RecognitionException,custom,,
src/main/java/org/openrewrite/mainframe/cobol/internal/grammar/CobolPreprocessorParser.java,org.openrewrite.mainframe.cobol.internal.grammar.CobolPreprocessorParser$ExecDliStatementContext,execDliStatement,throws-declaration,RecognitionException,propagate,,
src/main/java/org/openrewrite/mainframe/cobol/internal/grammar/CobolPreprocessorParser.java,org.openrewrite.mainframe.cobol.internal.grammar.CobolPreprocessorParser$ExecDliStatementContext,execDliStatement,try-catch,RecognitionException,custom,,
src/main/java/org/openrewrite/mainframe/cobol/internal/grammar/CobolPreprocessorParser.java,org.openrewrite.mainframe.cobol.internal.grammar.CobolPreprocessorParser$ExecSqlStatementContext,execSqlStatement,throws-declaration,RecognitionException,propagate,,
src/main/java/org/openrewrite/mainframe/cobol/internal/grammar/CobolPreprocessorParser.java,org.openrewrite.mainframe.cobol.internal.grammar.CobolPreprocessorParser$ExecSqlStatementContext,execSqlStatement,try-catch,RecognitionException,custom,,
src/main/java/org/openrewrite/mainframe/cobol/internal/grammar/CobolPreprocessorParser.java,org.openrewrite.mainframe.cobol.internal.grammar.CobolPreprocessorParser$ExecSqlIncludeStatementContext,execSqlIncludeStatement,throws-declaration,RecognitionException,propagate,,
src/main/java/org/openrewrite/mainframe/cobol/internal/grammar/CobolPreprocessorParser.java,org.openrewrite.mainframe.cobol.internal.grammar.CobolPreprocessorParser$ExecSqlIncludeStatementContext,execSqlIncludeStatement,try-catch,RecognitionException,custom,,
src/main/java/org/openrewrite/mainframe/cobol/internal/grammar/CobolPreprocessorParser.java,org.openrewrite.mainframe.cobol.internal.grammar.CobolPreprocessorParser$ExecSqlImsStatementContext,execSqlImsStatement,throws-declaration,RecognitionException,propagate,,
src/main/java/org/openrewrite/mainframe/cobol/internal/grammar/CobolPreprocessorParser.java,org.openrewrite.mainframe.cobol.internal.grammar.CobolPreprocessorParser$ExecSqlImsStatementContext,execSqlImsStatement,try-catch,RecognitionException,custom,,
src/main/java/org/openrewrite/mainframe/cobol/internal/grammar/CobolPreprocessorParser.java,org.openrewrite.mainframe.cobol.internal.grammar.CobolPreprocessorParser$CopyStatementContext,copyStatement,throws-declaration,RecognitionException,propagate,,
src/main/java/org/openrewrite/mainframe/cobol/internal/grammar/CobolPreprocessorParser.java,org.openrewrite.mainframe.cobol.internal.grammar.CobolPreprocessorParser$CopyStatementContext,copyStatement,try-catch,RecognitionException,custom,,
src/main/java/org/openrewrite/mainframe/cobol/internal/grammar/CobolPreprocessorParser.java,org.openrewrite.mainframe.cobol.internal.grammar.CobolPreprocessorParser$CopySourceContext,copySource,throws-declaration,RecognitionException,propagate,,
src/main/java/org/openrewrite/mainframe/cobol/internal/grammar/CobolPreprocessorParser.java,org.openrewrite.mainframe.cobol.internal.grammar.CobolPreprocessorParser$CopySourceContext,copySource,try-catch,RecognitionException,custom,,
src/main/java/org/openrewrite/mainframe/cobol/internal/grammar/CobolPreprocessorParser.java,org.openrewrite.mainframe.cobol.internal.grammar.CobolPreprocessorParser$CopyLibraryContext,copyLibrary,throws-declaration,RecognitionException,propagate,,
src/main/java/org/openrewrite/mainframe/cobol/internal/grammar/CobolPreprocessorParser.java,org.openrewrite.mainframe.cobol.internal.grammar.CobolPreprocessorParser$CopyLibraryContext,copyLibrary,try-catch,RecognitionException,custom,,
src/main/java/org/openrewrite/mainframe/cobol/internal/grammar/CobolPreprocessorParser.java,org.openrewrite.mainframe.cobol.internal.grammar.CobolPreprocessorParser$ReplacingPhraseContext,replacingPhrase,throws-declaration,RecognitionException,propagate,,
src/main/java/org/openrewrite/mainframe/cobol/internal/grammar/CobolPreprocessorParser.java,org.openrewrite.mainframe.cobol.internal.grammar.CobolPreprocessorParser$ReplacingPhraseContext,replacingPhrase,try-catch,RecognitionException,custom,,
src/main/java/org/openrewrite/mainframe/cobol/internal/grammar/CobolPreprocessorParser.java,org.openrewrite.mainframe.cobol.internal.grammar.CobolPreprocessorParser$ReplaceAreaContext,replaceArea,throws-declaration,RecognitionException,propagate,,
src/main/java/org/openrewrite/mainframe/cobol/internal/grammar/CobolPreprocessorParser.java,org.openrewrite.mainframe.cobol.internal.grammar.CobolPreprocessorParser$ReplaceAreaContext,replaceArea,try-catch,RecognitionException,custom,,
src/main/java/org/openrewrite/mainframe/cobol/internal/grammar/CobolPreprocessorParser.java,org.openrewrite.mainframe.cobol.internal.grammar.CobolPreprocessorParser$ReplaceByStatementContext,replaceByStatement,throws-declaration,RecognitionException,propagate,,
src/main/java/org/openrewrite/mainframe/cobol/internal/grammar/CobolPreprocessorParser.java,org.openrewrite.mainframe.cobol.internal.grammar.CobolPreprocessorParser$ReplaceByStatementContext,replaceByStatement,try-catch,RecognitionException,custom,,
src/main/java/org/openrewrite/mainframe/cobol/internal/grammar/CobolPreprocessorParser.java,org.openrewrite.mainframe.cobol.internal.grammar.CobolPreprocessorParser$ReplaceOffStatementContext,replaceOffStatement,throws-declaration,RecognitionException,propagate,,
src/main/java/org/openrewrite/mainframe/cobol/internal/grammar/CobolPreprocessorParser.java,org.openrewrite.mainframe.cobol.internal.grammar.CobolPreprocessorParser$ReplaceOffStatementContext,replaceOffStatement,try-catch,RecognitionException,custom,,
src/main/java/org/openrewrite/mainframe/cobol/internal/grammar/CobolPreprocessorParser.java,org.openrewrite.mainframe.cobol.internal.grammar.CobolPreprocessorParser$ReplaceClauseContext,replaceClause,throws-declaration,RecognitionException,propagate,,
src/main/java/org/openrewrite/mainframe/cobol/internal/grammar/CobolPreprocessorParser.java,org.openrewrite.mainframe.cobol.internal.grammar.CobolPreprocessorParser$ReplaceClauseContext,replaceClause,try-catch,RecognitionException,custom,,
src/main/java/org/openrewrite/mainframe/cobol/internal/grammar/CobolPreprocessorParser.java,org.openrewrite.mainframe.cobol.internal.grammar.CobolPreprocessorParser$DirectoryPhraseContext,directoryPhrase,throws-declaration,RecognitionException,propagate,,
src/main/java/org/openrewrite/mainframe/cobol/internal/grammar/CobolPreprocessorParser.java,org.openrewrite.mainframe.cobol.internal.grammar.CobolPreprocessorParser$DirectoryPhraseContext,directoryPhrase,try-catch,RecognitionException,custom,,
src/main/java/org/openrewrite/mainframe/cobol/internal/grammar/CobolPreprocessorParser.java,org.openrewrite.mainframe.cobol.internal.grammar.CobolPreprocessorParser$FamilyPhraseContext,familyPhrase,throws-declaration,RecognitionException,propagate,,
src/main/java/org/openrewrite/mainframe/cobol/internal/grammar/CobolPreprocessorParser.java,org.openrewrite.mainframe.cobol.internal.grammar.CobolPreprocessorParser$FamilyPhraseContext,familyPhrase,try-catch,RecognitionException,custom,,
src/main/java/org/openrewrite/mainframe/cobol/internal/grammar/CobolPreprocessorParser.java,org.openrewrite.mainframe.cobol.internal.grammar.CobolPreprocessorParser$ReplaceableContext,replaceable,throws-declaration,RecognitionException,propagate,,
src/main/java/org/openrewrite/mainframe/cobol/internal/grammar/CobolPreprocessorParser.java,org.openrewrite.mainframe.cobol.internal.grammar.CobolPreprocessorParser$ReplaceableContext,replaceable,try-catch,RecognitionException,custom,,
src/main/java/org/openrewrite/mainframe/cobol/internal/grammar/CobolPreprocessorParser.java,org.openrewrite.mainframe.cobol.internal.grammar.CobolPreprocessorParser$ReplacementContext,replacement,throws-declaration,RecognitionException,propagate,,
src/main/java/org/openrewrite/mainframe/cobol/internal/grammar/CobolPreprocessorParser.java,org.openrewrite.mainframe.cobol.internal.grammar.CobolPreprocessorParser$ReplacementContext,replacement,try-catch,RecognitionException,custom,,
src/main/java/org/openrewrite/mainframe/cobol/internal/grammar/CobolPreprocessorParser.java,org.openrewrite.mainframe.cobol.internal.grammar.CobolPreprocessorParser$EjectStatementContext,ejectStatement,throws-declaration,RecognitionException,propagate,,
src/main/java/org/openrewrite/mainframe/cobol/internal/grammar/CobolPreprocessorParser.java,org.openrewrite.mainframe.cobol.internal.grammar.CobolPreprocessorParser$EjectStatementContext,ejectStatement,try-catch,RecognitionException,custom,,
src/main/java/org/openrewrite/mainframe/cobol/internal/grammar/CobolPreprocessorParser.java,org.openrewrite.mainframe.cobol.internal.grammar.CobolPreprocessorParser$SkipStatementContext,skipStatement,throws-declaration,RecognitionException,propagate,,
src/main/java/org/openrewrite/mainframe/cobol/internal/grammar/CobolPreprocessorParser.java,org.openrewrite.mainframe.cobol.internal.grammar.CobolPreprocessorParser$SkipStatementContext,skipStatement,try-catch,RecognitionException,custom,,
src/main/java/org/openrewrite/mainframe/cobol/internal/grammar/CobolPreprocessorParser.java,org.openrewrite.mainframe.cobol.internal.grammar.CobolPreprocessorParser$TitleStatementContext,titleStatement,throws-declaration,RecognitionException,propagate,,
src/main/java/org/openrewrite/mainframe/cobol/internal/grammar/CobolPreprocessorParser.java,org.openrewrite.mainframe.cobol.internal.grammar.CobolPreprocessorParser$TitleStatementContext,titleStatement,try-catch,RecognitionException,custom,,
src/main/java/org/openrewrite/mainframe/cobol/internal/grammar/CobolPreprocessorParser.java,org.openrewrite.mainframe.cobol.internal.grammar.CobolPreprocessorParser$PseudoTextContext,pseudoText,throws-declaration,RecognitionException,propagate,,
src/main/java/org/openrewrite/mainframe/cobol/internal/grammar/CobolPreprocessorParser.java,org.openrewrite.mainframe.cobol.internal.grammar.CobolPreprocessorParser$PseudoTextContext,pseudoText,try-catch,RecognitionException,custom,,
src/main/java/org/openrewrite/mainframe/cobol/internal/grammar/CobolPreprocessorParser.java,org.openrewrite.mainframe.cobol.internal.grammar.CobolPreprocessorParser$CharDataContext,charData,throws-declaration,RecognitionException,propagate,,
src/main/java/org/openrewrite/mainframe/cobol/internal/grammar/CobolPreprocessorParser.java,org.openrewrite.mainframe.cobol.internal.grammar.CobolPreprocessorParser$CharDataContext,charData,try-catch,RecognitionException,custom,,
src/main/java/org/openrewrite/mainframe/cobol/internal/grammar/CobolPreprocessorParser.java,org.openrewrite.mainframe.cobol.internal.grammar.CobolPreprocessorParser$CharDataSqlContext,charDataSql,throws-declaration,RecognitionException,propagate,,
src/main/java/org/openrewrite/mainframe/cobol/internal/grammar/CobolPreprocessorParser.java,org.openrewrite.mainframe.cobol.internal.grammar.CobolPreprocessorParser$CharDataSqlContext,charDataSql,try-catch,RecognitionException,custom,,
src/main/java/org/openrewrite/mainframe/cobol/internal/grammar/CobolPreprocessorParser.java,org.openrewrite.mainframe.cobol.internal.grammar.CobolPreprocessorParser$CharDataLineNoDotContext,charDataLineNoDot,throws-declaration,RecognitionException,propagate,,
src/main/java/org/openrewrite/mainframe/cobol/internal/grammar/CobolPreprocessorParser.java,org.openrewrite.mainframe.cobol.internal.grammar.CobolPreprocessorParser$CharDataLineNoDotContext,charDataLineNoDot,try-catch,RecognitionException,custom,,
src/main/java/org/openrewrite/mainframe/cobol/internal/grammar/CobolPreprocessorParser.java,org.openrewrite.mainframe.cobol.internal.grammar.CobolPreprocessorParser$CharDataLineContext,charDataLine,throws-declaration,RecognitionException,propagate,,
src/main/java/org/openrewrite/mainframe/cobol/internal/grammar/CobolPreprocessorParser.java,org.openrewrite.mainframe.cobol.internal.grammar.CobolPreprocessorParser$CharDataLineContext,charDataLine,try-catch,RecognitionException,custom,,
src/main/java/org/openrewrite/mainframe/cobol/internal/grammar/CobolPreprocessorParser.java,org.openrewrite.mainframe.cobol.internal.grammar.CobolPreprocessorParser$SubscriptContext,subscript,throws-declaration,RecognitionException,propagate,,
src/main/java/org/openrewrite/mainframe/cobol/internal/grammar/CobolPreprocessorParser.java,org.openrewrite.mainframe.cobol.internal.grammar.CobolPreprocessorParser$SubscriptContext,subscript,try-catch,RecognitionException,custom,,
src/main/java/org/openrewrite/mainframe/cobol/internal/grammar/CobolPreprocessorParser.java,org.openrewrite.mainframe.cobol.internal.grammar.CobolPreprocessorParser$CobolWordContext,cobolWord,throws-declaration,RecognitionException,propagate,,
src/main/java/org/openrewrite/mainframe/cobol/internal/grammar/CobolPreprocessorParser.java,org.openrewrite.mainframe.cobol.internal.grammar.CobolPreprocessorParser$CobolWordContext,cobolWord,try-catch,RecognitionException,custom,,
src/main/java/org/openrewrite/mainframe/cobol/internal/grammar/CobolPreprocessorParser.java,org.openrewrite.mainframe.cobol.internal.grammar.CobolPreprocessorParser$LiteralContext,literal,throws-declaration,RecognitionException,propagate,,
src/main/java/org/openrewrite/mainframe/cobol/internal/grammar/CobolPreprocessorParser.java,org.openrewrite.mainframe.cobol.internal.grammar.CobolPreprocessorParser$LiteralContext,literal,try-catch,RecognitionException,custom,,
src/main/java/org/openrewrite/mainframe/cobol/internal/grammar/CobolPreprocessorParser.java,org.openrewrite.mainframe.cobol.internal.grammar.CobolPreprocessorParser$FilenameContext,filename,throws-declaration,RecognitionException,propagate,,
src/main/java/org/openrewrite/mainframe/cobol/internal/grammar/CobolPreprocessorParser.java,org.openrewrite.mainframe.cobol.internal.grammar.CobolPreprocessorParser$FilenameContext,filename,try-catch,RecognitionException,custom,,
src/main/java/org/openrewrite/mainframe/cobol/internal/grammar/CobolPreprocessorParser.java,org.openrewrite.mainframe.cobol.internal.grammar.CobolPreprocessorParser$CommentEntryContext,commentEntry,throws-declaration,RecognitionException,propagate,,
src/main/java/org/openrewrite/mainframe/cobol/internal/grammar/CobolPreprocessorParser.java,org.openrewrite.mainframe.cobol.internal.grammar.CobolPreprocessorParser$CommentEntryContext,commentEntry,try-catch,RecognitionException,custom,,
src/main/java/org/openrewrite/mainframe/cobol/internal/grammar/CobolPreprocessorParser.java,org.openrewrite.mainframe.cobol.internal.grammar.CobolPreprocessorParser$CharDataKeywordContext,charDataKeyword,throws-declaration,RecognitionException,propagate,,
src/main/java/org/openrewrite/mainframe/cobol/internal/grammar/CobolPreprocessorParser.java,org.openrewrite.mainframe.cobol.internal.grammar.CobolPreprocessorParser$CharDataKeywordContext,charDataKeyword,try-catch,RecognitionException,custom,,
src/main/java/org/openrewrite/mainframe/cobol/trait/DataName.java,org.openrewrite.mainframe.cobol.trait.DataName$Index,levelOf,try-catch,NumberFormatException,recover,,
src/main/java/org/openrewrite/mainframe/controlcard/ControlCards.java,org.openrewrite.mainframe.controlcard.ControlCards,head,try-catch,IOException,recover,,
src/main/java/org/openrewrite/mainframe/controlcard/idcams/IdcamsParser.java,org.openrewrite.mainframe.controlcard.idcams.IdcamsParser,parseInputs,try-catch,Throwable,recover,,
src/main/java/org/openrewrite/mainframe/controlcard/idcams/internal/grammar/IdcamsCardParser.java,org.openrewrite.mainframe.controlcard.idcams.internal.grammar.IdcamsCardParser$CompilationUnitContext,compilationUnit,throws-declaration,RecognitionException,propagate,,
src/main/java/org/openrewrite/mainframe/controlcard/idcams/internal/grammar/IdcamsCardParser.java,org.openrewrite.mainframe.controlcard.idcams.internal.grammar.IdcamsCardParser$CompilationUnitContext,compilationUnit,try-catch,RecognitionException,custom,,
src/main/java/org/openrewrite/mainframe/controlcard/idcams/internal/grammar/IdcamsCardParser.java,org.openrewrite.mainframe.controlcard.idcams.internal.grammar.IdcamsCardParser$WordContext,word,throws-declaration,RecognitionException,propagate,,
src/main/java/org/openrewrite/mainframe/controlcard/idcams/internal/grammar/IdcamsCardParser.java,org.openrewrite.mainframe.controlcard.idcams.internal.grammar.IdcamsCardParser$WordContext,word,try-catch,RecognitionException,custom,,
src/main/java/org/openrewrite/mainframe/controlcard/sort/SortParser.java,org.openrewrite.mainframe.controlcard.sort.SortParser,parseInputs,try-catch,Throwable,recover,,
src/main/java/org/openrewrite/mainframe/controlcard/sort/internal/grammar/SortCardParser.java,org.openrewrite.mainframe.controlcard.sort.internal.grammar.SortCardParser$CompilationUnitContext,compilationUnit,throws-declaration,RecognitionException,propagate,,
src/main/java/org/openrewrite/mainframe/controlcard/sort/internal/grammar/SortCardParser.java,org.openrewrite.mainframe.controlcard.sort.internal.grammar.SortCardParser$CompilationUnitContext,compilationUnit,try-catch,RecognitionException,custom,,
src/main/java/org/openrewrite/mainframe/controlcard/sort/internal/grammar/SortCardParser.java,org.openrewrite.mainframe.controlcard.sort.internal.grammar.SortCardParser$WordContext,word,throws-declaration,RecognitionException,propagate,,
src/main/java/org/openrewrite/mainframe/controlcard/sort/internal/grammar/SortCardParser.java,org.openrewrite.mainframe.controlcard.sort.internal.grammar.SortCardParser$WordContext,word,try-catch,RecognitionException,custom,,
src/main/java/org/openrewrite/mainframe/controlcard/utility/UtilityParser.java,org.openrewrite.mainframe.controlcard.utility.UtilityParser,parseInputs,try-catch,Throwable,recover,,
src/main/java/org/openrewrite/mainframe/controlcard/utility/internal/grammar/UtilityCardParser.java,org.openrewrite.mainframe.controlcard.utility.internal.grammar.UtilityCardParser$CompilationUnitContext,compilationUnit,throws-declaration,RecognitionException,propagate,,
src/main/java/org/openrewrite/mainframe/controlcard/utility/internal/grammar/UtilityCardParser.java,org.openrewrite.mainframe.controlcard.utility.internal.grammar.UtilityCardParser$CompilationUnitContext,compilationUnit,try-catch,RecognitionException,custom,,
src/main/java/org/openrewrite/mainframe/controlcard/utility/internal/grammar/UtilityCardParser.java,org.openrewrite.mainframe.controlcard.utility.internal.grammar.UtilityCardParser$WordContext,word,throws-declaration,RecognitionException,propagate,,
src/main/java/org/openrewrite/mainframe/controlcard/utility/internal/grammar/UtilityCardParser.java,org.openrewrite.mainframe.controlcard.utility.internal.grammar.UtilityCardParser$WordContext,word,try-catch,RecognitionException,custom,,
src/main/java/org/openrewrite/mainframe/controlm/ControlMParser.java,org.openrewrite.mainframe.controlm.ControlMParser,parseInputs,try-catch,Throwable,recover,,
src/main/java/org/openrewrite/mainframe/controlm/internal/grammar/ControlMParser.java,org.openrewrite.mainframe.controlm.internal.grammar.ControlMParser$CompilationUnitContext,compilationUnit,throws-declaration,RecognitionException,propagate,,
src/main/java/org/openrewrite/mainframe/controlm/internal/grammar/ControlMParser.java,org.openrewrite.mainframe.controlm.internal.grammar.ControlMParser$CompilationUnitContext,compilationUnit,try-catch,RecognitionException,custom,,
src/main/java/org/openrewrite/mainframe/controlm/internal/grammar/ControlMParser.java,org.openrewrite.mainframe.controlm.internal.grammar.ControlMParser$DefinitionSectionContext,definitionSection,throws-declaration,RecognitionException,propagate,,
src/main/java/org/openrewrite/mainframe/controlm/internal/grammar/ControlMParser.java,org.openrewrite.mainframe.controlm.internal.grammar.ControlMParser$DefinitionSectionContext,definitionSection,try-catch,RecognitionException,custom,,
src/main/java/org/openrewrite/mainframe/controlm/internal/grammar/ControlMParser.java,org.openrewrite.mainframe.controlm.internal.grammar.ControlMParser$DefinitionLineContext,definitionLine,throws-declaration,RecognitionException,propagate,,
src/main/java/org/openrewrite/mainframe/controlm/internal/grammar/ControlMParser.java,org.openrewrite.mainframe.controlm.internal.grammar.ControlMParser$DefinitionLineContext,definitionLine,try-catch,RecognitionException,custom,,
src/main/java/org/openrewrite/mainframe/controlm/internal/grammar/ControlMParser.java,org.openrewrite.mainframe.controlm.internal.grammar.ControlMParser$MemLineContext,memLine,throws-declaration,RecognitionException,propagate,,
src/main/java/org/openrewrite/mainframe/controlm/internal/grammar/ControlMParser.java,org.openrewrite.mainframe.controlm.internal.grammar.ControlMParser$MemLineContext,memLine,try-catch,RecognitionException,custom,,
src/main/java/org/openrewrite/mainframe/controlm/internal/grammar/ControlMParser.java,org.openrewrite.mainframe.controlm.internal.grammar.ControlMParser$MemNameContext,memName,throws-declaration,RecognitionException,propagate,,
src/main/java/org/openrewrite/mainframe/controlm/internal/grammar/ControlMParser.java,org.openrewrite.mainframe.controlm.internal.grammar.ControlMParser$MemNameContext,memName,try-catch,RecognitionException,custom,,
src/main/java/org/openrewrite/mainframe/controlm/internal/grammar/ControlMParser.java,org.openrewrite.mainframe.controlm.internal.grammar.ControlMParser$MemLibContext,memLib,throws-declaration,RecognitionException,propagate,,
src/main/java/org/openrewrite/mainframe/controlm/internal/grammar/ControlMParser.java,org.openrewrite.mainframe.controlm.internal.grammar.ControlMParser$MemLibContext,memLib,try-catch,RecognitionException,custom,,
src/main/java/org/openrewrite/mainframe/controlm/internal/grammar/ControlMParser.java,org.openrewrite.mainframe.controlm.internal.grammar.ControlMParser$OwnerLineContext,ownerLine,throws-declaration,RecognitionException,propagate,,
src/main/java/org/openrewrite/mainframe/controlm/internal/grammar/ControlMParser.java,org.openrewrite.mainframe.controlm.internal.grammar.ControlMParser$OwnerLineContext,ownerLine,try-catch,RecognitionException,custom,,
src/main/java/org/openrewrite/mainframe/controlm/internal/grammar/ControlMParser.java,org.openrewrite.mainframe.controlm.internal.grammar.ControlMParser$OwnerContext,owner,throws-declaration,RecognitionException,propagate,,
src/main/java/org/openrewrite/mainframe/controlm/internal/grammar/ControlMParser.java,org.openrewrite.mainframe.controlm.internal.grammar.ControlMParser$OwnerContext,owner,try-catch,RecognitionException,custom,,
src/main/java/org/openrewrite/mainframe/controlm/internal/grammar/ControlMParser.java,org.openrewrite.mainframe.controlm.internal.grammar.ControlMParser$TaskTypeContext,taskType,throws-declaration,RecognitionException,propagate,,
src/main/java/org/openrewrite/mainframe/controlm/internal/grammar/ControlMParser.java,org.openrewrite.mainframe.controlm.internal.grammar.ControlMParser$TaskTypeContext,taskType,try-catch,RecognitionException,custom,,
src/main/java/org/openrewrite/mainframe/controlm/internal/grammar/ControlMParser.java,org.openrewrite.mainframe.controlm.internal.grammar.ControlMParser$PreventNc2Context,preventNc2,throws-declaration,RecognitionException,propagate,,
src/main/java/org/openrewrite/mainframe/controlm/internal/grammar/ControlMParser.java,org.openrewrite.mainframe.controlm.internal.grammar.ControlMParser$PreventNc2Context,preventNc2,try-catch,RecognitionException,custom,,
src/main/java/org/openrewrite/mainframe/controlm/internal/grammar/ControlMParser.java,org.openrewrite.mainframe.controlm.internal.grammar.ControlMParser$DfltContext,dflt,throws-declaration,RecognitionException,propagate,,
src/main/java/org/openrewrite/mainframe/controlm/internal/grammar/ControlMParser.java,org.openrewrite.mainframe.controlm.internal.grammar.ControlMParser$DfltContext,dflt,try-catch,RecognitionException,custom,,
src/main/java/org/openrewrite/mainframe/controlm/internal/grammar/ControlMParser.java,org.openrewrite.mainframe.controlm.internal.grammar.ControlMParser$ApplLineContext,applLine,throws-declaration,RecognitionException,propagate,,
src/main/java/org/openrewrite/mainframe/controlm/internal/grammar/ControlMParser.java,org.openrewrite.mainframe.controlm.internal.grammar.ControlMParser$ApplLineContext,applLine,try-catch,RecognitionException,custom,,
src/main/java/org/openrewrite/mainframe/controlm/internal/grammar/ControlMParser.java,org.openrewrite.mainframe.controlm.internal.grammar.ControlMParser$ApplContext,appl,throws-declaration,RecognitionException,propagate,,
src/main/java/org/openrewrite/mainframe/controlm/internal/grammar/ControlMParser.java,org.openrewrite.mainframe.controlm.internal.grammar.ControlMParser$ApplContext,appl,try-catch,RecognitionException,custom,,
src/main/java/org/openrewrite/mainframe/controlm/internal/grammar/ControlMParser.java,org.openrewrite.mainframe.controlm.internal.grammar.ControlMParser$GroupContext,group,throws-declaration,RecognitionException,propagate,,
src/main/java/org/openrewrite/mainframe/controlm/internal/grammar/ControlMParser.java,org.openrewrite.mainframe.controlm.internal.grammar.ControlMParser$GroupContext,group,try-catch,RecognitionException,custom,,
src/main/java/org/openrewrite/mainframe/controlm/internal/grammar/ControlMParser.java,org.openrewrite.mainframe.controlm.internal.grammar.ControlMParser$DescLineContext,descLine,throws-declaration,RecognitionException,propagate,,
src/main/java/org/openrewrite/mainframe/controlm/internal/grammar/ControlMParser.java,org.openrewrite.mainframe.controlm.internal.grammar.ControlMParser$DescLineContext,descLine,try-catch,RecognitionException,custom,,
src/main/java/org/openrewrite/mainframe/controlm/internal/grammar/ControlMParser.java,org.openrewrite.mainframe.controlm.internal.grammar.ControlMParser$OverlibLineContext,overlibLine,throws-declaration,RecognitionException,propagate,,
src/main/java/org/openrewrite/mainframe/controlm/internal/grammar/ControlMParser.java,org.openrewrite.mainframe.controlm.internal.grammar.ControlMParser$OverlibLineContext,overlibLine,try-catch,RecognitionException,custom,,
src/main/java/org/openrewrite/mainframe/controlm/internal/grammar/ControlMParser.java,org.openrewrite.mainframe.controlm.internal.grammar.ControlMParser$OverlibContext,overlib,throws-declaration,RecognitionException,propagate,,
src/main/java/org/openrewrite/mainframe/controlm/internal/grammar/ControlMParser.java,org.openrewrite.mainframe.controlm.internal.grammar.ControlMParser$OverlibContext,overlib,try-catch,RecognitionException,custom,,
src/main/java/org/openrewrite/mainframe/controlm/internal/grammar/ControlMParser.java,org.openrewrite.mainframe.controlm.internal.grammar.ControlMParser$StatCalContext,statCal,throws-declaration,RecognitionException,propagate,,
src/main/java/org/openrewrite/mainframe/controlm/internal/grammar/ControlMParser.java,org.openrewrite.mainframe.controlm.internal.grammar.ControlMParser$StatCalContext,statCal,try-catch,RecognitionException,custom,,
src/main/java/org/openrewrite/mainframe/controlm/internal/grammar/ControlMParser.java,org.openrewrite.mainframe.controlm.internal.grammar.ControlMParser$SchenvLineContext,schenvLine,throws-declaration,RecognitionException,propagate,,
src/main/java/org/openrewrite/mainframe/controlm/internal/grammar/ControlMParser.java,org.openrewrite.mainframe.controlm.internal.grammar.ControlMParser$SchenvLineContext,schenvLine,try-catch,RecognitionException,custom,,
src/main/java/org/openrewrite/mainframe/controlm/internal/grammar/ControlMParser.java,org.openrewrite.mainframe.controlm.internal.grammar.ControlMParser$SchenvContext,schenv,throws-declaration,RecognitionException,propagate,,
src/main/java/org/openrewrite/mainframe/controlm/internal/grammar/ControlMParser.java,org.openrewrite.mainframe.controlm.internal.grammar.ControlMParser$SchenvContext,schenv,try-catch,RecognitionException,custom,,
src/main/java/org/openrewrite/mainframe/controlm/internal/grammar/ControlMParser.java,org.openrewrite.mainframe.controlm.internal.grammar.ControlMParser$SystemIdContext,systemId,throws-declaration,RecognitionException,propagate,,
src/main/java/org/openrewrite/mainframe/controlm/internal/grammar/ControlMParser.java,org.openrewrite.mainframe.controlm.internal.grammar.ControlMParser$SystemIdContext,systemId,try-catch,RecognitionException,custom,,
src/main/java/org/openrewrite/mainframe/controlm/internal/grammar/ControlMParser.java,org.openrewrite.mainframe.controlm.internal.grammar.ControlMParser$NjeNodeContext,njeNode,throws-declaration,RecognitionException,propagate,,
src/main/java/org/openrewrite/mainframe/controlm/internal/grammar/ControlMParser.java,org.openrewrite.mainframe.controlm.internal.grammar.ControlMParser$NjeNodeContext,njeNode,try-catch,RecognitionException,custom,,
src/main/java/org/openrewrite/mainframe/controlm/internal/grammar/ControlMParser.java,org.openrewrite.mainframe.controlm.internal.grammar.ControlMParser$SetVarLineContext,setVarLine,throws-declaration,RecognitionException,propagate,,
src/main/java/org/openrewrite/mainframe/controlm/internal/grammar/ControlMParser.java,org.openrewrite.mainframe.controlm.internal.grammar.ControlMParser$SetVarLineContext,setVarLine,try-catch,RecognitionException,custom,,
src/main/java/org/openrewrite/mainframe/controlm/internal/grammar/ControlMParser.java,org.openrewrite.mainframe.controlm.internal.grammar.ControlMParser$CtbSetLineContext,ctbSetLine,throws-declaration,RecognitionException,propagate,,
src/main/java/org/openrewrite/mainframe/controlm/internal/grammar/ControlMParser.java,org.openrewrite.mainframe.controlm.internal.grammar.ControlMParser$CtbSetLineContext,ctbSetLine,try-catch,RecognitionException,custom,,
src/main/java/org/openrewrite/mainframe/controlm/internal/grammar/ControlMParser.java,org.openrewrite.mainframe.controlm.internal.grammar.ControlMParser$DocLineContext,docLine,throws-declaration,RecognitionException,propagate,,
src/main/java/org/openrewrite/mainframe/controlm/internal/grammar/ControlMParser.java,org.openrewrite.mainframe.controlm.internal.grammar.ControlMParser$DocLineContext,docLine,try-catch,RecognitionException,custom,,
src/main/java/org/openrewrite/mainframe/controlm/internal/grammar/ControlMParser.java,org.openrewrite.mainframe.controlm.internal.grammar.ControlMParser$DocMemContext,docMem,throws-declaration,RecognitionException,propagate,,
src/main/java/org/openrewrite/mainframe/controlm/internal/grammar/ControlMParser.java,org.openrewrite.mainframe.controlm.internal.grammar.ControlMParser$DocMemContext,docMem,try-catch,RecognitionException,custom,,
src/main/java/org/openrewrite/mainframe/controlm/internal/grammar/ControlMParser.java,org.openrewrite.mainframe.controlm.internal.grammar.ControlMParser$DocLibContext,docLib,throws-declaration,RecognitionException,propagate,,
src/main/java/org/openrewrite/mainframe/controlm/internal/grammar/ControlMParser.java,org.openrewrite.mainframe.controlm.internal.grammar.ControlMParser$DocLibContext,docLib,try-catch,RecognitionException,custom,,
src/main/java/org/openrewrite/mainframe/controlm/internal/grammar/ControlMParser.java,org.openrewrite.mainframe.controlm.internal.grammar.ControlMParser$ScheduleSectionContext,scheduleSection,throws-declaration,RecognitionException,propagate,,
src/main/java/org/openrewrite/mainframe/controlm/internal/grammar/ControlMParser.java,org.openrewrite.mainframe.controlm.internal.grammar.ControlMParser$ScheduleSectionContext,scheduleSection,try-catch,RecognitionException,custom,,
src/main/java/org/openrewrite/mainframe/controlm/internal/grammar/ControlMParser.java,org.openrewrite.mainframe.controlm.internal.grammar.ControlMParser$ScheduleLineContext,scheduleLine,throws-declaration,RecognitionException,propagate,,
src/main/java/org/openrewrite/mainframe/controlm/internal/grammar/ControlMParser.java,org.openrewrite.mainframe.controlm.internal.grammar.ControlMParser$ScheduleLineContext,scheduleLine,try-catch,RecognitionException,custom,,
src/main/java/org/openrewrite/mainframe/controlm/internal/grammar/ControlMParser.java,org.openrewrite.mainframe.controlm.internal.grammar.ControlMParser$InputSectionContext,inputSection,throws-declaration,RecognitionException,propagate,,
src/main/java/org/openrewrite/mainframe/controlm/internal/grammar/ControlMParser.java,org.openrewrite.mainframe.controlm.internal.grammar.ControlMParser$InputSectionContext,inputSection,try-catch,RecognitionException,custom,,
src/main/java/org/openrewrite/mainframe/controlm/internal/grammar/ControlMParser.java,org.openrewrite.mainframe.controlm.internal.grammar.ControlMParser$InputNamesLineContext,inputNamesLine,throws-declaration,RecognitionException,propagate,,
src/main/java/org/openrewrite/mainframe/controlm/internal/grammar/ControlMParser.java,org.openrewrite.mainframe.controlm.internal.grammar.ControlMParser$InputNamesLineContext,inputNamesLine,try-catch,RecognitionException,custom,,
src/main/java/org/openrewrite/mainframe/controlm/internal/grammar/ControlMParser.java,org.openrewrite.mainframe.controlm.internal.grammar.ControlMParser$InputContext,input,throws-declaration,RecognitionException,propagate,,
src/main/java/org/openrewrite/mainframe/controlm/internal/grammar/ControlMParser.java,org.openrewrite.mainframe.controlm.internal.grammar.ControlMParser$InputContext,input,try-catch,RecognitionException,custom,,
src/main/java/org/openrewrite/mainframe/controlm/internal/grammar/ControlMParser.java,org.openrewrite.mainframe.controlm.internal.grammar.ControlMParser$DateContext,date,throws-declaration,RecognitionException,propagate,,
src/main/java/org/openrewrite/mainframe/controlm/internal/grammar/ControlMParser.java,org.openrewrite.mainframe.controlm.internal.grammar.ControlMParser$DateContext,date,try-catch,RecognitionException,custom,,
src/main/java/org/openrewrite/mainframe/controlm/internal/grammar/ControlMParser.java,org.openrewrite.mainframe.controlm.internal.grammar.ControlMParser$DateParamContext,dateParam,throws-declaration,RecognitionException,propagate,,
src/main/java/org/openrewrite/mainframe/controlm/internal/grammar/ControlMParser.java,org.openrewrite.mainframe.controlm.internal.grammar.ControlMParser$DateParamContext,dateParam,try-catch,RecognitionException,custom,,
src/main/java/org/openrewrite/mainframe/controlm/internal/grammar/ControlMParser.java,org.openrewrite.mainframe.controlm.internal.grammar.ControlMParser$InputLineContext,inputLine,throws-declaration,RecognitionException,propagate,,
src/main/java/org/openrewrite/mainframe/controlm/internal/grammar/ControlMParser.java,org.openrewrite.mainframe.controlm.internal.grammar.ControlMParser$InputLineContext,inputLine,try-catch,RecognitionException,custom,,
src/main/java/org/openrewrite/mainframe/controlm/internal/grammar/ControlMParser.java,org.openrewrite.mainframe.controlm.internal.grammar.ControlMParser$OutputSectionContext,outputSection,throws-declaration,RecognitionException,propagate,,
src/main/java/org/openrewrite/mainframe/controlm/internal/grammar/ControlMParser.java,org.openrewrite.mainframe.controlm.internal.grammar.ControlMParser$OutputSectionContext,outputSection,try-catch,RecognitionException,custom,,
src/main/java/org/openrewrite/mainframe/controlm/internal/grammar/ControlMParser.java,org.openrewrite.mainframe.controlm.internal.grammar.ControlMParser$OutputNamesLineContext,outputNamesLine,throws-declaration,RecognitionException,propagate,,
src/main/java/org/openrewrite/mainframe/controlm/internal/grammar/ControlMParser.java,org.openrewrite.mainframe.controlm.internal.grammar.ControlMParser$OutputNamesLineContext,outputNamesLine,try-catch,RecognitionException,custom,,
src/main/java/org/openrewrite/mainframe/controlm/internal/grammar/ControlMParser.java,org.openrewrite.mainframe.controlm.internal.grammar.ControlMParser$OutputContext,output,throws-declaration,RecognitionException,propagate,,
src/main/java/org/openrewrite/mainframe/controlm/internal/grammar/ControlMParser.java,org.openrewrite.mainframe.controlm.internal.grammar.ControlMParser$OutputContext,output,try-catch,RecognitionException,custom,,
src/main/java/org/openrewrite/mainframe/controlm/internal/grammar/ControlMParser.java,org.openrewrite.mainframe.controlm.internal.grammar.ControlMParser$OutputLineContext,outputLine,throws-declaration,RecognitionException,propagate,,
src/main/java/org/openrewrite/mainframe/controlm/internal/grammar/ControlMParser.java,org.openrewrite.mainframe.controlm.internal.grammar.ControlMParser$OutputLineContext,outputLine,try-catch,RecognitionException,custom,,
src/main/java/org/openrewrite/mainframe/controlm/internal/grammar/ControlMParser.java,org.openrewrite.mainframe.controlm.internal.grammar.ControlMParser$ApplicationFormSectionContext,applicationFormSection,throws-declaration,RecognitionException,propagate,,
src/main/java/org/openrewrite/mainframe/controlm/internal/grammar/ControlMParser.java,org.openrewrite.mainframe.controlm.internal.grammar.ControlMParser$ApplicationFormSectionContext,applicationFormSection,try-catch,RecognitionException,custom,,
src/main/java/org/openrewrite/mainframe/controlm/internal/grammar/ControlMParser.java,org.openrewrite.mainframe.controlm.internal.grammar.ControlMParser$ApplicationFormLineContext,applicationFormLine,throws-declaration,RecognitionException,propagate,,
src/main/java/org/openrewrite/mainframe/controlm/internal/grammar/ControlMParser.java,org.openrewrite.mainframe.controlm.internal.grammar.ControlMParser$ApplicationFormLineContext,applicationFormLine,try-catch,RecognitionException,custom,,
src/main/java/org/openrewrite/mainframe/controlm/internal/grammar/ControlMParser.java,org.openrewrite.mainframe.controlm.internal.grammar.ControlMParser$NameContext,name,throws-declaration,RecognitionException,propagate,,
src/main/java/org/openrewrite/mainframe/controlm/internal/grammar/ControlMParser.java,org.openrewrite.mainframe.controlm.internal.grammar.ControlMParser$NameContext,name,try-catch,RecognitionException,custom,,
src/main/java/org/openrewrite/mainframe/controlm/trait/Calendar.java,org.openrewrite.mainframe.controlm.trait.Calendar,getDays,try-catch,DateTimeException,ignore,,
src/main/java/org/openrewrite/mainframe/controlm/trait/Calendar.java,org.openrewrite.mainframe.controlm.trait.Calendar,numberOf,try-catch,NumberFormatException,recover,,
src/main/java/org/openrewrite/mainframe/db2/Db2Parser.java,org.openrewrite.mainframe.db2.Db2Parser,parseInputs,try-catch,Throwable,recover,,
src/main/java/org/openrewrite/mainframe/db2/bind/BindParser.java,org.openrewrite.mainframe.db2.bind.BindParser,parseInputs,try-catch,Throwable,recover,,
src/main/java/org/openrewrite/mainframe/db2/bind/internal/grammar/BindParser.java,org.openrewrite.mainframe.db2.bind.internal.grammar.BindParser$CompilationUnitContext,compilationUnit,throws-declaration,RecognitionException,propagate,,
src/main/java/org/openrewrite/mainframe/db2/bind/internal/grammar/BindParser.java,org.openrewrite.mainframe.db2.bind.internal.grammar.BindParser$CompilationUnitContext,compilationUnit,try-catch,RecognitionException,custom,,
src/main/java/org/openrewrite/mainframe/db2/bind/internal/grammar/BindParser.java,org.openrewrite.mainframe.db2.bind.internal.grammar.BindParser$WordContext,word,throws-declaration,RecognitionException,propagate,,
src/main/java/org/openrewrite/mainframe/db2/bind/internal/grammar/BindParser.java,org.openrewrite.mainframe.db2.bind.internal.grammar.BindParser$WordContext,word,try-catch,RecognitionException,custom,,
src/main/java/org/openrewrite/mainframe/db2/internal/grammar/DB2Parser.java,org.openrewrite.mainframe.db2.internal.grammar.DB2Parser$CompilationUnitContext,compilationUnit,throws-declaration,RecognitionException,propagate,,
src/main/java/org/openrewrite/mainframe/db2/internal/grammar/DB2Parser.java,org.openrewrite.mainframe.db2.internal.grammar.DB2Parser$CompilationUnitContext,compilationUnit,try-catch,RecognitionException,custom,,
src/main/java/org/openrewrite/mainframe/db2/internal/grammar/DB2Parser.java,org.openrewrite.mainframe.db2.internal.grammar.DB2Parser$StatementContext,statement,throws-declaration,RecognitionException,propagate,,
src/main/java/org/openrewrite/mainframe/db2/internal/grammar/DB2Parser.java,org.openrewrite.mainframe.db2.internal.grammar.DB2Parser$StatementContext,statement,try-catch,RecognitionException,custom,,
src/main/java/org/openrewrite/mainframe/db2/internal/grammar/DB2Parser.java,org.openrewrite.mainframe.db2.internal.grammar.DB2Parser$QueryStatementContext,queryStatement,throws-declaration,RecognitionException,propagate,,
src/main/java/org/openrewrite/mainframe/db2/internal/grammar/DB2Parser.java,org.openrewrite.mainframe.db2.internal.grammar.DB2Parser$QueryStatementContext,queryStatement,try-catch,RecognitionException,custom,,
src/main/java/org/openrewrite/mainframe/db2/internal/grammar/DB2Parser.java,org.openrewrite.mainframe.db2.internal.grammar.DB2Parser$TerminatorContext,terminator,throws-declaration,RecognitionException,propagate,,
src/main/java/org/openrewrite/mainframe/db2/internal/grammar/DB2Parser.java,org.openrewrite.mainframe.db2.internal.grammar.DB2Parser$TerminatorContext,terminator,try-catch,RecognitionException,custom,,
src/main/java/org/openrewrite/mainframe/db2/internal/grammar/DB2Parser.java,org.openrewrite.mainframe.db2.internal.grammar.DB2Parser$CreateTableContext,createTable,throws-declaration,RecognitionException,propagate,,
src/main/java/org/openrewrite/mainframe/db2/internal/grammar/DB2Parser.java,org.openrewrite.mainframe.db2.internal.grammar.DB2Parser$CreateTableContext,createTable,try-catch,RecognitionException,custom,,
src/main/java/org/openrewrite/mainframe/db2/internal/grammar/DB2Parser.java,org.openrewrite.mainframe.db2.internal.grammar.DB2Parser$TableContentsContext,tableContents,throws-declaration,RecognitionException,propagate,,
src/main/java/org/openrewrite/mainframe/db2/internal/grammar/DB2Parser.java,org.openrewrite.mainframe.db2.internal.grammar.DB2Parser$TableContentsContext,tableContents,try-catch,RecognitionException,custom,,
src/main/java/org/openrewrite/mainframe/db2/internal/grammar/DB2Parser.java,org.openrewrite.mainframe.db2.internal.grammar.DB2Parser$CopyOptionContext,copyOption,throws-declaration,RecognitionException,propagate,,
src/main/java/org/openrewrite/mainframe/db2/internal/grammar/DB2Parser.java,org.openrewrite.mainframe.db2.internal.grammar.DB2Parser$CopyOptionContext,copyOption,try-catch,RecognitionException,custom,,
src/main/java/org/openrewrite/mainframe/db2/internal/grammar/DB2Parser.java,org.openrewrite.mainframe.db2.internal.grammar.DB2Parser$TableElementContext,tableElement,throws-declaration,RecognitionException,propagate,,
src/main/java/org/openrewrite/mainframe/db2/internal/grammar/DB2Parser.java,org.openrewrite.mainframe.db2.internal.grammar.DB2Parser$TableElementContext,tableElement,try-catch,RecognitionException,custom,,
src/main/java/org/openrewrite/mainframe/db2/internal/grammar/DB2Parser.java,org.openrewrite.mainframe.db2.internal.grammar.DB2Parser$ColumnDefinitionContext,columnDefinition,throws-declaration,RecognitionException,propagate,,
src/main/java/org/openrewrite/mainframe/db2/internal/grammar/DB2Parser.java,org.openrewrite.mainframe.db2.internal.grammar.DB2Parser$ColumnDefinitionContext,columnDefinition,try-catch,RecognitionException,custom,,
src/main/java/org/openrewrite/mainframe/db2/internal/grammar/DB2Parser.java,org.openrewrite.mainframe.db2.internal.grammar.DB2Parser$ColumnAttributeContext,columnAttribute,throws-declaration,RecognitionException,propagate,,
src/main/java/org/openrewrite/mainframe/db2/internal/grammar/DB2Parser.java,org.openrewrite.mainframe.db2.internal.grammar.DB2Parser$ColumnAttributeContext,columnAttribute,try-catch,RecognitionException,custom,,
src/main/java/org/openrewrite/mainframe/db2/internal/grammar/DB2Parser.java,org.openrewrite.mainframe.db2.internal.grammar.DB2Parser$GeneratedAsContext,generatedAs,throws-declaration,RecognitionException,propagate,,
src/main/java/org/openrewrite/mainframe/db2/internal/grammar/DB2Parser.java,org.openrewrite.mainframe.db2.internal.grammar.DB2Parser$GeneratedAsContext,generatedAs,try-catch,RecognitionException,custom,,
src/main/java/org/openrewrite/mainframe/db2/internal/grammar/DB2Parser.java,org.openrewrite.mainframe.db2.internal.grammar.DB2Parser$DefaultValueContext,defaultValue,throws-declaration,RecognitionException,propagate,,
src/main/java/org/openrewrite/mainframe/db2/internal/grammar/DB2Parser.java,org.openrewrite.mainframe.db2.internal.grammar.DB2Parser$DefaultValueContext,defaultValue,try-catch,RecognitionException,custom,,
src/main/java/org/openrewrite/mainframe/db2/internal/grammar/DB2Parser.java,org.openrewrite.mainframe.db2.internal.grammar.DB2Parser$PeriodDefinitionContext,periodDefinition,throws-declaration,RecognitionException,propagate,,
src/main/java/org/openrewrite/mainframe/db2/internal/grammar/DB2Parser.java,org.openrewrite.mainframe.db2.internal.grammar.DB2Parser$PeriodDefinitionContext,periodDefinition,try-catch,RecognitionException,custom,,
src/main/java/org/openrewrite/mainframe/db2/internal/grammar/DB2Parser.java,org.openrewrite.mainframe.db2.internal.grammar.DB2Parser$TableConstraintContext,tableConstraint,throws-declaration,RecognitionException,propagate,,
src/main/java/org/openrewrite/mainframe/db2/internal/grammar/DB2Parser.java,org.openrewrite.mainframe.db2.internal.grammar.DB2Parser$TableConstraintContext,tableConstraint,try-catch,RecognitionException,custom,,
src/main/java/org/openrewrite/mainframe/db2/internal/grammar/DB2Parser.java,org.openrewrite.mainframe.db2.internal.grammar.DB2Parser$ConstraintBodyContext,constraintBody,throws-declaration,RecognitionException,propagate,,
src/main/java/org/openrewrite/mainframe/db2/internal/grammar/DB2Parser.java,org.openrewrite.mainframe.db2.internal.grammar.DB2Parser$ConstraintBodyContext,constraintBody,try-catch,RecognitionException,custom,,
src/main/java/org/openrewrite/mainframe/db2/internal/grammar/DB2Parser.java,org.openrewrite.mainframe.db2.internal.grammar.DB2Parser$ReferentialActionContext,referentialAction,throws-declaration,RecognitionException,propagate,,
src/main/java/org/openrewrite/mainframe/db2/internal/grammar/DB2Parser.java,org.openrewrite.mainframe.db2.internal.grammar.DB2Parser$ReferentialActionContext,referentialAction,try-catch,RecognitionException,custom,,
src/main/java/org/openrewrite/mainframe/db2/internal/grammar/DB2Parser.java,org.openrewrite.mainframe.db2.internal.grammar.DB2Parser$ConstraintOptionContext,constraintOption,throws-declaration,RecognitionException,propagate,,
src/main/java/org/openrewrite/mainframe/db2/internal/grammar/DB2Parser.java,org.openrewrite.mainframe.db2.internal.grammar.DB2Parser$ConstraintOptionContext,constraintOption,try-catch,RecognitionException,custom,,
src/main/java/org/openrewrite/mainframe/db2/internal/grammar/DB2Parser.java,org.openrewrite.mainframe.db2.internal.grammar.DB2Parser$ColumnListContext,columnList,throws-declaration,RecognitionException,propagate,,
src/main/java/org/openrewrite/mainframe/db2/internal/grammar/DB2Parser.java,org.openrewrite.mainframe.db2.internal.grammar.DB2Parser$ColumnListContext,columnList,try-catch,RecognitionException,custom,,
src/main/java/org/openrewrite/mainframe/db2/internal/grammar/DB2Parser.java,org.openrewrite.mainframe.db2.internal.grammar.DB2Parser$TableOptionContext,tableOption,throws-declaration,RecognitionException,propagate,,
src/main/java/org/openrewrite/mainframe/db2/internal/grammar/DB2Parser.java,org.openrewrite.mainframe.db2.internal.grammar.DB2Parser$TableOptionContext,tableOption,try-catch,RecognitionException,custom,,
src/main/java/org/openrewrite/mainframe/db2/internal/grammar/DB2Parser.java,org.openrewrite.mainframe.db2.internal.grammar.DB2Parser$HashSpaceContext,hashSpace,throws-declaration,RecognitionException,propagate,,
src/main/java/org/openrewrite/mainframe/db2/internal/grammar/DB2Parser.java,org.openrewrite.mainframe.db2.internal.grammar.DB2Parser$HashSpaceContext,hashSpace,try-catch,RecognitionException,custom,,
src/main/java/org/openrewrite/mainframe/db2/internal/grammar/DB2Parser.java,org.openrewrite.mainframe.db2.internal.grammar.DB2Parser$PartitionKeyContext,partitionKey,throws-declaration,RecognitionException,propagate,,
src/main/java/org/openrewrite/mainframe/db2/internal/grammar/DB2Parser.java,org.openrewrite.mainframe.db2.internal.grammar.DB2Parser$PartitionKeyContext,partitionKey,try-catch,RecognitionException,custom,,
src/main/java/org/openrewrite/mainframe/db2/internal/grammar/DB2Parser.java,org.openrewrite.mainframe.db2.internal.grammar.DB2Parser$PartitionClauseContext,partitionClause,throws-declaration,RecognitionException,propagate,,
src/main/java/org/openrewrite/mainframe/db2/internal/grammar/DB2Parser.java,org.openrewrite.mainframe.db2.internal.grammar.DB2Parser$PartitionClauseContext,partitionClause,try-catch,RecognitionException,custom,,
src/main/java/org/openrewrite/mainframe/db2/internal/grammar/DB2Parser.java,org.openrewrite.mainframe.db2.internal.grammar.DB2Parser$PartitionSpecContext,partitionSpec,throws-declaration,RecognitionException,propagate,,
src/main/java/org/openrewrite/mainframe/db2/internal/grammar/DB2Parser.java,org.openrewrite.mainframe.db2.internal.grammar.DB2Parser$PartitionSpecContext,partitionSpec,try-catch,RecognitionException,custom,,
src/main/java/org/openrewrite/mainframe/db2/internal/grammar/DB2Parser.java,org.openrewrite.mainframe.db2.internal.grammar.DB2Parser$CreateIndexContext,createIndex,throws-declaration,RecognitionException,propagate,,
src/main/java/org/openrewrite/mainframe/db2/internal/grammar/DB2Parser.java,org.openrewrite.mainframe.db2.internal.grammar.DB2Parser$CreateIndexContext,createIndex,try-catch,RecognitionException,custom,,
src/main/java/org/openrewrite/mainframe/db2/internal/grammar/DB2Parser.java,org.openrewrite.mainframe.db2.internal.grammar.DB2Parser$IndexModifierContext,indexModifier,throws-declaration,RecognitionException,propagate,,
src/main/java/org/openrewrite/mainframe/db2/internal/grammar/DB2Parser.java,org.openrewrite.mainframe.db2.internal.grammar.DB2Parser$IndexModifierContext,indexModifier,try-catch,RecognitionException,custom,,
src/main/java/org/openrewrite/mainframe/db2/internal/grammar/DB2Parser.java,org.openrewrite.mainframe.db2.internal.grammar.DB2Parser$IndexKeyContext,indexKey,throws-declaration,RecognitionException,propagate,,
src/main/java/org/openrewrite/mainframe/db2/internal/grammar/DB2Parser.java,org.openrewrite.mainframe.db2.internal.grammar.DB2Parser$IndexKeyContext,indexKey,try-catch,RecognitionException,custom,,
src/main/java/org/openrewrite/mainframe/db2/internal/grammar/DB2Parser.java,org.openrewrite.mainframe.db2.internal.grammar.DB2Parser$IndexOptionContext,indexOption,throws-declaration,RecognitionException,propagate,,
src/main/java/org/openrewrite/mainframe/db2/internal/grammar/DB2Parser.java,org.openrewrite.mainframe.db2.internal.grammar.DB2Parser$IndexOptionContext,indexOption,try-catch,RecognitionException,custom,,
src/main/java/org/openrewrite/mainframe/db2/internal/grammar/DB2Parser.java,org.openrewrite.mainframe.db2.internal.grammar.DB2Parser$CreateTablespaceContext,createTablespace,throws-declaration,RecognitionException,propagate,,
src/main/java/org/openrewrite/mainframe/db2/internal/grammar/DB2Parser.java,org.openrewrite.mainframe.db2.internal.grammar.DB2Parser$CreateTablespaceContext,createTablespace,try-catch,RecognitionException,custom,,
src/main/java/org/openrewrite/mainframe/db2/internal/grammar/DB2Parser.java,org.openrewrite.mainframe.db2.internal.grammar.DB2Parser$TablespaceOptionContext,tablespaceOption,throws-declaration,RecognitionException,propagate,,
src/main/java/org/openrewrite/mainframe/db2/internal/grammar/DB2Parser.java,org.openrewrite.mainframe.db2.internal.grammar.DB2Parser$TablespaceOptionContext,tablespaceOption,try-catch,RecognitionException,custom,,
src/main/java/org/openrewrite/mainframe/db2/internal/grammar/DB2Parser.java,org.openrewrite.mainframe.db2.internal.grammar.DB2Parser$CreateDatabaseContext,createDatabase,throws-declaration,RecognitionException,propagate,,
src/main/java/org/openrewrite/mainframe/db2/internal/grammar/DB2Parser.java,org.openrewrite.mainframe.db2.internal.grammar.DB2Parser$CreateDatabaseContext,createDatabase,try-catch,RecognitionException,custom,,
src/main/java/org/openrewrite/mainframe/db2/internal/grammar/DB2Parser.java,org.openrewrite.mainframe.db2.internal.grammar.DB2Parser$DatabaseOptionContext,databaseOption,throws-declaration,RecognitionException,propagate,,
src/main/java/org/openrewrite/mainframe/db2/internal/grammar/DB2Parser.java,org.openrewrite.mainframe.db2.internal.grammar.DB2Parser$DatabaseOptionContext,databaseOption,try-catch,RecognitionException,custom,,
src/main/java/org/openrewrite/mainframe/db2/internal/grammar/DB2Parser.java,org.openrewrite.mainframe.db2.internal.grammar.DB2Parser$CreateStogroupContext,createStogroup,throws-declaration,RecognitionException,propagate,,
src/main/java/org/openrewrite/mainframe/db2/internal/grammar/DB2Parser.java,org.openrewrite.mainframe.db2.internal.grammar.DB2Parser$CreateStogroupContext,createStogroup,try-catch,RecognitionException,custom,,
src/main/java/org/openrewrite/mainframe/db2/internal/grammar/DB2Parser.java,org.openrewrite.mainframe.db2.internal.grammar.DB2Parser$StogroupOptionContext,stogroupOption,throws-declaration,RecognitionException,propagate,,
src/main/java/org/openrewrite/mainframe/db2/internal/grammar/DB2Parser.java,org.openrewrite.mainframe.db2.internal.grammar.DB2Parser$StogroupOptionContext,stogroupOption,try-catch,RecognitionException,custom,,
src/main/java/org/openrewrite/mainframe/db2/internal/grammar/DB2Parser.java,org.openrewrite.mainframe.db2.internal.grammar.DB2Parser$CreateViewContext,createView,throws-declaration,RecognitionException,propagate,,
src/main/java/org/openrewrite/mainframe/db2/internal/grammar/DB2Parser.java,org.openrewrite.mainframe.db2.internal.grammar.DB2Parser$CreateViewContext,createView,try-catch,RecognitionException,custom,,
src/main/java/org/openrewrite/mainframe/db2/internal/grammar/DB2Parser.java,org.openrewrite.mainframe.db2.internal.grammar.DB2Parser$ViewOptionContext,viewOption,throws-declaration,RecognitionException,propagate,,
src/main/java/org/openrewrite/mainframe/db2/internal/grammar/DB2Parser.java,org.openrewrite.mainframe.db2.internal.grammar.DB2Parser$ViewOptionContext,viewOption,try-catch,RecognitionException,custom,,
src/main/java/org/openrewrite/mainframe/db2/internal/grammar/DB2Parser.java,org.openrewrite.mainframe.db2.internal.grammar.DB2Parser$CreateAliasContext,createAlias,throws-declaration,RecognitionException,propagate,,
src/main/java/org/openrewrite/mainframe/db2/internal/grammar/DB2Parser.java,org.openrewrite.mainframe.db2.internal.grammar.DB2Parser$CreateAliasContext,createAlias,try-catch,RecognitionException,custom,,
src/main/java/org/openrewrite/mainframe/db2/internal/grammar/DB2Parser.java,org.openrewrite.mainframe.db2.internal.grammar.DB2Parser$CreateSynonymContext,createSynonym,throws-declaration,RecognitionException,propagate,,
src/main/java/org/openrewrite/mainframe/db2/internal/grammar/DB2Parser.java,org.openrewrite.mainframe.db2.internal.grammar.DB2Parser$CreateSynonymContext,createSynonym,try-catch,RecognitionException,custom,,
src/main/java/org/openrewrite/mainframe/db2/internal/grammar/DB2Parser.java,org.openrewrite.mainframe.db2.internal.grammar.DB2Parser$CreateSequenceContext,createSequence,throws-declaration,RecognitionException,propagate,,
src/main/java/org/openrewrite/mainframe/db2/internal/grammar/DB2Parser.java,org.openrewrite.mainframe.db2.internal.grammar.DB2Parser$CreateSequenceContext,createSequence,try-catch,RecognitionException,custom,,
src/main/java/org/openrewrite/mainframe/db2/internal/grammar/DB2Parser.java,org.openrewrite.mainframe.db2.internal.grammar.DB2Parser$SequenceOptionContext,sequenceOption,throws-declaration,RecognitionException,propagate,,
src/main/java/org/openrewrite/mainframe/db2/internal/grammar/DB2Parser.java,org.openrewrite.mainframe.db2.internal.grammar.DB2Parser$SequenceOptionContext,sequenceOption,try-catch,RecognitionException,custom,,
src/main/java/org/openrewrite/mainframe/db2/internal/grammar/DB2Parser.java,org.openrewrite.mainframe.db2.internal.grammar.DB2Parser$CreateRoleContext,createRole,throws-declaration,RecognitionException,propagate,,
src/main/java/org/openrewrite/mainframe/db2/internal/grammar/DB2Parser.java,org.openrewrite.mainframe.db2.internal.grammar.DB2Parser$CreateRoleContext,createRole,try-catch,RecognitionException,custom,,
src/main/java/org/openrewrite/mainframe/db2/internal/grammar/DB2Parser.java,org.openrewrite.mainframe.db2.internal.grammar.DB2Parser$CreateAuxiliaryTableContext,createAuxiliaryTable,throws-declaration,RecognitionException,propagate,,
src/main/java/org/openrewrite/mainframe/db2/internal/grammar/DB2Parser.java,org.openrewrite.mainframe.db2.internal.grammar.DB2Parser$CreateAuxiliaryTableContext,createAuxiliaryTable,try-catch,RecognitionException,custom,,
src/main/java/org/openrewrite/mainframe/db2/internal/grammar/DB2Parser.java,org.openrewrite.mainframe.db2.internal.grammar.DB2Parser$CreateTypeContext,createType,throws-declaration,RecognitionException,propagate,,
src/main/java/org/openrewrite/mainframe/db2/internal/grammar/DB2Parser.java,org.openrewrite.mainframe.db2.internal.grammar.DB2Parser$CreateTypeContext,createType,try-catch,RecognitionException,custom,,
src/main/java/org/openrewrite/mainframe/db2/internal/grammar/DB2Parser.java,org.openrewrite.mainframe.db2.internal.grammar.DB2Parser$CreateVariableContext,createVariable,throws-declaration,RecognitionException,propagate,,
src/main/java/org/openrewrite/mainframe/db2/internal/grammar/DB2Parser.java,org.openrewrite.mainframe.db2.internal.grammar.DB2Parser$CreateVariableContext,createVariable,try-catch,RecognitionException,custom,,
src/main/java/org/openrewrite/mainframe/db2/internal/grammar/DB2Parser.java,org.openrewrite.mainframe.db2.internal.grammar.DB2Parser$CreateMaskContext,createMask,throws-declaration,RecognitionException,propagate,,
src/main/java/org/openrewrite/mainframe/db2/internal/grammar/DB2Parser.java,org.openrewrite.mainframe.db2.internal.grammar.DB2Parser$CreateMaskContext,createMask,try-catch,RecognitionException,custom,,
src/main/java/org/openrewrite/mainframe/db2/internal/grammar/DB2Parser.java,org.openrewrite.mainframe.db2.internal.grammar.DB2Parser$CreatePermissionContext,createPermission,throws-declaration,RecognitionException,propagate,,
src/main/java/org/openrewrite/mainframe/db2/internal/grammar/DB2Parser.java,org.openrewrite.mainframe.db2.internal.grammar.DB2Parser$CreatePermissionContext,createPermission,try-catch,RecognitionException,custom,,
src/main/java/org/openrewrite/mainframe/db2/internal/grammar/DB2Parser.java,org.openrewrite.mainframe.db2.internal.grammar.DB2Parser$CreateTrustedContextContext,createTrustedContext,throws-declaration,RecognitionException,propagate,,
src/main/java/org/openrewrite/mainframe/db2/internal/grammar/DB2Parser.java,org.openrewrite.mainframe.db2.internal.grammar.DB2Parser$CreateTrustedContextContext,createTrustedContext,try-catch,RecognitionException,custom,,
src/main/java/org/openrewrite/mainframe/db2/internal/grammar/DB2Parser.java,org.openrewrite.mainframe.db2.internal.grammar.DB2Parser$TrustedContextOptionContext,trustedContextOption,throws-declaration,RecognitionException,propagate,,
src/main/java/org/openrewrite/mainframe/db2/internal/grammar/DB2Parser.java,org.openrewrite.mainframe.db2.internal.grammar.DB2Parser$TrustedContextOptionContext,trustedContextOption,try-catch,RecognitionException,custom,,
src/main/java/org/openrewrite/mainframe/db2/internal/grammar/DB2Parser.java,org.openrewrite.mainframe.db2.internal.grammar.DB2Parser$TrustedAttributeContext,trustedAttribute,throws-declaration,RecognitionException,propagate,,
src/main/java/org/openrewrite/mainframe/db2/internal/grammar/DB2Parser.java,org.openrewrite.mainframe.db2.internal.grammar.DB2Parser$TrustedAttributeContext,trustedAttribute,try-catch,RecognitionException,custom,,
src/main/java/org/openrewrite/mainframe/db2/internal/grammar/DB2Parser.java,org.openrewrite.mainframe.db2.internal.grammar.DB2Parser$TrustedUserContext,trustedUser,throws-declaration,RecognitionException,propagate,,
src/main/java/org/openrewrite/mainframe/db2/internal/grammar/DB2Parser.java,org.openrewrite.mainframe.db2.internal.grammar.DB2Parser$TrustedUserContext,trustedUser,try-catch,RecognitionException,custom,,
src/main/java/org/openrewrite/mainframe/db2/internal/grammar/DB2Parser.java,org.openrewrite.mainframe.db2.internal.grammar.DB2Parser$CaseExpressionContext,caseExpression,throws-declaration,RecognitionException,propagate,,
src/main/java/org/openrewrite/mainframe/db2/internal/grammar/DB2Parser.java,org.openrewrite.mainframe.db2.internal.grammar.DB2Parser$CaseExpressionContext,caseExpression,try-catch,RecognitionException,custom,,
src/main/java/org/openrewrite/mainframe/db2/internal/grammar/DB2Parser.java,org.openrewrite.mainframe.db2.internal.grammar.DB2Parser$DeclareGlobalTemporaryTableContext,declareGlobalTemporaryTable,throws-declaration,RecognitionException,propagate,,
src/main/java/org/openrewrite/mainframe/db2/internal/grammar/DB2Parser.java,org.openrewrite.mainframe.db2.internal.grammar.DB2Parser$DeclareGlobalTemporaryTableContext,declareGlobalTemporaryTable,try-catch,RecognitionException,custom,,
src/main/java/org/openrewrite/mainframe/db2/internal/grammar/DB2Parser.java,org.openrewrite.mainframe.db2.internal.grammar.DB2Parser$CreateTriggerContext,createTrigger,throws-declaration,RecognitionException,propagate,,
src/main/java/org/openrewrite/mainframe/db2/internal/grammar/DB2Parser.java,org.openrewrite.mainframe.db2.internal.grammar.DB2Parser$CreateTriggerContext,createTrigger,try-catch,RecognitionException,custom,,
src/main/java/org/openrewrite/mainframe/db2/internal/grammar/DB2Parser.java,org.openrewrite.mainframe.db2.internal.grammar.DB2Parser$TriggerEventContext,triggerEvent,throws-declaration,RecognitionException,propagate,,
src/main/java/org/openrewrite/mainframe/db2/internal/grammar/DB2Parser.java,org.openrewrite.mainframe.db2.internal.grammar.DB2Parser$TriggerEventContext,triggerEvent,try-catch,RecognitionException,custom,,
src/main/java/org/openrewrite/mainframe/db2/internal/grammar/DB2Parser.java,org.openrewrite.mainframe.db2.internal.grammar.DB2Parser$TriggerCorrelationContext,triggerCorrelation,throws-declaration,RecognitionException,propagate,,
src/main/java/org/openrewrite/mainframe/db2/internal/grammar/DB2Parser.java,org.openrewrite.mainframe.db2.internal.grammar.DB2Parser$TriggerCorrelationContext,triggerCorrelation,try-catch,RecognitionException,custom,,
src/main/java/org/openrewrite/mainframe/db2/internal/grammar/DB2Parser.java,org.openrewrite.mainframe.db2.internal.grammar.DB2Parser$TriggerGranularityContext,triggerGranularity,throws-declaration,RecognitionException,propagate,,
src/main/java/org/openrewrite/mainframe/db2/internal/grammar/DB2Parser.java,org.openrewrite.mainframe.db2.internal.grammar.DB2Parser$TriggerGranularityContext,triggerGranularity,try-catch,RecognitionException,custom,,
src/main/java/org/openrewrite/mainframe/db2/internal/grammar/DB2Parser.java,org.openrewrite.mainframe.db2.internal.grammar.DB2Parser$CreateProcedureContext,createProcedure,throws-declaration,RecognitionException,propagate,,
src/main/java/org/openrewrite/mainframe/db2/internal/grammar/DB2Parser.java,org.openrewrite.mainframe.db2.internal.grammar.DB2Parser$CreateProcedureContext,createProcedure,try-catch,RecognitionException,custom,,
src/main/java/org/openrewrite/mainframe/db2/internal/grammar/DB2Parser.java,org.openrewrite.mainframe.db2.internal.grammar.DB2Parser$CreateFunctionContext,createFunction,throws-declaration,RecognitionException,propagate,,
src/main/java/org/openrewrite/mainframe/db2/internal/grammar/DB2Parser.java,org.openrewrite.mainframe.db2.internal.grammar.DB2Parser$CreateFunctionContext,createFunction,try-catch,RecognitionException,custom,,
src/main/java/org/openrewrite/mainframe/db2/internal/grammar/DB2Parser.java,org.openrewrite.mainframe.db2.internal.grammar.DB2Parser$RoutineParameterContext,routineParameter,throws-declaration,RecognitionException,propagate,,
src/main/java/org/openrewrite/mainframe/db2/internal/grammar/DB2Parser.java,org.openrewrite.mainframe.db2.internal.grammar.DB2Parser$RoutineParameterContext,routineParameter,try-catch,RecognitionException,custom,,
src/main/java/org/openrewrite/mainframe/db2/internal/grammar/DB2Parser.java,org.openrewrite.mainframe.db2.internal.grammar.DB2Parser$RoutineClauseContext,routineClause,throws-declaration,RecognitionException,propagate,,
src/main/java/org/openrewrite/mainframe/db2/internal/grammar/DB2Parser.java,org.openrewrite.mainframe.db2.internal.grammar.DB2Parser$RoutineClauseContext,routineClause,try-catch,RecognitionException,custom,,
src/main/java/org/openrewrite/mainframe/db2/internal/grammar/DB2Parser.java,org.openrewrite.mainframe.db2.internal.grammar.DB2Parser$CompoundStatementContext,compoundStatement,throws-declaration,RecognitionException,propagate,,
src/main/java/org/openrewrite/mainframe/db2/internal/grammar/DB2Parser.java,org.openrewrite.mainframe.db2.internal.grammar.DB2Parser$CompoundStatementContext,compoundStatement,try-catch,RecognitionException,custom,,
src/main/java/org/openrewrite/mainframe/db2/internal/grammar/DB2Parser.java,org.openrewrite.mainframe.db2.internal.grammar.DB2Parser$BodyItemContext,bodyItem,throws-declaration,RecognitionException,propagate,,
src/main/java/org/openrewrite/mainframe/db2/internal/grammar/DB2Parser.java,org.openrewrite.mainframe.db2.internal.grammar.DB2Parser$BodyItemContext,bodyItem,try-catch,RecognitionException,custom,,
src/main/java/org/openrewrite/mainframe/db2/internal/grammar/DB2Parser.java,org.openrewrite.mainframe.db2.internal.grammar.DB2Parser$TriggeredStatementContext,triggeredStatement,throws-declaration,RecognitionException,propagate,,
src/main/java/org/openrewrite/mainframe/db2/internal/grammar/DB2Parser.java,org.openrewrite.mainframe.db2.internal.grammar.DB2Parser$TriggeredStatementContext,triggeredStatement,try-catch,RecognitionException,custom,,
src/main/java/org/openrewrite/mainframe/db2/internal/grammar/DB2Parser.java,org.openrewrite.mainframe.db2.internal.grammar.DB2Parser$AlterTableContext,alterTable,throws-declaration,RecognitionException,propagate,,
src/main/java/org/openrewrite/mainframe/db2/internal/grammar/DB2Parser.java,org.openrewrite.mainframe.db2.internal.grammar.DB2Parser$AlterTableContext,alterTable,try-catch,RecognitionException,custom,,
src/main/java/org/openrewrite/mainframe/db2/internal/grammar/DB2Parser.java,org.openrewrite.mainframe.db2.internal.grammar.DB2Parser$AlterTableActionContext,alterTableAction,throws-declaration,RecognitionException,propagate,,
src/main/java/org/openrewrite/mainframe/db2/internal/grammar/DB2Parser.java,org.openrewrite.mainframe.db2.internal.grammar.DB2Parser$AlterTableActionContext,alterTableAction,try-catch,RecognitionException,custom,,
src/main/java/org/openrewrite/mainframe/db2/internal/grammar/DB2Parser.java,org.openrewrite.mainframe.db2.internal.grammar.DB2Parser$AlterColumnActionContext,alterColumnAction,throws-declaration,RecognitionException,propagate,,
src/main/java/org/openrewrite/mainframe/db2/internal/grammar/DB2Parser.java,org.openrewrite.mainframe.db2.internal.grammar.DB2Parser$AlterColumnActionContext,alterColumnAction,try-catch,RecognitionException,custom,,
src/main/java/org/openrewrite/mainframe/db2/internal/grammar/DB2Parser.java,org.openrewrite.mainframe.db2.internal.grammar.DB2Parser$AlterTablespaceContext,alterTablespace,throws-declaration,RecognitionException,propagate,,
src/main/java/org/openrewrite/mainframe/db2/internal/grammar/DB2Parser.java,org.openrewrite.mainframe.db2.internal.grammar.DB2Parser$AlterTablespaceContext,alterTablespace,try-catch,RecognitionException,custom,,
src/main/java/org/openrewrite/mainframe/db2/internal/grammar/DB2Parser.java,org.openrewrite.mainframe.db2.internal.grammar.DB2Parser$AlterIndexContext,alterIndex,throws-declaration,RecognitionException,propagate,,
src/main/java/org/openrewrite/mainframe/db2/internal/grammar/DB2Parser.java,org.openrewrite.mainframe.db2.internal.grammar.DB2Parser$AlterIndexContext,alterIndex,try-catch,RecognitionException,custom,,
src/main/java/org/openrewrite/mainframe/db2/internal/grammar/DB2Parser.java,org.openrewrite.mainframe.db2.internal.grammar.DB2Parser$AlterDatabaseContext,alterDatabase,throws-declaration,RecognitionException,propagate,,
src/main/java/org/openrewrite/mainframe/db2/internal/grammar/DB2Parser.java,org.openrewrite.mainframe.db2.internal.grammar.DB2Parser$AlterDatabaseContext,alterDatabase,try-catch,RecognitionException,custom,,
src/main/java/org/openrewrite/mainframe/db2/internal/grammar/DB2Parser.java,org.openrewrite.mainframe.db2.internal.grammar.DB2Parser$AlterStogroupContext,alterStogroup,throws-declaration,RecognitionException,propagate,,
src/main/java/org/openrewrite/mainframe/db2/internal/grammar/DB2Parser.java,org.openrewrite.mainframe.db2.internal.grammar.DB2Parser$AlterStogroupContext,alterStogroup,try-catch,RecognitionException,custom,,
src/main/java/org/openrewrite/mainframe/db2/internal/grammar/DB2Parser.java,org.openrewrite.mainframe.db2.internal.grammar.DB2Parser$AlterSequenceContext,alterSequence,throws-declaration,RecognitionException,propagate,,
src/main/java/org/openrewrite/mainframe/db2/internal/grammar/DB2Parser.java,org.openrewrite.mainframe.db2.internal.grammar.DB2Parser$AlterSequenceContext,alterSequence,try-catch,RecognitionException,custom,,
src/main/java/org/openrewrite/mainframe/db2/internal/grammar/DB2Parser.java,org.openrewrite.mainframe.db2.internal.grammar.DB2Parser$AlterViewContext,alterView,throws-declaration,RecognitionException,propagate,,
src/main/java/org/openrewrite/mainframe/db2/internal/grammar/DB2Parser.java,org.openrewrite.mainframe.db2.internal.grammar.DB2Parser$AlterViewContext,alterView,try-catch,RecognitionException,custom,,
src/main/java/org/openrewrite/mainframe/db2/internal/grammar/DB2Parser.java,org.openrewrite.mainframe.db2.internal.grammar.DB2Parser$AlterProcedureContext,alterProcedure,throws-declaration,RecognitionException,propagate,,
src/main/java/org/openrewrite/mainframe/db2/internal/grammar/DB2Parser.java,org.openrewrite.mainframe.db2.internal.grammar.DB2Parser$AlterProcedureContext,alterProcedure,try-catch,RecognitionException,custom,,
src/main/java/org/openrewrite/mainframe/db2/internal/grammar/DB2Parser.java,org.openrewrite.mainframe.db2.internal.grammar.DB2Parser$AlterFunctionContext,alterFunction,throws-declaration,RecognitionException,propagate,,
src/main/java/org/openrewrite/mainframe/db2/internal/grammar/DB2Parser.java,org.openrewrite.mainframe.db2.internal.grammar.DB2Parser$AlterFunctionContext,alterFunction,try-catch,RecognitionException,custom,,
src/main/java/org/openrewrite/mainframe/db2/internal/grammar/DB2Parser.java,org.openrewrite.mainframe.db2.internal.grammar.DB2Parser$AlterTriggerContext,alterTrigger,throws-declaration,RecognitionException,propagate,,
src/main/java/org/openrewrite/mainframe/db2/internal/grammar/DB2Parser.java,org.openrewrite.mainframe.db2.internal.grammar.DB2Parser$AlterTriggerContext,alterTrigger,try-catch,RecognitionException,custom,,
src/main/java/org/openrewrite/mainframe/db2/internal/grammar/DB2Parser.java,org.openrewrite.mainframe.db2.internal.grammar.DB2Parser$AlterMaskContext,alterMask,throws-declaration,RecognitionException,propagate,,
src/main/java/org/openrewrite/mainframe/db2/internal/grammar/DB2Parser.java,org.openrewrite.mainframe.db2.internal.grammar.DB2Parser$AlterMaskContext,alterMask,try-catch,RecognitionException,custom,,
src/main/java/org/openrewrite/mainframe/db2/internal/grammar/DB2Parser.java,org.openrewrite.mainframe.db2.internal.grammar.DB2Parser$AlterPermissionContext,alterPermission,throws-declaration,RecognitionException,propagate,,
src/main/java/org/openrewrite/mainframe/db2/internal/grammar/DB2Parser.java,org.openrewrite.mainframe.db2.internal.grammar.DB2Parser$AlterPermissionContext,alterPermission,try-catch,RecognitionException,custom,,
src/main/java/org/openrewrite/mainframe/db2/internal/grammar/DB2Parser.java,org.openrewrite.mainframe.db2.internal.grammar.DB2Parser$AlterTrustedContextContext,alterTrustedContext,throws-declaration,RecognitionException,propagate,,
src/main/java/org/openrewrite/mainframe/db2/internal/grammar/DB2Parser.java,org.openrewrite.mainframe.db2.internal.grammar.DB2Parser$AlterTrustedContextContext,alterTrustedContext,try-catch,RecognitionException,custom,,
src/main/java/org/openrewrite/mainframe/db2/internal/grammar/DB2Parser.java,org.openrewrite.mainframe.db2.internal.grammar.DB2Parser$AlterStogroupActionContext,alterStogroupAction,throws-declaration,RecognitionException,propagate,,
src/main/java/org/openrewrite/mainframe/db2/internal/grammar/DB2Parser.java,org.openrewrite.mainframe.db2.internal.grammar.DB2Parser$AlterStogroupActionContext,alterStogroupAction,try-catch,RecognitionException,custom,,
src/main/java/org/openrewrite/mainframe/db2/internal/grammar/DB2Parser.java,org.openrewrite.mainframe.db2.internal.grammar.DB2Parser$DropStatementContext,dropStatement,throws-declaration,RecognitionException,propagate,,
src/main/java/org/openrewrite/mainframe/db2/internal/grammar/DB2Parser.java,org.openrewrite.mainframe.db2.internal.grammar.DB2Parser$DropStatementContext,dropStatement,try-catch,RecognitionException,custom,,
src/main/java/org/openrewrite/mainframe/db2/internal/grammar/DB2Parser.java,org.openrewrite.mainframe.db2.internal.grammar.DB2Parser$DroppedObjectContext,droppedObject,throws-declaration,RecognitionException,propagate,,
src/main/java/org/openrewrite/mainframe/db2/internal/grammar/DB2Parser.java,org.openrewrite.mainframe.db2.internal.grammar.DB2Parser$DroppedObjectContext,droppedObject,try-catch,RecognitionException,custom,,
src/main/java/org/openrewrite/mainframe/db2/internal/grammar/DB2Parser.java,org.openrewrite.mainframe.db2.internal.grammar.DB2Parser$GrantStatementContext,grantStatement,throws-declaration,RecognitionException,propagate,,
src/main/java/org/openrewrite/mainframe/db2/internal/grammar/DB2Parser.java,org.openrewrite.mainframe.db2.internal.grammar.DB2Parser$GrantStatementContext,grantStatement,try-catch,RecognitionException,custom,,
src/main/java/org/openrewrite/mainframe/db2/internal/grammar/DB2Parser.java,org.openrewrite.mainframe.db2.internal.grammar.DB2Parser$RevokeStatementContext,revokeStatement,throws-declaration,RecognitionException,propagate,,
src/main/java/org/openrewrite/mainframe/db2/internal/grammar/DB2Parser.java,org.openrewrite.mainframe.db2.internal.grammar.DB2Parser$RevokeStatementContext,revokeStatement,try-catch,RecognitionException,custom,,
src/main/java/org/openrewrite/mainframe/db2/internal/grammar/DB2Parser.java,org.openrewrite.mainframe.db2.internal.grammar.DB2Parser$PrivilegeContext,privilege,throws-declaration,RecognitionException,propagate,,
src/main/java/org/openrewrite/mainframe/db2/internal/grammar/DB2Parser.java,org.openrewrite.mainframe.db2.internal.grammar.DB2Parser$PrivilegeContext,privilege,try-catch,RecognitionException,custom,,
src/main/java/org/openrewrite/mainframe/db2/internal/grammar/DB2Parser.java,org.openrewrite.mainframe.db2.internal.grammar.DB2Parser$PrivilegeObjectContext,privilegeObject,throws-declaration,RecognitionException,propagate,,
src/main/java/org/openrewrite/mainframe/db2/internal/grammar/DB2Parser.java,org.openrewrite.mainframe.db2.internal.grammar.DB2Parser$PrivilegeObjectContext,privilegeObject,try-catch,RecognitionException,custom,,
src/main/java/org/openrewrite/mainframe/db2/internal/grammar/DB2Parser.java,org.openrewrite.mainframe.db2.internal.grammar.DB2Parser$QualifiedNameListContext,qualifiedNameList,throws-declaration,RecognitionException,propagate,,
src/main/java/org/openrewrite/mainframe/db2/internal/grammar/DB2Parser.java,org.openrewrite.mainframe.db2.internal.grammar.DB2Parser$QualifiedNameListContext,qualifiedNameList,try-catch,RecognitionException,custom,,
src/main/java/org/openrewrite/mainframe/db2/internal/grammar/DB2Parser.java,org.openrewrite.mainframe.db2.internal.grammar.DB2Parser$GranteeContext,grantee,throws-declaration,RecognitionException,propagate,,
src/main/java/org/openrewrite/mainframe/db2/internal/grammar/DB2Parser.java,org.openrewrite.mainframe.db2.internal.grammar.DB2Parser$GranteeContext,grantee,try-catch,RecognitionException,custom,,
src/main/java/org/openrewrite/mainframe/db2/internal/grammar/DB2Parser.java,org.openrewrite.mainframe.db2.internal.grammar.DB2Parser$CommentStatementContext,commentStatement,throws-declaration,RecognitionException,propagate,,
src/main/java/org/openrewrite/mainframe/db2/internal/grammar/DB2Parser.java,org.openrewrite.mainframe.db2.internal.grammar.DB2Parser$CommentStatementContext,commentStatement,try-catch,RecognitionException,custom,,
src/main/java/org/openrewrite/mainframe/db2/internal/grammar/DB2Parser.java,org.openrewrite.mainframe.db2.internal.grammar.DB2Parser$CommentTargetContext,commentTarget,throws-declaration,RecognitionException,propagate,,
src/main/java/org/openrewrite/mainframe/db2/internal/grammar/DB2Parser.java,org.openrewrite.mainframe.db2.internal.grammar.DB2Parser$CommentTargetContext,commentTarget,try-catch,RecognitionException,custom,,
src/main/java/org/openrewrite/mainframe/db2/internal/grammar/DB2Parser.java,org.openrewrite.mainframe.db2.internal.grammar.DB2Parser$LabelStatementContext,labelStatement,throws-declaration,RecognitionException,propagate,,
src/main/java/org/openrewrite/mainframe/db2/internal/grammar/DB2Parser.java,org.openrewrite.mainframe.db2.internal.grammar.DB2Parser$LabelStatementContext,labelStatement,try-catch,RecognitionException,custom,,
src/main/java/org/openrewrite/mainframe/db2/internal/grammar/DB2Parser.java,org.openrewrite.mainframe.db2.internal.grammar.DB2Parser$LabelTargetContext,labelTarget,throws-declaration,RecognitionException,propagate,,
src/main/java/org/openrewrite/mainframe/db2/internal/grammar/DB2Parser.java,org.openrewrite.mainframe.db2.internal.grammar.DB2Parser$LabelTargetContext,labelTarget,try-catch,RecognitionException,custom,,
src/main/java/org/openrewrite/mainframe/db2/internal/grammar/DB2Parser.java,org.openrewrite.mainframe.db2.internal.grammar.DB2Parser$RenameStatementContext,renameStatement,throws-declaration,RecognitionException,propagate,,
src/main/java/org/openrewrite/mainframe/db2/internal/grammar/DB2Parser.java,org.openrewrite.mainframe.db2.internal.grammar.DB2Parser$RenameStatementContext,renameStatement,try-catch,RecognitionException,custom,,
src/main/java/org/openrewrite/mainframe/db2/internal/grammar/DB2Parser.java,org.openrewrite.mainframe.db2.internal.grammar.DB2Parser$SetStatementContext,setStatement,throws-declaration,RecognitionException,propagate,,
src/main/java/org/openrewrite/mainframe/db2/internal/grammar/DB2Parser.java,org.openrewrite.mainframe.db2.internal.grammar.DB2Parser$SetStatementContext,setStatement,try-catch,RecognitionException,custom,,
src/main/java/org/openrewrite/mainframe/db2/internal/grammar/DB2Parser.java,org.openrewrite.mainframe.db2.internal.grammar.DB2Parser$SpecialRegisterContext,specialRegister,throws-declaration,RecognitionException,propagate,,
src/main/java/org/openrewrite/mainframe/db2/internal/grammar/DB2Parser.java,org.openrewrite.mainframe.db2.internal.grammar.DB2Parser$SpecialRegisterContext,specialRegister,try-catch,RecognitionException,custom,,
src/main/java/org/openrewrite/mainframe/db2/internal/grammar/DB2Parser.java,org.openrewrite.mainframe.db2.internal.grammar.DB2Parser$CommitStatementContext,commitStatement,throws-declaration,RecognitionException,propagate,,
src/main/java/org/openrewrite/mainframe/db2/internal/grammar/DB2Parser.java,org.openrewrite.mainframe.db2.internal.grammar.DB2Parser$CommitStatementContext,commitStatement,try-catch,RecognitionException,custom,,
src/main/java/org/openrewrite/mainframe/db2/internal/grammar/DB2Parser.java,org.openrewrite.mainframe.db2.internal.grammar.DB2Parser$RollbackStatementContext,rollbackStatement,throws-declaration,RecognitionException,propagate,,
src/main/java/org/openrewrite/mainframe/db2/internal/grammar/DB2Parser.java,org.openrewrite.mainframe.db2.internal.grammar.DB2Parser$RollbackStatementContext,rollbackStatement,try-catch,RecognitionException,custom,,
src/main/java/org/openrewrite/mainframe/db2/internal/grammar/DB2Parser.java,org.openrewrite.mainframe.db2.internal.grammar.DB2Parser$SavepointStatementContext,savepointStatement,throws-declaration,RecognitionException,propagate,,
src/main/java/org/openrewrite/mainframe/db2/internal/grammar/DB2Parser.java,org.openrewrite.mainframe.db2.internal.grammar.DB2Parser$SavepointStatementContext,savepointStatement,try-catch,RecognitionException,custom,,
src/main/java/org/openrewrite/mainframe/db2/internal/grammar/DB2Parser.java,org.openrewrite.mainframe.db2.internal.grammar.DB2Parser$ReleaseSavepointStatementContext,releaseSavepointStatement,throws-declaration,RecognitionException,propagate,,
src/main/java/org/openrewrite/mainframe/db2/internal/grammar/DB2Parser.java,org.openrewrite.mainframe.db2.internal.grammar.DB2Parser$ReleaseSavepointStatementContext,releaseSavepointStatement,try-catch,RecognitionException,custom,,
src/main/java/org/openrewrite/mainframe/db2/internal/grammar/DB2Parser.java,org.openrewrite.mainframe.db2.internal.grammar.DB2Parser$LockStatementContext,lockStatement,throws-declaration,RecognitionException,propagate,,
src/main/java/org/openrewrite/mainframe/db2/internal/grammar/DB2Parser.java,org.openrewrite.mainframe.db2.internal.grammar.DB2Parser$LockStatementContext,lockStatement,try-catch,RecognitionException,custom,,
src/main/java/org/openrewrite/mainframe/db2/internal/grammar/DB2Parser.java,org.openrewrite.mainframe.db2.internal.grammar.DB2Parser$InsertStatementContext,insertStatement,throws-declaration,RecognitionException,propagate,,
src/main/java/org/openrewrite/mainframe/db2/internal/grammar/DB2Parser.java,org.openrewrite.mainframe.db2.internal.grammar.DB2Parser$InsertStatementContext,insertStatement,try-catch,RecognitionException,custom,,
src/main/java/org/openrewrite/mainframe/db2/internal/grammar/DB2Parser.java,org.openrewrite.mainframe.db2.internal.grammar.DB2Parser$ValuesRowContext,valuesRow,throws-declaration,RecognitionException,propagate,,
src/main/java/org/openrewrite/mainframe/db2/internal/grammar/DB2Parser.java,org.openrewrite.mainframe.db2.internal.grammar.DB2Parser$ValuesRowContext,valuesRow,try-catch,RecognitionException,custom,,
src/main/java/org/openrewrite/mainframe/db2/internal/grammar/DB2Parser.java,org.openrewrite.mainframe.db2.internal.grammar.DB2Parser$QueryExpressionContext,queryExpression,throws-declaration,RecognitionException,propagate,,
src/main/java/org/openrewrite/mainframe/db2/internal/grammar/DB2Parser.java,org.openrewrite.mainframe.db2.internal.grammar.DB2Parser$QueryExpressionContext,queryExpression,try-catch,RecognitionException,custom,,
src/main/java/org/openrewrite/mainframe/db2/internal/grammar/DB2Parser.java,org.openrewrite.mainframe.db2.internal.grammar.DB2Parser$SetOperatorContext,setOperator,throws-declaration,RecognitionException,propagate,,
src/main/java/org/openrewrite/mainframe/db2/internal/grammar/DB2Parser.java,org.openrewrite.mainframe.db2.internal.grammar.DB2Parser$SetOperatorContext,setOperator,try-catch,RecognitionException,custom,,
src/main/java/org/openrewrite/mainframe/db2/internal/grammar/DB2Parser.java,org.openrewrite.mainframe.db2.internal.grammar.DB2Parser$QuerySpecificationContext,querySpecification,throws-declaration,RecognitionException,propagate,,
src/main/java/org/openrewrite/mainframe/db2/internal/grammar/DB2Parser.java,org.openrewrite.mainframe.db2.internal.grammar.DB2Parser$QuerySpecificationContext,querySpecification,try-catch,RecognitionException,custom,,
src/main/java/org/openrewrite/mainframe/db2/internal/grammar/DB2Parser.java,org.openrewrite.mainframe.db2.internal.grammar.DB2Parser$SelectListContext,selectList,throws-declaration,RecognitionException,propagate,,
src/main/java/org/openrewrite/mainframe/db2/internal/grammar/DB2Parser.java,org.openrewrite.mainframe.db2.internal.grammar.DB2Parser$SelectListContext,selectList,try-catch,RecognitionException,custom,,
src/main/java/org/openrewrite/mainframe/db2/internal/grammar/DB2Parser.java,org.openrewrite.mainframe.db2.internal.grammar.DB2Parser$SelectItemContext,selectItem,throws-declaration,RecognitionException,propagate,,
src/main/java/org/openrewrite/mainframe/db2/internal/grammar/DB2Parser.java,org.openrewrite.mainframe.db2.internal.grammar.DB2Parser$SelectItemContext,selectItem,try-catch,RecognitionException,custom,,
src/main/java/org/openrewrite/mainframe/db2/internal/grammar/DB2Parser.java,org.openrewrite.mainframe.db2.internal.grammar.DB2Parser$TableReferenceContext,tableReference,throws-declaration,RecognitionException,propagate,,
src/main/java/org/openrewrite/mainframe/db2/internal/grammar/DB2Parser.java,org.openrewrite.mainframe.db2.internal.grammar.DB2Parser$TableReferenceContext,tableReference,throws-declaration,RecognitionException,propagate,,
src/main/java/org/openrewrite/mainframe/db2/internal/grammar/DB2Parser.java,org.openrewrite.mainframe.db2.internal.grammar.DB2Parser$TableReferenceContext,tableReference,try-catch,RecognitionException,custom,,
src/main/java/org/openrewrite/mainframe/db2/internal/grammar/DB2Parser.java,org.openrewrite.mainframe.db2.internal.grammar.DB2Parser$JoinTypeContext,joinType,throws-declaration,RecognitionException,propagate,,
src/main/java/org/openrewrite/mainframe/db2/internal/grammar/DB2Parser.java,org.openrewrite.mainframe.db2.internal.grammar.DB2Parser$JoinTypeContext,joinType,try-catch,RecognitionException,custom,,
src/main/java/org/openrewrite/mainframe/db2/internal/grammar/DB2Parser.java,org.openrewrite.mainframe.db2.internal.grammar.DB2Parser$SortKeyContext,sortKey,throws-declaration,RecognitionException,propagate,,
src/main/java/org/openrewrite/mainframe/db2/internal/grammar/DB2Parser.java,org.openrewrite.mainframe.db2.internal.grammar.DB2Parser$SortKeyContext,sortKey,try-catch,RecognitionException,custom,,
src/main/java/org/openrewrite/mainframe/db2/internal/grammar/DB2Parser.java,org.openrewrite.mainframe.db2.internal.grammar.DB2Parser$SearchConditionContext,searchCondition,throws-declaration,RecognitionException,propagate,,
src/main/java/org/openrewrite/mainframe/db2/internal/grammar/DB2Parser.java,org.openrewrite.mainframe.db2.internal.grammar.DB2Parser$SearchConditionContext,searchCondition,throws-declaration,RecognitionException,propagate,,
src/main/java/org/openrewrite/mainframe/db2/internal/grammar/DB2Parser.java,org.openrewrite.mainframe.db2.internal.grammar.DB2Parser$SearchConditionContext,searchCondition,try-catch,RecognitionException,custom,,
src/main/java/org/openrewrite/mainframe/db2/internal/grammar/DB2Parser.java,org.openrewrite.mainframe.db2.internal.grammar.DB2Parser$PredicateContext,predicate,throws-declaration,RecognitionException,propagate,,
src/main/java/org/openrewrite/mainframe/db2/internal/grammar/DB2Parser.java,org.openrewrite.mainframe.db2.internal.grammar.DB2Parser$PredicateContext,predicate,try-catch,RecognitionException,custom,,
src/main/java/org/openrewrite/mainframe/db2/internal/grammar/DB2Parser.java,org.openrewrite.mainframe.db2.internal.grammar.DB2Parser$ComparisonOperatorContext,comparisonOperator,throws-declaration,RecognitionException,propagate,,
src/main/java/org/openrewrite/mainframe/db2/internal/grammar/DB2Parser.java,org.openrewrite.mainframe.db2.internal.grammar.DB2Parser$ComparisonOperatorContext,comparisonOperator,try-catch,RecognitionException,custom,,
src/main/java/org/openrewrite/mainframe/db2/internal/grammar/DB2Parser.java,org.openrewrite.mainframe.db2.internal.grammar.DB2Parser$ExpressionContext,expression,throws-declaration,RecognitionException,propagate,,
src/main/java/org/openrewrite/mainframe/db2/internal/grammar/DB2Parser.java,org.openrewrite.mainframe.db2.internal.grammar.DB2Parser$ExpressionContext,expression,throws-declaration,RecognitionException,propagate,,
src/main/java/org/openrewrite/mainframe/db2/internal/grammar/DB2Parser.java,org.openrewrite.mainframe.db2.internal.grammar.DB2Parser$ExpressionContext,expression,try-catch,RecognitionException,custom,,
src/main/java/org/openrewrite/mainframe/db2/internal/grammar/DB2Parser.java,org.openrewrite.mainframe.db2.internal.grammar.DB2Parser$CaseWhenContext,caseWhen,throws-declaration,RecognitionException,propagate,,
src/main/java/org/openrewrite/mainframe/db2/internal/grammar/DB2Parser.java,org.openrewrite.mainframe.db2.internal.grammar.DB2Parser$CaseWhenContext,caseWhen,try-catch,RecognitionException,custom,,
src/main/java/org/openrewrite/mainframe/db2/internal/grammar/DB2Parser.java,org.openrewrite.mainframe.db2.internal.grammar.DB2Parser$SpecialValueContext,specialValue,throws-declaration,RecognitionException,propagate,,
src/main/java/org/openrewrite/mainframe/db2/internal/grammar/DB2Parser.java,org.openrewrite.mainframe.db2.internal.grammar.DB2Parser$SpecialValueContext,specialValue,try-catch,RecognitionException,custom,,
src/main/java/org/openrewrite/mainframe/db2/internal/grammar/DB2Parser.java,org.openrewrite.mainframe.db2.internal.grammar.DB2Parser$ConstantContext,constant,throws-declaration,RecognitionException,propagate,,
src/main/java/org/openrewrite/mainframe/db2/internal/grammar/DB2Parser.java,org.openrewrite.mainframe.db2.internal.grammar.DB2Parser$ConstantContext,constant,try-catch,RecognitionException,custom,,
src/main/java/org/openrewrite/mainframe/db2/internal/grammar/DB2Parser.java,org.openrewrite.mainframe.db2.internal.grammar.DB2Parser$SignedNumberContext,signedNumber,throws-declaration,RecognitionException,propagate,,
src/main/java/org/openrewrite/mainframe/db2/internal/grammar/DB2Parser.java,org.openrewrite.mainframe.db2.internal.grammar.DB2Parser$SignedNumberContext,signedNumber,try-catch,RecognitionException,custom,,
src/main/java/org/openrewrite/mainframe/db2/internal/grammar/DB2Parser.java,org.openrewrite.mainframe.db2.internal.grammar.DB2Parser$QualifiedNameContext,qualifiedName,throws-declaration,RecognitionException,propagate,,
src/main/java/org/openrewrite/mainframe/db2/internal/grammar/DB2Parser.java,org.openrewrite.mainframe.db2.internal.grammar.DB2Parser$QualifiedNameContext,qualifiedName,try-catch,RecognitionException,custom,,
src/main/java/org/openrewrite/mainframe/db2/internal/grammar/DB2Parser.java,org.openrewrite.mainframe.db2.internal.grammar.DB2Parser$IdentifierContext,identifier,throws-declaration,RecognitionException,propagate,,
src/main/java/org/openrewrite/mainframe/db2/internal/grammar/DB2Parser.java,org.openrewrite.mainframe.db2.internal.grammar.DB2Parser$IdentifierContext,identifier,try-catch,RecognitionException,custom,,
src/main/java/org/openrewrite/mainframe/db2/internal/grammar/DB2Parser.java,org.openrewrite.mainframe.db2.internal.grammar.DB2Parser$DataTypeContext,dataType,throws-declaration,RecognitionException,propagate,,
src/main/java/org/openrewrite/mainframe/db2/internal/grammar/DB2Parser.java,org.openrewrite.mainframe.db2.internal.grammar.DB2Parser$DataTypeContext,dataType,try-catch,RecognitionException,custom,,
src/main/java/org/openrewrite/mainframe/db2/internal/grammar/DB2Parser.java,org.openrewrite.mainframe.db2.internal.grammar.DB2Parser$TypeNameContext,typeName,throws-declaration,RecognitionException,propagate,,
src/main/java/org/openrewrite/mainframe/db2/internal/grammar/DB2Parser.java,org.openrewrite.mainframe.db2.internal.grammar.DB2Parser$TypeNameContext,typeName,try-catch,RecognitionException,custom,,
src/main/java/org/openrewrite/mainframe/db2/internal/grammar/DB2Parser.java,org.openrewrite.mainframe.db2.internal.grammar.DB2Parser$TypeAttributeContext,typeAttribute,throws-declaration,RecognitionException,propagate,,
src/main/java/org/openrewrite/mainframe/db2/internal/grammar/DB2Parser.java,org.openrewrite.mainframe.db2.internal.grammar.DB2Parser$TypeAttributeContext,typeAttribute,try-catch,RecognitionException,custom,,
src/main/java/org/openrewrite/mainframe/db2/internal/grammar/DB2Parser.java,org.openrewrite.mainframe.db2.internal.grammar.DB2Parser$StorageOptionContext,storageOption,throws-declaration,RecognitionException,propagate,,
src/main/java/org/openrewrite/mainframe/db2/internal/grammar/DB2Parser.java,org.openrewrite.mainframe.db2.internal.grammar.DB2Parser$StorageOptionContext,storageOption,try-catch,RecognitionException,custom,,
src/main/java/org/openrewrite/mainframe/db2/internal/grammar/DB2Parser.java,org.openrewrite.mainframe.db2.internal.grammar.DB2Parser$EndContext,end,throws-declaration,RecognitionException,propagate,,
src/main/java/org/openrewrite/mainframe/db2/internal/grammar/DB2Parser.java,org.openrewrite.mainframe.db2.internal.grammar.DB2Parser$EndContext,end,try-catch,RecognitionException,custom,,
src/main/java/org/openrewrite/mainframe/db2/internal/grammar/DB2Parser.java,org.openrewrite.mainframe.db2.internal.grammar.DB2Parser$NonReservedContext,nonReserved,throws-declaration,RecognitionException,propagate,,
src/main/java/org/openrewrite/mainframe/db2/internal/grammar/DB2Parser.java,org.openrewrite.mainframe.db2.internal.grammar.DB2Parser$NonReservedContext,nonReserved,try-catch,RecognitionException,custom,,
src/main/java/org/openrewrite/mainframe/ims/ImsParser.java,org.openrewrite.mainframe.ims.ImsParser,parseInputs,try-catch,Throwable,recover,,
src/main/java/org/openrewrite/mainframe/ims/internal/grammar/IMSParser.java,org.openrewrite.mainframe.ims.internal.grammar.IMSParser$CompilationUnitContext,compilationUnit,throws-declaration,RecognitionException,propagate,,
src/main/java/org/openrewrite/mainframe/ims/internal/grammar/IMSParser.java,org.openrewrite.mainframe.ims.internal.grammar.IMSParser$CompilationUnitContext,compilationUnit,try-catch,RecognitionException,custom,,
src/main/java/org/openrewrite/mainframe/ims/internal/grammar/IMSParser.java,org.openrewrite.mainframe.ims.internal.grammar.IMSParser$StatementContext,statement,throws-declaration,RecognitionException,propagate,,
src/main/java/org/openrewrite/mainframe/ims/internal/grammar/IMSParser.java,org.openrewrite.mainframe.ims.internal.grammar.IMSParser$StatementContext,statement,try-catch,RecognitionException,custom,,
src/main/java/org/openrewrite/mainframe/ims/internal/grammar/IMSParser.java,org.openrewrite.mainframe.ims.internal.grammar.IMSParser$ImsContext,ims,throws-declaration,RecognitionException,propagate,,
src/main/java/org/openrewrite/mainframe/ims/internal/grammar/IMSParser.java,org.openrewrite.mainframe.ims.internal.grammar.IMSParser$ImsContext,ims,try-catch,RecognitionException,custom,,
src/main/java/org/openrewrite/mainframe/ims/internal/grammar/IMSParser.java,org.openrewrite.mainframe.ims.internal.grammar.IMSParser$ImsWordContext,imsWord,throws-declaration,RecognitionException,propagate,,
src/main/java/org/openrewrite/mainframe/ims/internal/grammar/IMSParser.java,org.openrewrite.mainframe.ims.internal.grammar.IMSParser$ImsWordContext,imsWord,try-catch,RecognitionException,custom,,
src/main/java/org/openrewrite/mainframe/ims/internal/grammar/IMSParser.java,org.openrewrite.mainframe.ims.internal.grammar.IMSParser$ImsSequenceAreaContext,imsSequenceArea,throws-declaration,RecognitionException,propagate,,
src/main/java/org/openrewrite/mainframe/ims/internal/grammar/IMSParser.java,org.openrewrite.mainframe.ims.internal.grammar.IMSParser$ImsSequenceAreaContext,imsSequenceArea,try-catch,RecognitionException,custom,,
src/main/java/org/openrewrite/mainframe/ims/internal/grammar/IMSParser.java,org.openrewrite.mainframe.ims.internal.grammar.IMSParser$CommentContext,comment,throws-declaration,RecognitionException,propagate,,
src/main/java/org/openrewrite/mainframe/ims/internal/grammar/IMSParser.java,org.openrewrite.mainframe.ims.internal.grammar.IMSParser$CommentContext,comment,try-catch,RecognitionException,custom,,
src/main/java/org/openrewrite/mainframe/ims/internal/grammar/IMSParser.java,org.openrewrite.mainframe.ims.internal.grammar.IMSParser$CommentWordContext,commentWord,throws-declaration,RecognitionException,propagate,,
src/main/java/org/openrewrite/mainframe/ims/internal/grammar/IMSParser.java,org.openrewrite.mainframe.ims.internal.grammar.IMSParser$CommentWordContext,commentWord,try-catch,RecognitionException,custom,,
src/main/java/org/openrewrite/mainframe/ims/internal/grammar/IMSParser.java,org.openrewrite.mainframe.ims.internal.grammar.IMSParser$CommentSequenceAreaContext,commentSequenceArea,throws-declaration,RecognitionException,propagate,,
src/main/java/org/openrewrite/mainframe/ims/internal/grammar/IMSParser.java,org.openrewrite.mainframe.ims.internal.grammar.IMSParser$CommentSequenceAreaContext,commentSequenceArea,try-catch,RecognitionException,custom,,
src/main/java/org/openrewrite/mainframe/ims/internal/grammar/IMSParser.java,org.openrewrite.mainframe.ims.internal.grammar.IMSParser$UnknownContext,unknown,throws-declaration,RecognitionException,propagate,,
src/main/java/org/openrewrite/mainframe/ims/internal/grammar/IMSParser.java,org.openrewrite.mainframe.ims.internal.grammar.IMSParser$UnknownContext,unknown,try-catch,RecognitionException,custom,,
src/main/java/org/openrewrite/mainframe/ims/internal/grammar/IMSParser.java,org.openrewrite.mainframe.ims.internal.grammar.IMSParser$UnknownWordContext,unknownWord,throws-declaration,RecognitionException,propagate,,
src/main/java/org/openrewrite/mainframe/ims/internal/grammar/IMSParser.java,org.openrewrite.mainframe.ims.internal.grammar.IMSParser$UnknownWordContext,unknownWord,try-catch,RecognitionException,custom,,
src/main/java/org/openrewrite/mainframe/ims/internal/grammar/IMSParser.java,org.openrewrite.mainframe.ims.internal.grammar.IMSParser$UnknownSequenceAreaContext,unknownSequenceArea,throws-declaration,RecognitionException,propagate,,
src/main/java/org/openrewrite/mainframe/ims/internal/grammar/IMSParser.java,org.openrewrite.mainframe.ims.internal.grammar.IMSParser$UnknownSequenceAreaContext,unknownSequenceArea,try-catch,RecognitionException,custom,,
src/main/java/org/openrewrite/mainframe/ims/trait/Operands.java,org.openrewrite.mainframe.ims.trait.Operands,integerOf,try-catch,NumberFormatException,recover,,
src/main/java/org/openrewrite/mainframe/jcl/JclParser.java,org.openrewrite.mainframe.jcl.JclParser,parseInputs,try-catch,Throwable,recover,,
src/main/java/org/openrewrite/mainframe/jcl/JclParser.java,org.openrewrite.mainframe.jcl.JclParser,readParmMembers,try-catch,IOException,custom,,
src/main/java/org/openrewrite/mainframe/jcl/JclParser.java,org.openrewrite.mainframe.jcl.JclParser,readProcedureLibrary,try-catch,IOException,wrap,,
src/main/java/org/openrewrite/mainframe/jcl/JclParser.java,org.openrewrite.mainframe.jcl.JclParser,head,try-catch,IOException,recover,,
src/main/java/org/openrewrite/mainframe/jcl/internal/grammar/JCLParser.java,org.openrewrite.mainframe.jcl.internal.grammar.JCLParser$CompilationUnitContext,compilationUnit,throws-declaration,RecognitionException,propagate,,
src/main/java/org/openrewrite/mainframe/jcl/internal/grammar/JCLParser.java,org.openrewrite.mainframe.jcl.internal.grammar.JCLParser$CompilationUnitContext,compilationUnit,try-catch,RecognitionException,custom,,
src/main/java/org/openrewrite/mainframe/jcl/internal/grammar/JCLParser.java,org.openrewrite.mainframe.jcl.internal.grammar.JCLParser$StatementContext,statement,throws-declaration,RecognitionException,propagate,,
src/main/java/org/openrewrite/mainframe/jcl/internal/grammar/JCLParser.java,org.openrewrite.mainframe.jcl.internal.grammar.JCLParser$StatementContext,statement,try-catch,RecognitionException,custom,,
src/main/java/org/openrewrite/mainframe/jcl/internal/grammar/JCLParser.java,org.openrewrite.mainframe.jcl.internal.grammar.JCLParser$JclContext,jcl,throws-declaration,RecognitionException,propagate,,
src/main/java/org/openrewrite/mainframe/jcl/internal/grammar/JCLParser.java,org.openrewrite.mainframe.jcl.internal.grammar.JCLParser$JclContext,jcl,try-catch,RecognitionException,custom,,
src/main/java/org/openrewrite/mainframe/jcl/internal/grammar/JCLParser.java,org.openrewrite.mainframe.jcl.internal.grammar.JCLParser$JclWordContext,jclWord,throws-declaration,RecognitionException,propagate,,
src/main/java/org/openrewrite/mainframe/jcl/internal/grammar/JCLParser.java,org.openrewrite.mainframe.jcl.internal.grammar.JCLParser$JclWordContext,jclWord,try-catch,RecognitionException,custom,,
src/main/java/org/openrewrite/mainframe/jcl/internal/grammar/JCLParser.java,org.openrewrite.mainframe.jcl.internal.grammar.JCLParser$JclTrailingCommentContext,jclTrailingComment,throws-declaration,RecognitionException,propagate,,
src/main/java/org/openrewrite/mainframe/jcl/internal/grammar/JCLParser.java,org.openrewrite.mainframe.jcl.internal.grammar.JCLParser$JclTrailingCommentContext,jclTrailingComment,try-catch,RecognitionException,custom,,
src/main/java/org/openrewrite/mainframe/jcl/internal/grammar/JCLParser.java,org.openrewrite.mainframe.jcl.internal.grammar.JCLParser$Jes2Context,jes2,throws-declaration,RecognitionException,propagate,,
src/main/java/org/openrewrite/mainframe/jcl/internal/grammar/JCLParser.java,org.openrewrite.mainframe.jcl.internal.grammar.JCLParser$Jes2Context,jes2,try-catch,RecognitionException,custom,,
src/main/java/org/openrewrite/mainframe/jcl/internal/grammar/JCLParser.java,org.openrewrite.mainframe.jcl.internal.grammar.JCLParser$Jes2WordContext,jes2Word,throws-declaration,RecognitionException,propagate,,
src/main/java/org/openrewrite/mainframe/jcl/internal/grammar/JCLParser.java,org.openrewrite.mainframe.jcl.internal.grammar.JCLParser$Jes2WordContext,jes2Word,try-catch,RecognitionException,custom,,
src/main/java/org/openrewrite/mainframe/jcl/internal/grammar/JCLParser.java,org.openrewrite.mainframe.jcl.internal.grammar.JCLParser$Jes3Context,jes3,throws-declaration,RecognitionException,propagate,,
src/main/java/org/openrewrite/mainframe/jcl/internal/grammar/JCLParser.java,org.openrewrite.mainframe.jcl.internal.grammar.JCLParser$Jes3Context,jes3,try-catch,RecognitionException,custom,,
src/main/java/org/openrewrite/mainframe/jcl/internal/grammar/JCLParser.java,org.openrewrite.mainframe.jcl.internal.grammar.JCLParser$Jes3WordContext,jes3Word,throws-declaration,RecognitionException,propagate,,
src/main/java/org/openrewrite/mainframe/jcl/internal/grammar/JCLParser.java,org.openrewrite.mainframe.jcl.internal.grammar.JCLParser$Jes3WordContext,jes3Word,try-catch,RecognitionException,custom,,
src/main/java/org/openrewrite/mainframe/jcl/internal/grammar/JCLParser.java,org.openrewrite.mainframe.jcl.internal.grammar.JCLParser$StreamContext,stream,throws-declaration,RecognitionException,propagate,,
src/main/java/org/openrewrite/mainframe/jcl/internal/grammar/JCLParser.java,org.openrewrite.mainframe.jcl.internal.grammar.JCLParser$StreamContext,stream,try-catch,RecognitionException,custom,,
src/main/java/org/openrewrite/mainframe/jcl/internal/grammar/JCLParser.java,org.openrewrite.mainframe.jcl.internal.grammar.JCLParser$StreamWordContext,streamWord,throws-declaration,RecognitionException,propagate,,
src/main/java/org/openrewrite/mainframe/jcl/internal/grammar/JCLParser.java,org.openrewrite.mainframe.jcl.internal.grammar.JCLParser$StreamWordContext,streamWord,try-catch,RecognitionException,custom,,
src/main/java/org/openrewrite/mainframe/jcl/internal/grammar/JCLParser.java,org.openrewrite.mainframe.jcl.internal.grammar.JCLParser$ControlMContext,controlM,throws-declaration,RecognitionException,propagate,,
src/main/java/org/openrewrite/mainframe/jcl/internal/grammar/JCLParser.java,org.openrewrite.mainframe.jcl.internal.grammar.JCLParser$ControlMContext,controlM,try-catch,RecognitionException,custom,,
src/main/java/org/openrewrite/mainframe/jcl/internal/grammar/JCLParser.java,org.openrewrite.mainframe.jcl.internal.grammar.JCLParser$ControlMWordContext,controlMWord,throws-declaration,RecognitionException,propagate,,
src/main/java/org/openrewrite/mainframe/jcl/internal/grammar/JCLParser.java,org.openrewrite.mainframe.jcl.internal.grammar.JCLParser$ControlMWordContext,controlMWord,try-catch,RecognitionException,custom,,
src/main/java/org/openrewrite/mainframe/jcl/internal/grammar/JCLParser.java,org.openrewrite.mainframe.jcl.internal.grammar.JCLParser$CommentContext,comment,throws-declaration,RecognitionException,propagate,,
src/main/java/org/openrewrite/mainframe/jcl/internal/grammar/JCLParser.java,org.openrewrite.mainframe.jcl.internal.grammar.JCLParser$CommentContext,comment,try-catch,RecognitionException,custom,,
src/main/java/org/openrewrite/mainframe/jcl/internal/grammar/JCLParser.java,org.openrewrite.mainframe.jcl.internal.grammar.JCLParser$CommentWordContext,commentWord,throws-declaration,RecognitionException,propagate,,
src/main/java/org/openrewrite/mainframe/jcl/internal/grammar/JCLParser.java,org.openrewrite.mainframe.jcl.internal.grammar.JCLParser$CommentWordContext,commentWord,try-catch,RecognitionException,custom,,
src/main/java/org/openrewrite/mainframe/jcl/internal/grammar/JCLParser.java,org.openrewrite.mainframe.jcl.internal.grammar.JCLParser$UnknownContext,unknown,throws-declaration,RecognitionException,propagate,,
src/main/java/org/openrewrite/mainframe/jcl/internal/grammar/JCLParser.java,org.openrewrite.mainframe.jcl.internal.grammar.JCLParser$UnknownContext,unknown,try-catch,RecognitionException,custom,,
src/main/java/org/openrewrite/mainframe/jcl/internal/grammar/JCLParser.java,org.openrewrite.mainframe.jcl.internal.grammar.JCLParser$UnknownWordContext,unknownWord,throws-declaration,RecognitionException,propagate,,
src/main/java/org/openrewrite/mainframe/jcl/internal/grammar/JCLParser.java,org.openrewrite.mainframe.jcl.internal.grammar.JCLParser$UnknownWordContext,unknownWord,try-catch,RecognitionException,custom,,
src/main/java/org/openrewrite/mainframe/jcl/internal/grammar/JCLParser.java,org.openrewrite.mainframe.jcl.internal.grammar.JCLParser$CommentAreaContext,commentArea,throws-declaration,RecognitionException,propagate,,
src/main/java/org/openrewrite/mainframe/jcl/internal/grammar/JCLParser.java,org.openrewrite.mainframe.jcl.internal.grammar.JCLParser$CommentAreaContext,commentArea,try-catch,RecognitionException,custom,,
src/main/java/org/openrewrite/mainframe/linkedit/LinkEditParser.java,org.openrewrite.mainframe.linkedit.LinkEditParser,parseInputs,try-catch,Throwable,recover,,
src/main/java/org/openrewrite/mainframe/linkedit/internal/grammar/LinkEditParser.java,org.openrewrite.mainframe.linkedit.internal.grammar.LinkEditParser$CompilationUnitContext,compilationUnit,throws-declaration,RecognitionException,propagate,,
src/main/java/org/openrewrite/mainframe/linkedit/internal/grammar/LinkEditParser.java,org.openrewrite.mainframe.linkedit.internal.grammar.LinkEditParser$CompilationUnitContext,compilationUnit,try-catch,RecognitionException,custom,,
src/main/java/org/openrewrite/mainframe/linkedit/internal/grammar/LinkEditParser.java,org.openrewrite.mainframe.linkedit.internal.grammar.LinkEditParser$WordContext,word,throws-declaration,RecognitionException,propagate,,
src/main/java/org/openrewrite/mainframe/linkedit/internal/grammar/LinkEditParser.java,org.openrewrite.mainframe.linkedit.internal.grammar.LinkEditParser$WordContext,word,try-catch,RecognitionException,custom,,
src/main/java/org/openrewrite/mainframe/trait/Script.java,org.openrewrite.mainframe.trait.Script,positionalCount,try-catch,NumberFormatException,recover,,
src/test/java/org/openrewrite/mainframe/PlainTextCorpusTest.java,org.openrewrite.mainframe.PlainTextCorpusTest,readsRealScriptsAndRunBooks,throws-declaration,IOException,propagate,,
src/test/java/org/openrewrite/mainframe/PlainTextCorpusTest.java,org.openrewrite.mainframe.PlainTextCorpusTest,readsTheCAndPliOfTheEstate,throws-declaration,IOException,propagate,,
src/test/java/org/openrewrite/mainframe/PlainTextCorpusTest.java,org.openrewrite.mainframe.PlainTextCorpusTest,readsWhatEachStatementOfTheFixtureScriptsReaches,throws-declaration,IOException,propagate,,
src/test/java/org/openrewrite/mainframe/PlainTextCorpusTest.java,org.openrewrite.mainframe.PlainTextCorpusTest,readsTheLibraryAndDdNameOfEachStatement,throws-declaration,IOException,propagate,,
src/test/java/org/openrewrite/mainframe/PlainTextCorpusTest.java,org.openrewrite.mainframe.PlainTextCorpusTest,readsWhatTheFixtureClistsSetCallAndDeclare,throws-declaration,IOException,propagate,,
src/test/java/org/openrewrite/mainframe/PlainTextCorpusTest.java,org.openrewrite.mainframe.PlainTextCorpusTest,findsEveryNameTheFixtureScriptsWriteDown,throws-declaration,IOException,propagate,,
src/test/java/org/openrewrite/mainframe/PlainTextCorpusTest.java,org.openrewrite.mainframe.PlainTextCorpusTest,readsWhatEachRunBookOfTheFixtureDocuments,throws-declaration,IOException,propagate,,
src/test/java/org/openrewrite/mainframe/PlainTextCorpusTest.java,org.openrewrite.mainframe.PlainTextCorpusTest,readsTheLabelledFieldsOfTheFixtureRunBooks,throws-declaration,IOException,propagate,,
src/test/java/org/openrewrite/mainframe/PlainTextCorpusTest.java,org.openrewrite.mainframe.PlainTextCorpusTest,findsTheNamesEachRunBookMentions,throws-declaration,IOException,propagate,,
src/test/java/org/openrewrite/mainframe/PlainTextCorpusTest.java,org.openrewrite.mainframe.PlainTextCorpusTest,scripts,throws-declaration,IOException,propagate,,
src/test/java/org/openrewrite/mainframe/PlainTextCorpusTest.java,org.openrewrite.mainframe.PlainTextCorpusTest,runBooks,throws-declaration,IOException,propagate,,
src/test/java/org/openrewrite/mainframe/PlainTextCorpusTest.java,org.openrewrite.mainframe.PlainTextCorpusTest,references,throws-declaration,IOException,propagate,,
src/test/java/org/openrewrite/mainframe/assembler/AssemblerParserTest.java,org.openrewrite.mainframe.assembler.AssemblerParserTest,declinesAnImsGenMemberKeptAsAssembler,throws-declaration,IOException,propagate,,
src/test/java/org/openrewrite/mainframe/assembler/trait/AssemblerCorpusTest.java,org.openrewrite.mainframe.assembler.trait.AssemblerCorpusTest,readsRealAssembler,throws-declaration,IOException,propagate,,
src/test/java/org/openrewrite/mainframe/assembler/trait/AssemblerCorpusTest.java,org.openrewrite.mainframe.assembler.trait.AssemblerCorpusTest,readsWhatTheFixtureReachesInItsMacroLibrary,throws-declaration,IOException,propagate,,
src/test/java/org/openrewrite/mainframe/assembler/trait/AssemblerCorpusTest.java,org.openrewrite.mainframe.assembler.trait.AssemblerCorpusTest,readsEveryCallTheFixtureWritesInAssembler,throws-declaration,IOException,propagate,,
src/test/java/org/openrewrite/mainframe/assembler/trait/AssemblerCorpusTest.java,org.openrewrite.mainframe.assembler.trait.AssemblerCorpusTest,readsTheFixtureLayoutsAsItsOwnDocumentationDescribesThem,throws-declaration,IOException,propagate,,
src/test/java/org/openrewrite/mainframe/assembler/trait/AssemblerCorpusTest.java,org.openrewrite.mainframe.assembler.trait.AssemblerCorpusTest,readsTheFixtureDliCallsAndDdNames,throws-declaration,IOException,propagate,,
src/test/java/org/openrewrite/mainframe/assembler/trait/AssemblerCorpusTest.java,org.openrewrite.mainframe.assembler.trait.AssemblerCorpusTest,readsTheNameEachFixtureProgramOffersItsCallers,throws-declaration,IOException,propagate,,
src/test/java/org/openrewrite/mainframe/assembler/trait/AssemblerCorpusTest.java,org.openrewrite.mainframe.assembler.trait.AssemblerCorpusTest,programs,throws-declaration,IOException,propagate,,
src/test/java/org/openrewrite/mainframe/assembler/trait/AssemblerCorpusTest.java,org.openrewrite.mainframe.assembler.trait.AssemblerCorpusTest,members,throws-declaration,IOException,propagate,,
src/test/java/org/openrewrite/mainframe/bms/trait/BmsCorpusTest.java,org.openrewrite.mainframe.bms.trait.BmsCorpusTest,readsRealMapsets,throws-declaration,IOException,propagate,,
src/test/java/org/openrewrite/mainframe/cobol/Corpus.java,org.openrewrite.mainframe.cobol.Corpus,repositories,throws-declaration,IOException,propagate,,
src/test/java/org/openrewrite/mainframe/cobol/Corpus.java,org.openrewrite.mainframe.cobol.Corpus,programs,throws-declaration,IOException,propagate,,
src/test/java/org/openrewrite/mainframe/cobol/Corpus.java,org.openrewrite.mainframe.cobol.Corpus,copybooks,throws-declaration,IOException,propagate,,
src/test/java/org/openrewrite/mainframe/cobol/Corpus.java,org.openrewrite.mainframe.cobol.Corpus,mapsets,throws-declaration,IOException,propagate,,
src/test/java/org/openrewrite/mainframe/cobol/Corpus.java,org.openrewrite.mainframe.cobol.Corpus,imsDefinitions,throws-declaration,IOException,propagate,,
src/test/java/org/openrewrite/mainframe/cobol/Corpus.java,org.openrewrite.mainframe.cobol.Corpus,assemblerMembers,throws-declaration,IOException,propagate,,
src/test/java/org/openrewrite/mainframe/cobol/Corpus.java,org.openrewrite.mainframe.cobol.Corpus,sasPrograms,throws-declaration,IOException,propagate,,
src/test/java/org/openrewrite/mainframe/cobol/Corpus.java,org.openrewrite.mainframe.cobol.Corpus,scripts,throws-declaration,IOException,propagate,,
src/test/java/org/openrewrite/mainframe/cobol/Corpus.java,org.openrewrite.mainframe.cobol.Corpus,runBooks,throws-declaration,IOException,propagate,,
src/test/java/org/openrewrite/mainframe/cobol/Corpus.java,org.openrewrite.mainframe.cobol.Corpus,cSources,throws-declaration,IOException,propagate,,
src/test/java/org/openrewrite/mainframe/cobol/Corpus.java,org.openrewrite.mainframe.cobol.Corpus,pliSources,throws-declaration,IOException,propagate,,
src/test/java/org/openrewrite/mainframe/cobol/Corpus.java,org.openrewrite.mainframe.cobol.Corpus,jobs,throws-declaration,IOException,propagate,,
src/test/java/org/openrewrite/mainframe/cobol/Corpus.java,org.openrewrite.mainframe.cobol.Corpus,schedules,throws-declaration,IOException,propagate,,
src/test/java/org/openrewrite/mainframe/cobol/Corpus.java,org.openrewrite.mainframe.cobol.Corpus,bindDecks,throws-declaration,IOException,propagate,,
src/test/java/org/openrewrite/mainframe/cobol/Corpus.java,org.openrewrite.mainframe.cobol.Corpus,linkEditDecks,throws-declaration,IOException,propagate,,
src/test/java/org/openrewrite/mainframe/cobol/Corpus.java,org.openrewrite.mainframe.cobol.Corpus,moduleListings,throws-declaration,IOException,propagate,,
src/test/java/org/openrewrite/mainframe/cobol/Corpus.java,org.openrewrite.mainframe.cobol.Corpus,sortCards,throws-declaration,IOException,propagate,,
src/test/java/org/openrewrite/mainframe/cobol/Corpus.java,org.openrewrite.mainframe.cobol.Corpus,idcamsCards,throws-declaration,IOException,propagate,,
src/test/java/org/openrewrite/mainframe/cobol/Corpus.java,org.openrewrite.mainframe.cobol.Corpus,utilityCards,throws-declaration,IOException,propagate,,
src/test/java/org/openrewrite/mainframe/cobol/Corpus.java,org.openrewrite.mainframe.cobol.Corpus,members,throws-declaration,IOException,propagate,,
src/test/java/org/openrewrite/mainframe/cobol/Corpus.java,org.openrewrite.mainframe.cobol.Corpus,inputs,try-catch,IOException,wrap,,
src/test/java/org/openrewrite/mainframe/cobol/Corpus.java,org.openrewrite.mainframe.cobol.Corpus,files,throws-declaration,IOException,propagate,,
src/test/java/org/openrewrite/mainframe/cobol/CorpusCoverageTest.java,org.openrewrite.mainframe.cobol.CorpusCoverageTest,measure,throws-declaration,IOException,propagate,,
src/test/java/org/openrewrite/mainframe/cobol/FixtureCoverageTest.java,org.openrewrite.mainframe.cobol.FixtureCoverageTest,everyMemberIsReadByOneReaderOrNone,throws-declaration,IOException,propagate,,
src/test/java/org/openrewrite/mainframe/cobol/FixtureCoverageTest.java,org.openrewrite.mainframe.cobol.FixtureCoverageTest,members,throws-declaration,IOException,propagate,,
src/test/java/org/openrewrite/mainframe/cobol/FixtureCoverageTest.java,org.openrewrite.mainframe.cobol.FixtureCoverageTest,readBack,throws-declaration,IOException,propagate,,
src/test/java/org/openrewrite/mainframe/cobol/trait/DataNameTest.java,org.openrewrite.mainframe.cobol.trait.DataNameTest,readsRealPrograms,throws-declaration,IOException,propagate,,
src/test/java/org/openrewrite/mainframe/cobol/trait/SearchableTextTest.java,org.openrewrite.mainframe.cobol.trait.SearchableTextTest$Found,readsRealPrograms,throws-declaration,IOException,propagate,,
src/test/java/org/openrewrite/mainframe/cobol/tree/preprocessor/CobolPreprocessorCopyTest.java,org.openrewrite.mainframe.cobol.tree.preprocessor.CobolPreprocessorCopyTest,getSource,try-catch,IOException,wrap,,
src/test/java/org/openrewrite/mainframe/controlcard/ControlCardCorpusTest.java,org.openrewrite.mainframe.controlcard.ControlCardCorpusTest,readsRealControlCardMembers,throws-declaration,IOException,propagate,,
src/test/java/org/openrewrite/mainframe/controlcard/ControlCardCorpusTest.java,org.openrewrite.mainframe.controlcard.ControlCardCorpusTest,typesTheFixtureMembersByWhatTheySay,throws-declaration,IOException,propagate,,
src/test/java/org/openrewrite/mainframe/controlcard/ControlCardCorpusTest.java,org.openrewrite.mainframe.controlcard.ControlCardCorpusTest,readsTheFixtureCardsNameByName,throws-declaration,IOException,propagate,,
src/test/java/org/openrewrite/mainframe/controlcard/idcams/IdcamsParserTest.java,org.openrewrite.mainframe.controlcard.idcams.IdcamsParserTest,refusesAMemberThatIsNotAnIdcamsDeck,throws-declaration,IOException,propagate,,
src/test/java/org/openrewrite/mainframe/controlcard/sort/SortParserTest.java,org.openrewrite.mainframe.controlcard.sort.SortParserTest,refusesAMemberThatIsNotASortDeck,throws-declaration,IOException,propagate,,
src/test/java/org/openrewrite/mainframe/controlcard/utility/UtilityParserTest.java,org.openrewrite.mainframe.controlcard.utility.UtilityParserTest,aMemberThatRunsNoUtilityIsNotADeck,throws-declaration,IOException,propagate,,
src/test/java/org/openrewrite/mainframe/controlcard/utility/UtilityParserTest.java,org.openrewrite.mainframe.controlcard.utility.UtilityParserTest,aSortDeckIsNotADeck,throws-declaration,IOException,propagate,,
src/test/java/org/openrewrite/mainframe/controlcard/utility/UtilityParserTest.java,org.openrewrite.mainframe.controlcard.utility.UtilityParserTest,printsBackACarriageReturnedDeck,throws-declaration,IOException,propagate,,
src/test/java/org/openrewrite/mainframe/controlcard/utility/trait/UnloadCorpusTest.java,org.openrewrite.mainframe.controlcard.utility.trait.UnloadCorpusTest,readsRealUtilityDecks,throws-declaration,IOException,propagate,,
src/test/java/org/openrewrite/mainframe/controlcard/utility/trait/UnloadCorpusTest.java,org.openrewrite.mainframe.controlcard.utility.trait.UnloadCorpusTest,readsTheFixtureDecksDeckByDeck,throws-declaration,IOException,propagate,,
src/test/java/org/openrewrite/mainframe/controlcard/utility/trait/UnloadCorpusTest.java,org.openrewrite.mainframe.controlcard.utility.trait.UnloadCorpusTest,readsWhatEachFixtureDeckLeavesToTheSite,throws-declaration,IOException,propagate,,
src/test/java/org/openrewrite/mainframe/controlcard/utility/trait/UnloadCorpusTest.java,org.openrewrite.mainframe.controlcard.utility.trait.UnloadCorpusTest,unloadOf,throws-declaration,IOException,propagate,,
src/test/java/org/openrewrite/mainframe/controlm/trait/ControlMCorpusTest.java,org.openrewrite.mainframe.controlm.trait.ControlMCorpusTest,readsRealSchedules,throws-declaration,IOException,propagate,,
src/test/java/org/openrewrite/mainframe/db2/bind/BindParserTest.java,org.openrewrite.mainframe.db2.bind.BindParserTest,acceptsAnExtensionlessMemberThatBinds,throws-declaration,IOException,propagate,,
src/test/java/org/openrewrite/mainframe/db2/bind/BindParserTest.java,org.openrewrite.mainframe.db2.bind.BindParserTest,write,throws-declaration,IOException,propagate,,
src/test/java/org/openrewrite/mainframe/db2/bind/trait/BindCorpusTest.java,org.openrewrite.mainframe.db2.bind.trait.BindCorpusTest,readsRealBindDecks,throws-declaration,IOException,propagate,,
src/test/java/org/openrewrite/mainframe/db2/bind/trait/BindCorpusTest.java,org.openrewrite.mainframe.db2.bind.trait.BindCorpusTest,readsTheFixtureDecksNameByName,throws-declaration,IOException,propagate,,
src/test/java/org/openrewrite/mainframe/db2/trait/Db2CorpusTest.java,org.openrewrite.mainframe.db2.trait.Db2CorpusTest,readsRealSchemas,throws-declaration,IOException,propagate,,
src/test/java/org/openrewrite/mainframe/db2/trait/Db2CorpusTest.java,org.openrewrite.mainframe.db2.trait.Db2CorpusTest,readsTheFixtureSchemaObjectByObject,throws-declaration,IOException,propagate,,
src/test/java/org/openrewrite/mainframe/db2/trait/Db2CorpusTest.java,org.openrewrite.mainframe.db2.trait.Db2CorpusTest,parseJob,throws-declaration,IOException,propagate,,
src/test/java/org/openrewrite/mainframe/db2/trait/Db2CorpusTest.java,org.openrewrite.mainframe.db2.trait.Db2CorpusTest,read,throws-declaration,IOException,propagate,,
src/test/java/org/openrewrite/mainframe/db2/trait/Db2CorpusTest.java,org.openrewrite.mainframe.db2.trait.Db2CorpusTest,members,throws-declaration,IOException,propagate,,
src/test/java/org/openrewrite/mainframe/ims/ImsParserTest.java,org.openrewrite.mainframe.ims.ImsParserTest,anAssemblerMemberIsClaimedOnlyWhenItGens,throws-declaration,IOException,propagate,,
src/test/java/org/openrewrite/mainframe/ims/ImsParserTest.java,org.openrewrite.mainframe.ims.ImsParserTest,write,throws-declaration,IOException,propagate,,
src/test/java/org/openrewrite/mainframe/ims/trait/ImsCorpusTest.java,org.openrewrite.mainframe.ims.trait.ImsCorpusTest,readsRealDefinitions,throws-declaration,IOException,propagate,,
src/test/java/org/openrewrite/mainframe/ims/trait/ImsCorpusTest.java,org.openrewrite.mainframe.ims.trait.ImsCorpusTest,readsTheFixtureAsItsOwnDocumentationDescribesIt,throws-declaration,IOException,propagate,,
src/test/java/org/openrewrite/mainframe/ims/trait/ImsCorpusTest.java,org.openrewrite.mainframe.ims.trait.ImsCorpusTest,readsTheFixturePsbsAsItsOwnDocumentationDescribesIt,throws-declaration,IOException,propagate,,
src/test/java/org/openrewrite/mainframe/ims/trait/ImsCorpusTest.java,org.openrewrite.mainframe.ims.trait.ImsCorpusTest,readsTheFixtureStage1AsItsOwnDocumentationDescribesIt,throws-declaration,IOException,propagate,,
src/test/java/org/openrewrite/mainframe/ims/trait/ImsCorpusTest.java,org.openrewrite.mainframe.ims.trait.ImsCorpusTest,readsTheFixtureFormatSetsAsItsOwnDocumentationDescribesIt,throws-declaration,IOException,propagate,,
src/test/java/org/openrewrite/mainframe/ims/trait/ImsCorpusTest.java,org.openrewrite.mainframe.ims.trait.ImsCorpusTest,fixture,throws-declaration,IOException,propagate,,
src/test/java/org/openrewrite/mainframe/jcl/JclParserTest.java,org.openrewrite.mainframe.jcl.JclParserTest,acceptsAMemberByItsFirstCard,throws-declaration,IOException,propagate,,
src/test/java/org/openrewrite/mainframe/jcl/JclParserTest.java,org.openrewrite.mainframe.jcl.JclParserTest,rejectsAMemberWhoseFirstCardIsNotJcl,throws-declaration,IOException,propagate,,
src/test/java/org/openrewrite/mainframe/jcl/JclParserTest.java,org.openrewrite.mainframe.jcl.JclParserTest,acceptsATemplatedMemberByItsFirstCard,throws-declaration,IOException,propagate,,
src/test/java/org/openrewrite/mainframe/jcl/JclParserTest.java,org.openrewrite.mainframe.jcl.JclParserTest,readsAMemberOfTheLibraryOnce,throws-declaration,IOException,propagate,,
src/test/java/org/openrewrite/mainframe/jcl/JclParserTest.java,org.openrewrite.mainframe.jcl.JclParserTest,open,try-catch,IOException,wrap,,
src/test/java/org/openrewrite/mainframe/jcl/SourcePositionsCorpusTest.java,org.openrewrite.mainframe.jcl.SourcePositionsCorpusTest,placesEveryStatementOfTheCorpus,throws-declaration,IOException,propagate,,
src/test/java/org/openrewrite/mainframe/jcl/trait/ExecutionPathCorpusTest.java,org.openrewrite.mainframe.jcl.trait.ExecutionPathCorpusTest,readsTheUnloadJobsOfTheFixture,throws-declaration,IOException,propagate,,
src/test/java/org/openrewrite/mainframe/jcl/trait/ExecutionPathCorpusTest.java,org.openrewrite.mainframe.jcl.trait.ExecutionPathCorpusTest,fixture,throws-declaration,IOException,propagate,,
src/test/java/org/openrewrite/mainframe/jcl/trait/JclCorpusTest.java,org.openrewrite.mainframe.jcl.trait.JclCorpusTest,readsRealJcl,throws-declaration,IOException,propagate,,
src/test/java/org/openrewrite/mainframe/jcl/trait/JclCorpusTest.java,org.openrewrite.mainframe.jcl.trait.JclCorpusTest,runsTheFixturesJobsThroughItsProcedures,throws-declaration,IOException,propagate,,
src/test/java/org/openrewrite/mainframe/jcl/trait/JclCoverageTest.java,org.openrewrite.mainframe.jcl.trait.JclCoverageTest,listsWhatFellToUnknown,throws-declaration,Exception,propagate,,
src/test/java/org/openrewrite/mainframe/jcl/tree/ParserAssertions.java,org.openrewrite.mainframe.jcl.tree.ParserAssertions,parmMember,try-catch,IOException,wrap,,
src/test/java/org/openrewrite/mainframe/jcl/tree/ParserAssertions.java,org.openrewrite.mainframe.jcl.tree.ParserAssertions,procedureMember,try-catch,IOException,wrap,,
src/test/java/org/openrewrite/mainframe/linkedit/LinkEditParserTest.java,org.openrewrite.mainframe.linkedit.LinkEditParserTest,acceptsAnExtensionlessMemberThatLinks,throws-declaration,IOException,propagate,,
src/test/java/org/openrewrite/mainframe/linkedit/LinkEditParserTest.java,org.openrewrite.mainframe.linkedit.LinkEditParserTest,write,throws-declaration,IOException,propagate,,
src/test/java/org/openrewrite/mainframe/linkedit/trait/LinkEditCorpusTest.java,org.openrewrite.mainframe.linkedit.trait.LinkEditCorpusTest,readsRealLinkEditDecks,throws-declaration,IOException,propagate,,
src/test/java/org/openrewrite/mainframe/linkedit/trait/LinkEditCorpusTest.java,org.openrewrite.mainframe.linkedit.trait.LinkEditCorpusTest,noMemberIsClaimedByTwoParsers,throws-declaration,IOException,propagate,,
src/test/java/org/openrewrite/mainframe/linkedit/trait/LinkEditCorpusTest.java,org.openrewrite.mainframe.linkedit.trait.LinkEditCorpusTest,readsTheFixtureDecksNameByName,throws-declaration,IOException,propagate,,
src/test/java/org/openrewrite/mainframe/linkedit/trait/LinkEditCorpusTest.java,org.openrewrite.mainframe.linkedit.trait.LinkEditCorpusTest,templates,throws-declaration,IOException,propagate,,
src/test/java/org/openrewrite/mainframe/linkedit/trait/LinkEditCorpusTest.java,org.openrewrite.mainframe.linkedit.trait.LinkEditCorpusTest,read,try-catch,IOException,recover,,
src/test/java/org/openrewrite/mainframe/listload/trait/ListLoadCorpusTest.java,org.openrewrite.mainframe.listload.trait.ListLoadCorpusTest,readsRealModuleListings,throws-declaration,IOException,propagate,,
src/test/java/org/openrewrite/mainframe/listload/trait/ListLoadCorpusTest.java,org.openrewrite.mainframe.listload.trait.ListLoadCorpusTest,readsTheFixtureListingsModuleByModule,throws-declaration,IOException,propagate,,
src/test/java/org/openrewrite/mainframe/listload/trait/ListLoadCorpusTest.java,org.openrewrite.mainframe.listload.trait.ListLoadCorpusTest,whatTheBinderPrintedAgreesWithWhatAmblistFound,throws-declaration,IOException,propagate,,
src/test/java/org/openrewrite/mainframe/listload/trait/ListLoadCorpusTest.java,org.openrewrite.mainframe.listload.trait.ListLoadCorpusTest,typesTheRequestDecksAndNothingElse,throws-declaration,IOException,propagate,,
src/test/java/org/openrewrite/mainframe/sas/trait/SasCorpusTest.java,org.openrewrite.mainframe.sas.trait.SasCorpusTest,readsRealSas,throws-declaration,IOException,propagate,,
src/test/java/org/openrewrite/mainframe/sas/trait/SasCorpusTest.java,org.openrewrite.mainframe.sas.trait.SasCorpusTest,readsEveryIncludeTheFixtureWrites,throws-declaration,IOException,propagate,,
src/test/java/org/openrewrite/mainframe/sas/trait/SasCorpusTest.java,org.openrewrite.mainframe.sas.trait.SasCorpusTest,readsTheDdNamesTheFixtureReachesItsDataBy,throws-declaration,IOException,propagate,,
src/test/java/org/openrewrite/mainframe/sas/trait/SasCorpusTest.java,org.openrewrite.mainframe.sas.trait.SasCorpusTest,readsTheMacroTheFixtureDefinesAndEveryInvocationOfIt,throws-declaration,IOException,propagate,,
src/test/java/org/openrewrite/mainframe/sas/trait/SasCorpusTest.java,org.openrewrite.mainframe.sas.trait.SasCorpusTest,readsTheTwoInputLayoutsColumnForColumn,throws-declaration,IOException,propagate,,
src/test/java/org/openrewrite/mainframe/sas/trait/SasCorpusTest.java,org.openrewrite.mainframe.sas.trait.SasCorpusTest,readsTheOneDb2TableTheFixtureReaches,throws-declaration,IOException,propagate,,
src/test/java/org/openrewrite/mainframe/sas/trait/SasCorpusTest.java,org.openrewrite.mainframe.sas.trait.SasCorpusTest,readsTheProgramTheJobWritesInStream,throws-declaration,IOException,propagate,,
src/test/java/org/openrewrite/mainframe/sas/trait/SasCorpusTest.java,org.openrewrite.mainframe.sas.trait.SasCorpusTest,programs,throws-declaration,IOException,propagate,,
src/test/java/org/openrewrite/mainframe/sas/trait/SasCorpusTest.java,org.openrewrite.mainframe.sas.trait.SasCorpusTest,job,throws-declaration,IOException,propagate,,
