Package name,Afferent coupling (Ca),Efferent coupling (Ce),Instability,Abstractness,Distance from main sequence,In cycle,Cycle members
org.openrewrite.mainframe.cobol.tree,9,2,0.18181818181818182,0.0273972602739726,0.7907845579078456,true,"org.openrewrite.mainframe,org.openrewrite.mainframe.assembler,org.openrewrite.mainframe.assembler.internal,org.openrewrite.mainframe.assembler.marker,org.openrewrite.mainframe.assembler.tree,org.openrewrite.mainframe.bms,org.openrewrite.mainframe.bms.internal,org.openrewrite.mainframe.bms.marker,org.openrewrite.mainframe.bms.tree,org.openrewrite.mainframe.cobol,org.openrewrite.mainframe.cobol.internal,org.openrewrite.mainframe.cobol.marker,org.openrewrite.mainframe.cobol.trait,org.openrewrite.mainframe.cobol.tree,org.openrewrite.mainframe.controlcard,org.openrewrite.mainframe.controlcard.idcams,org.openrewrite.mainframe.controlcard.idcams.internal,org.openrewrite.mainframe.controlcard.idcams.trait,org.openrewrite.mainframe.controlcard.idcams.tree,org.openrewrite.mainframe.controlcard.sort,org.openrewrite.mainframe.controlcard.sort.internal,org.openrewrite.mainframe.controlcard.sort.trait,org.openrewrite.mainframe.controlcard.sort.tree,org.openrewrite.mainframe.controlcard.utility,org.openrewrite.mainframe.controlcard.utility.internal,org.openrewrite.mainframe.controlcard.utility.marker,org.openrewrite.mainframe.controlcard.utility.trait,org.openrewrite.mainframe.controlcard.utility.tree,org.openrewrite.mainframe.controlm,org.openrewrite.mainframe.controlm.internal,org.openrewrite.mainframe.controlm.marker,org.openrewrite.mainframe.controlm.trait,org.openrewrite.mainframe.controlm.tree,org.openrewrite.mainframe.db2.bind,org.openrewrite.mainframe.db2.bind.internal,org.openrewrite.mainframe.db2.bind.trait,org.openrewrite.mainframe.db2.bind.tree,org.openrewrite.mainframe.ims,org.openrewrite.mainframe.ims.internal,org.openrewrite.mainframe.ims.marker,org.openrewrite.mainframe.ims.tree,org.openrewrite.mainframe.jcl,org.openrewrite.mainframe.jcl.internal,org.openrewrite.mainframe.jcl.marker,org.openrewrite.mainframe.jcl.trait,org.openrewrite.mainframe.jcl.tree,org.openrewrite.mainframe.linkedit,org.openrewrite.mainframe.linkedit.internal,org.openrewrite.mainframe.linkedit.trait,org.openrewrite.mainframe.linkedit.tree,org.openrewrite.mainframe.trait"
org.openrewrite.mainframe.ims,6,6,0.5,0.0,0.5,true,"org.openrewrite.mainframe,org.openrewrite.mainframe.assembler,org.openrewrite.mainframe.assembler.internal,org.openrewrite.mainframe.assembler.marker,org.openrewrite.mainframe.assembler.tree,org.openrewrite.mainframe.bms,org.openrewrite.mainframe.bms.internal,org.openrewrite.mainframe.bms.marker,org.openrewrite.mainframe.bms.tree,org.openrewrite.mainframe.cobol,org.openrewrite.mainframe.cobol.internal,org.openrewrite.mainframe.cobol.marker,org.openrewrite.mainframe.cobol.trait,org.openrewrite.mainframe.cobol.tree,org.openrewrite.mainframe.controlcard,org.openrewrite.mainframe.controlcard.idcams,org.openrewrite.mainframe.controlcard.idcams.internal,org.openrewrite.mainframe.controlcard.idcams.trait,org.openrewrite.mainframe.controlcard.idcams.tree,org.openrewrite.mainframe.controlcard.sort,org.openrewrite.mainframe.controlcard.sort.internal,org.openrewrite.mainframe.controlcard.sort.trait,org.openrewrite.mainframe.controlcard.sort.tree,org.openrewrite.mainframe.controlcard.utility,org.openrewrite.mainframe.controlcard.utility.internal,org.openrewrite.mainframe.controlcard.utility.marker,org.openrewrite.mainframe.controlcard.utility.trait,org.openrewrite.mainframe.controlcard.utility.tree,org.openrewrite.mainframe.controlm,org.openrewrite.mainframe.controlm.internal,org.openrewrite.mainframe.controlm.marker,org.openrewrite.mainframe.controlm.trait,org.openrewrite.mainframe.controlm.tree,org.openrewrite.mainframe.db2.bind,org.openrewrite.mainframe.db2.bind.internal,org.openrewrite.mainframe.db2.bind.trait,org.openrewrite.mainframe.db2.bind.tree,org.openrewrite.mainframe.ims,org.openrewrite.mainframe.ims.internal,org.openrewrite.mainframe.ims.marker,org.openrewrite.mainframe.ims.tree,org.openrewrite.mainframe.jcl,org.openrewrite.mainframe.jcl.internal,org.openrewrite.mainframe.jcl.marker,org.openrewrite.mainframe.jcl.trait,org.openrewrite.mainframe.jcl.tree,org.openrewrite.mainframe.linkedit,org.openrewrite.mainframe.linkedit.internal,org.openrewrite.mainframe.linkedit.trait,org.openrewrite.mainframe.linkedit.tree,org.openrewrite.mainframe.trait"
org.openrewrite.mainframe.controlcard.utility.tree,5,2,0.2857142857142857,0.2222222222222222,0.4920634920634921,true,"org.openrewrite.mainframe,org.openrewrite.mainframe.assembler,org.openrewrite.mainframe.assembler.internal,org.openrewrite.mainframe.assembler.marker,org.openrewrite.mainframe.assembler.tree,org.openrewrite.mainframe.bms,org.openrewrite.mainframe.bms.internal,org.openrewrite.mainframe.bms.marker,org.openrewrite.mainframe.bms.tree,org.openrewrite.mainframe.cobol,org.openrewrite.mainframe.cobol.internal,org.openrewrite.mainframe.cobol.marker,org.openrewrite.mainframe.cobol.trait,org.openrewrite.mainframe.cobol.tree,org.openrewrite.mainframe.controlcard,org.openrewrite.mainframe.controlcard.idcams,org.openrewrite.mainframe.controlcard.idcams.internal,org.openrewrite.mainframe.controlcard.idcams.trait,org.openrewrite.mainframe.controlcard.idcams.tree,org.openrewrite.mainframe.controlcard.sort,org.openrewrite.mainframe.controlcard.sort.internal,org.openrewrite.mainframe.controlcard.sort.trait,org.openrewrite.mainframe.controlcard.sort.tree,org.openrewrite.mainframe.controlcard.utility,org.openrewrite.mainframe.controlcard.utility.internal,org.openrewrite.mainframe.controlcard.utility.marker,org.openrewrite.mainframe.controlcard.utility.trait,org.openrewrite.mainframe.controlcard.utility.tree,org.openrewrite.mainframe.controlm,org.openrewrite.mainframe.controlm.internal,org.openrewrite.mainframe.controlm.marker,org.openrewrite.mainframe.controlm.trait,org.openrewrite.mainframe.controlm.tree,org.openrewrite.mainframe.db2.bind,org.openrewrite.mainframe.db2.bind.internal,org.openrewrite.mainframe.db2.bind.trait,org.openrewrite.mainframe.db2.bind.tree,org.openrewrite.mainframe.ims,org.openrewrite.mainframe.ims.internal,org.openrewrite.mainframe.ims.marker,org.openrewrite.mainframe.ims.tree,org.openrewrite.mainframe.jcl,org.openrewrite.mainframe.jcl.internal,org.openrewrite.mainframe.jcl.marker,org.openrewrite.mainframe.jcl.trait,org.openrewrite.mainframe.jcl.tree,org.openrewrite.mainframe.linkedit,org.openrewrite.mainframe.linkedit.internal,org.openrewrite.mainframe.linkedit.trait,org.openrewrite.mainframe.linkedit.tree,org.openrewrite.mainframe.trait"
org.openrewrite.mainframe.db2.marker,2,0,0.0,0.0,1.0,false,
org.openrewrite.mainframe.jcl.table,1,0,0.0,0.0,1.0,false,
org.openrewrite.mainframe.db2.tree,3,2,0.4,0.0410958904109589,0.558904109589041,true,"org.openrewrite.mainframe.db2,org.openrewrite.mainframe.db2.internal,org.openrewrite.mainframe.db2.tree"
org.openrewrite.mainframe.assembler,5,4,0.4444444444444444,0.0,0.5555555555555556,true,"org.openrewrite.mainframe,org.openrewrite.mainframe.assembler,org.openrewrite.mainframe.assembler.internal,org.openrewrite.mainframe.assembler.marker,org.openrewrite.mainframe.assembler.tree,org.openrewrite.mainframe.bms,org.openrewrite.mainframe.bms.internal,org.openrewrite.mainframe.bms.marker,org.openrewrite.mainframe.bms.tree,org.openrewrite.mainframe.cobol,org.openrewrite.mainframe.cobol.internal,org.openrewrite.mainframe.cobol.marker,org.openrewrite.mainframe.cobol.trait,org.openrewrite.mainframe.cobol.tree,org.openrewrite.mainframe.controlcard,org.openrewrite.mainframe.controlcard.idcams,org.openrewrite.mainframe.controlcard.idcams.internal,org.openrewrite.mainframe.controlcard.idcams.trait,org.openrewrite.mainframe.controlcard.idcams.tree,org.openrewrite.mainframe.controlcard.sort,org.openrewrite.mainframe.controlcard.sort.internal,org.openrewrite.mainframe.controlcard.sort.trait,org.openrewrite.mainframe.controlcard.sort.tree,org.openrewrite.mainframe.controlcard.utility,org.openrewrite.mainframe.controlcard.utility.internal,org.openrewrite.mainframe.controlcard.utility.marker,org.openrewrite.mainframe.controlcard.utility.trait,org.openrewrite.mainframe.controlcard.utility.tree,org.openrewrite.mainframe.controlm,org.openrewrite.mainframe.controlm.internal,org.openrewrite.mainframe.controlm.marker,org.openrewrite.mainframe.controlm.trait,org.openrewrite.mainframe.controlm.tree,org.openrewrite.mainframe.db2.bind,org.openrewrite.mainframe.db2.bind.internal,org.openrewrite.mainframe.db2.bind.trait,org.openrewrite.mainframe.db2.bind.tree,org.openrewrite.mainframe.ims,org.openrewrite.mainframe.ims.internal,org.openrewrite.mainframe.ims.marker,org.openrewrite.mainframe.ims.tree,org.openrewrite.mainframe.jcl,org.openrewrite.mainframe.jcl.internal,org.openrewrite.mainframe.jcl.marker,org.openrewrite.mainframe.jcl.trait,org.openrewrite.mainframe.jcl.tree,org.openrewrite.mainframe.linkedit,org.openrewrite.mainframe.linkedit.internal,org.openrewrite.mainframe.linkedit.trait,org.openrewrite.mainframe.linkedit.tree,org.openrewrite.mainframe.trait"
org.openrewrite.mainframe.controlcard.sort.internal,2,3,0.6,0.0,0.4,true,"org.openrewrite.mainframe,org.openrewrite.mainframe.assembler,org.openrewrite.mainframe.assembler.internal,org.openrewrite.mainframe.assembler.marker,org.openrewrite.mainframe.assembler.tree,org.openrewrite.mainframe.bms,org.openrewrite.mainframe.bms.internal,org.openrewrite.mainframe.bms.marker,org.openrewrite.mainframe.bms.tree,org.openrewrite.mainframe.cobol,org.openrewrite.mainframe.cobol.internal,org.openrewrite.mainframe.cobol.marker,org.openrewrite.mainframe.cobol.trait,org.openrewrite.mainframe.cobol.tree,org.openrewrite.mainframe.controlcard,org.openrewrite.mainframe.controlcard.idcams,org.openrewrite.mainframe.controlcard.idcams.internal,org.openrewrite.mainframe.controlcard.idcams.trait,org.openrewrite.mainframe.controlcard.idcams.tree,org.openrewrite.mainframe.controlcard.sort,org.openrewrite.mainframe.controlcard.sort.internal,org.openrewrite.mainframe.controlcard.sort.trait,org.openrewrite.mainframe.controlcard.sort.tree,org.openrewrite.mainframe.controlcard.utility,org.openrewrite.mainframe.controlcard.utility.internal,org.openrewrite.mainframe.controlcard.utility.marker,org.openrewrite.mainframe.controlcard.utility.trait,org.openrewrite.mainframe.controlcard.utility.tree,org.openrewrite.mainframe.controlm,org.openrewrite.mainframe.controlm.internal,org.openrewrite.mainframe.controlm.marker,org.openrewrite.mainframe.controlm.trait,org.openrewrite.mainframe.controlm.tree,org.openrewrite.mainframe.db2.bind,org.openrewrite.mainframe.db2.bind.internal,org.openrewrite.mainframe.db2.bind.trait,org.openrewrite.mainframe.db2.bind.tree,org.openrewrite.mainframe.ims,org.openrewrite.mainframe.ims.internal,org.openrewrite.mainframe.ims.marker,org.openrewrite.mainframe.ims.tree,org.openrewrite.mainframe.jcl,org.openrewrite.mainframe.jcl.internal,org.openrewrite.mainframe.jcl.marker,org.openrewrite.mainframe.jcl.trait,org.openrewrite.mainframe.jcl.tree,org.openrewrite.mainframe.linkedit,org.openrewrite.mainframe.linkedit.internal,org.openrewrite.mainframe.linkedit.trait,org.openrewrite.mainframe.linkedit.tree,org.openrewrite.mainframe.trait"
org.openrewrite.mainframe.controlcard,16,11,0.4074074074074074,0.0,0.5925925925925926,true,"org.openrewrite.mainframe,org.openrewrite.mainframe.assembler,org.openrewrite.mainframe.assembler.internal,org.openrewrite.mainframe.assembler.marker,org.openrewrite.mainframe.assembler.tree,org.openrewrite.mainframe.bms,org.openrewrite.mainframe.bms.internal,org.openrewrite.mainframe.bms.marker,org.openrewrite.mainframe.bms.tree,org.openrewrite.mainframe.cobol,org.openrewrite.mainframe.cobol.internal,org.openrewrite.mainframe.cobol.marker,org.openrewrite.mainframe.cobol.trait,org.openrewrite.mainframe.cobol.tree,org.openrewrite.mainframe.controlcard,org.openrewrite.mainframe.controlcard.idcams,org.openrewrite.mainframe.controlcard.idcams.internal,org.openrewrite.mainframe.controlcard.idcams.trait,org.openrewrite.mainframe.controlcard.idcams.tree,org.openrewrite.mainframe.controlcard.sort,org.openrewrite.mainframe.controlcard.sort.internal,org.openrewrite.mainframe.controlcard.sort.trait,org.openrewrite.mainframe.controlcard.sort.tree,org.openrewrite.mainframe.controlcard.utility,org.openrewrite.mainframe.controlcard.utility.internal,org.openrewrite.mainframe.controlcard.utility.marker,org.openrewrite.mainframe.controlcard.utility.trait,org.openrewrite.mainframe.controlcard.utility.tree,org.openrewrite.mainframe.controlm,org.openrewrite.mainframe.controlm.internal,org.openrewrite.mainframe.controlm.marker,org.openrewrite.mainframe.controlm.trait,org.openrewrite.mainframe.controlm.tree,org.openrewrite.mainframe.db2.bind,org.openrewrite.mainframe.db2.bind.internal,org.openrewrite.mainframe.db2.bind.trait,org.openrewrite.mainframe.db2.bind.tree,org.openrewrite.mainframe.ims,org.openrewrite.mainframe.ims.internal,org.openrewrite.mainframe.ims.marker,org.openrewrite.mainframe.ims.tree,org.openrewrite.mainframe.jcl,org.openrewrite.mainframe.jcl.internal,org.openrewrite.mainframe.jcl.marker,org.openrewrite.mainframe.jcl.trait,org.openrewrite.mainframe.jcl.tree,org.openrewrite.mainframe.linkedit,org.openrewrite.mainframe.linkedit.internal,org.openrewrite.mainframe.linkedit.trait,org.openrewrite.mainframe.linkedit.tree,org.openrewrite.mainframe.trait"
org.openrewrite.mainframe.cobol.tree.preprocessor,0,3,1.0,0.0,0.0,false,
org.openrewrite.mainframe.assembler.internal,1,3,0.75,0.0,0.25,true,"org.openrewrite.mainframe,org.openrewrite.mainframe.assembler,org.openrewrite.mainframe.assembler.internal,org.openrewrite.mainframe.assembler.marker,org.openrewrite.mainframe.assembler.tree,org.openrewrite.mainframe.bms,org.openrewrite.mainframe.bms.internal,org.openrewrite.mainframe.bms.marker,org.openrewrite.mainframe.bms.tree,org.openrewrite.mainframe.cobol,org.openrewrite.mainframe.cobol.internal,org.openrewrite.mainframe.cobol.marker,org.openrewrite.mainframe.cobol.trait,org.openrewrite.mainframe.cobol.tree,org.openrewrite.mainframe.controlcard,org.openrewrite.mainframe.controlcard.idcams,org.openrewrite.mainframe.controlcard.idcams.internal,org.openrewrite.mainframe.controlcard.idcams.trait,org.openrewrite.mainframe.controlcard.idcams.tree,org.openrewrite.mainframe.controlcard.sort,org.openrewrite.mainframe.controlcard.sort.internal,org.openrewrite.mainframe.controlcard.sort.trait,org.openrewrite.mainframe.controlcard.sort.tree,org.openrewrite.mainframe.controlcard.utility,org.openrewrite.mainframe.controlcard.utility.internal,org.openrewrite.mainframe.controlcard.utility.marker,org.openrewrite.mainframe.controlcard.utility.trait,org.openrewrite.mainframe.controlcard.utility.tree,org.openrewrite.mainframe.controlm,org.openrewrite.mainframe.controlm.internal,org.openrewrite.mainframe.controlm.marker,org.openrewrite.mainframe.controlm.trait,org.openrewrite.mainframe.controlm.tree,org.openrewrite.mainframe.db2.bind,org.openrewrite.mainframe.db2.bind.internal,org.openrewrite.mainframe.db2.bind.trait,org.openrewrite.mainframe.db2.bind.tree,org.openrewrite.mainframe.ims,org.openrewrite.mainframe.ims.internal,org.openrewrite.mainframe.ims.marker,org.openrewrite.mainframe.ims.tree,org.openrewrite.mainframe.jcl,org.openrewrite.mainframe.jcl.internal,org.openrewrite.mainframe.jcl.marker,org.openrewrite.mainframe.jcl.trait,org.openrewrite.mainframe.jcl.tree,org.openrewrite.mainframe.linkedit,org.openrewrite.mainframe.linkedit.internal,org.openrewrite.mainframe.linkedit.trait,org.openrewrite.mainframe.linkedit.tree,org.openrewrite.mainframe.trait"
org.openrewrite.mainframe.cobol,30,17,0.3617021276595745,0.02,0.6182978723404255,true,"org.openrewrite.mainframe,org.openrewrite.mainframe.assembler,org.openrewrite.mainframe.assembler.internal,org.openrewrite.mainframe.assembler.marker,org.openrewrite.mainframe.assembler.tree,org.openrewrite.mainframe.bms,org.openrewrite.mainframe.bms.internal,org.openrewrite.mainframe.bms.marker,org.openrewrite.mainframe.bms.tree,org.openrewrite.mainframe.cobol,org.openrewrite.mainframe.cobol.internal,org.openrewrite.mainframe.cobol.marker,org.openrewrite.mainframe.cobol.trait,org.openrewrite.mainframe.cobol.tree,org.openrewrite.mainframe.controlcard,org.openrewrite.mainframe.controlcard.idcams,org.openrewrite.mainframe.controlcard.idcams.internal,org.openrewrite.mainframe.controlcard.idcams.trait,org.openrewrite.mainframe.controlcard.idcams.tree,org.openrewrite.mainframe.controlcard.sort,org.openrewrite.mainframe.controlcard.sort.internal,org.openrewrite.mainframe.controlcard.sort.trait,org.openrewrite.mainframe.controlcard.sort.tree,org.openrewrite.mainframe.controlcard.utility,org.openrewrite.mainframe.controlcard.utility.internal,org.openrewrite.mainframe.controlcard.utility.marker,org.openrewrite.mainframe.controlcard.utility.trait,org.openrewrite.mainframe.controlcard.utility.tree,org.openrewrite.mainframe.controlm,org.openrewrite.mainframe.controlm.internal,org.openrewrite.mainframe.controlm.marker,org.openrewrite.mainframe.controlm.trait,org.openrewrite.mainframe.controlm.tree,org.openrewrite.mainframe.db2.bind,org.openrewrite.mainframe.db2.bind.internal,org.openrewrite.mainframe.db2.bind.trait,org.openrewrite.mainframe.db2.bind.tree,org.openrewrite.mainframe.ims,org.openrewrite.mainframe.ims.internal,org.openrewrite.mainframe.ims.marker,org.openrewrite.mainframe.ims.tree,org.openrewrite.mainframe.jcl,org.openrewrite.mainframe.jcl.internal,org.openrewrite.mainframe.jcl.marker,org.openrewrite.mainframe.jcl.trait,org.openrewrite.mainframe.jcl.tree,org.openrewrite.mainframe.linkedit,org.openrewrite.mainframe.linkedit.internal,org.openrewrite.mainframe.linkedit.trait,org.openrewrite.mainframe.linkedit.tree,org.openrewrite.mainframe.trait"
org.openrewrite.mainframe.bms.internal.grammar,2,0,0.0,0.11764705882352941,0.8823529411764706,false,
org.openrewrite.mainframe.bms.tree,4,2,0.3333333333333333,0.23076923076923078,0.4358974358974359,true,"org.openrewrite.mainframe,org.openrewrite.mainframe.assembler,org.openrewrite.mainframe.assembler.internal,org.openrewrite.mainframe.assembler.marker,org.openrewrite.mainframe.assembler.tree,org.openrewrite.mainframe.bms,org.openrewrite.mainframe.bms.internal,org.openrewrite.mainframe.bms.marker,org.openrewrite.mainframe.bms.tree,org.openrewrite.mainframe.cobol,org.openrewrite.mainframe.cobol.internal,org.openrewrite.mainframe.cobol.marker,org.openrewrite.mainframe.cobol.trait,org.openrewrite.mainframe.cobol.tree,org.openrewrite.mainframe.controlcard,org.openrewrite.mainframe.controlcard.idcams,org.openrewrite.mainframe.controlcard.idcams.internal,org.openrewrite.mainframe.controlcard.idcams.trait,org.openrewrite.mainframe.controlcard.idcams.tree,org.openrewrite.mainframe.controlcard.sort,org.openrewrite.mainframe.controlcard.sort.internal,org.openrewrite.mainframe.controlcard.sort.trait,org.openrewrite.mainframe.controlcard.sort.tree,org.openrewrite.mainframe.controlcard.utility,org.openrewrite.mainframe.controlcard.utility.internal,org.openrewrite.mainframe.controlcard.utility.marker,org.openrewrite.mainframe.controlcard.utility.trait,org.openrewrite.mainframe.controlcard.utility.tree,org.openrewrite.mainframe.controlm,org.openrewrite.mainframe.controlm.internal,org.openrewrite.mainframe.controlm.marker,org.openrewrite.mainframe.controlm.trait,org.openrewrite.mainframe.controlm.tree,org.openrewrite.mainframe.db2.bind,org.openrewrite.mainframe.db2.bind.internal,org.openrewrite.mainframe.db2.bind.trait,org.openrewrite.mainframe.db2.bind.tree,org.openrewrite.mainframe.ims,org.openrewrite.mainframe.ims.internal,org.openrewrite.mainframe.ims.marker,org.openrewrite.mainframe.ims.tree,org.openrewrite.mainframe.jcl,org.openrewrite.mainframe.jcl.internal,org.openrewrite.mainframe.jcl.marker,org.openrewrite.mainframe.jcl.trait,org.openrewrite.mainframe.jcl.tree,org.openrewrite.mainframe.linkedit,org.openrewrite.mainframe.linkedit.internal,org.openrewrite.mainframe.linkedit.trait,org.openrewrite.mainframe.linkedit.tree,org.openrewrite.mainframe.trait"
org.openrewrite.mainframe.controlm.internal.grammar,2,0,0.0,0.041666666666666664,0.9583333333333334,false,
org.openrewrite.mainframe.cobol.tree.cobol,0,3,1.0,0.0,0.0,false,
org.openrewrite.mainframe.cobol.table,1,0,0.0,0.0,1.0,false,
org.openrewrite.mainframe.controlcard.sort.internal.grammar,2,0,0.0,0.25,0.75,false,
org.openrewrite.mainframe.controlcard.utility,5,9,0.6428571428571429,0.0,0.3571428571428571,true,"org.openrewrite.mainframe,org.openrewrite.mainframe.assembler,org.openrewrite.mainframe.assembler.internal,org.openrewrite.mainframe.assembler.marker,org.openrewrite.mainframe.assembler.tree,org.openrewrite.mainframe.bms,org.openrewrite.mainframe.bms.internal,org.openrewrite.mainframe.bms.marker,org.openrewrite.mainframe.bms.tree,org.openrewrite.mainframe.cobol,org.openrewrite.mainframe.cobol.internal,org.openrewrite.mainframe.cobol.marker,org.openrewrite.mainframe.cobol.trait,org.openrewrite.mainframe.cobol.tree,org.openrewrite.mainframe.controlcard,org.openrewrite.mainframe.controlcard.idcams,org.openrewrite.mainframe.controlcard.idcams.internal,org.openrewrite.mainframe.controlcard.idcams.trait,org.openrewrite.mainframe.controlcard.idcams.tree,org.openrewrite.mainframe.controlcard.sort,org.openrewrite.mainframe.controlcard.sort.internal,org.openrewrite.mainframe.controlcard.sort.trait,org.openrewrite.mainframe.controlcard.sort.tree,org.openrewrite.mainframe.controlcard.utility,org.openrewrite.mainframe.controlcard.utility.internal,org.openrewrite.mainframe.controlcard.utility.marker,org.openrewrite.mainframe.controlcard.utility.trait,org.openrewrite.mainframe.controlcard.utility.tree,org.openrewrite.mainframe.controlm,org.openrewrite.mainframe.controlm.internal,org.openrewrite.mainframe.controlm.marker,org.openrewrite.mainframe.controlm.trait,org.openrewrite.mainframe.controlm.tree,org.openrewrite.mainframe.db2.bind,org.openrewrite.mainframe.db2.bind.internal,org.openrewrite.mainframe.db2.bind.trait,org.openrewrite.mainframe.db2.bind.tree,org.openrewrite.mainframe.ims,org.openrewrite.mainframe.ims.internal,org.openrewrite.mainframe.ims.marker,org.openrewrite.mainframe.ims.tree,org.openrewrite.mainframe.jcl,org.openrewrite.mainframe.jcl.internal,org.openrewrite.mainframe.jcl.marker,org.openrewrite.mainframe.jcl.trait,org.openrewrite.mainframe.jcl.tree,org.openrewrite.mainframe.linkedit,org.openrewrite.mainframe.linkedit.internal,org.openrewrite.mainframe.linkedit.trait,org.openrewrite.mainframe.linkedit.tree,org.openrewrite.mainframe.trait"
org.openrewrite.mainframe.controlcard.utility.marker,3,1,0.25,0.0,0.75,true,"org.openrewrite.mainframe,org.openrewrite.mainframe.assembler,org.openrewrite.mainframe.assembler.internal,org.openrewrite.mainframe.assembler.marker,org.openrewrite.mainframe.assembler.tree,org.openrewrite.mainframe.bms,org.openrewrite.mainframe.bms.internal,org.openrewrite.mainframe.bms.marker,org.openrewrite.mainframe.bms.tree,org.openrewrite.mainframe.cobol,org.openrewrite.mainframe.cobol.internal,org.openrewrite.mainframe.cobol.marker,org.openrewrite.mainframe.cobol.trait,org.openrewrite.mainframe.cobol.tree,org.openrewrite.mainframe.controlcard,org.openrewrite.mainframe.controlcard.idcams,org.openrewrite.mainframe.controlcard.idcams.internal,org.openrewrite.mainframe.controlcard.idcams.trait,org.openrewrite.mainframe.controlcard.idcams.tree,org.openrewrite.mainframe.controlcard.sort,org.openrewrite.mainframe.controlcard.sort.internal,org.openrewrite.mainframe.controlcard.sort.trait,org.openrewrite.mainframe.controlcard.sort.tree,org.openrewrite.mainframe.controlcard.utility,org.openrewrite.mainframe.controlcard.utility.internal,org.openrewrite.mainframe.controlcard.utility.marker,org.openrewrite.mainframe.controlcard.utility.trait,org.openrewrite.mainframe.controlcard.utility.tree,org.openrewrite.mainframe.controlm,org.openrewrite.mainframe.controlm.internal,org.openrewrite.mainframe.controlm.marker,org.openrewrite.mainframe.controlm.trait,org.openrewrite.mainframe.controlm.tree,org.openrewrite.mainframe.db2.bind,org.openrewrite.mainframe.db2.bind.internal,org.openrewrite.mainframe.db2.bind.trait,org.openrewrite.mainframe.db2.bind.tree,org.openrewrite.mainframe.ims,org.openrewrite.mainframe.ims.internal,org.openrewrite.mainframe.ims.marker,org.openrewrite.mainframe.ims.tree,org.openrewrite.mainframe.jcl,org.openrewrite.mainframe.jcl.internal,org.openrewrite.mainframe.jcl.marker,org.openrewrite.mainframe.jcl.trait,org.openrewrite.mainframe.jcl.tree,org.openrewrite.mainframe.linkedit,org.openrewrite.mainframe.linkedit.internal,org.openrewrite.mainframe.linkedit.trait,org.openrewrite.mainframe.linkedit.tree,org.openrewrite.mainframe.trait"
org.openrewrite.mainframe.jcl.internal,2,4,0.6666666666666666,0.0,0.33333333333333337,true,"org.openrewrite.mainframe,org.openrewrite.mainframe.assembler,org.openrewrite.mainframe.assembler.internal,org.openrewrite.mainframe.assembler.marker,org.openrewrite.mainframe.assembler.tree,org.openrewrite.mainframe.bms,org.openrewrite.mainframe.bms.internal,org.openrewrite.mainframe.bms.marker,org.openrewrite.mainframe.bms.tree,org.openrewrite.mainframe.cobol,org.openrewrite.mainframe.cobol.internal,org.openrewrite.mainframe.cobol.marker,org.openrewrite.mainframe.cobol.trait,org.openrewrite.mainframe.cobol.tree,org.openrewrite.mainframe.controlcard,org.openrewrite.mainframe.controlcard.idcams,org.openrewrite.mainframe.controlcard.idcams.internal,org.openrewrite.mainframe.controlcard.idcams.trait,org.openrewrite.mainframe.controlcard.idcams.tree,org.openrewrite.mainframe.controlcard.sort,org.openrewrite.mainframe.controlcard.sort.internal,org.openrewrite.mainframe.controlcard.sort.trait,org.openrewrite.mainframe.controlcard.sort.tree,org.openrewrite.mainframe.controlcard.utility,org.openrewrite.mainframe.controlcard.utility.internal,org.openrewrite.mainframe.controlcard.utility.marker,org.openrewrite.mainframe.controlcard.utility.trait,org.openrewrite.mainframe.controlcard.utility.tree,org.openrewrite.mainframe.controlm,org.openrewrite.mainframe.controlm.internal,org.openrewrite.mainframe.controlm.marker,org.openrewrite.mainframe.controlm.trait,org.openrewrite.mainframe.controlm.tree,org.openrewrite.mainframe.db2.bind,org.openrewrite.mainframe.db2.bind.internal,org.openrewrite.mainframe.db2.bind.trait,org.openrewrite.mainframe.db2.bind.tree,org.openrewrite.mainframe.ims,org.openrewrite.mainframe.ims.internal,org.openrewrite.mainframe.ims.marker,org.openrewrite.mainframe.ims.tree,org.openrewrite.mainframe.jcl,org.openrewrite.mainframe.jcl.internal,org.openrewrite.mainframe.jcl.marker,org.openrewrite.mainframe.jcl.trait,org.openrewrite.mainframe.jcl.tree,org.openrewrite.mainframe.linkedit,org.openrewrite.mainframe.linkedit.internal,org.openrewrite.mainframe.linkedit.trait,org.openrewrite.mainframe.linkedit.tree,org.openrewrite.mainframe.trait"
org.openrewrite.mainframe.assembler.tree,5,2,0.2857142857142857,0.18181818181818182,0.5324675324675325,true,"org.openrewrite.mainframe,org.openrewrite.mainframe.assembler,org.openrewrite.mainframe.assembler.internal,org.openrewrite.mainframe.assembler.marker,org.openrewrite.mainframe.assembler.tree,org.openrewrite.mainframe.bms,org.openrewrite.mainframe.bms.internal,org.openrewrite.mainframe.bms.marker,org.openrewrite.mainframe.bms.tree,org.openrewrite.mainframe.cobol,org.openrewrite.mainframe.cobol.internal,org.openrewrite.mainframe.cobol.marker,org.openrewrite.mainframe.cobol.trait,org.openrewrite.mainframe.cobol.tree,org.openrewrite.mainframe.controlcard,org.openrewrite.mainframe.controlcard.idcams,org.openrewrite.mainframe.controlcard.idcams.internal,org.openrewrite.mainframe.controlcard.idcams.trait,org.openrewrite.mainframe.controlcard.idcams.tree,org.openrewrite.mainframe.controlcard.sort,org.openrewrite.mainframe.controlcard.sort.internal,org.openrewrite.mainframe.controlcard.sort.trait,org.openrewrite.mainframe.controlcard.sort.tree,org.openrewrite.mainframe.controlcard.utility,org.openrewrite.mainframe.controlcard.utility.internal,org.openrewrite.mainframe.controlcard.utility.marker,org.openrewrite.mainframe.controlcard.utility.trait,org.openrewrite.mainframe.controlcard.utility.tree,org.openrewrite.mainframe.controlm,org.openrewrite.mainframe.controlm.internal,org.openrewrite.mainframe.controlm.marker,org.openrewrite.mainframe.controlm.trait,org.openrewrite.mainframe.controlm.tree,org.openrewrite.mainframe.db2.bind,org.openrewrite.mainframe.db2.bind.internal,org.openrewrite.mainframe.db2.bind.trait,org.openrewrite.mainframe.db2.bind.tree,org.openrewrite.mainframe.ims,org.openrewrite.mainframe.ims.internal,org.openrewrite.mainframe.ims.marker,org.openrewrite.mainframe.ims.tree,org.openrewrite.mainframe.jcl,org.openrewrite.mainframe.jcl.internal,org.openrewrite.mainframe.jcl.marker,org.openrewrite.mainframe.jcl.trait,org.openrewrite.mainframe.jcl.tree,org.openrewrite.mainframe.linkedit,org.openrewrite.mainframe.linkedit.internal,org.openrewrite.mainframe.linkedit.trait,org.openrewrite.mainframe.linkedit.tree,org.openrewrite.mainframe.trait"
org.openrewrite.mainframe.db2.bind.trait,2,6,0.75,0.0,0.25,true,"org.openrewrite.mainframe,org.openrewrite.mainframe.assembler,org.openrewrite.mainframe.assembler.internal,org.openrewrite.mainframe.assembler.marker,org.openrewrite.mainframe.assembler.tree,org.openrewrite.mainframe.bms,org.openrewrite.mainframe.bms.internal,org.openrewrite.mainframe.bms.marker,org.openrewrite.mainframe.bms.tree,org.openrewrite.mainframe.cobol,org.openrewrite.mainframe.cobol.internal,org.openrewrite.mainframe.cobol.marker,org.openrewrite.mainframe.cobol.trait,org.openrewrite.mainframe.cobol.tree,org.openrewrite.mainframe.controlcard,org.openrewrite.mainframe.controlcard.idcams,org.openrewrite.mainframe.controlcard.idcams.internal,org.openrewrite.mainframe.controlcard.idcams.trait,org.openrewrite.mainframe.controlcard.idcams.tree,org.openrewrite.mainframe.controlcard.sort,org.openrewrite.mainframe.controlcard.sort.internal,org.openrewrite.mainframe.controlcard.sort.trait,org.openrewrite.mainframe.controlcard.sort.tree,org.openrewrite.mainframe.controlcard.utility,org.openrewrite.mainframe.controlcard.utility.internal,org.openrewrite.mainframe.controlcard.utility.marker,org.openrewrite.mainframe.controlcard.utility.trait,org.openrewrite.mainframe.controlcard.utility.tree,org.openrewrite.mainframe.controlm,org.openrewrite.mainframe.controlm.internal,org.openrewrite.mainframe.controlm.marker,org.openrewrite.mainframe.controlm.trait,org.openrewrite.mainframe.controlm.tree,org.openrewrite.mainframe.db2.bind,org.openrewrite.mainframe.db2.bind.internal,org.openrewrite.mainframe.db2.bind.trait,org.openrewrite.mainframe.db2.bind.tree,org.openrewrite.mainframe.ims,org.openrewrite.mainframe.ims.internal,org.openrewrite.mainframe.ims.marker,org.openrewrite.mainframe.ims.tree,org.openrewrite.mainframe.jcl,org.openrewrite.mainframe.jcl.internal,org.openrewrite.mainframe.jcl.marker,org.openrewrite.mainframe.jcl.trait,org.openrewrite.mainframe.jcl.tree,org.openrewrite.mainframe.linkedit,org.openrewrite.mainframe.linkedit.internal,org.openrewrite.mainframe.linkedit.trait,org.openrewrite.mainframe.linkedit.tree,org.openrewrite.mainframe.trait"
org.openrewrite.mainframe.controlcard.idcams.internal.grammar,2,0,0.0,0.25,0.75,false,
org.openrewrite.mainframe.controlm,5,4,0.4444444444444444,0.0,0.5555555555555556,true,"org.openrewrite.mainframe,org.openrewrite.mainframe.assembler,org.openrewrite.mainframe.assembler.internal,org.openrewrite.mainframe.assembler.marker,org.openrewrite.mainframe.assembler.tree,org.openrewrite.mainframe.bms,org.openrewrite.mainframe.bms.internal,org.openrewrite.mainframe.bms.marker,org.openrewrite.mainframe.bms.tree,org.openrewrite.mainframe.cobol,org.openrewrite.mainframe.cobol.internal,org.openrewrite.mainframe.cobol.marker,org.openrewrite.mainframe.cobol.trait,org.openrewrite.mainframe.cobol.tree,org.openrewrite.mainframe.controlcard,org.openrewrite.mainframe.controlcard.idcams,org.openrewrite.mainframe.controlcard.idcams.internal,org.openrewrite.mainframe.controlcard.idcams.trait,org.openrewrite.mainframe.controlcard.idcams.tree,org.openrewrite.mainframe.controlcard.sort,org.openrewrite.mainframe.controlcard.sort.internal,org.openrewrite.mainframe.controlcard.sort.trait,org.openrewrite.mainframe.controlcard.sort.tree,org.openrewrite.mainframe.controlcard.utility,org.openrewrite.mainframe.controlcard.utility.internal,org.openrewrite.mainframe.controlcard.utility.marker,org.openrewrite.mainframe.controlcard.utility.trait,org.openrewrite.mainframe.controlcard.utility.tree,org.openrewrite.mainframe.controlm,org.openrewrite.mainframe.controlm.internal,org.openrewrite.mainframe.controlm.marker,org.openrewrite.mainframe.controlm.trait,org.openrewrite.mainframe.controlm.tree,org.openrewrite.mainframe.db2.bind,org.openrewrite.mainframe.db2.bind.internal,org.openrewrite.mainframe.db2.bind.trait,org.openrewrite.mainframe.db2.bind.tree,org.openrewrite.mainframe.ims,org.openrewrite.mainframe.ims.internal,org.openrewrite.mainframe.ims.marker,org.openrewrite.mainframe.ims.tree,org.openrewrite.mainframe.jcl,org.openrewrite.mainframe.jcl.internal,org.openrewrite.mainframe.jcl.marker,org.openrewrite.mainframe.jcl.trait,org.openrewrite.mainframe.jcl.tree,org.openrewrite.mainframe.linkedit,org.openrewrite.mainframe.linkedit.internal,org.openrewrite.mainframe.linkedit.trait,org.openrewrite.mainframe.linkedit.tree,org.openrewrite.mainframe.trait"
org.openrewrite.mainframe.db2.internal.grammar,2,0,0.0,0.015384615384615385,0.9846153846153847,false,
org.openrewrite.mainframe.trait,2,1,0.3333333333333333,0.0,0.6666666666666667,true,"org.openrewrite.mainframe,org.openrewrite.mainframe.assembler,org.openrewrite.mainframe.assembler.internal,org.openrewrite.mainframe.assembler.marker,org.openrewrite.mainframe.assembler.tree,org.openrewrite.mainframe.bms,org.openrewrite.mainframe.bms.internal,org.openrewrite.mainframe.bms.marker,org.openrewrite.mainframe.bms.tree,org.openrewrite.mainframe.cobol,org.openrewrite.mainframe.cobol.internal,org.openrewrite.mainframe.cobol.marker,org.openrewrite.mainframe.cobol.trait,org.openrewrite.mainframe.cobol.tree,org.openrewrite.mainframe.controlcard,org.openrewrite.mainframe.controlcard.idcams,org.openrewrite.mainframe.controlcard.idcams.internal,org.openrewrite.mainframe.controlcard.idcams.trait,org.openrewrite.mainframe.controlcard.idcams.tree,org.openrewrite.mainframe.controlcard.sort,org.openrewrite.mainframe.controlcard.sort.internal,org.openrewrite.mainframe.controlcard.sort.trait,org.openrewrite.mainframe.controlcard.sort.tree,org.openrewrite.mainframe.controlcard.utility,org.openrewrite.mainframe.controlcard.utility.internal,org.openrewrite.mainframe.controlcard.utility.marker,org.openrewrite.mainframe.controlcard.utility.trait,org.openrewrite.mainframe.controlcard.utility.tree,org.openrewrite.mainframe.controlm,org.openrewrite.mainframe.controlm.internal,org.openrewrite.mainframe.controlm.marker,org.openrewrite.mainframe.controlm.trait,org.openrewrite.mainframe.controlm.tree,org.openrewrite.mainframe.db2.bind,org.openrewrite.mainframe.db2.bind.internal,org.openrewrite.mainframe.db2.bind.trait,org.openrewrite.mainframe.db2.bind.tree,org.openrewrite.mainframe.ims,org.openrewrite.mainframe.ims.internal,org.openrewrite.mainframe.ims.marker,org.openrewrite.mainframe.ims.tree,org.openrewrite.mainframe.jcl,org.openrewrite.mainframe.jcl.internal,org.openrewrite.mainframe.jcl.marker,org.openrewrite.mainframe.jcl.trait,org.openrewrite.mainframe.jcl.tree,org.openrewrite.mainframe.linkedit,org.openrewrite.mainframe.linkedit.internal,org.openrewrite.mainframe.linkedit.trait,org.openrewrite.mainframe.linkedit.tree,org.openrewrite.mainframe.trait"
org.openrewrite.mainframe.controlcard.utility.trait,2,7,0.7777777777777778,0.0,0.2222222222222222,true,"org.openrewrite.mainframe,org.openrewrite.mainframe.assembler,org.openrewrite.mainframe.assembler.internal,org.openrewrite.mainframe.assembler.marker,org.openrewrite.mainframe.assembler.tree,org.openrewrite.mainframe.bms,org.openrewrite.mainframe.bms.internal,org.openrewrite.mainframe.bms.marker,org.openrewrite.mainframe.bms.tree,org.openrewrite.mainframe.cobol,org.openrewrite.mainframe.cobol.internal,org.openrewrite.mainframe.cobol.marker,org.openrewrite.mainframe.cobol.trait,org.openrewrite.mainframe.cobol.tree,org.openrewrite.mainframe.controlcard,org.openrewrite.mainframe.controlcard.idcams,org.openrewrite.mainframe.controlcard.idcams.internal,org.openrewrite.mainframe.controlcard.idcams.trait,org.openrewrite.mainframe.controlcard.idcams.tree,org.openrewrite.mainframe.controlcard.sort,org.openrewrite.mainframe.controlcard.sort.internal,org.openrewrite.mainframe.controlcard.sort.trait,org.openrewrite.mainframe.controlcard.sort.tree,org.openrewrite.mainframe.controlcard.utility,org.openrewrite.mainframe.controlcard.utility.internal,org.openrewrite.mainframe.controlcard.utility.marker,org.openrewrite.mainframe.controlcard.utility.trait,org.openrewrite.mainframe.controlcard.utility.tree,org.openrewrite.mainframe.controlm,org.openrewrite.mainframe.controlm.internal,org.openrewrite.mainframe.controlm.marker,org.openrewrite.mainframe.controlm.trait,org.openrewrite.mainframe.controlm.tree,org.openrewrite.mainframe.db2.bind,org.openrewrite.mainframe.db2.bind.internal,org.openrewrite.mainframe.db2.bind.trait,org.openrewrite.mainframe.db2.bind.tree,org.openrewrite.mainframe.ims,org.openrewrite.mainframe.ims.internal,org.openrewrite.mainframe.ims.marker,org.openrewrite.mainframe.ims.tree,org.openrewrite.mainframe.jcl,org.openrewrite.mainframe.jcl.internal,org.openrewrite.mainframe.jcl.marker,org.openrewrite.mainframe.jcl.trait,org.openrewrite.mainframe.jcl.tree,org.openrewrite.mainframe.linkedit,org.openrewrite.mainframe.linkedit.internal,org.openrewrite.mainframe.linkedit.trait,org.openrewrite.mainframe.linkedit.tree,org.openrewrite.mainframe.trait"
org.openrewrite.mainframe.controlm.trait,1,3,0.75,0.0,0.25,true,"org.openrewrite.mainframe,org.openrewrite.mainframe.assembler,org.openrewrite.mainframe.assembler.internal,org.openrewrite.mainframe.assembler.marker,org.openrewrite.mainframe.assembler.tree,org.openrewrite.mainframe.bms,org.openrewrite.mainframe.bms.internal,org.openrewrite.mainframe.bms.marker,org.openrewrite.mainframe.bms.tree,org.openrewrite.mainframe.cobol,org.openrewrite.mainframe.cobol.internal,org.openrewrite.mainframe.cobol.marker,org.openrewrite.mainframe.cobol.trait,org.openrewrite.mainframe.cobol.tree,org.openrewrite.mainframe.controlcard,org.openrewrite.mainframe.controlcard.idcams,org.openrewrite.mainframe.controlcard.idcams.internal,org.openrewrite.mainframe.controlcard.idcams.trait,org.openrewrite.mainframe.controlcard.idcams.tree,org.openrewrite.mainframe.controlcard.sort,org.openrewrite.mainframe.controlcard.sort.internal,org.openrewrite.mainframe.controlcard.sort.trait,org.openrewrite.mainframe.controlcard.sort.tree,org.openrewrite.mainframe.controlcard.utility,org.openrewrite.mainframe.controlcard.utility.internal,org.openrewrite.mainframe.controlcard.utility.marker,org.openrewrite.mainframe.controlcard.utility.trait,org.openrewrite.mainframe.controlcard.utility.tree,org.openrewrite.mainframe.controlm,org.openrewrite.mainframe.controlm.internal,org.openrewrite.mainframe.controlm.marker,org.openrewrite.mainframe.controlm.trait,org.openrewrite.mainframe.controlm.tree,org.openrewrite.mainframe.db2.bind,org.openrewrite.mainframe.db2.bind.internal,org.openrewrite.mainframe.db2.bind.trait,org.openrewrite.mainframe.db2.bind.tree,org.openrewrite.mainframe.ims,org.openrewrite.mainframe.ims.internal,org.openrewrite.mainframe.ims.marker,org.openrewrite.mainframe.ims.tree,org.openrewrite.mainframe.jcl,org.openrewrite.mainframe.jcl.internal,org.openrewrite.mainframe.jcl.marker,org.openrewrite.mainframe.jcl.trait,org.openrewrite.mainframe.jcl.tree,org.openrewrite.mainframe.linkedit,org.openrewrite.mainframe.linkedit.internal,org.openrewrite.mainframe.linkedit.trait,org.openrewrite.mainframe.linkedit.tree,org.openrewrite.mainframe.trait"
org.openrewrite.mainframe.linkedit.trait,3,6,0.6666666666666666,0.0,0.33333333333333337,true,"org.openrewrite.mainframe,org.openrewrite.mainframe.assembler,org.openrewrite.mainframe.assembler.internal,org.openrewrite.mainframe.assembler.marker,org.openrewrite.mainframe.assembler.tree,org.openrewrite.mainframe.bms,org.openrewrite.mainframe.bms.internal,org.openrewrite.mainframe.bms.marker,org.openrewrite.mainframe.bms.tree,org.openrewrite.mainframe.cobol,org.openrewrite.mainframe.cobol.internal,org.openrewrite.mainframe.cobol.marker,org.openrewrite.mainframe.cobol.trait,org.openrewrite.mainframe.cobol.tree,org.openrewrite.mainframe.controlcard,org.openrewrite.mainframe.controlcard.idcams,org.openrewrite.mainframe.controlcard.idcams.internal,org.openrewrite.mainframe.controlcard.idcams.trait,org.openrewrite.mainframe.controlcard.idcams.tree,org.openrewrite.mainframe.controlcard.sort,org.openrewrite.mainframe.controlcard.sort.internal,org.openrewrite.mainframe.controlcard.sort.trait,org.openrewrite.mainframe.controlcard.sort.tree,org.openrewrite.mainframe.controlcard.utility,org.openrewrite.mainframe.controlcard.utility.internal,org.openrewrite.mainframe.controlcard.utility.marker,org.openrewrite.mainframe.controlcard.utility.trait,org.openrewrite.mainframe.controlcard.utility.tree,org.openrewrite.mainframe.controlm,org.openrewrite.mainframe.controlm.internal,org.openrewrite.mainframe.controlm.marker,org.openrewrite.mainframe.controlm.trait,org.openrewrite.mainframe.controlm.tree,org.openrewrite.mainframe.db2.bind,org.openrewrite.mainframe.db2.bind.internal,org.openrewrite.mainframe.db2.bind.trait,org.openrewrite.mainframe.db2.bind.tree,org.openrewrite.mainframe.ims,org.openrewrite.mainframe.ims.internal,org.openrewrite.mainframe.ims.marker,org.openrewrite.mainframe.ims.tree,org.openrewrite.mainframe.jcl,org.openrewrite.mainframe.jcl.internal,org.openrewrite.mainframe.jcl.marker,org.openrewrite.mainframe.jcl.trait,org.openrewrite.mainframe.jcl.tree,org.openrewrite.mainframe.linkedit,org.openrewrite.mainframe.linkedit.internal,org.openrewrite.mainframe.linkedit.trait,org.openrewrite.mainframe.linkedit.tree,org.openrewrite.mainframe.trait"
org.openrewrite.mainframe.cobol.marker,6,1,0.14285714285714285,0.0,0.8571428571428572,true,"org.openrewrite.mainframe,org.openrewrite.mainframe.assembler,org.openrewrite.mainframe.assembler.internal,org.openrewrite.mainframe.assembler.marker,org.openrewrite.mainframe.assembler.tree,org.openrewrite.mainframe.bms,org.openrewrite.mainframe.bms.internal,org.openrewrite.mainframe.bms.marker,org.openrewrite.mainframe.bms.tree,org.openrewrite.mainframe.cobol,org.openrewrite.mainframe.cobol.internal,org.openrewrite.mainframe.cobol.marker,org.openrewrite.mainframe.cobol.trait,org.openrewrite.mainframe.cobol.tree,org.openrewrite.mainframe.controlcard,org.openrewrite.mainframe.controlcard.idcams,org.openrewrite.mainframe.controlcard.idcams.internal,org.openrewrite.mainframe.controlcard.idcams.trait,org.openrewrite.mainframe.controlcard.idcams.tree,org.openrewrite.mainframe.controlcard.sort,org.openrewrite.mainframe.controlcard.sort.internal,org.openrewrite.mainframe.controlcard.sort.trait,org.openrewrite.mainframe.controlcard.sort.tree,org.openrewrite.mainframe.controlcard.utility,org.openrewrite.mainframe.controlcard.utility.internal,org.openrewrite.mainframe.controlcard.utility.marker,org.openrewrite.mainframe.controlcard.utility.trait,org.openrewrite.mainframe.controlcard.utility.tree,org.openrewrite.mainframe.controlm,org.openrewrite.mainframe.controlm.internal,org.openrewrite.mainframe.controlm.marker,org.openrewrite.mainframe.controlm.trait,org.openrewrite.mainframe.controlm.tree,org.openrewrite.mainframe.db2.bind,org.openrewrite.mainframe.db2.bind.internal,org.openrewrite.mainframe.db2.bind.trait,org.openrewrite.mainframe.db2.bind.tree,org.openrewrite.mainframe.ims,org.openrewrite.mainframe.ims.internal,org.openrewrite.mainframe.ims.marker,org.openrewrite.mainframe.ims.tree,org.openrewrite.mainframe.jcl,org.openrewrite.mainframe.jcl.internal,org.openrewrite.mainframe.jcl.marker,org.openrewrite.mainframe.jcl.trait,org.openrewrite.mainframe.jcl.tree,org.openrewrite.mainframe.linkedit,org.openrewrite.mainframe.linkedit.internal,org.openrewrite.mainframe.linkedit.trait,org.openrewrite.mainframe.linkedit.tree,org.openrewrite.mainframe.trait"
org.openrewrite.mainframe.db2.bind.internal,2,3,0.6,0.0,0.4,true,"org.openrewrite.mainframe,org.openrewrite.mainframe.assembler,org.openrewrite.mainframe.assembler.internal,org.openrewrite.mainframe.assembler.marker,org.openrewrite.mainframe.assembler.tree,org.openrewrite.mainframe.bms,org.openrewrite.mainframe.bms.internal,org.openrewrite.mainframe.bms.marker,org.openrewrite.mainframe.bms.tree,org.openrewrite.mainframe.cobol,org.openrewrite.mainframe.cobol.internal,org.openrewrite.mainframe.cobol.marker,org.openrewrite.mainframe.cobol.trait,org.openrewrite.mainframe.cobol.tree,org.openrewrite.mainframe.controlcard,org.openrewrite.mainframe.controlcard.idcams,org.openrewrite.mainframe.controlcard.idcams.internal,org.openrewrite.mainframe.controlcard.idcams.trait,org.openrewrite.mainframe.controlcard.idcams.tree,org.openrewrite.mainframe.controlcard.sort,org.openrewrite.mainframe.controlcard.sort.internal,org.openrewrite.mainframe.controlcard.sort.trait,org.openrewrite.mainframe.controlcard.sort.tree,org.openrewrite.mainframe.controlcard.utility,org.openrewrite.mainframe.controlcard.utility.internal,org.openrewrite.mainframe.controlcard.utility.marker,org.openrewrite.mainframe.controlcard.utility.trait,org.openrewrite.mainframe.controlcard.utility.tree,org.openrewrite.mainframe.controlm,org.openrewrite.mainframe.controlm.internal,org.openrewrite.mainframe.controlm.marker,org.openrewrite.mainframe.controlm.trait,org.openrewrite.mainframe.controlm.tree,org.openrewrite.mainframe.db2.bind,org.openrewrite.mainframe.db2.bind.internal,org.openrewrite.mainframe.db2.bind.trait,org.openrewrite.mainframe.db2.bind.tree,org.openrewrite.mainframe.ims,org.openrewrite.mainframe.ims.internal,org.openrewrite.mainframe.ims.marker,org.openrewrite.mainframe.ims.tree,org.openrewrite.mainframe.jcl,org.openrewrite.mainframe.jcl.internal,org.openrewrite.mainframe.jcl.marker,org.openrewrite.mainframe.jcl.trait,org.openrewrite.mainframe.jcl.tree,org.openrewrite.mainframe.linkedit,org.openrewrite.mainframe.linkedit.internal,org.openrewrite.mainframe.linkedit.trait,org.openrewrite.mainframe.linkedit.tree,org.openrewrite.mainframe.trait"
org.openrewrite.mainframe.jcl.internal.grammar,2,0,0.0,0.08333333333333333,0.9166666666666666,false,
org.openrewrite.mainframe.ims.internal.grammar,2,0,0.0,0.11764705882352941,0.8823529411764706,false,
org.openrewrite.mainframe.listload.trait,1,5,0.8333333333333334,0.0,0.16666666666666663,false,
org.openrewrite.mainframe.db2.bind.tree,4,2,0.3333333333333333,0.25,0.41666666666666674,true,"org.openrewrite.mainframe,org.openrewrite.mainframe.assembler,org.openrewrite.mainframe.assembler.internal,org.openrewrite.mainframe.assembler.marker,org.openrewrite.mainframe.assembler.tree,org.openrewrite.mainframe.bms,org.openrewrite.mainframe.bms.internal,org.openrewrite.mainframe.bms.marker,org.openrewrite.mainframe.bms.tree,org.openrewrite.mainframe.cobol,org.openrewrite.mainframe.cobol.internal,org.openrewrite.mainframe.cobol.marker,org.openrewrite.mainframe.cobol.trait,org.openrewrite.mainframe.cobol.tree,org.openrewrite.mainframe.controlcard,org.openrewrite.mainframe.controlcard.idcams,org.openrewrite.mainframe.controlcard.idcams.internal,org.openrewrite.mainframe.controlcard.idcams.trait,org.openrewrite.mainframe.controlcard.idcams.tree,org.openrewrite.mainframe.controlcard.sort,org.openrewrite.mainframe.controlcard.sort.internal,org.openrewrite.mainframe.controlcard.sort.trait,org.openrewrite.mainframe.controlcard.sort.tree,org.openrewrite.mainframe.controlcard.utility,org.openrewrite.mainframe.controlcard.utility.internal,org.openrewrite.mainframe.controlcard.utility.marker,org.openrewrite.mainframe.controlcard.utility.trait,org.openrewrite.mainframe.controlcard.utility.tree,org.openrewrite.mainframe.controlm,org.openrewrite.mainframe.controlm.internal,org.openrewrite.mainframe.controlm.marker,org.openrewrite.mainframe.controlm.trait,org.openrewrite.mainframe.controlm.tree,org.openrewrite.mainframe.db2.bind,org.openrewrite.mainframe.db2.bind.internal,org.openrewrite.mainframe.db2.bind.trait,org.openrewrite.mainframe.db2.bind.tree,org.openrewrite.mainframe.ims,org.openrewrite.mainframe.ims.internal,org.openrewrite.mainframe.ims.marker,org.openrewrite.mainframe.ims.tree,org.openrewrite.mainframe.jcl,org.openrewrite.mainframe.jcl.internal,org.openrewrite.mainframe.jcl.marker,org.openrewrite.mainframe.jcl.trait,org.openrewrite.mainframe.jcl.tree,org.openrewrite.mainframe.linkedit,org.openrewrite.mainframe.linkedit.internal,org.openrewrite.mainframe.linkedit.trait,org.openrewrite.mainframe.linkedit.tree,org.openrewrite.mainframe.trait"
org.openrewrite.mainframe.cobol.format,1,4,0.8,0.0,0.19999999999999996,false,
org.openrewrite.mainframe.controlm.internal,3,4,0.5714285714285714,0.0,0.4285714285714286,true,"org.openrewrite.mainframe,org.openrewrite.mainframe.assembler,org.openrewrite.mainframe.assembler.internal,org.openrewrite.mainframe.assembler.marker,org.openrewrite.mainframe.assembler.tree,org.openrewrite.mainframe.bms,org.openrewrite.mainframe.bms.internal,org.openrewrite.mainframe.bms.marker,org.openrewrite.mainframe.bms.tree,org.openrewrite.mainframe.cobol,org.openrewrite.mainframe.cobol.internal,org.openrewrite.mainframe.cobol.marker,org.openrewrite.mainframe.cobol.trait,org.openrewrite.mainframe.cobol.tree,org.openrewrite.mainframe.controlcard,org.openrewrite.mainframe.controlcard.idcams,org.openrewrite.mainframe.controlcard.idcams.internal,org.openrewrite.mainframe.controlcard.idcams.trait,org.openrewrite.mainframe.controlcard.idcams.tree,org.openrewrite.mainframe.controlcard.sort,org.openrewrite.mainframe.controlcard.sort.internal,org.openrewrite.mainframe.controlcard.sort.trait,org.openrewrite.mainframe.controlcard.sort.tree,org.openrewrite.mainframe.controlcard.utility,org.openrewrite.mainframe.controlcard.utility.internal,org.openrewrite.mainframe.controlcard.utility.marker,org.openrewrite.mainframe.controlcard.utility.trait,org.openrewrite.mainframe.controlcard.utility.tree,org.openrewrite.mainframe.controlm,org.openrewrite.mainframe.controlm.internal,org.openrewrite.mainframe.controlm.marker,org.openrewrite.mainframe.controlm.trait,org.openrewrite.mainframe.controlm.tree,org.openrewrite.mainframe.db2.bind,org.openrewrite.mainframe.db2.bind.internal,org.openrewrite.mainframe.db2.bind.trait,org.openrewrite.mainframe.db2.bind.tree,org.openrewrite.mainframe.ims,org.openrewrite.mainframe.ims.internal,org.openrewrite.mainframe.ims.marker,org.openrewrite.mainframe.ims.tree,org.openrewrite.mainframe.jcl,org.openrewrite.mainframe.jcl.internal,org.openrewrite.mainframe.jcl.marker,org.openrewrite.mainframe.jcl.trait,org.openrewrite.mainframe.jcl.tree,org.openrewrite.mainframe.linkedit,org.openrewrite.mainframe.linkedit.internal,org.openrewrite.mainframe.linkedit.trait,org.openrewrite.mainframe.linkedit.tree,org.openrewrite.mainframe.trait"
org.openrewrite.mainframe.bms,4,5,0.5555555555555556,0.0,0.4444444444444444,true,"org.openrewrite.mainframe,org.openrewrite.mainframe.assembler,org.openrewrite.mainframe.assembler.internal,org.openrewrite.mainframe.assembler.marker,org.openrewrite.mainframe.assembler.tree,org.openrewrite.mainframe.bms,org.openrewrite.mainframe.bms.internal,org.openrewrite.mainframe.bms.marker,org.openrewrite.mainframe.bms.tree,org.openrewrite.mainframe.cobol,org.openrewrite.mainframe.cobol.internal,org.openrewrite.mainframe.cobol.marker,org.openrewrite.mainframe.cobol.trait,org.openrewrite.mainframe.cobol.tree,org.openrewrite.mainframe.controlcard,org.openrewrite.mainframe.controlcard.idcams,org.openrewrite.mainframe.controlcard.idcams.internal,org.openrewrite.mainframe.controlcard.idcams.trait,org.openrewrite.mainframe.controlcard.idcams.tree,org.openrewrite.mainframe.controlcard.sort,org.openrewrite.mainframe.controlcard.sort.internal,org.openrewrite.mainframe.controlcard.sort.trait,org.openrewrite.mainframe.controlcard.sort.tree,org.openrewrite.mainframe.controlcard.utility,org.openrewrite.mainframe.controlcard.utility.internal,org.openrewrite.mainframe.controlcard.utility.marker,org.openrewrite.mainframe.controlcard.utility.trait,org.openrewrite.mainframe.controlcard.utility.tree,org.openrewrite.mainframe.controlm,org.openrewrite.mainframe.controlm.internal,org.openrewrite.mainframe.controlm.marker,org.openrewrite.mainframe.controlm.trait,org.openrewrite.mainframe.controlm.tree,org.openrewrite.mainframe.db2.bind,org.openrewrite.mainframe.db2.bind.internal,org.openrewrite.mainframe.db2.bind.trait,org.openrewrite.mainframe.db2.bind.tree,org.openrewrite.mainframe.ims,org.openrewrite.mainframe.ims.internal,org.openrewrite.mainframe.ims.marker,org.openrewrite.mainframe.ims.tree,org.openrewrite.mainframe.jcl,org.openrewrite.mainframe.jcl.internal,org.openrewrite.mainframe.jcl.marker,org.openrewrite.mainframe.jcl.trait,org.openrewrite.mainframe.jcl.tree,org.openrewrite.mainframe.linkedit,org.openrewrite.mainframe.linkedit.internal,org.openrewrite.mainframe.linkedit.trait,org.openrewrite.mainframe.linkedit.tree,org.openrewrite.mainframe.trait"
org.openrewrite.mainframe.controlcard.idcams.internal,2,3,0.6,0.0,0.4,true,"org.openrewrite.mainframe,org.openrewrite.mainframe.assembler,org.openrewrite.mainframe.assembler.internal,org.openrewrite.mainframe.assembler.marker,org.openrewrite.mainframe.assembler.tree,org.openrewrite.mainframe.bms,org.openrewrite.mainframe.bms.internal,org.openrewrite.mainframe.bms.marker,org.openrewrite.mainframe.bms.tree,org.openrewrite.mainframe.cobol,org.openrewrite.mainframe.cobol.internal,org.openrewrite.mainframe.cobol.marker,org.openrewrite.mainframe.cobol.trait,org.openrewrite.mainframe.cobol.tree,org.openrewrite.mainframe.controlcard,org.openrewrite.mainframe.controlcard.idcams,org.openrewrite.mainframe.controlcard.idcams.internal,org.openrewrite.mainframe.controlcard.idcams.trait,org.openrewrite.mainframe.controlcard.idcams.tree,org.openrewrite.mainframe.controlcard.sort,org.openrewrite.mainframe.controlcard.sort.internal,org.openrewrite.mainframe.controlcard.sort.trait,org.openrewrite.mainframe.controlcard.sort.tree,org.openrewrite.mainframe.controlcard.utility,org.openrewrite.mainframe.controlcard.utility.internal,org.openrewrite.mainframe.controlcard.utility.marker,org.openrewrite.mainframe.controlcard.utility.trait,org.openrewrite.mainframe.controlcard.utility.tree,org.openrewrite.mainframe.controlm,org.openrewrite.mainframe.controlm.internal,org.openrewrite.mainframe.controlm.marker,org.openrewrite.mainframe.controlm.trait,org.openrewrite.mainframe.controlm.tree,org.openrewrite.mainframe.db2.bind,org.openrewrite.mainframe.db2.bind.internal,org.openrewrite.mainframe.db2.bind.trait,org.openrewrite.mainframe.db2.bind.tree,org.openrewrite.mainframe.ims,org.openrewrite.mainframe.ims.internal,org.openrewrite.mainframe.ims.marker,org.openrewrite.mainframe.ims.tree,org.openrewrite.mainframe.jcl,org.openrewrite.mainframe.jcl.internal,org.openrewrite.mainframe.jcl.marker,org.openrewrite.mainframe.jcl.trait,org.openrewrite.mainframe.jcl.tree,org.openrewrite.mainframe.linkedit,org.openrewrite.mainframe.linkedit.internal,org.openrewrite.mainframe.linkedit.trait,org.openrewrite.mainframe.linkedit.tree,org.openrewrite.mainframe.trait"
org.openrewrite.mainframe.controlcard.sort.trait,1,3,0.75,0.0,0.25,true,"org.openrewrite.mainframe,org.openrewrite.mainframe.assembler,org.openrewrite.mainframe.assembler.internal,org.openrewrite.mainframe.assembler.marker,org.openrewrite.mainframe.assembler.tree,org.openrewrite.mainframe.bms,org.openrewrite.mainframe.bms.internal,org.openrewrite.mainframe.bms.marker,org.openrewrite.mainframe.bms.tree,org.openrewrite.mainframe.cobol,org.openrewrite.mainframe.cobol.internal,org.openrewrite.mainframe.cobol.marker,org.openrewrite.mainframe.cobol.trait,org.openrewrite.mainframe.cobol.tree,org.openrewrite.mainframe.controlcard,org.openrewrite.mainframe.controlcard.idcams,org.openrewrite.mainframe.controlcard.idcams.internal,org.openrewrite.mainframe.controlcard.idcams.trait,org.openrewrite.mainframe.controlcard.idcams.tree,org.openrewrite.mainframe.controlcard.sort,org.openrewrite.mainframe.controlcard.sort.internal,org.openrewrite.mainframe.controlcard.sort.trait,org.openrewrite.mainframe.controlcard.sort.tree,org.openrewrite.mainframe.controlcard.utility,org.openrewrite.mainframe.controlcard.utility.internal,org.openrewrite.mainframe.controlcard.utility.marker,org.openrewrite.mainframe.controlcard.utility.trait,org.openrewrite.mainframe.controlcard.utility.tree,org.openrewrite.mainframe.controlm,org.openrewrite.mainframe.controlm.internal,org.openrewrite.mainframe.controlm.marker,org.openrewrite.mainframe.controlm.trait,org.openrewrite.mainframe.controlm.tree,org.openrewrite.mainframe.db2.bind,org.openrewrite.mainframe.db2.bind.internal,org.openrewrite.mainframe.db2.bind.trait,org.openrewrite.mainframe.db2.bind.tree,org.openrewrite.mainframe.ims,org.openrewrite.mainframe.ims.internal,org.openrewrite.mainframe.ims.marker,org.openrewrite.mainframe.ims.tree,org.openrewrite.mainframe.jcl,org.openrewrite.mainframe.jcl.internal,org.openrewrite.mainframe.jcl.marker,org.openrewrite.mainframe.jcl.trait,org.openrewrite.mainframe.jcl.tree,org.openrewrite.mainframe.linkedit,org.openrewrite.mainframe.linkedit.internal,org.openrewrite.mainframe.linkedit.trait,org.openrewrite.mainframe.linkedit.tree,org.openrewrite.mainframe.trait"
org.openrewrite.mainframe.controlcard.sort.tree,4,2,0.3333333333333333,0.25,0.41666666666666674,true,"org.openrewrite.mainframe,org.openrewrite.mainframe.assembler,org.openrewrite.mainframe.assembler.internal,org.openrewrite.mainframe.assembler.marker,org.openrewrite.mainframe.assembler.tree,org.openrewrite.mainframe.bms,org.openrewrite.mainframe.bms.internal,org.openrewrite.mainframe.bms.marker,org.openrewrite.mainframe.bms.tree,org.openrewrite.mainframe.cobol,org.openrewrite.mainframe.cobol.internal,org.openrewrite.mainframe.cobol.marker,org.openrewrite.mainframe.cobol.trait,org.openrewrite.mainframe.cobol.tree,org.openrewrite.mainframe.controlcard,org.openrewrite.mainframe.controlcard.idcams,org.openrewrite.mainframe.controlcard.idcams.internal,org.openrewrite.mainframe.controlcard.idcams.trait,org.openrewrite.mainframe.controlcard.idcams.tree,org.openrewrite.mainframe.controlcard.sort,org.openrewrite.mainframe.controlcard.sort.internal,org.openrewrite.mainframe.controlcard.sort.trait,org.openrewrite.mainframe.controlcard.sort.tree,org.openrewrite.mainframe.controlcard.utility,org.openrewrite.mainframe.controlcard.utility.internal,org.openrewrite.mainframe.controlcard.utility.marker,org.openrewrite.mainframe.controlcard.utility.trait,org.openrewrite.mainframe.controlcard.utility.tree,org.openrewrite.mainframe.controlm,org.openrewrite.mainframe.controlm.internal,org.openrewrite.mainframe.controlm.marker,org.openrewrite.mainframe.controlm.trait,org.openrewrite.mainframe.controlm.tree,org.openrewrite.mainframe.db2.bind,org.openrewrite.mainframe.db2.bind.internal,org.openrewrite.mainframe.db2.bind.trait,org.openrewrite.mainframe.db2.bind.tree,org.openrewrite.mainframe.ims,org.openrewrite.mainframe.ims.internal,org.openrewrite.mainframe.ims.marker,org.openrewrite.mainframe.ims.tree,org.openrewrite.mainframe.jcl,org.openrewrite.mainframe.jcl.internal,org.openrewrite.mainframe.jcl.marker,org.openrewrite.mainframe.jcl.trait,org.openrewrite.mainframe.jcl.tree,org.openrewrite.mainframe.linkedit,org.openrewrite.mainframe.linkedit.internal,org.openrewrite.mainframe.linkedit.trait,org.openrewrite.mainframe.linkedit.tree,org.openrewrite.mainframe.trait"
org.openrewrite.mainframe.jcl.marker,5,1,0.16666666666666666,0.0,0.8333333333333334,true,"org.openrewrite.mainframe,org.openrewrite.mainframe.assembler,org.openrewrite.mainframe.assembler.internal,org.openrewrite.mainframe.assembler.marker,org.openrewrite.mainframe.assembler.tree,org.openrewrite.mainframe.bms,org.openrewrite.mainframe.bms.internal,org.openrewrite.mainframe.bms.marker,org.openrewrite.mainframe.bms.tree,org.openrewrite.mainframe.cobol,org.openrewrite.mainframe.cobol.internal,org.openrewrite.mainframe.cobol.marker,org.openrewrite.mainframe.cobol.trait,org.openrewrite.mainframe.cobol.tree,org.openrewrite.mainframe.controlcard,org.openrewrite.mainframe.controlcard.idcams,org.openrewrite.mainframe.controlcard.idcams.internal,org.openrewrite.mainframe.controlcard.idcams.trait,org.openrewrite.mainframe.controlcard.idcams.tree,org.openrewrite.mainframe.controlcard.sort,org.openrewrite.mainframe.controlcard.sort.internal,org.openrewrite.mainframe.controlcard.sort.trait,org.openrewrite.mainframe.controlcard.sort.tree,org.openrewrite.mainframe.controlcard.utility,org.openrewrite.mainframe.controlcard.utility.internal,org.openrewrite.mainframe.controlcard.utility.marker,org.openrewrite.mainframe.controlcard.utility.trait,org.openrewrite.mainframe.controlcard.utility.tree,org.openrewrite.mainframe.controlm,org.openrewrite.mainframe.controlm.internal,org.openrewrite.mainframe.controlm.marker,org.openrewrite.mainframe.controlm.trait,org.openrewrite.mainframe.controlm.tree,org.openrewrite.mainframe.db2.bind,org.openrewrite.mainframe.db2.bind.internal,org.openrewrite.mainframe.db2.bind.trait,org.openrewrite.mainframe.db2.bind.tree,org.openrewrite.mainframe.ims,org.openrewrite.mainframe.ims.internal,org.openrewrite.mainframe.ims.marker,org.openrewrite.mainframe.ims.tree,org.openrewrite.mainframe.jcl,org.openrewrite.mainframe.jcl.internal,org.openrewrite.mainframe.jcl.marker,org.openrewrite.mainframe.jcl.trait,org.openrewrite.mainframe.jcl.tree,org.openrewrite.mainframe.linkedit,org.openrewrite.mainframe.linkedit.internal,org.openrewrite.mainframe.linkedit.trait,org.openrewrite.mainframe.linkedit.tree,org.openrewrite.mainframe.trait"
org.openrewrite.mainframe.assembler.trait,1,5,0.8333333333333334,0.0,0.16666666666666663,false,
org.openrewrite.mainframe.jcl.search,0,3,1.0,0.0,0.0,false,
org.openrewrite.mainframe.ims.marker,2,1,0.3333333333333333,0.0,0.6666666666666667,true,"org.openrewrite.mainframe,org.openrewrite.mainframe.assembler,org.openrewrite.mainframe.assembler.internal,org.openrewrite.mainframe.assembler.marker,org.openrewrite.mainframe.assembler.tree,org.openrewrite.mainframe.bms,org.openrewrite.mainframe.bms.internal,org.openrewrite.mainframe.bms.marker,org.openrewrite.mainframe.bms.tree,org.openrewrite.mainframe.cobol,org.openrewrite.mainframe.cobol.internal,org.openrewrite.mainframe.cobol.marker,org.openrewrite.mainframe.cobol.trait,org.openrewrite.mainframe.cobol.tree,org.openrewrite.mainframe.controlcard,org.openrewrite.mainframe.controlcard.idcams,org.openrewrite.mainframe.controlcard.idcams.internal,org.openrewrite.mainframe.controlcard.idcams.trait,org.openrewrite.mainframe.controlcard.idcams.tree,org.openrewrite.mainframe.controlcard.sort,org.openrewrite.mainframe.controlcard.sort.internal,org.openrewrite.mainframe.controlcard.sort.trait,org.openrewrite.mainframe.controlcard.sort.tree,org.openrewrite.mainframe.controlcard.utility,org.openrewrite.mainframe.controlcard.utility.internal,org.openrewrite.mainframe.controlcard.utility.marker,org.openrewrite.mainframe.controlcard.utility.trait,org.openrewrite.mainframe.controlcard.utility.tree,org.openrewrite.mainframe.controlm,org.openrewrite.mainframe.controlm.internal,org.openrewrite.mainframe.controlm.marker,org.openrewrite.mainframe.controlm.trait,org.openrewrite.mainframe.controlm.tree,org.openrewrite.mainframe.db2.bind,org.openrewrite.mainframe.db2.bind.internal,org.openrewrite.mainframe.db2.bind.trait,org.openrewrite.mainframe.db2.bind.tree,org.openrewrite.mainframe.ims,org.openrewrite.mainframe.ims.internal,org.openrewrite.mainframe.ims.marker,org.openrewrite.mainframe.ims.tree,org.openrewrite.mainframe.jcl,org.openrewrite.mainframe.jcl.internal,org.openrewrite.mainframe.jcl.marker,org.openrewrite.mainframe.jcl.trait,org.openrewrite.mainframe.jcl.tree,org.openrewrite.mainframe.linkedit,org.openrewrite.mainframe.linkedit.internal,org.openrewrite.mainframe.linkedit.trait,org.openrewrite.mainframe.linkedit.tree,org.openrewrite.mainframe.trait"
org.openrewrite.mainframe.jcl.trait,4,8,0.6666666666666666,0.0,0.33333333333333337,true,"org.openrewrite.mainframe,org.openrewrite.mainframe.assembler,org.openrewrite.mainframe.assembler.internal,org.openrewrite.mainframe.assembler.marker,org.openrewrite.mainframe.assembler.tree,org.openrewrite.mainframe.bms,org.openrewrite.mainframe.bms.internal,org.openrewrite.mainframe.bms.marker,org.openrewrite.mainframe.bms.tree,org.openrewrite.mainframe.cobol,org.openrewrite.mainframe.cobol.internal,org.openrewrite.mainframe.cobol.marker,org.openrewrite.mainframe.cobol.trait,org.openrewrite.mainframe.cobol.tree,org.openrewrite.mainframe.controlcard,org.openrewrite.mainframe.controlcard.idcams,org.openrewrite.mainframe.controlcard.idcams.internal,org.openrewrite.mainframe.controlcard.idcams.trait,org.openrewrite.mainframe.controlcard.idcams.tree,org.openrewrite.mainframe.controlcard.sort,org.openrewrite.mainframe.controlcard.sort.internal,org.openrewrite.mainframe.controlcard.sort.trait,org.openrewrite.mainframe.controlcard.sort.tree,org.openrewrite.mainframe.controlcard.utility,org.openrewrite.mainframe.controlcard.utility.internal,org.openrewrite.mainframe.controlcard.utility.marker,org.openrewrite.mainframe.controlcard.utility.trait,org.openrewrite.mainframe.controlcard.utility.tree,org.openrewrite.mainframe.controlm,org.openrewrite.mainframe.controlm.internal,org.openrewrite.mainframe.controlm.marker,org.openrewrite.mainframe.controlm.trait,org.openrewrite.mainframe.controlm.tree,org.openrewrite.mainframe.db2.bind,org.openrewrite.mainframe.db2.bind.internal,org.openrewrite.mainframe.db2.bind.trait,org.openrewrite.mainframe.db2.bind.tree,org.openrewrite.mainframe.ims,org.openrewrite.mainframe.ims.internal,org.openrewrite.mainframe.ims.marker,org.openrewrite.mainframe.ims.tree,org.openrewrite.mainframe.jcl,org.openrewrite.mainframe.jcl.internal,org.openrewrite.mainframe.jcl.marker,org.openrewrite.mainframe.jcl.trait,org.openrewrite.mainframe.jcl.tree,org.openrewrite.mainframe.linkedit,org.openrewrite.mainframe.linkedit.internal,org.openrewrite.mainframe.linkedit.trait,org.openrewrite.mainframe.linkedit.tree,org.openrewrite.mainframe.trait"
org.openrewrite.mainframe.assembler.marker,2,1,0.3333333333333333,0.0,0.6666666666666667,true,"org.openrewrite.mainframe,org.openrewrite.mainframe.assembler,org.openrewrite.mainframe.assembler.internal,org.openrewrite.mainframe.assembler.marker,org.openrewrite.mainframe.assembler.tree,org.openrewrite.mainframe.bms,org.openrewrite.mainframe.bms.internal,org.openrewrite.mainframe.bms.marker,org.openrewrite.mainframe.bms.tree,org.openrewrite.mainframe.cobol,org.openrewrite.mainframe.cobol.internal,org.openrewrite.mainframe.cobol.marker,org.openrewrite.mainframe.cobol.trait,org.openrewrite.mainframe.cobol.tree,org.openrewrite.mainframe.controlcard,org.openrewrite.mainframe.controlcard.idcams,org.openrewrite.mainframe.controlcard.idcams.internal,org.openrewrite.mainframe.controlcard.idcams.trait,org.openrewrite.mainframe.controlcard.idcams.tree,org.openrewrite.mainframe.controlcard.sort,org.openrewrite.mainframe.controlcard.sort.internal,org.openrewrite.mainframe.controlcard.sort.trait,org.openrewrite.mainframe.controlcard.sort.tree,org.openrewrite.mainframe.controlcard.utility,org.openrewrite.mainframe.controlcard.utility.internal,org.openrewrite.mainframe.controlcard.utility.marker,org.openrewrite.mainframe.controlcard.utility.trait,org.openrewrite.mainframe.controlcard.utility.tree,org.openrewrite.mainframe.controlm,org.openrewrite.mainframe.controlm.internal,org.openrewrite.mainframe.controlm.marker,org.openrewrite.mainframe.controlm.trait,org.openrewrite.mainframe.controlm.tree,org.openrewrite.mainframe.db2.bind,org.openrewrite.mainframe.db2.bind.internal,org.openrewrite.mainframe.db2.bind.trait,org.openrewrite.mainframe.db2.bind.tree,org.openrewrite.mainframe.ims,org.openrewrite.mainframe.ims.internal,org.openrewrite.mainframe.ims.marker,org.openrewrite.mainframe.ims.tree,org.openrewrite.mainframe.jcl,org.openrewrite.mainframe.jcl.internal,org.openrewrite.mainframe.jcl.marker,org.openrewrite.mainframe.jcl.trait,org.openrewrite.mainframe.jcl.tree,org.openrewrite.mainframe.linkedit,org.openrewrite.mainframe.linkedit.internal,org.openrewrite.mainframe.linkedit.trait,org.openrewrite.mainframe.linkedit.tree,org.openrewrite.mainframe.trait"
org.openrewrite.mainframe.cobol.cleanup,0,4,1.0,0.0,0.0,false,
org.openrewrite.mainframe.db2.trait,0,6,1.0,0.0,0.0,false,
org.openrewrite.mainframe.controlcard.utility.internal,2,4,0.6666666666666666,0.0,0.33333333333333337,true,"org.openrewrite.mainframe,org.openrewrite.mainframe.assembler,org.openrewrite.mainframe.assembler.internal,org.openrewrite.mainframe.assembler.marker,org.openrewrite.mainframe.assembler.tree,org.openrewrite.mainframe.bms,org.openrewrite.mainframe.bms.internal,org.openrewrite.mainframe.bms.marker,org.openrewrite.mainframe.bms.tree,org.openrewrite.mainframe.cobol,org.openrewrite.mainframe.cobol.internal,org.openrewrite.mainframe.cobol.marker,org.openrewrite.mainframe.cobol.trait,org.openrewrite.mainframe.cobol.tree,org.openrewrite.mainframe.controlcard,org.openrewrite.mainframe.controlcard.idcams,org.openrewrite.mainframe.controlcard.idcams.internal,org.openrewrite.mainframe.controlcard.idcams.trait,org.openrewrite.mainframe.controlcard.idcams.tree,org.openrewrite.mainframe.controlcard.sort,org.openrewrite.mainframe.controlcard.sort.internal,org.openrewrite.mainframe.controlcard.sort.trait,org.openrewrite.mainframe.controlcard.sort.tree,org.openrewrite.mainframe.controlcard.utility,org.openrewrite.mainframe.controlcard.utility.internal,org.openrewrite.mainframe.controlcard.utility.marker,org.openrewrite.mainframe.controlcard.utility.trait,org.openrewrite.mainframe.controlcard.utility.tree,org.openrewrite.mainframe.controlm,org.openrewrite.mainframe.controlm.internal,org.openrewrite.mainframe.controlm.marker,org.openrewrite.mainframe.controlm.trait,org.openrewrite.mainframe.controlm.tree,org.openrewrite.mainframe.db2.bind,org.openrewrite.mainframe.db2.bind.internal,org.openrewrite.mainframe.db2.bind.trait,org.openrewrite.mainframe.db2.bind.tree,org.openrewrite.mainframe.ims,org.openrewrite.mainframe.ims.internal,org.openrewrite.mainframe.ims.marker,org.openrewrite.mainframe.ims.tree,org.openrewrite.mainframe.jcl,org.openrewrite.mainframe.jcl.internal,org.openrewrite.mainframe.jcl.marker,org.openrewrite.mainframe.jcl.trait,org.openrewrite.mainframe.jcl.tree,org.openrewrite.mainframe.linkedit,org.openrewrite.mainframe.linkedit.internal,org.openrewrite.mainframe.linkedit.trait,org.openrewrite.mainframe.linkedit.tree,org.openrewrite.mainframe.trait"
org.openrewrite.mainframe.ims.trait,1,4,0.8,0.0,0.19999999999999996,false,
org.openrewrite.mainframe.db2,4,4,0.5,0.0,0.5,true,"org.openrewrite.mainframe.db2,org.openrewrite.mainframe.db2.internal,org.openrewrite.mainframe.db2.tree"
org.openrewrite.mainframe.db2.bind,5,8,0.6153846153846154,0.0,0.3846153846153846,true,"org.openrewrite.mainframe,org.openrewrite.mainframe.assembler,org.openrewrite.mainframe.assembler.internal,org.openrewrite.mainframe.assembler.marker,org.openrewrite.mainframe.assembler.tree,org.openrewrite.mainframe.bms,org.openrewrite.mainframe.bms.internal,org.openrewrite.mainframe.bms.marker,org.openrewrite.mainframe.bms.tree,org.openrewrite.mainframe.cobol,org.openrewrite.mainframe.cobol.internal,org.openrewrite.mainframe.cobol.marker,org.openrewrite.mainframe.cobol.trait,org.openrewrite.mainframe.cobol.tree,org.openrewrite.mainframe.controlcard,org.openrewrite.mainframe.controlcard.idcams,org.openrewrite.mainframe.controlcard.idcams.internal,org.openrewrite.mainframe.controlcard.idcams.trait,org.openrewrite.mainframe.controlcard.idcams.tree,org.openrewrite.mainframe.controlcard.sort,org.openrewrite.mainframe.controlcard.sort.internal,org.openrewrite.mainframe.controlcard.sort.trait,org.openrewrite.mainframe.controlcard.sort.tree,org.openrewrite.mainframe.controlcard.utility,org.openrewrite.mainframe.controlcard.utility.internal,org.openrewrite.mainframe.controlcard.utility.marker,org.openrewrite.mainframe.controlcard.utility.trait,org.openrewrite.mainframe.controlcard.utility.tree,org.openrewrite.mainframe.controlm,org.openrewrite.mainframe.controlm.internal,org.openrewrite.mainframe.controlm.marker,org.openrewrite.mainframe.controlm.trait,org.openrewrite.mainframe.controlm.tree,org.openrewrite.mainframe.db2.bind,org.openrewrite.mainframe.db2.bind.internal,org.openrewrite.mainframe.db2.bind.trait,org.openrewrite.mainframe.db2.bind.tree,org.openrewrite.mainframe.ims,org.openrewrite.mainframe.ims.internal,org.openrewrite.mainframe.ims.marker,org.openrewrite.mainframe.ims.tree,org.openrewrite.mainframe.jcl,org.openrewrite.mainframe.jcl.internal,org.openrewrite.mainframe.jcl.marker,org.openrewrite.mainframe.jcl.trait,org.openrewrite.mainframe.jcl.tree,org.openrewrite.mainframe.linkedit,org.openrewrite.mainframe.linkedit.internal,org.openrewrite.mainframe.linkedit.trait,org.openrewrite.mainframe.linkedit.tree,org.openrewrite.mainframe.trait"
org.openrewrite.mainframe.cobol.internal,4,5,0.5555555555555556,0.08333333333333333,0.36111111111111105,true,"org.openrewrite.mainframe,org.openrewrite.mainframe.assembler,org.openrewrite.mainframe.assembler.internal,org.openrewrite.mainframe.assembler.marker,org.openrewrite.mainframe.assembler.tree,org.openrewrite.mainframe.bms,org.openrewrite.mainframe.bms.internal,org.openrewrite.mainframe.bms.marker,org.openrewrite.mainframe.bms.tree,org.openrewrite.mainframe.cobol,org.openrewrite.mainframe.cobol.internal,org.openrewrite.mainframe.cobol.marker,org.openrewrite.mainframe.cobol.trait,org.openrewrite.mainframe.cobol.tree,org.openrewrite.mainframe.controlcard,org.openrewrite.mainframe.controlcard.idcams,org.openrewrite.mainframe.controlcard.idcams.internal,org.openrewrite.mainframe.controlcard.idcams.trait,org.openrewrite.mainframe.controlcard.idcams.tree,org.openrewrite.mainframe.controlcard.sort,org.openrewrite.mainframe.controlcard.sort.internal,org.openrewrite.mainframe.controlcard.sort.trait,org.openrewrite.mainframe.controlcard.sort.tree,org.openrewrite.mainframe.controlcard.utility,org.openrewrite.mainframe.controlcard.utility.internal,org.openrewrite.mainframe.controlcard.utility.marker,org.openrewrite.mainframe.controlcard.utility.trait,org.openrewrite.mainframe.controlcard.utility.tree,org.openrewrite.mainframe.controlm,org.openrewrite.mainframe.controlm.internal,org.openrewrite.mainframe.controlm.marker,org.openrewrite.mainframe.controlm.trait,org.openrewrite.mainframe.controlm.tree,org.openrewrite.mainframe.db2.bind,org.openrewrite.mainframe.db2.bind.internal,org.openrewrite.mainframe.db2.bind.trait,org.openrewrite.mainframe.db2.bind.tree,org.openrewrite.mainframe.ims,org.openrewrite.mainframe.ims.internal,org.openrewrite.mainframe.ims.marker,org.openrewrite.mainframe.ims.tree,org.openrewrite.mainframe.jcl,org.openrewrite.mainframe.jcl.internal,org.openrewrite.mainframe.jcl.marker,org.openrewrite.mainframe.jcl.trait,org.openrewrite.mainframe.jcl.tree,org.openrewrite.mainframe.linkedit,org.openrewrite.mainframe.linkedit.internal,org.openrewrite.mainframe.linkedit.trait,org.openrewrite.mainframe.linkedit.tree,org.openrewrite.mainframe.trait"
org.openrewrite.mainframe.cobol.internal.grammar,2,0,0.0,0.006125574272588055,0.9938744257274119,false,
org.openrewrite.mainframe.sas.trait,1,5,0.8333333333333334,0.0,0.16666666666666663,false,
org.openrewrite.mainframe.linkedit.internal,2,3,0.6,0.0,0.4,true,"org.openrewrite.mainframe,org.openrewrite.mainframe.assembler,org.openrewrite.mainframe.assembler.internal,org.openrewrite.mainframe.assembler.marker,org.openrewrite.mainframe.assembler.tree,org.openrewrite.mainframe.bms,org.openrewrite.mainframe.bms.internal,org.openrewrite.mainframe.bms.marker,org.openrewrite.mainframe.bms.tree,org.openrewrite.mainframe.cobol,org.openrewrite.mainframe.cobol.internal,org.openrewrite.mainframe.cobol.marker,org.openrewrite.mainframe.cobol.trait,org.openrewrite.mainframe.cobol.tree,org.openrewrite.mainframe.controlcard,org.openrewrite.mainframe.controlcard.idcams,org.openrewrite.mainframe.controlcard.idcams.internal,org.openrewrite.mainframe.controlcard.idcams.trait,org.openrewrite.mainframe.controlcard.idcams.tree,org.openrewrite.mainframe.controlcard.sort,org.openrewrite.mainframe.controlcard.sort.internal,org.openrewrite.mainframe.controlcard.sort.trait,org.openrewrite.mainframe.controlcard.sort.tree,org.openrewrite.mainframe.controlcard.utility,org.openrewrite.mainframe.controlcard.utility.internal,org.openrewrite.mainframe.controlcard.utility.marker,org.openrewrite.mainframe.controlcard.utility.trait,org.openrewrite.mainframe.controlcard.utility.tree,org.openrewrite.mainframe.controlm,org.openrewrite.mainframe.controlm.internal,org.openrewrite.mainframe.controlm.marker,org.openrewrite.mainframe.controlm.trait,org.openrewrite.mainframe.controlm.tree,org.openrewrite.mainframe.db2.bind,org.openrewrite.mainframe.db2.bind.internal,org.openrewrite.mainframe.db2.bind.trait,org.openrewrite.mainframe.db2.bind.tree,org.openrewrite.mainframe.ims,org.openrewrite.mainframe.ims.internal,org.openrewrite.mainframe.ims.marker,org.openrewrite.mainframe.ims.tree,org.openrewrite.mainframe.jcl,org.openrewrite.mainframe.jcl.internal,org.openrewrite.mainframe.jcl.marker,org.openrewrite.mainframe.jcl.trait,org.openrewrite.mainframe.jcl.tree,org.openrewrite.mainframe.linkedit,org.openrewrite.mainframe.linkedit.internal,org.openrewrite.mainframe.linkedit.trait,org.openrewrite.mainframe.linkedit.tree,org.openrewrite.mainframe.trait"
org.openrewrite.mainframe.controlcard.idcams,6,6,0.5,0.0,0.5,true,"org.openrewrite.mainframe,org.openrewrite.mainframe.assembler,org.openrewrite.mainframe.assembler.internal,org.openrewrite.mainframe.assembler.marker,org.openrewrite.mainframe.assembler.tree,org.openrewrite.mainframe.bms,org.openrewrite.mainframe.bms.internal,org.openrewrite.mainframe.bms.marker,org.openrewrite.mainframe.bms.tree,org.openrewrite.mainframe.cobol,org.openrewrite.mainframe.cobol.internal,org.openrewrite.mainframe.cobol.marker,org.openrewrite.mainframe.cobol.trait,org.openrewrite.mainframe.cobol.tree,org.openrewrite.mainframe.controlcard,org.openrewrite.mainframe.controlcard.idcams,org.openrewrite.mainframe.controlcard.idcams.internal,org.openrewrite.mainframe.controlcard.idcams.trait,org.openrewrite.mainframe.controlcard.idcams.tree,org.openrewrite.mainframe.controlcard.sort,org.openrewrite.mainframe.controlcard.sort.internal,org.openrewrite.mainframe.controlcard.sort.trait,org.openrewrite.mainframe.controlcard.sort.tree,org.openrewrite.mainframe.controlcard.utility,org.openrewrite.mainframe.controlcard.utility.internal,org.openrewrite.mainframe.controlcard.utility.marker,org.openrewrite.mainframe.controlcard.utility.trait,org.openrewrite.mainframe.controlcard.utility.tree,org.openrewrite.mainframe.controlm,org.openrewrite.mainframe.controlm.internal,org.openrewrite.mainframe.controlm.marker,org.openrewrite.mainframe.controlm.trait,org.openrewrite.mainframe.controlm.tree,org.openrewrite.mainframe.db2.bind,org.openrewrite.mainframe.db2.bind.internal,org.openrewrite.mainframe.db2.bind.trait,org.openrewrite.mainframe.db2.bind.tree,org.openrewrite.mainframe.ims,org.openrewrite.mainframe.ims.internal,org.openrewrite.mainframe.ims.marker,org.openrewrite.mainframe.ims.tree,org.openrewrite.mainframe.jcl,org.openrewrite.mainframe.jcl.internal,org.openrewrite.mainframe.jcl.marker,org.openrewrite.mainframe.jcl.trait,org.openrewrite.mainframe.jcl.tree,org.openrewrite.mainframe.linkedit,org.openrewrite.mainframe.linkedit.internal,org.openrewrite.mainframe.linkedit.trait,org.openrewrite.mainframe.linkedit.tree,org.openrewrite.mainframe.trait"
org.openrewrite.mainframe.controlm.tree,5,2,0.2857142857142857,0.07142857142857142,0.6428571428571429,true,"org.openrewrite.mainframe,org.openrewrite.mainframe.assembler,org.openrewrite.mainframe.assembler.internal,org.openrewrite.mainframe.assembler.marker,org.openrewrite.mainframe.assembler.tree,org.openrewrite.mainframe.bms,org.openrewrite.mainframe.bms.internal,org.openrewrite.mainframe.bms.marker,org.openrewrite.mainframe.bms.tree,org.openrewrite.mainframe.cobol,org.openrewrite.mainframe.cobol.internal,org.openrewrite.mainframe.cobol.marker,org.openrewrite.mainframe.cobol.trait,org.openrewrite.mainframe.cobol.tree,org.openrewrite.mainframe.controlcard,org.openrewrite.mainframe.controlcard.idcams,org.openrewrite.mainframe.controlcard.idcams.internal,org.openrewrite.mainframe.controlcard.idcams.trait,org.openrewrite.mainframe.controlcard.idcams.tree,org.openrewrite.mainframe.controlcard.sort,org.openrewrite.mainframe.controlcard.sort.internal,org.openrewrite.mainframe.controlcard.sort.trait,org.openrewrite.mainframe.controlcard.sort.tree,org.openrewrite.mainframe.controlcard.utility,org.openrewrite.mainframe.controlcard.utility.internal,org.openrewrite.mainframe.controlcard.utility.marker,org.openrewrite.mainframe.controlcard.utility.trait,org.openrewrite.mainframe.controlcard.utility.tree,org.openrewrite.mainframe.controlm,org.openrewrite.mainframe.controlm.internal,org.openrewrite.mainframe.controlm.marker,org.openrewrite.mainframe.controlm.trait,org.openrewrite.mainframe.controlm.tree,org.openrewrite.mainframe.db2.bind,org.openrewrite.mainframe.db2.bind.internal,org.openrewrite.mainframe.db2.bind.trait,org.openrewrite.mainframe.db2.bind.tree,org.openrewrite.mainframe.ims,org.openrewrite.mainframe.ims.internal,org.openrewrite.mainframe.ims.marker,org.openrewrite.mainframe.ims.tree,org.openrewrite.mainframe.jcl,org.openrewrite.mainframe.jcl.internal,org.openrewrite.mainframe.jcl.marker,org.openrewrite.mainframe.jcl.trait,org.openrewrite.mainframe.jcl.tree,org.openrewrite.mainframe.linkedit,org.openrewrite.mainframe.linkedit.internal,org.openrewrite.mainframe.linkedit.trait,org.openrewrite.mainframe.linkedit.tree,org.openrewrite.mainframe.trait"
org.openrewrite.mainframe.jcl.tree,15,3,0.16666666666666666,0.14,0.6933333333333334,true,"org.openrewrite.mainframe,org.openrewrite.mainframe.assembler,org.openrewrite.mainframe.assembler.internal,org.openrewrite.mainframe.assembler.marker,org.openrewrite.mainframe.assembler.tree,org.openrewrite.mainframe.bms,org.openrewrite.mainframe.bms.internal,org.openrewrite.mainframe.bms.marker,org.openrewrite.mainframe.bms.tree,org.openrewrite.mainframe.cobol,org.openrewrite.mainframe.cobol.internal,org.openrewrite.mainframe.cobol.marker,org.openrewrite.mainframe.cobol.trait,org.openrewrite.mainframe.cobol.tree,org.openrewrite.mainframe.controlcard,org.openrewrite.mainframe.controlcard.idcams,org.openrewrite.mainframe.controlcard.idcams.internal,org.openrewrite.mainframe.controlcard.idcams.trait,org.openrewrite.mainframe.controlcard.idcams.tree,org.openrewrite.mainframe.controlcard.sort,org.openrewrite.mainframe.controlcard.sort.internal,org.openrewrite.mainframe.controlcard.sort.trait,org.openrewrite.mainframe.controlcard.sort.tree,org.openrewrite.mainframe.controlcard.utility,org.openrewrite.mainframe.controlcard.utility.internal,org.openrewrite.mainframe.controlcard.utility.marker,org.openrewrite.mainframe.controlcard.utility.trait,org.openrewrite.mainframe.controlcard.utility.tree,org.openrewrite.mainframe.controlm,org.openrewrite.mainframe.controlm.internal,org.openrewrite.mainframe.controlm.marker,org.openrewrite.mainframe.controlm.trait,org.openrewrite.mainframe.controlm.tree,org.openrewrite.mainframe.db2.bind,org.openrewrite.mainframe.db2.bind.internal,org.openrewrite.mainframe.db2.bind.trait,org.openrewrite.mainframe.db2.bind.tree,org.openrewrite.mainframe.ims,org.openrewrite.mainframe.ims.internal,org.openrewrite.mainframe.ims.marker,org.openrewrite.mainframe.ims.tree,org.openrewrite.mainframe.jcl,org.openrewrite.mainframe.jcl.internal,org.openrewrite.mainframe.jcl.marker,org.openrewrite.mainframe.jcl.trait,org.openrewrite.mainframe.jcl.tree,org.openrewrite.mainframe.linkedit,org.openrewrite.mainframe.linkedit.internal,org.openrewrite.mainframe.linkedit.trait,org.openrewrite.mainframe.linkedit.tree,org.openrewrite.mainframe.trait"
org.openrewrite.mainframe.linkedit,6,8,0.5714285714285714,0.0,0.4285714285714286,true,"org.openrewrite.mainframe,org.openrewrite.mainframe.assembler,org.openrewrite.mainframe.assembler.internal,org.openrewrite.mainframe.assembler.marker,org.openrewrite.mainframe.assembler.tree,org.openrewrite.mainframe.bms,org.openrewrite.mainframe.bms.internal,org.openrewrite.mainframe.bms.marker,org.openrewrite.mainframe.bms.tree,org.openrewrite.mainframe.cobol,org.openrewrite.mainframe.cobol.internal,org.openrewrite.mainframe.cobol.marker,org.openrewrite.mainframe.cobol.trait,org.openrewrite.mainframe.cobol.tree,org.openrewrite.mainframe.controlcard,org.openrewrite.mainframe.controlcard.idcams,org.openrewrite.mainframe.controlcard.idcams.internal,org.openrewrite.mainframe.controlcard.idcams.trait,org.openrewrite.mainframe.controlcard.idcams.tree,org.openrewrite.mainframe.controlcard.sort,org.openrewrite.mainframe.controlcard.sort.internal,org.openrewrite.mainframe.controlcard.sort.trait,org.openrewrite.mainframe.controlcard.sort.tree,org.openrewrite.mainframe.controlcard.utility,org.openrewrite.mainframe.controlcard.utility.internal,org.openrewrite.mainframe.controlcard.utility.marker,org.openrewrite.mainframe.controlcard.utility.trait,org.openrewrite.mainframe.controlcard.utility.tree,org.openrewrite.mainframe.controlm,org.openrewrite.mainframe.controlm.internal,org.openrewrite.mainframe.controlm.marker,org.openrewrite.mainframe.controlm.trait,org.openrewrite.mainframe.controlm.tree,org.openrewrite.mainframe.db2.bind,org.openrewrite.mainframe.db2.bind.internal,org.openrewrite.mainframe.db2.bind.trait,org.openrewrite.mainframe.db2.bind.tree,org.openrewrite.mainframe.ims,org.openrewrite.mainframe.ims.internal,org.openrewrite.mainframe.ims.marker,org.openrewrite.mainframe.ims.tree,org.openrewrite.mainframe.jcl,org.openrewrite.mainframe.jcl.internal,org.openrewrite.mainframe.jcl.marker,org.openrewrite.mainframe.jcl.trait,org.openrewrite.mainframe.jcl.tree,org.openrewrite.mainframe.linkedit,org.openrewrite.mainframe.linkedit.internal,org.openrewrite.mainframe.linkedit.trait,org.openrewrite.mainframe.linkedit.tree,org.openrewrite.mainframe.trait"
org.openrewrite.mainframe.linkedit.tree,5,2,0.2857142857142857,0.25,0.4642857142857143,true,"org.openrewrite.mainframe,org.openrewrite.mainframe.assembler,org.openrewrite.mainframe.assembler.internal,org.openrewrite.mainframe.assembler.marker,org.openrewrite.mainframe.assembler.tree,org.openrewrite.mainframe.bms,org.openrewrite.mainframe.bms.internal,org.openrewrite.mainframe.bms.marker,org.openrewrite.mainframe.bms.tree,org.openrewrite.mainframe.cobol,org.openrewrite.mainframe.cobol.internal,org.openrewrite.mainframe.cobol.marker,org.openrewrite.mainframe.cobol.trait,org.openrewrite.mainframe.cobol.tree,org.openrewrite.mainframe.controlcard,org.openrewrite.mainframe.controlcard.idcams,org.openrewrite.mainframe.controlcard.idcams.internal,org.openrewrite.mainframe.controlcard.idcams.trait,org.openrewrite.mainframe.controlcard.idcams.tree,org.openrewrite.mainframe.controlcard.sort,org.openrewrite.mainframe.controlcard.sort.internal,org.openrewrite.mainframe.controlcard.sort.trait,org.openrewrite.mainframe.controlcard.sort.tree,org.openrewrite.mainframe.controlcard.utility,org.openrewrite.mainframe.controlcard.utility.internal,org.openrewrite.mainframe.controlcard.utility.marker,org.openrewrite.mainframe.controlcard.utility.trait,org.openrewrite.mainframe.controlcard.utility.tree,org.openrewrite.mainframe.controlm,org.openrewrite.mainframe.controlm.internal,org.openrewrite.mainframe.controlm.marker,org.openrewrite.mainframe.controlm.trait,org.openrewrite.mainframe.controlm.tree,org.openrewrite.mainframe.db2.bind,org.openrewrite.mainframe.db2.bind.internal,org.openrewrite.mainframe.db2.bind.trait,org.openrewrite.mainframe.db2.bind.tree,org.openrewrite.mainframe.ims,org.openrewrite.mainframe.ims.internal,org.openrewrite.mainframe.ims.marker,org.openrewrite.mainframe.ims.tree,org.openrewrite.mainframe.jcl,org.openrewrite.mainframe.jcl.internal,org.openrewrite.mainframe.jcl.marker,org.openrewrite.mainframe.jcl.trait,org.openrewrite.mainframe.jcl.tree,org.openrewrite.mainframe.linkedit,org.openrewrite.mainframe.linkedit.internal,org.openrewrite.mainframe.linkedit.trait,org.openrewrite.mainframe.linkedit.tree,org.openrewrite.mainframe.trait"
org.openrewrite.mainframe.bms.marker,2,1,0.3333333333333333,0.0,0.6666666666666667,true,"org.openrewrite.mainframe,org.openrewrite.mainframe.assembler,org.openrewrite.mainframe.assembler.internal,org.openrewrite.mainframe.assembler.marker,org.openrewrite.mainframe.assembler.tree,org.openrewrite.mainframe.bms,org.openrewrite.mainframe.bms.internal,org.openrewrite.mainframe.bms.marker,org.openrewrite.mainframe.bms.tree,org.openrewrite.mainframe.cobol,org.openrewrite.mainframe.cobol.internal,org.openrewrite.mainframe.cobol.marker,org.openrewrite.mainframe.cobol.trait,org.openrewrite.mainframe.cobol.tree,org.openrewrite.mainframe.controlcard,org.openrewrite.mainframe.controlcard.idcams,org.openrewrite.mainframe.controlcard.idcams.internal,org.openrewrite.mainframe.controlcard.idcams.trait,org.openrewrite.mainframe.controlcard.idcams.tree,org.openrewrite.mainframe.controlcard.sort,org.openrewrite.mainframe.controlcard.sort.internal,org.openrewrite.mainframe.controlcard.sort.trait,org.openrewrite.mainframe.controlcard.sort.tree,org.openrewrite.mainframe.controlcard.utility,org.openrewrite.mainframe.controlcard.utility.internal,org.openrewrite.mainframe.controlcard.utility.marker,org.openrewrite.mainframe.controlcard.utility.trait,org.openrewrite.mainframe.controlcard.utility.tree,org.openrewrite.mainframe.controlm,org.openrewrite.mainframe.controlm.internal,org.openrewrite.mainframe.controlm.marker,org.openrewrite.mainframe.controlm.trait,org.openrewrite.mainframe.controlm.tree,org.openrewrite.mainframe.db2.bind,org.openrewrite.mainframe.db2.bind.internal,org.openrewrite.mainframe.db2.bind.trait,org.openrewrite.mainframe.db2.bind.tree,org.openrewrite.mainframe.ims,org.openrewrite.mainframe.ims.internal,org.openrewrite.mainframe.ims.marker,org.openrewrite.mainframe.ims.tree,org.openrewrite.mainframe.jcl,org.openrewrite.mainframe.jcl.internal,org.openrewrite.mainframe.jcl.marker,org.openrewrite.mainframe.jcl.trait,org.openrewrite.mainframe.jcl.tree,org.openrewrite.mainframe.linkedit,org.openrewrite.mainframe.linkedit.internal,org.openrewrite.mainframe.linkedit.trait,org.openrewrite.mainframe.linkedit.tree,org.openrewrite.mainframe.trait"
org.openrewrite.mainframe.ims.internal,2,4,0.6666666666666666,0.0,0.33333333333333337,true,"org.openrewrite.mainframe,org.openrewrite.mainframe.assembler,org.openrewrite.mainframe.assembler.internal,org.openrewrite.mainframe.assembler.marker,org.openrewrite.mainframe.assembler.tree,org.openrewrite.mainframe.bms,org.openrewrite.mainframe.bms.internal,org.openrewrite.mainframe.bms.marker,org.openrewrite.mainframe.bms.tree,org.openrewrite.mainframe.cobol,org.openrewrite.mainframe.cobol.internal,org.openrewrite.mainframe.cobol.marker,org.openrewrite.mainframe.cobol.trait,org.openrewrite.mainframe.cobol.tree,org.openrewrite.mainframe.controlcard,org.openrewrite.mainframe.controlcard.idcams,org.openrewrite.mainframe.controlcard.idcams.internal,org.openrewrite.mainframe.controlcard.idcams.trait,org.openrewrite.mainframe.controlcard.idcams.tree,org.openrewrite.mainframe.controlcard.sort,org.openrewrite.mainframe.controlcard.sort.internal,org.openrewrite.mainframe.controlcard.sort.trait,org.openrewrite.mainframe.controlcard.sort.tree,org.openrewrite.mainframe.controlcard.utility,org.openrewrite.mainframe.controlcard.utility.internal,org.openrewrite.mainframe.controlcard.utility.marker,org.openrewrite.mainframe.controlcard.utility.trait,org.openrewrite.mainframe.controlcard.utility.tree,org.openrewrite.mainframe.controlm,org.openrewrite.mainframe.controlm.internal,org.openrewrite.mainframe.controlm.marker,org.openrewrite.mainframe.controlm.trait,org.openrewrite.mainframe.controlm.tree,org.openrewrite.mainframe.db2.bind,org.openrewrite.mainframe.db2.bind.internal,org.openrewrite.mainframe.db2.bind.trait,org.openrewrite.mainframe.db2.bind.tree,org.openrewrite.mainframe.ims,org.openrewrite.mainframe.ims.internal,org.openrewrite.mainframe.ims.marker,org.openrewrite.mainframe.ims.tree,org.openrewrite.mainframe.jcl,org.openrewrite.mainframe.jcl.internal,org.openrewrite.mainframe.jcl.marker,org.openrewrite.mainframe.jcl.trait,org.openrewrite.mainframe.jcl.tree,org.openrewrite.mainframe.linkedit,org.openrewrite.mainframe.linkedit.internal,org.openrewrite.mainframe.linkedit.trait,org.openrewrite.mainframe.linkedit.tree,org.openrewrite.mainframe.trait"
org.openrewrite.mainframe.controlcard.idcams.tree,5,2,0.2857142857142857,0.25,0.4642857142857143,true,"org.openrewrite.mainframe,org.openrewrite.mainframe.assembler,org.openrewrite.mainframe.assembler.internal,org.openrewrite.mainframe.assembler.marker,org.openrewrite.mainframe.assembler.tree,org.openrewrite.mainframe.bms,org.openrewrite.mainframe.bms.internal,org.openrewrite.mainframe.bms.marker,org.openrewrite.mainframe.bms.tree,org.openrewrite.mainframe.cobol,org.openrewrite.mainframe.cobol.internal,org.openrewrite.mainframe.cobol.marker,org.openrewrite.mainframe.cobol.trait,org.openrewrite.mainframe.cobol.tree,org.openrewrite.mainframe.controlcard,org.openrewrite.mainframe.controlcard.idcams,org.openrewrite.mainframe.controlcard.idcams.internal,org.openrewrite.mainframe.controlcard.idcams.trait,org.openrewrite.mainframe.controlcard.idcams.tree,org.openrewrite.mainframe.controlcard.sort,org.openrewrite.mainframe.controlcard.sort.internal,org.openrewrite.mainframe.controlcard.sort.trait,org.openrewrite.mainframe.controlcard.sort.tree,org.openrewrite.mainframe.controlcard.utility,org.openrewrite.mainframe.controlcard.utility.internal,org.openrewrite.mainframe.controlcard.utility.marker,org.openrewrite.mainframe.controlcard.utility.trait,org.openrewrite.mainframe.controlcard.utility.tree,org.openrewrite.mainframe.controlm,org.openrewrite.mainframe.controlm.internal,org.openrewrite.mainframe.controlm.marker,org.openrewrite.mainframe.controlm.trait,org.openrewrite.mainframe.controlm.tree,org.openrewrite.mainframe.db2.bind,org.openrewrite.mainframe.db2.bind.internal,org.openrewrite.mainframe.db2.bind.trait,org.openrewrite.mainframe.db2.bind.tree,org.openrewrite.mainframe.ims,org.openrewrite.mainframe.ims.internal,org.openrewrite.mainframe.ims.marker,org.openrewrite.mainframe.ims.tree,org.openrewrite.mainframe.jcl,org.openrewrite.mainframe.jcl.internal,org.openrewrite.mainframe.jcl.marker,org.openrewrite.mainframe.jcl.trait,org.openrewrite.mainframe.jcl.tree,org.openrewrite.mainframe.linkedit,org.openrewrite.mainframe.linkedit.internal,org.openrewrite.mainframe.linkedit.trait,org.openrewrite.mainframe.linkedit.tree,org.openrewrite.mainframe.trait"
org.openrewrite.mainframe.cobol.search,1,31,0.96875,0.0,0.03125,false,
org.openrewrite.mainframe.linkedit.internal.grammar,2,0,0.0,0.25,0.75,false,
org.openrewrite.mainframe,5,3,0.375,0.0,0.625,true,"org.openrewrite.mainframe,org.openrewrite.mainframe.assembler,org.openrewrite.mainframe.assembler.internal,org.openrewrite.mainframe.assembler.marker,org.openrewrite.mainframe.assembler.tree,org.openrewrite.mainframe.bms,org.openrewrite.mainframe.bms.internal,org.openrewrite.mainframe.bms.marker,org.openrewrite.mainframe.bms.tree,org.openrewrite.mainframe.cobol,org.openrewrite.mainframe.cobol.internal,org.openrewrite.mainframe.cobol.marker,org.openrewrite.mainframe.cobol.trait,org.openrewrite.mainframe.cobol.tree,org.openrewrite.mainframe.controlcard,org.openrewrite.mainframe.controlcard.idcams,org.openrewrite.mainframe.controlcard.idcams.internal,org.openrewrite.mainframe.controlcard.idcams.trait,org.openrewrite.mainframe.controlcard.idcams.tree,org.openrewrite.mainframe.controlcard.sort,org.openrewrite.mainframe.controlcard.sort.internal,org.openrewrite.mainframe.controlcard.sort.trait,org.openrewrite.mainframe.controlcard.sort.tree,org.openrewrite.mainframe.controlcard.utility,org.openrewrite.mainframe.controlcard.utility.internal,org.openrewrite.mainframe.controlcard.utility.marker,org.openrewrite.mainframe.controlcard.utility.trait,org.openrewrite.mainframe.controlcard.utility.tree,org.openrewrite.mainframe.controlm,org.openrewrite.mainframe.controlm.internal,org.openrewrite.mainframe.controlm.marker,org.openrewrite.mainframe.controlm.trait,org.openrewrite.mainframe.controlm.tree,org.openrewrite.mainframe.db2.bind,org.openrewrite.mainframe.db2.bind.internal,org.openrewrite.mainframe.db2.bind.trait,org.openrewrite.mainframe.db2.bind.tree,org.openrewrite.mainframe.ims,org.openrewrite.mainframe.ims.internal,org.openrewrite.mainframe.ims.marker,org.openrewrite.mainframe.ims.tree,org.openrewrite.mainframe.jcl,org.openrewrite.mainframe.jcl.internal,org.openrewrite.mainframe.jcl.marker,org.openrewrite.mainframe.jcl.trait,org.openrewrite.mainframe.jcl.tree,org.openrewrite.mainframe.linkedit,org.openrewrite.mainframe.linkedit.internal,org.openrewrite.mainframe.linkedit.trait,org.openrewrite.mainframe.linkedit.tree,org.openrewrite.mainframe.trait"
org.openrewrite.mainframe.bms.trait,0,3,1.0,0.0,0.0,false,
org.openrewrite.mainframe.db2.internal,2,4,0.6666666666666666,0.0,0.33333333333333337,true,"org.openrewrite.mainframe.db2,org.openrewrite.mainframe.db2.internal,org.openrewrite.mainframe.db2.tree"
org.openrewrite.mainframe.cobol.trait,4,3,0.42857142857142855,0.02564102564102564,0.5457875457875458,true,"org.openrewrite.mainframe,org.openrewrite.mainframe.assembler,org.openrewrite.mainframe.assembler.internal,org.openrewrite.mainframe.assembler.marker,org.openrewrite.mainframe.assembler.tree,org.openrewrite.mainframe.bms,org.openrewrite.mainframe.bms.internal,org.openrewrite.mainframe.bms.marker,org.openrewrite.mainframe.bms.tree,org.openrewrite.mainframe.cobol,org.openrewrite.mainframe.cobol.internal,org.openrewrite.mainframe.cobol.marker,org.openrewrite.mainframe.cobol.trait,org.openrewrite.mainframe.cobol.tree,org.openrewrite.mainframe.controlcard,org.openrewrite.mainframe.controlcard.idcams,org.openrewrite.mainframe.controlcard.idcams.internal,org.openrewrite.mainframe.controlcard.idcams.trait,org.openrewrite.mainframe.controlcard.idcams.tree,org.openrewrite.mainframe.controlcard.sort,org.openrewrite.mainframe.controlcard.sort.internal,org.openrewrite.mainframe.controlcard.sort.trait,org.openrewrite.mainframe.controlcard.sort.tree,org.openrewrite.mainframe.controlcard.utility,org.openrewrite.mainframe.controlcard.utility.internal,org.openrewrite.mainframe.controlcard.utility.marker,org.openrewrite.mainframe.controlcard.utility.trait,org.openrewrite.mainframe.controlcard.utility.tree,org.openrewrite.mainframe.controlm,org.openrewrite.mainframe.controlm.internal,org.openrewrite.mainframe.controlm.marker,org.openrewrite.mainframe.controlm.trait,org.openrewrite.mainframe.controlm.tree,org.openrewrite.mainframe.db2.bind,org.openrewrite.mainframe.db2.bind.internal,org.openrewrite.mainframe.db2.bind.trait,org.openrewrite.mainframe.db2.bind.tree,org.openrewrite.mainframe.ims,org.openrewrite.mainframe.ims.internal,org.openrewrite.mainframe.ims.marker,org.openrewrite.mainframe.ims.tree,org.openrewrite.mainframe.jcl,org.openrewrite.mainframe.jcl.internal,org.openrewrite.mainframe.jcl.marker,org.openrewrite.mainframe.jcl.trait,org.openrewrite.mainframe.jcl.tree,org.openrewrite.mainframe.linkedit,org.openrewrite.mainframe.linkedit.internal,org.openrewrite.mainframe.linkedit.trait,org.openrewrite.mainframe.linkedit.tree,org.openrewrite.mainframe.trait"
org.openrewrite.mainframe.controlm.marker,1,1,0.5,0.0,0.5,true,"org.openrewrite.mainframe,org.openrewrite.mainframe.assembler,org.openrewrite.mainframe.assembler.internal,org.openrewrite.mainframe.assembler.marker,org.openrewrite.mainframe.assembler.tree,org.openrewrite.mainframe.bms,org.openrewrite.mainframe.bms.internal,org.openrewrite.mainframe.bms.marker,org.openrewrite.mainframe.bms.tree,org.openrewrite.mainframe.cobol,org.openrewrite.mainframe.cobol.internal,org.openrewrite.mainframe.cobol.marker,org.openrewrite.mainframe.cobol.trait,org.openrewrite.mainframe.cobol.tree,org.openrewrite.mainframe.controlcard,org.openrewrite.mainframe.controlcard.idcams,org.openrewrite.mainframe.controlcard.idcams.internal,org.openrewrite.mainframe.controlcard.idcams.trait,org.openrewrite.mainframe.controlcard.idcams.tree,org.openrewrite.mainframe.controlcard.sort,org.openrewrite.mainframe.controlcard.sort.internal,org.openrewrite.mainframe.controlcard.sort.trait,org.openrewrite.mainframe.controlcard.sort.tree,org.openrewrite.mainframe.controlcard.utility,org.openrewrite.mainframe.controlcard.utility.internal,org.openrewrite.mainframe.controlcard.utility.marker,org.openrewrite.mainframe.controlcard.utility.trait,org.openrewrite.mainframe.controlcard.utility.tree,org.openrewrite.mainframe.controlm,org.openrewrite.mainframe.controlm.internal,org.openrewrite.mainframe.controlm.marker,org.openrewrite.mainframe.controlm.trait,org.openrewrite.mainframe.controlm.tree,org.openrewrite.mainframe.db2.bind,org.openrewrite.mainframe.db2.bind.internal,org.openrewrite.mainframe.db2.bind.trait,org.openrewrite.mainframe.db2.bind.tree,org.openrewrite.mainframe.ims,org.openrewrite.mainframe.ims.internal,org.openrewrite.mainframe.ims.marker,org.openrewrite.mainframe.ims.tree,org.openrewrite.mainframe.jcl,org.openrewrite.mainframe.jcl.internal,org.openrewrite.mainframe.jcl.marker,org.openrewrite.mainframe.jcl.trait,org.openrewrite.mainframe.jcl.tree,org.openrewrite.mainframe.linkedit,org.openrewrite.mainframe.linkedit.internal,org.openrewrite.mainframe.linkedit.trait,org.openrewrite.mainframe.linkedit.tree,org.openrewrite.mainframe.trait"
org.openrewrite.mainframe.db2.bind.internal.grammar,2,0,0.0,0.25,0.75,false,
org.openrewrite.mainframe.ims.tree,5,2,0.2857142857142857,0.25,0.4642857142857143,true,"org.openrewrite.mainframe,org.openrewrite.mainframe.assembler,org.openrewrite.mainframe.assembler.internal,org.openrewrite.mainframe.assembler.marker,org.openrewrite.mainframe.assembler.tree,org.openrewrite.mainframe.bms,org.openrewrite.mainframe.bms.internal,org.openrewrite.mainframe.bms.marker,org.openrewrite.mainframe.bms.tree,org.openrewrite.mainframe.cobol,org.openrewrite.mainframe.cobol.internal,org.openrewrite.mainframe.cobol.marker,org.openrewrite.mainframe.cobol.trait,org.openrewrite.mainframe.cobol.tree,org.openrewrite.mainframe.controlcard,org.openrewrite.mainframe.controlcard.idcams,org.openrewrite.mainframe.controlcard.idcams.internal,org.openrewrite.mainframe.controlcard.idcams.trait,org.openrewrite.mainframe.controlcard.idcams.tree,org.openrewrite.mainframe.controlcard.sort,org.openrewrite.mainframe.controlcard.sort.internal,org.openrewrite.mainframe.controlcard.sort.trait,org.openrewrite.mainframe.controlcard.sort.tree,org.openrewrite.mainframe.controlcard.utility,org.openrewrite.mainframe.controlcard.utility.internal,org.openrewrite.mainframe.controlcard.utility.marker,org.openrewrite.mainframe.controlcard.utility.trait,org.openrewrite.mainframe.controlcard.utility.tree,org.openrewrite.mainframe.controlm,org.openrewrite.mainframe.controlm.internal,org.openrewrite.mainframe.controlm.marker,org.openrewrite.mainframe.controlm.trait,org.openrewrite.mainframe.controlm.tree,org.openrewrite.mainframe.db2.bind,org.openrewrite.mainframe.db2.bind.internal,org.openrewrite.mainframe.db2.bind.trait,org.openrewrite.mainframe.db2.bind.tree,org.openrewrite.mainframe.ims,org.openrewrite.mainframe.ims.internal,org.openrewrite.mainframe.ims.marker,org.openrewrite.mainframe.ims.tree,org.openrewrite.mainframe.jcl,org.openrewrite.mainframe.jcl.internal,org.openrewrite.mainframe.jcl.marker,org.openrewrite.mainframe.jcl.trait,org.openrewrite.mainframe.jcl.tree,org.openrewrite.mainframe.linkedit,org.openrewrite.mainframe.linkedit.internal,org.openrewrite.mainframe.linkedit.trait,org.openrewrite.mainframe.linkedit.tree,org.openrewrite.mainframe.trait"
org.openrewrite.mainframe.controlcard.idcams.trait,3,3,0.5,0.0,0.5,true,"org.openrewrite.mainframe,org.openrewrite.mainframe.assembler,org.openrewrite.mainframe.assembler.internal,org.openrewrite.mainframe.assembler.marker,org.openrewrite.mainframe.assembler.tree,org.openrewrite.mainframe.bms,org.openrewrite.mainframe.bms.internal,org.openrewrite.mainframe.bms.marker,org.openrewrite.mainframe.bms.tree,org.openrewrite.mainframe.cobol,org.openrewrite.mainframe.cobol.internal,org.openrewrite.mainframe.cobol.marker,org.openrewrite.mainframe.cobol.trait,org.openrewrite.mainframe.cobol.tree,org.openrewrite.mainframe.controlcard,org.openrewrite.mainframe.controlcard.idcams,org.openrewrite.mainframe.controlcard.idcams.internal,org.openrewrite.mainframe.controlcard.idcams.trait,org.openrewrite.mainframe.controlcard.idcams.tree,org.openrewrite.mainframe.controlcard.sort,org.openrewrite.mainframe.controlcard.sort.internal,org.openrewrite.mainframe.controlcard.sort.trait,org.openrewrite.mainframe.controlcard.sort.tree,org.openrewrite.mainframe.controlcard.utility,org.openrewrite.mainframe.controlcard.utility.internal,org.openrewrite.mainframe.controlcard.utility.marker,org.openrewrite.mainframe.controlcard.utility.trait,org.openrewrite.mainframe.controlcard.utility.tree,org.openrewrite.mainframe.controlm,org.openrewrite.mainframe.controlm.internal,org.openrewrite.mainframe.controlm.marker,org.openrewrite.mainframe.controlm.trait,org.openrewrite.mainframe.controlm.tree,org.openrewrite.mainframe.db2.bind,org.openrewrite.mainframe.db2.bind.internal,org.openrewrite.mainframe.db2.bind.trait,org.openrewrite.mainframe.db2.bind.tree,org.openrewrite.mainframe.ims,org.openrewrite.mainframe.ims.internal,org.openrewrite.mainframe.ims.marker,org.openrewrite.mainframe.ims.tree,org.openrewrite.mainframe.jcl,org.openrewrite.mainframe.jcl.internal,org.openrewrite.mainframe.jcl.marker,org.openrewrite.mainframe.jcl.trait,org.openrewrite.mainframe.jcl.tree,org.openrewrite.mainframe.linkedit,org.openrewrite.mainframe.linkedit.internal,org.openrewrite.mainframe.linkedit.trait,org.openrewrite.mainframe.linkedit.tree,org.openrewrite.mainframe.trait"
org.openrewrite.mainframe.bms.internal,2,4,0.6666666666666666,0.0,0.33333333333333337,true,"org.openrewrite.mainframe,org.openrewrite.mainframe.assembler,org.openrewrite.mainframe.assembler.internal,org.openrewrite.mainframe.assembler.marker,org.openrewrite.mainframe.assembler.tree,org.openrewrite.mainframe.bms,org.openrewrite.mainframe.bms.internal,org.openrewrite.mainframe.bms.marker,org.openrewrite.mainframe.bms.tree,org.openrewrite.mainframe.cobol,org.openrewrite.mainframe.cobol.internal,org.openrewrite.mainframe.cobol.marker,org.openrewrite.mainframe.cobol.trait,org.openrewrite.mainframe.cobol.tree,org.openrewrite.mainframe.controlcard,org.openrewrite.mainframe.controlcard.idcams,org.openrewrite.mainframe.controlcard.idcams.internal,org.openrewrite.mainframe.controlcard.idcams.trait,org.openrewrite.mainframe.controlcard.idcams.tree,org.openrewrite.mainframe.controlcard.sort,org.openrewrite.mainframe.controlcard.sort.internal,org.openrewrite.mainframe.controlcard.sort.trait,org.openrewrite.mainframe.controlcard.sort.tree,org.openrewrite.mainframe.controlcard.utility,org.openrewrite.mainframe.controlcard.utility.internal,org.openrewrite.mainframe.controlcard.utility.marker,org.openrewrite.mainframe.controlcard.utility.trait,org.openrewrite.mainframe.controlcard.utility.tree,org.openrewrite.mainframe.controlm,org.openrewrite.mainframe.controlm.internal,org.openrewrite.mainframe.controlm.marker,org.openrewrite.mainframe.controlm.trait,org.openrewrite.mainframe.controlm.tree,org.openrewrite.mainframe.db2.bind,org.openrewrite.mainframe.db2.bind.internal,org.openrewrite.mainframe.db2.bind.trait,org.openrewrite.mainframe.db2.bind.tree,org.openrewrite.mainframe.ims,org.openrewrite.mainframe.ims.internal,org.openrewrite.mainframe.ims.marker,org.openrewrite.mainframe.ims.tree,org.openrewrite.mainframe.jcl,org.openrewrite.mainframe.jcl.internal,org.openrewrite.mainframe.jcl.marker,org.openrewrite.mainframe.jcl.trait,org.openrewrite.mainframe.jcl.tree,org.openrewrite.mainframe.linkedit,org.openrewrite.mainframe.linkedit.internal,org.openrewrite.mainframe.linkedit.trait,org.openrewrite.mainframe.linkedit.tree,org.openrewrite.mainframe.trait"
org.openrewrite.mainframe.controlcard.sort,6,5,0.45454545454545453,0.0,0.5454545454545454,true,"org.openrewrite.mainframe,org.openrewrite.mainframe.assembler,org.openrewrite.mainframe.assembler.internal,org.openrewrite.mainframe.assembler.marker,org.openrewrite.mainframe.assembler.tree,org.openrewrite.mainframe.bms,org.openrewrite.mainframe.bms.internal,org.openrewrite.mainframe.bms.marker,org.openrewrite.mainframe.bms.tree,org.openrewrite.mainframe.cobol,org.openrewrite.mainframe.cobol.internal,org.openrewrite.mainframe.cobol.marker,org.openrewrite.mainframe.cobol.trait,org.openrewrite.mainframe.cobol.tree,org.openrewrite.mainframe.controlcard,org.openrewrite.mainframe.controlcard.idcams,org.openrewrite.mainframe.controlcard.idcams.internal,org.openrewrite.mainframe.controlcard.idcams.trait,org.openrewrite.mainframe.controlcard.idcams.tree,org.openrewrite.mainframe.controlcard.sort,org.openrewrite.mainframe.controlcard.sort.internal,org.openrewrite.mainframe.controlcard.sort.trait,org.openrewrite.mainframe.controlcard.sort.tree,org.openrewrite.mainframe.controlcard.utility,org.openrewrite.mainframe.controlcard.utility.internal,org.openrewrite.mainframe.controlcard.utility.marker,org.openrewrite.mainframe.controlcard.utility.trait,org.openrewrite.mainframe.controlcard.utility.tree,org.openrewrite.mainframe.controlm,org.openrewrite.mainframe.controlm.internal,org.openrewrite.mainframe.controlm.marker,org.openrewrite.mainframe.controlm.trait,org.openrewrite.mainframe.controlm.tree,org.openrewrite.mainframe.db2.bind,org.openrewrite.mainframe.db2.bind.internal,org.openrewrite.mainframe.db2.bind.trait,org.openrewrite.mainframe.db2.bind.tree,org.openrewrite.mainframe.ims,org.openrewrite.mainframe.ims.internal,org.openrewrite.mainframe.ims.marker,org.openrewrite.mainframe.ims.tree,org.openrewrite.mainframe.jcl,org.openrewrite.mainframe.jcl.internal,org.openrewrite.mainframe.jcl.marker,org.openrewrite.mainframe.jcl.trait,org.openrewrite.mainframe.jcl.tree,org.openrewrite.mainframe.linkedit,org.openrewrite.mainframe.linkedit.internal,org.openrewrite.mainframe.linkedit.trait,org.openrewrite.mainframe.linkedit.tree,org.openrewrite.mainframe.trait"
org.openrewrite.mainframe.controlcard.utility.internal.grammar,2,0,0.0,0.25,0.75,false,
org.openrewrite.mainframe.jcl,15,6,0.2857142857142857,0.0,0.7142857142857143,true,"org.openrewrite.mainframe,org.openrewrite.mainframe.assembler,org.openrewrite.mainframe.assembler.internal,org.openrewrite.mainframe.assembler.marker,org.openrewrite.mainframe.assembler.tree,org.openrewrite.mainframe.bms,org.openrewrite.mainframe.bms.internal,org.openrewrite.mainframe.bms.marker,org.openrewrite.mainframe.bms.tree,org.openrewrite.mainframe.cobol,org.openrewrite.mainframe.cobol.internal,org.openrewrite.mainframe.cobol.marker,org.openrewrite.mainframe.cobol.trait,org.openrewrite.mainframe.cobol.tree,org.openrewrite.mainframe.controlcard,org.openrewrite.mainframe.controlcard.idcams,org.openrewrite.mainframe.controlcard.idcams.internal,org.openrewrite.mainframe.controlcard.idcams.trait,org.openrewrite.mainframe.controlcard.idcams.tree,org.openrewrite.mainframe.controlcard.sort,org.openrewrite.mainframe.controlcard.sort.internal,org.openrewrite.mainframe.controlcard.sort.trait,org.openrewrite.mainframe.controlcard.sort.tree,org.openrewrite.mainframe.controlcard.utility,org.openrewrite.mainframe.controlcard.utility.internal,org.openrewrite.mainframe.controlcard.utility.marker,org.openrewrite.mainframe.controlcard.utility.trait,org.openrewrite.mainframe.controlcard.utility.tree,org.openrewrite.mainframe.controlm,org.openrewrite.mainframe.controlm.internal,org.openrewrite.mainframe.controlm.marker,org.openrewrite.mainframe.controlm.trait,org.openrewrite.mainframe.controlm.tree,org.openrewrite.mainframe.db2.bind,org.openrewrite.mainframe.db2.bind.internal,org.openrewrite.mainframe.db2.bind.trait,org.openrewrite.mainframe.db2.bind.tree,org.openrewrite.mainframe.ims,org.openrewrite.mainframe.ims.internal,org.openrewrite.mainframe.ims.marker,org.openrewrite.mainframe.ims.tree,org.openrewrite.mainframe.jcl,org.openrewrite.mainframe.jcl.internal,org.openrewrite.mainframe.jcl.marker,org.openrewrite.mainframe.jcl.trait,org.openrewrite.mainframe.jcl.tree,org.openrewrite.mainframe.linkedit,org.openrewrite.mainframe.linkedit.internal,org.openrewrite.mainframe.linkedit.trait,org.openrewrite.mainframe.linkedit.tree,org.openrewrite.mainframe.trait"
